############ 1. directory inventory ############
===== /bin =====
    759   40755 (2)      0   2000    8192 31-Dec-2008 11:00 .
      2   40755 (2)      0      0    4096 31-Dec-1969 19:00 ..
    760  100755 (1)      0   2000   11200 31-Dec-2008 11:00 LogCatch
    761  120755 (7)      0   2000       6 31-Dec-2008 11:00 acpi
    762  100755 (1)      0   2000   1890888 31-Dec-2008 11:00 adbd
    763  100755 (1)      0   2000    6920 31-Dec-2008 11:00 addTwoFloat
    764  100755 (1)      0   2000   24948 31-Dec-2008 11:00 airclient_test
    765  100755 (1)      0   2000   44336 31-Dec-2008 11:00 airservice
    766  100755 (1)      0   2000     207 31-Dec-2008 11:00 am
    767  120755 (7)      0   2000      13 31-Dec-2008 11:00 app_process
    768  100755 (1)      0   2000   29116 31-Dec-2008 11:00 app_process32
    769  100755 (1)      0   2000   23968 31-Dec-2008 11:00 app_process64
    770  100755 (1)      0   2000   276672 31-Dec-2008 11:00 applypatch
    771  100755 (1)      0   2000      33 31-Dec-2008 11:00 appops
    772  100755 (1)      0   2000     215 31-Dec-2008 11:00 appwidget
    773  100755 (1)      0   2000    8804 31-Dec-2008 11:00 art
    774  100755 (1)      0   2000   117176 31-Dec-2008 11:00 atrace
    775  100755 (1)      0   2000   20488 31-Dec-2008 11:00 audioserver
    776  120755 (7)      0   2000       6 31-Dec-2008 11:00 base64
    777  120755 (7)      0   2000       6 31-Dec-2008 11:00 basename
    778  100755 (1)      0   2000   49320 31-Dec-2008 11:00 bcc
    779  100755 (1)      0   2000   15232 31-Dec-2008 11:00 blkid
    780  120755 (7)      0   2000       6 31-Dec-2008 11:00 blockdev
    781  100755 (1)      0   2000     199 31-Dec-2008 11:00 bmgr
    782  100755 (1)      0   2000   19824 31-Dec-2008 11:00 bootanimation
    783  100755 (1)      0   2000   40424 31-Dec-2008 11:00 bootstat
    784  100755 (1)      0   2000   36440 31-Dec-2008 11:00 brctl
    785  100755 (1)      0   2000   19760 31-Dec-2008 11:00 bt_logger
    786  100755 (1)      0   2000     156 31-Dec-2008 11:00 bu
    787  100755 (1)      0   2000   11024 31-Dec-2008 11:00 bugreport
    788  100755 (1)      0   2000   11048 31-Dec-2008 11:00 bugreportz
    789  120755 (7)      0   2000       5 31-Dec-2008 11:00 bunzip2
    790  120755 (7)      0   2000       5 31-Dec-2008 11:00 bzcat
    791  100755 (1)      0   2000   105064 31-Dec-2008 11:00 bzip2
    792  120755 (7)      0   2000       6 31-Dec-2008 11:00 cal
    793  100755 (1)      0   2000   16224 31-Dec-2008 11:00 cameraserver
    794  120755 (7)      0   2000       6 31-Dec-2008 11:00 cat
    795  120755 (7)      0   2000       6 31-Dec-2008 11:00 chcon
    796  120755 (7)      0   2000       6 31-Dec-2008 11:00 chgrp
    797  120755 (7)      0   2000       6 31-Dec-2008 11:00 chmod
    798  120755 (7)      0   2000       6 31-Dec-2008 11:00 chown
    799  120755 (7)      0   2000       6 31-Dec-2008 11:00 chroot
    800  120755 (7)      0   2000       6 31-Dec-2008 11:00 chrt
    801  120755 (7)      0   2000       6 31-Dec-2008 11:00 cksum
    802  100755 (1)      0   2000   62064 31-Dec-2008 11:00 clatd
    803  120755 (7)      0   2000       6 31-Dec-2008 11:00 clear
    804  100755 (1)      0   2000   52856 31-Dec-2008 11:00 cmd
    805  120755 (7)      0   2000       6 31-Dec-2008 11:00 cmp
    806  120755 (7)      0   2000       6 31-Dec-2008 11:00 comm
    807  100755 (1)      0   2000     207 31-Dec-2008 11:00 content
    808  120755 (7)      0   2000       6 31-Dec-2008 11:00 cp
    809  120755 (7)      0   2000       6 31-Dec-2008 11:00 cpio
    810  100755 (1)      0   2000   98108 31-Dec-2008 11:00 crash_dump32
    811  100755 (1)      0   2000   123368 31-Dec-2008 11:00 crash_dump64
    812  100755 (1)      0   2000   418496 31-Dec-2008 11:00 curl
    813  120755 (7)      0   2000       6 31-Dec-2008 11:00 cut
    814  120755 (7)      0   2000      10 31-Dec-2008 11:00 dalvikvm
    815  100755 (1)      0   2000   24648 31-Dec-2008 11:00 dalvikvm32
    816  100755 (1)      0   2000   19488 31-Dec-2008 11:00 dalvikvm64
    817  120755 (7)      0   2000       6 31-Dec-2008 11:00 date
    818  120755 (7)      0   2000       7 31-Dec-2008 11:00 dd
    819  100755 (1)      0   2000   11184 31-Dec-2008 11:00 debuggerd
    820  100755 (1)      0   2000   137796 31-Dec-2008 11:00 dex2oat
    821  100755 (1)      0   2000   27784 31-Dec-2008 11:00 dexdiag
    822  100755 (1)      0   2000   104476 31-Dec-2008 11:00 dexdump
    823  100755 (1)      0   2000   15424 31-Dec-2008 11:00 dexlist
    824  100755 (1)      0   2000   29076 31-Dec-2008 11:00 dexoptanalyzer
    825  120755 (7)      0   2000       6 31-Dec-2008 11:00 df
    826  100755 (1)      0   2000   165128 31-Dec-2008 11:00 dhcpcd-6.8.2
    827  120755 (7)      0   2000       6 31-Dec-2008 11:00 diff
    828  120755 (7)      0   2000       6 31-Dec-2008 11:00 dirname
    829  120755 (7)      0   2000       6 31-Dec-2008 11:00 dmesg
    830  100755 (1)      0   2000   196632 31-Dec-2008 11:00 dnsmasq
    831  120755 (7)      0   2000       6 31-Dec-2008 11:00 dos2unix
    832  100755 (1)      0   2000     156 31-Dec-2008 11:00 dpm
    833  100755 (1)      0   2000   31944 31-Dec-2008 11:00 dpmd
    834  100755 (1)      0   2000   66212 31-Dec-2008 11:00 drmserver
    835  120755 (7)      0   2000       6 31-Dec-2008 11:00 du
    836  100755 (1)      0   2000   300888 31-Dec-2008 11:00 dumpstate
    837  100755 (1)      0   2000   40344 31-Dec-2008 11:00 dumpsys
    838  100755 (1)      0   2000   28008 31-Dec-2008 11:00 dun-server
    839  100755 (1)      0   2000   255344 31-Dec-2008 11:00 e2fsck
    840  100755 (1)      0   2000   24032 31-Dec-2008 11:00 e2fsdroid
    841  100755 (1)      0   2000    6904 31-Dec-2008 11:00 ebtables
    842  120755 (7)      0   2000       6 31-Dec-2008 11:00 echo
    843  120755 (7)      0   2000       4 31-Dec-2008 11:00 egrep
    844  120755 (7)      0   2000       6 31-Dec-2008 11:00 env
    845  120755 (7)      0   2000       6 31-Dec-2008 11:00 expand
    846  120755 (7)      0   2000       6 31-Dec-2008 11:00 expr
    847  120755 (7)      0   2000       6 31-Dec-2008 11:00 fallocate
    848  120755 (7)      0   2000       6 31-Dec-2008 11:00 false
    849  100755 (1)      0   2000   25768 31-Dec-2008 11:00 fancontrol
    850  100755 (1)      0   2000   18439556 31-Dec-2008 11:00 ffmpeg
    851  120755 (7)      0   2000       4 31-Dec-2008 11:00 fgrep
    852  120755 (7)      0   2000       6 31-Dec-2008 11:00 file
    853  120755 (7)      0   2000       6 31-Dec-2008 11:00 find
    854  120755 (7)      0   2000       6 31-Dec-2008 11:00 flock
    855  100755 (1)      0   2000   32688 31-Dec-2008 11:00 fmconfig
    856  100755 (1)      0   2000   11144 31-Dec-2008 11:00 fmfactorytest
    857  100755 (1)      0   2000   28024 31-Dec-2008 11:00 fmfactorytestserver
    858  120755 (7)      0   2000       6 31-Dec-2008 11:00 free
    859  120755 (7)      0   2000      11 31-Dec-2008 11:00 fsck.exfat
    860  100755 (1)      0   2000   136160 31-Dec-2008 11:00 fsck.f2fs
    861  100755 (1)      0   2000   36000 31-Dec-2008 11:00 fsck_msdos
    862  100755 (1)      0   2000   45472 31-Dec-2008 11:00 gatekeeperd
    863  120755 (7)      0   2000       6 31-Dec-2008 11:00 getenforce
    864  120755 (7)      0   2000       7 31-Dec-2008 11:00 getevent
    865  120755 (7)      0   2000       6 31-Dec-2008 11:00 getprop
    866  100755 (1)      0   2000   33512 31-Dec-2008 11:00 grep
    867  120755 (7)      0   2000       6 31-Dec-2008 11:00 groups
    868  120755 (7)      0   2000       6 31-Dec-2008 11:00 gunzip
    869  120755 (7)      0   2000       6 31-Dec-2008 11:00 gzip
    870  120755 (7)      0   2000       6 31-Dec-2008 11:00 head
    871  100755 (1)      0   2000   66608 31-Dec-2008 11:00 healthd
    872  100755 (1)      0   2000   501568 31-Dec-2008 11:00 host_manager_11ad
    873  120755 (7)      0   2000       6 31-Dec-2008 11:00 hostname
    874   40755 (2)      0   2000    4096 31-Dec-2008 11:00 hw
    876  120755 (7)      0   2000       6 31-Dec-2008 11:00 hwclock
    877  100755 (1)      0   2000   91592 31-Dec-2008 11:00 hwservicemanager
    878  120755 (7)      0   2000       6 31-Dec-2008 11:00 id
    879  100755 (1)      0   2000   36192 31-Dec-2008 11:00 idmap
    880  120755 (7)      0   2000       6 31-Dec-2008 11:00 ifconfig
    881  100755 (1)      0   2000     194 31-Dec-2008 11:00 ime
    882  100755 (1)      0   2000   28040 31-Dec-2008 11:00 incident
    883  100755 (1)      0   2000   62008 31-Dec-2008 11:00 incidentd
    884  120755 (7)      0   2000       6 31-Dec-2008 11:00 inotifyd
    885  100755 (1)      0   2000     203 31-Dec-2008 11:00 input
    886  120755 (7)      0   2000       6 31-Dec-2008 11:00 insmod
    887  100750 (1)      0      0     622 31-Dec-2008 11:00 install-recovery.sh
    888  100755 (1)      0   2000   307144 31-Dec-2008 11:00 installd
    889  120755 (7)      0   2000       6 31-Dec-2008 11:00 ionice
    890  120755 (7)      0   2000       6 31-Dec-2008 11:00 iorenice
    891  100755 (1)      0   2000   271256 31-Dec-2008 11:00 ip
    892  120755 (7)      0   2000      20 31-Dec-2008 11:00 ip-wrapper-1.0
    893  100755 (1)      0   2000   476184 31-Dec-2008 11:00 ip6tables
    894  120755 (7)      0   2000       9 31-Dec-2008 11:00 ip6tables-restore
    895  120755 (7)      0   2000       9 31-Dec-2008 11:00 ip6tables-save
    896  120755 (7)      0   2000      20 31-Dec-2008 11:00 ip6tables-wrapper-1.0
    897  100755 (1)      0   2000   462896 31-Dec-2008 11:00 iptables
    898  120755 (7)      0   2000       8 31-Dec-2008 11:00 iptables-restore
    899  120755 (7)      0   2000       8 31-Dec-2008 11:00 iptables-save
    900  120755 (7)      0   2000      20 31-Dec-2008 11:00 iptables-wrapper-1.0
    901  100755 (1)      0   2000   288096 31-Dec-2008 11:00 iw
    902  100755 (1)      0   2000   251248 31-Dec-2008 11:00 keystore
    903  120755 (7)      0   2000       6 31-Dec-2008 11:00 kill
    904  120755 (7)      0   2000       6 31-Dec-2008 11:00 killall
    905  100755 (1)      0   2000   847056 31-Dec-2008 11:00 ld.mc
    906  100755 (1)      0   2000   875040 31-Dec-2008 11:00 linker
    907  100755 (1)      0   2000   1467392 31-Dec-2008 11:00 linker64
    908  120755 (7)      0   2000       6 31-Dec-2008 11:00 linker_asan
    909  120755 (7)      0   2000       8 31-Dec-2008 11:00 linker_asan64
    910  100755 (1)      0   2000   47096 31-Dec-2008 11:00 lldservice
    911  100755 (1)      0   2000   19520 31-Dec-2008 11:00 lmkd
    912  120755 (7)      0   2000       6 31-Dec-2008 11:00 ln
    913  120755 (7)      0   2000       6 31-Dec-2008 11:00 load_policy
    914  100755 (1)      0   2000     194 31-Dec-2008 11:00 locksettings
    915  120755 (7)      0   2000       6 31-Dec-2008 11:00 log
    916  100755 (1)      0   2000    6832 31-Dec-2008 11:00 logcat
    917  100550 (1)   1036   1036   170088 31-Dec-2008 11:00 logd
    918  120755 (7)      0   2000       6 31-Dec-2008 11:00 logname
    919  100755 (1)      0   2000   78960 31-Dec-2008 11:00 logwrapper
    920  120755 (7)      0   2000       6 31-Dec-2008 11:00 losetup
    921  120755 (7)      0   2000       6 31-Dec-2008 11:00 ls
    922  100755 (1)      0   2000    6840 31-Dec-2008 11:00 lshal
    923  120755 (7)      0   2000       6 31-Dec-2008 11:00 lsmod
    924  120755 (7)      0   2000       6 31-Dec-2008 11:00 lsof
    925  120755 (7)      0   2000       6 31-Dec-2008 11:00 lspci
    926  120755 (7)      0   2000       6 31-Dec-2008 11:00 lsusb
    927  100755 (1)      0   2000   11136 31-Dec-2008 11:00 make_ext4fs
    928  100755 (1)      0   2000   40488 31-Dec-2008 11:00 make_f2fs
    929  120755 (7)      0   2000       6 31-Dec-2008 11:00 md5sum
    930  100755 (1)      0   2000   1240760 31-Dec-2008 11:00 mdnsd
    931  100755 (1)      0   2000     210 31-Dec-2008 11:00 media
    932  100755 (1)      0   2000   24876 31-Dec-2008 11:00 mediadrmserver
    933  100755 (1)      0   2000   11152 31-Dec-2008 11:00 mediaextractor
    934  100755 (1)      0   2000   53520 31-Dec-2008 11:00 mediametrics
    935  100755 (1)      0   2000   16304 31-Dec-2008 11:00 mediaserver
    936  120755 (7)      0   2000       6 31-Dec-2008 11:00 microcom
    937  120755 (7)      0   2000       6 31-Dec-2008 11:00 mkdir
    938  100755 (1)      0   2000   68992 31-Dec-2008 11:00 mke2fs
    939  120755 (7)      0   2000       6 31-Dec-2008 11:00 mkfifo
    940  120755 (7)      0   2000      11 31-Dec-2008 11:00 mkfs.exfat
    941  120755 (7)      0   2000       6 31-Dec-2008 11:00 mknod
    942  100755 (1)      0   2000   115000 31-Dec-2008 11:00 mkntfs
    943  120755 (7)      0   2000       6 31-Dec-2008 11:00 mkswap
    944  120755 (7)      0   2000       6 31-Dec-2008 11:00 mktemp
    945  100755 (1)      0   2000   32216 31-Dec-2008 11:00 mm-swvdec-test
    946  100755 (1)      0   2000   32136 31-Dec-2008 11:00 mm-swvenc-test
    947  100755 (1)      0   2000   352072 31-Dec-2008 11:00 mm-vidc-omx-test
    948  100755 (1)      0   2000   48672 31-Dec-2008 11:00 mmi
    949  100755 (1)      0   2000   32208 31-Dec-2008 11:00 mmi_diag
    950  100755 (1)      0   2000   77184 31-Dec-2008 11:00 modetest
    951  120755 (7)      0   2000       6 31-Dec-2008 11:00 modinfo
    952  120755 (7)      0   2000       6 31-Dec-2008 11:00 modprobe
    953  100755 (1)      0   2000     268 31-Dec-2008 11:00 monkey
    954  120755 (7)      0   2000       6 31-Dec-2008 11:00 more
    955  120755 (7)      0   2000       6 31-Dec-2008 11:00 mount
    956  100755 (1)      0   2000   254496 31-Dec-2008 11:00 mount.exfat
    957  120755 (7)      0   2000       6 31-Dec-2008 11:00 mountpoint
    958  100755 (1)      0   2000   27976 31-Dec-2008 11:00 mtpd
    959  120755 (7)      0   2000       6 31-Dec-2008 11:00 mv
    960  100755 (1)      0   2000   11064 31-Dec-2008 11:00 ndc
    961  120755 (7)      0   2000      20 31-Dec-2008 11:00 ndc-wrapper-1.0
    962  100755 (1)      0   2000   466368 31-Dec-2008 11:00 netd
    963  120755 (7)      0   2000       6 31-Dec-2008 11:00 netstat
    964  100755 (1)      0   2000   77528 31-Dec-2008 11:00 netutils-wrapper-1.0
    965  120755 (7)      0   2000       7 31-Dec-2008 11:00 newfs_msdos
    966  120755 (7)      0   2000       6 31-Dec-2008 11:00 nice
    967  120755 (7)      0   2000       6 31-Dec-2008 11:00 nl
    968  120755 (7)      0   2000       6 31-Dec-2008 11:00 nohup
    969  100755 (1)      0   2000   340936 31-Dec-2008 11:00 ntfs-3g
    970  100755 (1)      0   2000   185696 31-Dec-2008 11:00 ntfsfix
    971  100755 (1)      0   2000   240408 31-Dec-2008 11:00 oatdump
    972  120755 (7)      0   2000       6 31-Dec-2008 11:00 od
    973  120755 (7)      0   2000       6 31-Dec-2008 11:00 paste
    974  120755 (7)      0   2000       6 31-Dec-2008 11:00 patch
    975  100755 (1)      0   2000   54636 31-Dec-2008 11:00 patchoat
    976  120755 (7)      0   2000       6 31-Dec-2008 11:00 pgrep
    977  120755 (7)      0   2000       6 31-Dec-2008 11:00 pidof
    978  100755 (1)      0   2000   44664 31-Dec-2008 11:00 ping
    979  100755 (1)      0   2000   45224 31-Dec-2008 11:00 ping6
    980  120755 (7)      0   2000       6 31-Dec-2008 11:00 pkill
    981  100755 (1)      0   2000   15192 31-Dec-2008 11:00 pktlogconf
    982  100755 (1)      0   2000     191 31-Dec-2008 11:00 pm
    983  120755 (7)      0   2000       6 31-Dec-2008 11:00 pmap
    984  100755 (1)      0   2000   11384 31-Dec-2008 11:00 ppd
    985  100755 (1)      0   2000   268712 31-Dec-2008 11:00 pppd
    986  120755 (7)      0   2000       6 31-Dec-2008 11:00 printenv
    987  120755 (7)      0   2000       6 31-Dec-2008 11:00 printf
    988  100755 (1)      0   2000   79896 31-Dec-2008 11:00 profman
    989  120755 (7)      0   2000       6 31-Dec-2008 11:00 ps
    990  100755 (1)      0   2000   11112 31-Dec-2008 11:00 pvr_compute
    991  100755 (1)      0   2000   11088 31-Dec-2008 11:00 pvrservice
    992  120755 (7)      0   2000       6 31-Dec-2008 11:00 pwd
    993  100755 (1)      0   2000   11408 31-Dec-2008 11:00 pxrconfigservicetest
    994  100755 (1)      0   2000   15552 31-Dec-2008 11:00 pxrnotification_test
    995  100755 (1)      0   2000   27784 31-Dec-2008 11:00 qdc
    996  100755 (1)      0   2000   72500 31-Dec-2008 11:00 qvrcameratest
    997  100755 (1)      0   2000   82584 31-Dec-2008 11:00 qvrcameratest64
    998  100755 (1)      0   2000   51356 31-Dec-2008 11:00 qvrcameratseq
    999  100755 (1)      0   2000   61984 31-Dec-2008 11:00 qvrcameratseq64
   1000  100755 (1)      0   2000   16272 31-Dec-2008 11:00 qvrservice
   1001  100755 (1)      0   2000   75384 31-Dec-2008 11:00 qvrservicetest
   1002  100755 (1)      0   2000   90136 31-Dec-2008 11:00 qvrservicetest64
   1003  100755 (1)      0   2000   281536 31-Dec-2008 11:00 racoon
   1004  120755 (7)      0   2000       6 31-Dec-2008 11:00 readlink
   1005  120755 (7)      0   2000       6 31-Dec-2008 11:00 realpath
   1006  100755 (1)      0   2000    6976 31-Dec-2008 11:00 reboot
   1007  100755 (1)      0   2000   109192 31-Dec-2008 11:00 remount
   1008  120755 (7)      0   2000       6 31-Dec-2008 11:00 renice
   1009  100755 (1)      0   2000     188 31-Dec-2008 11:00 requestsync
   1010  100755 (1)      0   2000   56720 31-Dec-2008 11:00 resize2fs
   1011  120755 (7)      0   2000       6 31-Dec-2008 11:00 restorecon
   1012  120755 (7)      0   2000       6 31-Dec-2008 11:00 rm
   1013  120755 (7)      0   2000       6 31-Dec-2008 11:00 rmdir
   1014  120755 (7)      0   2000       6 31-Dec-2008 11:00 rmmod
   1015  100750 (1)      0   2000   11072 31-Dec-2008 11:00 run-as
   1016  120755 (7)      0   2000       6 31-Dec-2008 11:00 runcon
   1017  100755 (1)      0   2000    6920 31-Dec-2008 11:00 schedtest
   1018  100755 (1)      0   2000   19448 31-Dec-2008 11:00 screencap
   1019  100755 (1)      0   2000   115016 31-Dec-2008 11:00 screenrecord
   1020  100755 (1)      0   2000   48608 31-Dec-2008 11:00 sdcard
   1021  100755 (1)      0   2000   23736 31-Dec-2008 11:00 secdiscard
   1022  100700 (1)      0      0   323584 31-Dec-2008 11:00 secilc
   1023  120755 (7)      0   2000       6 31-Dec-2008 11:00 sed
   1024  100755 (1)      0   2000   5423968 31-Dec-2008 11:00 seempd
   1025  120755 (7)      0   2000       6 31-Dec-2008 11:00 sendevent
   1026  100755 (1)      0   2000   11096 31-Dec-2008 11:00 sensorservice
   1027  120755 (7)      0   2000       6 31-Dec-2008 11:00 seq
   1028  100755 (1)      0   2000   36048 31-Dec-2008 11:00 service
   1029  100755 (1)      0   2000   19696 31-Dec-2008 11:00 servicemanager
   1030  120755 (7)      0   2000       6 31-Dec-2008 11:00 setenforce
   1031  120755 (7)      0   2000       6 31-Dec-2008 11:00 setprop
   1032  120755 (7)      0   2000       6 31-Dec-2008 11:00 setsid
   1033  100755 (1)      0   2000      35 31-Dec-2008 11:00 settings
   1034  100755 (1)      0   2000   11088 31-Dec-2008 11:00 setup_fs
   1035  100755 (1)      0   2000   178552 31-Dec-2008 11:00 sgdisk
   1036  100755 (1)      0   2000   356224 31-Dec-2008 11:00 sh
   1037  120755 (7)      0   2000       6 31-Dec-2008 11:00 sha1sum
   1038  120755 (7)      0   2000       6 31-Dec-2008 11:00 sha224sum
   1039  120755 (7)      0   2000       6 31-Dec-2008 11:00 sha256sum
   1040  120755 (7)      0   2000       6 31-Dec-2008 11:00 sha384sum
   1041  120755 (7)      0   2000       6 31-Dec-2008 11:00 sha512sum
   1042  100755 (1)      0   2000   463872 31-Dec-2008 11:00 sigma_dut
   1043  120755 (7)      0   2000       6 31-Dec-2008 11:00 sleep
   1044  100755 (1)      0   2000   152840 31-Dec-2008 11:00 sload_f2fs
   1045  100755 (1)      0   2000     190 31-Dec-2008 11:00 sm
   1046  100755 (1)      0   2000   11096 31-Dec-2008 11:00 smcinvoked
   1047  120755 (7)      0   2000       6 31-Dec-2008 11:00 sort
   1048  100755 (1)      0   2000   27736 31-Dec-2008 11:00 spectraltool
   1049  120755 (7)      0   2000       6 31-Dec-2008 11:00 split
   1050  120755 (7)      0   2000       6 31-Dec-2008 11:00 start
   1051  120755 (7)      0   2000       6 31-Dec-2008 11:00 stat
   1052  120755 (7)      0   2000       6 31-Dec-2008 11:00 stop
   1053  100755 (1)      0   2000   132360 31-Dec-2008 11:00 storaged
   1054  120755 (7)      0   2000       6 31-Dec-2008 11:00 strings
   1055  100755 (1)   1000   1003   37088 31-Dec-2008 11:00 surfaceflinger
   1056  100755 (1)      0   2000     192 31-Dec-2008 11:00 svc
   1057  120755 (7)      0   2000       6 31-Dec-2008 11:00 swapoff
   1058  120755 (7)      0   2000       6 31-Dec-2008 11:00 swapon
   1059  120755 (7)      0   2000       6 31-Dec-2008 11:00 sync
   1060  120755 (7)      0   2000       6 31-Dec-2008 11:00 sysctl
   1061  120755 (7)      0   2000       6 31-Dec-2008 11:00 tac
   1062  120755 (7)      0   2000       6 31-Dec-2008 11:00 tail
   1063  120755 (7)      0   2000       6 31-Dec-2008 11:00 tar
   1064  120755 (7)      0   2000       6 31-Dec-2008 11:00 taskset
   1065  100755 (1)      0   2000   107480 31-Dec-2008 11:00 tc
   1066  120755 (7)      0   2000      20 31-Dec-2008 11:00 tc-wrapper-1.0
   1067  120755 (7)      0   2000       6 31-Dec-2008 11:00 tee
   1068  100755 (1)      0   2000     172 31-Dec-2008 11:00 telecom
   1069  100755 (1)      0   2000   32608 31-Dec-2008 11:00 thermalserviced
   1070  120755 (7)      0   2000       6 31-Dec-2008 11:00 time
   1071  120755 (7)      0   2000       6 31-Dec-2008 11:00 timeout
   1072  100755 (1)      0   2000   11080 31-Dec-2008 11:00 tinycap
   1073  100755 (1)      0   2000   15424 31-Dec-2008 11:00 tinymix
   1074  100755 (1)      0   2000   11120 31-Dec-2008 11:00 tinypcminfo
   1075  100755 (1)      0   2000   11176 31-Dec-2008 11:00 tinyplay
   1076  100755 (1)      0   2000   158904 31-Dec-2008 11:00 tombstoned
   1077  100755 (1)      0   2000   96976 31-Dec-2008 11:00 toolbox
   1078  120755 (7)      0   2000       6 31-Dec-2008 11:00 top
   1079  120755 (7)      0   2000       6 31-Dec-2008 11:00 touch
   1080  100755 (1)      0   2000   408080 31-Dec-2008 11:00 toybox
   1081  120755 (7)      0   2000       6 31-Dec-2008 11:00 tr
   1082  120755 (7)      0   2000       6 31-Dec-2008 11:00 true
   1083  120755 (7)      0   2000       6 31-Dec-2008 11:00 truncate
   1084  120755 (7)      0   2000       6 31-Dec-2008 11:00 tty
   1085  100755 (1)      0   2000   56544 31-Dec-2008 11:00 tune2fs
   1086  100755 (1)      0   2000   27696 31-Dec-2008 11:00 tzdatacheck
   1087  100755 (1)      0   2000    4156 31-Dec-2008 11:00 uiautomator
   1088  120755 (7)      0   2000       6 31-Dec-2008 11:00 ulimit
   1089  120755 (7)      0   2000       6 31-Dec-2008 11:00 umount
   1090  120755 (7)      0   2000       6 31-Dec-2008 11:00 uname
   1091  100750 (1)      0      0   138336 31-Dec-2008 11:00 uncrypt
   1092  120755 (7)      0   2000       6 31-Dec-2008 11:00 uniq
   1093  120755 (7)      0   2000       6 31-Dec-2008 11:00 unix2dos
   1094  120755 (7)      0   2000       6 31-Dec-2008 11:00 uptime
   1095  120755 (7)      0   2000       6 31-Dec-2008 11:00 usleep
   1096  120755 (7)      0   2000       6 31-Dec-2008 11:00 uudecode
   1097  120755 (7)      0   2000       6 31-Dec-2008 11:00 uuencode
   1098  100755 (1)      0   2000   19576 31-Dec-2008 11:00 vdc
   1099  100755 (1)      0   2000   28288 31-Dec-2008 11:00 virtual_input
   1100  120755 (7)      0   2000       6 31-Dec-2008 11:00 vmstat
   1101  100755 (1)      0   2000   755984 31-Dec-2008 11:00 vold
   1102  100755 (1)      0   2000     152 31-Dec-2008 11:00 vr
   1103  100755 (1)      0   2000   11032 31-Dec-2008 11:00 w25q_write_bin
   1104  120755 (7)      0   2000       6 31-Dec-2008 11:00 wc
   1105  100750 (1)      0      0   24924 31-Dec-2008 11:00 webview_zygote32
   1106  100750 (1)      0      0   19848 31-Dec-2008 11:00 webview_zygote64
   1107  100755 (1)      0   2000   16160 31-Dec-2008 11:00 wfdservice
   1108  120755 (7)      0   2000       6 31-Dec-2008 11:00 which
   1109  120755 (7)      0   2000       6 31-Dec-2008 11:00 whoami
   1110  100755 (1)      0   2000   349008 31-Dec-2008 11:00 wificond
   1111  100755 (1)      0   2000   78072 31-Dec-2008 11:00 wigig_logcollector
   1112  100755 (1)      0   2000   148928 31-Dec-2008 11:00 wigig_remoteserver
   1113  100755 (1)      0   2000   189056 31-Dec-2008 11:00 wigig_wiburn
   1114  100755 (1)      0   2000     190 31-Dec-2008 11:00 wm
   1115  120755 (7)      0   2000       6 31-Dec-2008 11:00 xargs
   1116  120755 (7)      0   2000       6 31-Dec-2008 11:00 xxd
   1117  120755 (7)      0   2000       6 31-Dec-2008 11:00 yes
   1118  120755 (7)      0   2000       6 31-Dec-2008 11:00 zcat


===== /xbin =====
   4438   40755 (2)      0   2000    4096 31-Dec-2008 11:00 .
      2   40755 (2)      0      0    4096 31-Dec-1969 19:00 ..
   4439  100755 (1)      0   2000   11176 31-Dec-2008 11:00 antradio_app


===== /lib64 =====
   2847   40755 (2)      0      0   20480 31-Dec-2008 11:00 .
      2   40755 (2)      0      0    4096 31-Dec-1969 19:00 ..
   2848  100644 (1)      0      0   202800 31-Dec-2008 11:00 android.frameworks.displayservice@1.0.so
   2849  100644 (1)      0      0   106984 31-Dec-2008 11:00 android.frameworks.schedulerservice@1.0.so
   2850  100644 (1)      0      0   266064 31-Dec-2008 11:00 android.frameworks.sensorservice@1.0.so
   2851  100644 (1)      0      0   149504 31-Dec-2008 11:00 android.frameworks.vr.composer@1.0.so
   2852  100644 (1)      0      0   27568 31-Dec-2008 11:00 android.hardware.audio.common@2.0-util.so
   2853  100644 (1)      0      0   109480 31-Dec-2008 11:00 android.hardware.audio.common@2.0.so
   2854  100644 (1)      0      0   1414472 31-Dec-2008 11:00 android.hardware.audio.effect@2.0.so
   2855  100644 (1)      0      0   716536 31-Dec-2008 11:00 android.hardware.audio@2.0.so
   2856  100644 (1)      0      0   210848 31-Dec-2008 11:00 android.hardware.biometrics.fingerprint@2.1.so
   2857  100644 (1)      0      0   165096 31-Dec-2008 11:00 android.hardware.bluetooth@1.0.so
   2858  100644 (1)      0      0   327944 31-Dec-2008 11:00 android.hardware.broadcastradio@1.0.so
   2859  100644 (1)      0      0   366112 31-Dec-2008 11:00 android.hardware.broadcastradio@1.1.so
   2860  100644 (1)      0      0   39784 31-Dec-2008 11:00 android.hardware.camera.common@1.0.so
   2861  100644 (1)      0      0   335264 31-Dec-2008 11:00 android.hardware.camera.device@1.0.so
   2862  100644 (1)      0      0   273800 31-Dec-2008 11:00 android.hardware.camera.device@3.2.so
   2863  100644 (1)      0      0   115808 31-Dec-2008 11:00 android.hardware.camera.device@3.3.so
   2864  100644 (1)      0      0   165832 31-Dec-2008 11:00 android.hardware.camera.provider@2.4.so
   2865  100644 (1)      0      0   119608 31-Dec-2008 11:00 android.hardware.cas.native@1.0.so
   2866  100644 (1)      0      0   277488 31-Dec-2008 11:00 android.hardware.cas@1.0.so
   2867  100644 (1)      0      0   10888 31-Dec-2008 11:00 android.hardware.configstore-utils.so
   2868  100644 (1)      0      0   145032 31-Dec-2008 11:00 android.hardware.configstore@1.0.so
   2869  100644 (1)      0      0   210520 31-Dec-2008 11:00 android.hardware.contexthub@1.0.so
   2870  100644 (1)      0      0   444936 31-Dec-2008 11:00 android.hardware.drm@1.0.so
   2871  100644 (1)      0      0   86280 31-Dec-2008 11:00 android.hardware.dumpstate@1.0.so
   2872  100644 (1)      0      0   119696 31-Dec-2008 11:00 android.hardware.gatekeeper@1.0.so
   2873  100644 (1)      0      0   1156776 31-Dec-2008 11:00 android.hardware.gnss@1.0.so
   2874  100644 (1)      0      0   94832 31-Dec-2008 11:00 android.hardware.graphics.allocator@2.0.so
   2875  100644 (1)      0      0   253192 31-Dec-2008 11:00 android.hardware.graphics.bufferqueue@1.0.so
   2876  100644 (1)      0      0   43888 31-Dec-2008 11:00 android.hardware.graphics.common@1.0.so
   2877  100644 (1)      0      0   320048 31-Dec-2008 11:00 android.hardware.graphics.composer@2.1.so
   2878  100644 (1)      0      0   124000 31-Dec-2008 11:00 android.hardware.graphics.mapper@2.0.so
   2879  100644 (1)      0      0   123760 31-Dec-2008 11:00 android.hardware.health@1.0.so
   2880  100644 (1)      0      0   94696 31-Dec-2008 11:00 android.hardware.ir@1.0.so
   2881  100644 (1)      0      0   211072 31-Dec-2008 11:00 android.hardware.keymaster@3.0.so
   2882  100644 (1)      0      0   107096 31-Dec-2008 11:00 android.hardware.light@2.0.so
   2883  100644 (1)      0      0   494616 31-Dec-2008 11:00 android.hardware.media.omx@1.0.so
   2884  100644 (1)      0      0   27504 31-Dec-2008 11:00 android.hardware.media@1.0.so
   2885  100644 (1)      0      0   107120 31-Dec-2008 11:00 android.hardware.memtrack@1.0.so
   2886  100644 (1)      0      0   281744 31-Dec-2008 11:00 android.hardware.neuralnetworks@1.0.so
   2887  100644 (1)      0      0   165080 31-Dec-2008 11:00 android.hardware.nfc@1.0.so
   2888  100644 (1)      0      0   119440 31-Dec-2008 11:00 android.hardware.power@1.0.so
   2889  100644 (1)      0      0   107320 31-Dec-2008 11:00 android.hardware.power@1.1.so
   2890  100644 (1)      0      0   198872 31-Dec-2008 11:00 android.hardware.radio.deprecated@1.0.so
   2891  100644 (1)      0      0   1839496 31-Dec-2008 11:00 android.hardware.radio@1.0.so
   2892  100644 (1)      0      0   1143064 31-Dec-2008 11:00 android.hardware.radio@1.1.so
   2893  100644 (1)      0      0   392624 31-Dec-2008 11:00 android.hardware.renderscript@1.0.so
   2894  100644 (1)      0      0   181432 31-Dec-2008 11:00 android.hardware.sensors@1.0.so
   2895  100644 (1)      0      0   214824 31-Dec-2008 11:00 android.hardware.soundtrigger@2.0.so
   2896  100644 (1)      0      0   128184 31-Dec-2008 11:00 android.hardware.tests.libhwbinder@1.0.so
   2897  100644 (1)      0      0   90592 31-Dec-2008 11:00 android.hardware.tetheroffload.config@1.0.so
   2898  100644 (1)      0      0   194968 31-Dec-2008 11:00 android.hardware.tetheroffload.control@1.0.so
   2899  100644 (1)      0      0   119648 31-Dec-2008 11:00 android.hardware.thermal@1.0.so
   2900  100644 (1)      0      0   140664 31-Dec-2008 11:00 android.hardware.thermal@1.1.so
   2901  100644 (1)      0      0   210808 31-Dec-2008 11:00 android.hardware.tv.cec@1.0.so
   2902  100644 (1)      0      0   169544 31-Dec-2008 11:00 android.hardware.tv.input@1.0.so
   2903  100644 (1)      0      0   169544 31-Dec-2008 11:00 android.hardware.usb@1.0.so
   2904  100644 (1)      0      0   115392 31-Dec-2008 11:00 android.hardware.vibrator@1.0.so
   2905  100644 (1)      0      0   115504 31-Dec-2008 11:00 android.hardware.vibrator@1.1.so
   2906  100644 (1)      0      0   86256 31-Dec-2008 11:00 android.hardware.vr@1.0.so
   2907  100644 (1)      0      0   206712 31-Dec-2008 11:00 android.hardware.wifi.offload@1.0.so
   2908  100644 (1)      0      0   1624752 31-Dec-2008 11:00 android.hardware.wifi.supplicant@1.0.so
   2909  100644 (1)      0      0   1354000 31-Dec-2008 11:00 android.hardware.wifi@1.0.so
   2910  100644 (1)      0      0   242240 31-Dec-2008 11:00 android.hardware.wifi@1.1.so
   2911  100644 (1)      0      0   94816 31-Dec-2008 11:00 android.hidl.allocator@1.0.so
   2912  100644 (1)      0      0    6376 31-Dec-2008 11:00 android.hidl.base@1.0.so
   2913  100644 (1)      0      0   144376 31-Dec-2008 11:00 android.hidl.memory@1.0.so
   2914  100644 (1)      0      0   15520 31-Dec-2008 11:00 android.hidl.token@1.0-utils.so
   2915  100644 (1)      0      0   98792 31-Dec-2008 11:00 android.hidl.token@1.0.so
   2916  100644 (1)      0      0   103040 31-Dec-2008 11:00 android.system.net.netd@1.0.so
   2917  100644 (1)      0      0   111480 31-Dec-2008 11:00 android.system.wifi.keystore@1.0.so
   2918  100644 (1)      0      0   160984 31-Dec-2008 11:00 com.qualcomm.qti.ant@1.0.so
   2919  100644 (1)      0      0   215768 31-Dec-2008 11:00 com.qualcomm.qti.bluetooth_audio@1.0.so
   2920  100644 (1)      0      0   264320 31-Dec-2008 11:00 com.qualcomm.qti.dpm.api@1.0.so
   2921  100644 (1)      0      0   339472 31-Dec-2008 11:00 com.qualcomm.qti.imscmservice@1.0.so
   2922  100644 (1)      0      0   355928 31-Dec-2008 11:00 com.qualcomm.qti.wifidisplayhal@1.0.so
   2923   40755 (2)      0      0    4096 31-Dec-2008 11:00 drm
   2925   40755 (2)      0      0    4096 31-Dec-2008 11:00 egl
   2927  100644 (1)      0      0   39728 31-Dec-2008 11:00 fm_helium.so
   2928   40755 (2)      0      0    4096 31-Dec-2008 11:00 hw
   2934  100644 (1)      0      0    6112 31-Dec-2008 11:00 ld-android.so
   2935  100644 (1)      0      0   122040 31-Dec-2008 11:00 lib-imsvideocodec.so
   2936  100644 (1)      0      0   471896 31-Dec-2008 11:00 lib-imsvt.so
   2937  100644 (1)      0      0   27368 31-Dec-2008 11:00 lib-imsvtextutils.so
   2938  100644 (1)      0      0   23312 31-Dec-2008 11:00 lib-imsvtutils.so
   2939  100644 (1)      0      0   870064 31-Dec-2008 11:00 lib2dToVr.so
   2940  100644 (1)      0      0    9928 31-Dec-2008 11:00 lib6DofReset.so
   2941  100644 (1)      0      0   150592 31-Dec-2008 11:00 libCVControllerClient.pxr.so
   2942  100644 (1)      0      0   174936 31-Dec-2008 11:00 libEGL.so
   2943  100644 (1)      0      0   19120 31-Dec-2008 11:00 libETC1.so
   2944  100644 (1)      0      0   10856 31-Dec-2008 11:00 libExtendedExtractor.so
   2945  100644 (1)      0      0   449416 31-Dec-2008 11:00 libFFTEm.so
   2946  100644 (1)      0      0   212528 31-Dec-2008 11:00 libFileMux.so
   2947  100644 (1)      0      0   39368 31-Dec-2008 11:00 libGLESv1_CM.so
   2948  100644 (1)      0      0   88520 31-Dec-2008 11:00 libGLESv2.so
   2949  100644 (1)      0      0   88520 31-Dec-2008 11:00 libGLESv3.so
   2950  100644 (1)      0      0   31832 31-Dec-2008 11:00 libGPTEE_system.so
   2951  100644 (1)      0      0   751736 31-Dec-2008 11:00 libHead3DofPredict.so
   2952  100644 (1)      0      0   674272 31-Dec-2008 11:00 libHeightDetector.so
   2953  100644 (1)      0      0   4554544 31-Dec-2008 11:00 libImageGrid.so
   2954  100644 (1)      0      0   22593288 31-Dec-2008 11:00 libLLVM.so
   2955  100644 (1)      0      0   80208 31-Dec-2008 11:00 libOmxMux.so
   2956  100644 (1)      0      0   104768 31-Dec-2008 11:00 libOpenCL_system.so
   2957  100644 (1)      0      0   10888 31-Dec-2008 11:00 libOpenMAXAL.so
   2958  100644 (1)      0      0   14984 31-Dec-2008 11:00 libOpenSLES.so
   2959  100644 (1)      0      0   13755328 31-Dec-2008 11:00 libPvr_UESDKExt2.so
   2960  100644 (1)      0      0   8059145 31-Dec-2008 11:00 libPvr_UnitySDK.so
   2961  100644 (1)      0      0   8059145 31-Dec-2008 11:00 libPvr_UnitySDKExt1.so
   2962  100644 (1)      0      0   1914632 31-Dec-2008 11:00 libPvr_UnitySDKExt10.so
   2963  100644 (1)      0      0   2047864 31-Dec-2008 11:00 libPvr_UnitySDKExt11.so
   2964  100644 (1)      0      0   13118792 31-Dec-2008 11:00 libPvr_UnitySDKExt5.so
   2965  100644 (1)      0      0   13237880 31-Dec-2008 11:00 libPvr_UnitySDKExt8.so
   2966  100644 (1)      0      0   1894024 31-Dec-2008 11:00 libPvr_UnitySDKExt9.so
   2967  100644 (1)      0      0   44400 31-Dec-2008 11:00 libQTEEConnector_system.so
   2968  100644 (1)      0      0   75048 31-Dec-2008 11:00 libRS.so
   2969  100644 (1)      0      0   10960 31-Dec-2008 11:00 libRSCacheDir.so
   2970  100644 (1)      0      0   2355256 31-Dec-2008 11:00 libRSCpuRef.so
   2971  100644 (1)      0      0   220176 31-Dec-2008 11:00 libRSDriver.so
   2972  100644 (1)      0      0   340304 31-Dec-2008 11:00 libRS_internal.so
   2973  100644 (1)      0      0   310624 31-Dec-2008 11:00 libRScpp.so
   2974  100644 (1)      0      0   5793816 31-Dec-2008 11:00 libSafetyArea.so
   2975  100644 (1)      0      0    6752 31-Dec-2008 11:00 libSeemplog.so
   2976  100644 (1)      0      0   56776 31-Dec-2008 11:00 libSensorCalLibNative.so
   2977  100644 (1)      0      0   369672 31-Dec-2008 11:00 libUSTANative.so
   2978  100644 (1)      0      0   1194056 31-Dec-2008 11:00 libWnnEngDic.so
   2979  100644 (1)      0      0   1342952 31-Dec-2008 11:00 libWnnJpnDic.so
   2980  100644 (1)      0      0   193176 31-Dec-2008 11:00 libaaudio.so
   2981  100644 (1)      0      0   144392 31-Dec-2008 11:00 libadsprpc_system.so
   2982  100644 (1)      0      0   56704 31-Dec-2008 11:00 libaircamera.so
   2983  100644 (1)      0      0   73232 31-Dec-2008 11:00 libairclient.so
   2984  100644 (1)      0      0   172040 31-Dec-2008 11:00 libairservice.so
   2985  100644 (1)      0      0   119040 31-Dec-2008 11:00 libandroid.so
   2986  100644 (1)      0      0    6584 31-Dec-2008 11:00 libandroid_net.so
   2987  100644 (1)      0      0   2130072 31-Dec-2008 11:00 libandroid_runtime.so
   2988  100644 (1)      0      0   578984 31-Dec-2008 11:00 libandroid_servers.so
   2989  100644 (1)      0      0   369288 31-Dec-2008 11:00 libandroidfw.so
   2990  100644 (1)      0      0   32152 31-Dec-2008 11:00 libantradio.so
   2991  100644 (1)      0      0   52416 31-Dec-2008 11:00 libappfuse.so
   2992  100644 (1)      0      0   2943608 31-Dec-2008 11:00 libart-compiler.so
   2993  100644 (1)      0      0   217872 31-Dec-2008 11:00 libart-dexlayout.so
   2994  100644 (1)      0      0   114576 31-Dec-2008 11:00 libart-disassembler.so
   2995  100644 (1)      0      0   7725592 31-Dec-2008 11:00 libart.so
   2996  100644 (1)      0      0   23048 31-Dec-2008 11:00 libaudio-resampler.so
   2997  100644 (1)      0      0   443008 31-Dec-2008 11:00 libaudioclient.so
   2998  100644 (1)      0      0   36464 31-Dec-2008 11:00 libaudioeffect_jni.so
   2999  100644 (1)      0      0   465848 31-Dec-2008 11:00 libaudioflinger.so
   3000  100644 (1)      0      0   223184 31-Dec-2008 11:00 libaudiohal.so
   3001  100644 (1)      0      0   40568 31-Dec-2008 11:00 libaudiomanager.so
   3002  100644 (1)      0      0   102328 31-Dec-2008 11:00 libaudiopolicyenginedefault.so
   3003  100644 (1)      0      0   89472 31-Dec-2008 11:00 libaudiopolicymanager.so
   3004  100644 (1)      0      0   415824 31-Dec-2008 11:00 libaudiopolicymanagerdefault.so
   3005  100644 (1)      0      0   97008 31-Dec-2008 11:00 libaudiopolicyservice.so
   3006  100644 (1)      0      0   413624 31-Dec-2008 11:00 libaudioprocessing.so
   3007  100644 (1)      0      0   19048 31-Dec-2008 11:00 libaudioroute.so
   3008  100644 (1)      0      0   23360 31-Dec-2008 11:00 libaudiospdif.so
   3009  100644 (1)      0      0   109616 31-Dec-2008 11:00 libaudioutils.so
   3010  100644 (1)      0      0   341216 31-Dec-2008 11:00 libavenhancements.so
   3011  100644 (1)      0      0   14984 31-Dec-2008 11:00 libavservices_minijail.so
   3012  100644 (1)      0      0   126288 31-Dec-2008 11:00 libbacktrace.so
   3013  100644 (1)      0      0   72912 31-Dec-2008 11:00 libbase.so
   3014  100644 (1)      0      0   40424 31-Dec-2008 11:00 libbatteryservice.so
   3015  100644 (1)      0      0   386480 31-Dec-2008 11:00 libbcc.so
   3016  100644 (1)      0      0   1444032 31-Dec-2008 11:00 libbcinfo.so
   3017  100644 (1)      0      0   568904 31-Dec-2008 11:00 libbinder.so
   3018  100644 (1)      0      0   1950896 31-Dec-2008 11:00 libblas.so
   3019  100644 (1)      0      0   262888 31-Dec-2008 11:00 libbluetooth_jni.so
   3020  100644 (1)      0      0   68504 31-Dec-2008 11:00 libbootanimation.so
   3021  100644 (1)      0      0   11072 31-Dec-2008 11:00 libbt-logClient.so
   3022  100644 (1)      0      0   1036760 31-Dec-2008 11:00 libc++.so
   3023  100644 (1)      0      0   1174376 31-Dec-2008 11:00 libc.so
   3024  100644 (1)      0      0   94064 31-Dec-2008 11:00 libc_leak_detector.so
   3025  100644 (1)      0      0   365872 31-Dec-2008 11:00 libc_malloc_debug.so
   3026  100644 (1)      0      0   125528 31-Dec-2008 11:00 libcamera2ndk.so
   3027  100644 (1)      0      0   334272 31-Dec-2008 11:00 libcamera_client.so
   3028  100644 (1)      0      0   39776 31-Dec-2008 11:00 libcamera_metadata.so
   3029  100644 (1)      0      0   1373520 31-Dec-2008 11:00 libcameraservice.so
   3030  100644 (1)      0      0   31640 31-Dec-2008 11:00 libcap.so
   3031  100644 (1)      0      0   144392 31-Dec-2008 11:00 libcdsprpc_system.so
   3032  100644 (1)      0      0   1412488 31-Dec-2008 11:00 libchrome.so
   3033  100644 (1)      0      0   3486912 31-Dec-2008 11:00 libclang_rt.ubsan_standalone-aarch64-android.so
   3034  100644 (1)      0      0   330432 31-Dec-2008 11:00 libclcore.bc
   3035  100644 (1)      0      0   353076 31-Dec-2008 11:00 libclcore_debug.bc
   3036  100644 (1)      0      0   1077160 31-Dec-2008 11:00 libclcore_debug_g.bc
   3037  100644 (1)      0      0   1124700 31-Dec-2008 11:00 libclcore_g.bc
   3038  100644 (1)      0      0   147312 31-Dec-2008 11:00 libcompiler_rt.so
   3039  100644 (1)      0      0   1828296 31-Dec-2008 11:00 libcompositor.pxr.so
   3040  100644 (1)      0      0   64408 31-Dec-2008 11:00 libconfigurationclient.pxr.so
   3041  100644 (1)      0      0   10808 31-Dec-2008 11:00 libcryptfs_hw.so
   3042  100644 (1)      0      0   1248040 31-Dec-2008 11:00 libcrypto.so
   3043  100644 (1)      0      0   10776 31-Dec-2008 11:00 libcrypto_utils.so
   3044  100644 (1)      0      0   557024 31-Dec-2008 11:00 libcups.so
   3045  100644 (1)      0      0   348064 31-Dec-2008 11:00 libcurl.so
   3046  100644 (1)      0      0   77104 31-Dec-2008 11:00 libcutils.so
   3047  100644 (1)      0      0   15064 31-Dec-2008 11:00 libdatabuffer.so
   3048  100644 (1)      0      0   23304 31-Dec-2008 11:00 libdebuggerd_client.so
   3049  100644 (1)      0      0   10928 31-Dec-2008 11:00 libdefcontainer_jni.so
   3050  100644 (1)      0      0   143112 31-Dec-2008 11:00 libdiag_system.so
   3051  100644 (1)      0      0   19072 31-Dec-2008 11:00 libdiskconfig.so
   3052  100644 (1)      0      0   19488 31-Dec-2008 11:00 libdisplayconfig.so
   3053  100644 (1)      0      0   40144 31-Dec-2008 11:00 libdisplayservicehidl.so
   3054  100644 (1)      0      0   10688 31-Dec-2008 11:00 libdl.so
   3055  100644 (1)      0      0   883600 31-Dec-2008 11:00 libdng_sdk.so
   3056  100644 (1)      0      0   39768 31-Dec-2008 11:00 libdpmctmgr.so
   3057  100644 (1)      0      0   31536 31-Dec-2008 11:00 libdpmfdmgr.so
   3058  100644 (1)      0      0   253728 31-Dec-2008 11:00 libdpmframework.so
   3059  100644 (1)      0      0   179856 31-Dec-2008 11:00 libdpmnsrm.so
   3060  100644 (1)      0      0   39744 31-Dec-2008 11:00 libdpmtcm.so
   3061  100644 (1)      0      0   80912 31-Dec-2008 11:00 libdrm_platform.so
   3062  100644 (1)      0      0   151672 31-Dec-2008 11:00 libdrmframework.so
   3063  100644 (1)      0      0   48792 31-Dec-2008 11:00 libdrmframework_jni.so
   3064  100644 (1)      0      0   56928 31-Dec-2008 11:00 libdumpstateaidl.so
   3065  100644 (1)      0      0   31608 31-Dec-2008 11:00 libdumpstateutil.so
   3066  100644 (1)      0      0   11072 31-Dec-2008 11:00 libebt_802_3.so
   3067  100644 (1)      0      0   15360 31-Dec-2008 11:00 libebt_among.so
   3068  100644 (1)      0      0   15496 31-Dec-2008 11:00 libebt_arp.so
   3069  100644 (1)      0      0   11160 31-Dec-2008 11:00 libebt_arpreply.so
   3070  100644 (1)      0      0   11384 31-Dec-2008 11:00 libebt_ip.so
   3071  100644 (1)      0      0   23408 31-Dec-2008 11:00 libebt_ip6.so
   3072  100644 (1)      0      0   11176 31-Dec-2008 11:00 libebt_limit.so
   3073  100644 (1)      0      0   11304 31-Dec-2008 11:00 libebt_log.so
   3074  100644 (1)      0      0   11288 31-Dec-2008 11:00 libebt_mark.so
   3075  100644 (1)      0      0   11040 31-Dec-2008 11:00 libebt_mark_m.so
   3076  100644 (1)      0      0   11520 31-Dec-2008 11:00 libebt_nat.so
   3077  100644 (1)      0      0   11176 31-Dec-2008 11:00 libebt_nflog.so
   3078  100644 (1)      0      0   11104 31-Dec-2008 11:00 libebt_pkttype.so
   3079  100644 (1)      0      0    6944 31-Dec-2008 11:00 libebt_redirect.so
   3080  100644 (1)      0      0    6952 31-Dec-2008 11:00 libebt_standard.so
   3081  100644 (1)      0      0   15504 31-Dec-2008 11:00 libebt_stp.so
   3082  100644 (1)      0      0   11200 31-Dec-2008 11:00 libebt_vlan.so
   3083  100644 (1)      0      0    6720 31-Dec-2008 11:00 libebtable_broute.so
   3084  100644 (1)      0      0    6728 31-Dec-2008 11:00 libebtable_filter.so
   3085  100644 (1)      0      0    6728 31-Dec-2008 11:00 libebtable_nat.so
   3086  100644 (1)      0      0   69856 31-Dec-2008 11:00 libebtc.so
   3087  100644 (1)      0      0   23336 31-Dec-2008 11:00 libeffectsconfig.so
   3088  100644 (1)      0      0    6576 31-Dec-2008 11:00 libese-sysdeps_system.so
   3089  100644 (1)      0      0   10872 31-Dec-2008 11:00 libese_system.so
   3090  100644 (1)      0      0   267176 31-Dec-2008 11:00 libevent.so
   3091  100644 (1)      0      0   257416 31-Dec-2008 11:00 libexif.so
   3092  100644 (1)      0      0   172360 31-Dec-2008 11:00 libexpat.so
   3093  100644 (1)      0      0   52480 31-Dec-2008 11:00 libext2_blkid.so
   3094  100644 (1)      0      0   15016 31-Dec-2008 11:00 libext2_com_err.so
   3095  100644 (1)      0      0   39704 31-Dec-2008 11:00 libext2_e2p.so
   3096  100644 (1)      0      0   19048 31-Dec-2008 11:00 libext2_misc.so
   3097  100644 (1)      0      0   60736 31-Dec-2008 11:00 libext2_quota.so
   3098  100644 (1)      0      0   15048 31-Dec-2008 11:00 libext2_uuid.so
   3099  100644 (1)      0      0   301208 31-Dec-2008 11:00 libext2fs.so
   3100  100644 (1)      0      0   89208 31-Dec-2008 11:00 libext4_utils.so
   3101  100644 (1)      0      0   19016 31-Dec-2008 11:00 libf2fs_sparseblock.so
   3102  100644 (1)      0      0   231960 31-Dec-2008 11:00 libfastcvdsp_stub.so
   3103  100644 (1)      0      0   8484472 31-Dec-2008 11:00 libfastcvopt.so
   3104  100644 (1)      0      0   187800 31-Dec-2008 11:00 libfilterfw.so
   3105  100644 (1)      0      0   14872 31-Dec-2008 11:00 libfilterpack_imageproc.so
   3106  100644 (1)      0      0   31824 31-Dec-2008 11:00 libfm-hci.so
   3107  100644 (1)      0      0   14984 31-Dec-2008 11:00 libfmq.so
   3108  100644 (1)      0      0   605728 31-Dec-2008 11:00 libft2.so
   3109  100644 (1)      0      0   23144 31-Dec-2008 11:00 libgatekeeper.so
   3110  100644 (1)      0      0   19616 31-Dec-2008 11:00 libgpqese.so
   3111  100644 (1)      0      0   10960 31-Dec-2008 11:00 libgraphicsenv.so
   3112  100644 (1)      0      0   662168 31-Dec-2008 11:00 libgui.so
   3113  100644 (1)      0      0   10840 31-Dec-2008 11:00 libhardware.so
   3114  100644 (1)      0      0   10992 31-Dec-2008 11:00 libhardware_legacy.so
   3115  100644 (1)      0      0   580440 31-Dec-2008 11:00 libharfbuzz_ng.so
   3116  100644 (1)      0      0   81992 31-Dec-2008 11:00 libhbtpjni.so
   3117  100644 (1)      0      0   31720 31-Dec-2008 11:00 libheif.so
   3118  100644 (1)      0      0   475968 31-Dec-2008 11:00 libhidl-gen-utils.so
   3119  100644 (1)      0      0   60472 31-Dec-2008 11:00 libhidlbase.so
   3120  100644 (1)      0      0   15280 31-Dec-2008 11:00 libhidlmemory.so
   3121  100644 (1)      0      0   426984 31-Dec-2008 11:00 libhidltransport.so
   3122  100644 (1)      0      0   159672 31-Dec-2008 11:00 libhwbinder.so
   3123  100644 (1)      0      0   1151304 31-Dec-2008 11:00 libhwui.so
   3124  100644 (1)      0      0   2468720 31-Dec-2008 11:00 libicui18n.so
   3125  100644 (1)      0      0   1810496 31-Dec-2008 11:00 libicuuc.so
   3126  100644 (1)      0      0   90040 31-Dec-2008 11:00 libimg_utils.so
   3127  100644 (1)      0      0   15744 31-Dec-2008 11:00 libimscamera_jni.so
   3128  100644 (1)      0      0   28872 31-Dec-2008 11:00 libimsmedia_jni.so
   3129  100644 (1)      0      0   65112 31-Dec-2008 11:00 libincident.so
   3130  100644 (1)      0      0   192400 31-Dec-2008 11:00 libinput.so
   3131  100644 (1)      0      0   442504 31-Dec-2008 11:00 libinputflinger.so
   3132  100644 (1)      0      0   72840 31-Dec-2008 11:00 libinputservice.so
   3133  100644 (1)      0      0   82936 31-Dec-2008 11:00 libiprouteutil.so
   3134  100644 (1)      0      0   307144 31-Dec-2008 11:00 libjavacore.so
   3135  100644 (1)      0      0   256728 31-Dec-2008 11:00 libjavacrypto.so
   3136  100644 (1)      0      0   1330344 31-Dec-2008 11:00 libjni_latinime.so
   3137  100644 (1)      0      0    6576 31-Dec-2008 11:00 libjni_makeupV2.so
   3138  100644 (1)      0      0   11208 31-Dec-2008 11:00 libjni_pacprocessor.so
   3139  100644 (1)      0      0   10864 31-Dec-2008 11:00 libjni_panorama.so
   3140  100644 (1)      0      0   11016 31-Dec-2008 11:00 libjni_trackingfocus.so
   3141  100644 (1)      0      0    6568 31-Dec-2008 11:00 libjnigraphics.so
   3142  100644 (1)      0      0   439544 31-Dec-2008 11:00 libjpeg.so
   3143  100644 (1)      0      0   72824 31-Dec-2008 11:00 libkeymaster_messages.so
   3144  100644 (1)      0      0   205328 31-Dec-2008 11:00 libkeymaster_portable.so
   3145  100644 (1)      0      0   27472 31-Dec-2008 11:00 libkeymaster_staging.so
   3146  100644 (1)      0      0   15312 31-Dec-2008 11:00 libkeystore-engine.so
   3147  100644 (1)      0      0   190056 31-Dec-2008 11:00 libkeystore_binder.so
   3148  100644 (1)      0      0    6592 31-Dec-2008 11:00 libkeyutils.so
   3149  100644 (1)      0      0    6672 31-Dec-2008 11:00 libldacBT_abr.so
   3150  100644 (1)      0      0   64360 31-Dec-2008 11:00 libldacBT_enc.so
   3151  100644 (1)      0      0   92816 31-Dec-2008 11:00 liblistenjni.so
   3152  100644 (1)      0      0   1260360 31-Dec-2008 11:00 liblistensoundmodel2.so
   3153  100644 (1)      0      0   1018088 31-Dec-2008 11:00 libloader.pxr.so
   3154  100644 (1)      0      0   187832 31-Dec-2008 11:00 liblocationservice_jni.so
   3155  100644 (1)      0      0   108200 31-Dec-2008 11:00 liblog.so
   3156  100644 (1)      0      0   64480 31-Dec-2008 11:00 liblogcat.so
   3157  100644 (1)      0      0   15040 31-Dec-2008 11:00 liblogwrap.so
   3158  100644 (1)      0      0   251696 31-Dec-2008 11:00 liblshal.so
   3159  100644 (1)      0      0   88896 31-Dec-2008 11:00 liblz4.so
   3160  100644 (1)      0      0   167336 31-Dec-2008 11:00 liblzma.so
   3161  100644 (1)      0      0   245000 31-Dec-2008 11:00 libm.so
   3162  100644 (1)      0      0   35688 31-Dec-2008 11:00 libmdnssd.so
   3163  100644 (1)      0      0   144408 31-Dec-2008 11:00 libmdsprpc_system.so
   3164  100644 (1)      0      0   1270336 31-Dec-2008 11:00 libmedia.so
   3165  100644 (1)      0      0   113704 31-Dec-2008 11:00 libmedia_helper.so
   3166  100644 (1)      0      0   452544 31-Dec-2008 11:00 libmedia_jni.so
   3167  100644 (1)      0      0   445224 31-Dec-2008 11:00 libmedia_omx.so
   3168  100644 (1)      0      0   236504 31-Dec-2008 11:00 libmediadrm.so
   3169  100644 (1)      0      0   23384 31-Dec-2008 11:00 libmediaextractorservice.so
   3170  100644 (1)      0      0   44352 31-Dec-2008 11:00 libmedialogservice.so
   3171  100644 (1)      0      0   75720 31-Dec-2008 11:00 libmediametrics.so
   3172  100644 (1)      0      0   115288 31-Dec-2008 11:00 libmediandk.so
   3173  100644 (1)      0      0   1629896 31-Dec-2008 11:00 libmediaplayerservice.so
   3174  100644 (1)      0      0   60944 31-Dec-2008 11:00 libmediautils.so
   3175  100644 (1)      0      0   15344 31-Dec-2008 11:00 libmemtrack.so
   3176  100644 (1)      0      0   197904 31-Dec-2008 11:00 libmemunreachable.so
   3177  100644 (1)      0      0   10680 31-Dec-2008 11:00 libmetricslogger.so
   3178  100644 (1)      0      0   69888 31-Dec-2008 11:00 libmidi.so
   3179  100644 (1)      0      0   93128 31-Dec-2008 11:00 libminijail.so
   3180  100644 (1)      0      0   151280 31-Dec-2008 11:00 libminikin.so
   3181  100644 (1)      0      0   249888 31-Dec-2008 11:00 libminui.so
   3182  100644 (1)      0      0   31600 31-Dec-2008 11:00 libmiracast.so
   3183  100644 (1)      0      0   105536 31-Dec-2008 11:00 libmmi.so
   3184  100644 (1)      0      0   39632 31-Dec-2008 11:00 libmmosal.so
   3185  100644 (1)      0      0   105920 31-Dec-2008 11:00 libmmparser.so
   3186  100644 (1)      0      0   1490536 31-Dec-2008 11:00 libmmparser_lite.so
   3187  100644 (1)      0      0   80792 31-Dec-2008 11:00 libmmrtpdecoder.so
   3188  100644 (1)      0      0   60496 31-Dec-2008 11:00 libmmrtpencoder.so
   3189  100644 (1)      0      0   187936 31-Dec-2008 11:00 libmtp.so
   3190  100644 (1)      0      0   5735816 31-Dec-2008 11:00 libnative.so
   3191  100644 (1)      0      0   19248 31-Dec-2008 11:00 libnativebridge.so
   3192  100644 (1)      0      0   31680 31-Dec-2008 11:00 libnativehelper.so
   3193  100644 (1)      0      0   23760 31-Dec-2008 11:00 libnativeloader.so
   3194  100644 (1)      0      0   18984 31-Dec-2008 11:00 libnativewindow.so
   3195  100644 (1)      0      0   134656 31-Dec-2008 11:00 libnbaio.so
   3196  100644 (1)      0      0   15176 31-Dec-2008 11:00 libnetd_client.so
   3197  100644 (1)      0      0   52376 31-Dec-2008 11:00 libnetdaidl.so
   3198  100644 (1)      0      0   52792 31-Dec-2008 11:00 libnetdutils.so
   3199  100644 (1)      0      0   27304 31-Dec-2008 11:00 libnetlink.so
   3200  100644 (1)      0      0   31584 31-Dec-2008 11:00 libnetutils.so
   3201  100644 (1)      0      0   929408 31-Dec-2008 11:00 libneuralnetworks.so
   3202  100644 (1)      0      0   148200 31-Dec-2008 11:00 libnl.so
   3203  100644 (1)      0      0   791448 31-Dec-2008 11:00 libnqnfc-nci.so
   3204  100644 (1)      0      0   530272 31-Dec-2008 11:00 libnqnfc_nci_jni.so
   3205  100644 (1)      0      0   52424 31-Dec-2008 11:00 libnqp61-jcop-kit.so
   3206  100644 (1)      0      0   250488 31-Dec-2008 11:00 libopenjdk.so
   3207  100644 (1)      0      0   35496 31-Dec-2008 11:00 libopenjdkjvm.so
   3208  100644 (1)      0      0   473064 31-Dec-2008 11:00 libopenjdkjvmti.so
   3209  100644 (1)      0      0   8891624 31-Dec-2008 11:00 libpac.so
   3210  100644 (1)      0      0   10768 31-Dec-2008 11:00 libpackagelistparser.so
   3211  100644 (1)      0      0   19024 31-Dec-2008 11:00 libpagemap.so
   3212  100644 (1)      0      0   159496 31-Dec-2008 11:00 libpaiclient.so
   3213  100644 (1)      0      0   328168 31-Dec-2008 11:00 libpcap.so
   3214  100644 (1)      0      0   158696 31-Dec-2008 11:00 libpcre2.so
   3215  100644 (1)      0      0   35656 31-Dec-2008 11:00 libpcrecpp.so
   3216  100644 (1)      0      0   5540352 31-Dec-2008 11:00 libpdfium.so
   3217  100644 (1)      0      0   10904 31-Dec-2008 11:00 libpicologkit.so
   3218  100644 (1)      0      0   110448 31-Dec-2008 11:00 libpiex.so
   3219  100644 (1)      0      0   219224 31-Dec-2008 11:00 libpixelflinger.so
   3220  100644 (1)      0      0   1009912 31-Dec-2008 11:00 libplugin.pxr.so
   3221  100644 (1)      0      0   277760 31-Dec-2008 11:00 libpng.so
   3222  100644 (1)      0      0    6872 31-Dec-2008 11:00 libpower.so
   3223  100644 (1)      0      0   23728 31-Dec-2008 11:00 libpowermanager.so
   3224  100644 (1)      0      0   27504 31-Dec-2008 11:00 libprocessgroup.so
   3225  100644 (1)      0      0   15016 31-Dec-2008 11:00 libprocinfo.so
   3226  100644 (1)      0      0   2053680 31-Dec-2008 11:00 libprotobuf-cpp-full.so
   3227  100644 (1)      0      0   274552 31-Dec-2008 11:00 libprotobuf-cpp-lite.so
   3228  100644 (1)      0      0   173992 31-Dec-2008 11:00 libpvrmodule_orientationtracker.so
   3229  100644 (1)      0      0   202000 31-Dec-2008 11:00 libpvrmodule_platform.so
   3230  100644 (1)      0      0   138720 31-Dec-2008 11:00 libpvrservice.so
   3231  100644 (1)      0      0   135824 31-Dec-2008 11:00 libpvrserviceclient.so
   3232  100644 (1)      0      0   3620152 31-Dec-2008 11:00 libpxr_6dof_optimization.so
   3233  100644 (1)      0      0   65208 31-Dec-2008 11:00 libpxrnotification.pxr.so
   3234  100644 (1)      0      0   15088 31-Dec-2008 11:00 libpxrserviceclient.so
   3235  100644 (1)      0      0   19120 31-Dec-2008 11:00 libqcbor.so
   3236  100644 (1)      0      0   75312 31-Dec-2008 11:00 libqcomfm_jni.so
   3237  100644 (1)      0      0   19104 31-Dec-2008 11:00 libqdMetaData.system.so
   3238  100644 (1)      0      0   56544 31-Dec-2008 11:00 libqmi_cci_system.so
   3239  100644 (1)      0      0   65984 31-Dec-2008 11:00 libqsap_sdk.so
   3240  100644 (1)      0      0   19216 31-Dec-2008 11:00 libqti-at.so
   3241  100644 (1)      0      0   15360 31-Dec-2008 11:00 libqti-perfd-client_system.so
   3242  100644 (1)      0      0   23176 31-Dec-2008 11:00 libqti-util_system.so
   3243  100644 (1)      0      0   19952 31-Dec-2008 11:00 libqti_performance.so
   3244  100644 (1)      0      0   144160 31-Dec-2008 11:00 libqvrcamera_client_system.so
   3245  100644 (1)      0      0   10896 31-Dec-2008 11:00 libradio_metadata.so
   3246  100644 (1)      0      0   64336 31-Dec-2008 11:00 librcc.so
   3247  100644 (1)      0      0   10880 31-Dec-2008 11:00 libregionalization.so
   3248  100644 (1)      0      0   94888 31-Dec-2008 11:00 librs_jni.so
   3249  100644 (1)      0      0   295120 31-Dec-2008 11:00 librtp_jni.so
   3250  100644 (1)      0      0   1238808 31-Dec-2008 11:00 libruntime.pxr.so
   3251  100644 (1)      0      0   15096 31-Dec-2008 11:00 libschedulerservicehidl.so
   3252  100644 (1)      0      0   250216 31-Dec-2008 11:00 libscveBlobDescriptor.so
   3253  100644 (1)      0      0   11096 31-Dec-2008 11:00 libscveBlobDescriptor_stub.so
   3254  100644 (1)      0      0   139984 31-Dec-2008 11:00 libscveCommon.so
   3255  100644 (1)      0      0   10880 31-Dec-2008 11:00 libscveCommon_stub.so
   3256  100644 (1)      0      0   3535176 31-Dec-2008 11:00 libscveFaceLandmarks.so
   3257  100644 (1)      0      0   553480 31-Dec-2008 11:00 libscveFaceRecognition.so
   3258  100644 (1)      0      0   455680 31-Dec-2008 11:00 libscveImageCorrection.so
   3259  100644 (1)      0      0   725656 31-Dec-2008 11:00 libscveObjectSegmentation.so
   3260  100644 (1)      0      0   945304 31-Dec-2008 11:00 libscveObjectTracker.so
   3261  100644 (1)      0      0   48224 31-Dec-2008 11:00 libscveObjectTracker_stub.so
   3262  100644 (1)      0      0   806008 31-Dec-2008 11:00 libscvePanorama.so
   3263  100644 (1)      0      0   781072 31-Dec-2008 11:00 libscvePanorama_lite.so
   3264  100644 (1)      0      0   2615016 31-Dec-2008 11:00 libscveScan3D.so
   3265  100644 (1)      0      0   19104 31-Dec-2008 11:00 libsd_sdk_display.so
   3266  100644 (1)      0      0   40640 31-Dec-2008 11:00 libsdm-disp-apis.so
   3267  100644 (1)      0      0   144392 31-Dec-2008 11:00 libsdsprpc_system.so
   3268  100644 (1)      0      0   48072 31-Dec-2008 11:00 libseccam.so
   3269  100644 (1)      0      0   32288 31-Dec-2008 11:00 libsecureui_svcsock_system.so
   3270  100644 (1)      0      0   27648 31-Dec-2008 11:00 libsecureuisvc_jni.so
   3271  100644 (1)      0      0   98880 31-Dec-2008 11:00 libselinux.so
   3272  100644 (1)      0      0   98128 31-Dec-2008 11:00 libsensor.so
   3273  100644 (1)      0      0   64152 31-Dec-2008 11:00 libsensor_calibration.so
   3274  100644 (1)      0      0   27784 31-Dec-2008 11:00 libsensor_low_lat.so
   3275  100644 (1)      0      0   210752 31-Dec-2008 11:00 libsensorservice.so
   3276  100644 (1)      0      0   60664 31-Dec-2008 11:00 libsensorservicehidl.so
   3277  100644 (1)      0      0    6696 31-Dec-2008 11:00 libsensorslog.so
   3278  100644 (1)      0      0   782496 31-Dec-2008 11:00 libsepol.so
   3279  100644 (1)      0      0   44232 31-Dec-2008 11:00 libservices.so
   3280  100644 (1)      0      0   15104 31-Dec-2008 11:00 libserviceutility.so
   3281  100644 (1)      0      0    6688 31-Dec-2008 11:00 libsigchain.so
   3282  100644 (1)      0      0   9164072 31-Dec-2008 11:00 libskia.so
   3283  100644 (1)      0      0   10880 31-Dec-2008 11:00 libsmcinvokecred.so
   3284  100644 (1)      0      0   10880 31-Dec-2008 11:00 libsns_low_lat_stream_stub.so
   3285  100644 (1)      0      0   44560 31-Dec-2008 11:00 libsnsdiaglog.so
   3286  100644 (1)      0      0   23424 31-Dec-2008 11:00 libsoftkeymaster.so
   3287  100644 (1)      0      0   148120 31-Dec-2008 11:00 libsoftkeymasterdevice.so
   3288  100644 (1)      0      0   35448 31-Dec-2008 11:00 libsonic.so
   3289  100644 (1)      0      0   394112 31-Dec-2008 11:00 libsonivox.so
   3290  100644 (1)      0      0   52800 31-Dec-2008 11:00 libsoundpool.so
   3291  100644 (1)      0      0   69584 31-Dec-2008 11:00 libsoundtrigger.so
   3292  100644 (1)      0      0   126904 31-Dec-2008 11:00 libsoundtriggerservice.so
   3293  100644 (1)      0      0   31912 31-Dec-2008 11:00 libsparse.so
   3294  100644 (1)      0      0   32888 31-Dec-2008 11:00 libspeexresampler.so
   3295  100644 (1)      0      0    6760 31-Dec-2008 11:00 libspiris.so
   3296  100644 (1)      0      0   1214064 31-Dec-2008 11:00 libsqlite.so
   3297  100644 (1)      0      0   1282792 31-Dec-2008 11:00 libssc.so
   3298  100644 (1)      0      0   307160 31-Dec-2008 11:00 libssl.so
   3299  100644 (1)      0      0   3855512 31-Dec-2008 11:00 libstagefright.so
   3300  100644 (1)      0      0   88840 31-Dec-2008 11:00 libstagefright_amrnb_common.so
   3301  100644 (1)      0      0    6576 31-Dec-2008 11:00 libstagefright_enc_common.so
   3302  100644 (1)      0      0   134632 31-Dec-2008 11:00 libstagefright_flacdec.so
   3303  100644 (1)      0      0   334328 31-Dec-2008 11:00 libstagefright_foundation.so
   3304  100644 (1)      0      0   23504 31-Dec-2008 11:00 libstagefright_http_support.so
   3305  100644 (1)      0      0   386704 31-Dec-2008 11:00 libstagefright_httplive.so
   3306  100644 (1)      0      0   747448 31-Dec-2008 11:00 libstagefright_omx.so
   3307  100644 (1)      0      0   27768 31-Dec-2008 11:00 libstagefright_omx_utils.so
   3308  100644 (1)      0      0   659968 31-Dec-2008 11:00 libstagefright_soft_aacdec.so
   3309  100644 (1)      0      0   734024 31-Dec-2008 11:00 libstagefright_soft_aacenc.so
   3310  100644 (1)      0      0   35776 31-Dec-2008 11:00 libstagefright_soft_qtiflacdec.so
   3311  100644 (1)      0      0   451312 31-Dec-2008 11:00 libstagefright_wfd.so
   3312  100644 (1)      0      0   98912 31-Dec-2008 11:00 libstagefright_xmlparser.so
   3313  100644 (1)      0      0   14992 31-Dec-2008 11:00 libstdc++.so
   3314  100644 (1)      0      0   1594880 31-Dec-2008 11:00 libsurfaceflinger.so
   3315  100644 (1)      0      0   10832 31-Dec-2008 11:00 libsurfaceflinger_ddmconnection.so
   3316  100644 (1)      0      0   10952 31-Dec-2008 11:00 libsuspend.so
   3317  100644 (1)      0      0   10864 31-Dec-2008 11:00 libsync.so
   3318  100644 (1)      0      0   48024 31-Dec-2008 11:00 libsysutils.so
   3319  100644 (1)      0      0   336136 31-Dec-2008 11:00 libtextclassifier.so
   3320  100644 (1)      0      0   18872 31-Dec-2008 11:00 libtextclassifier_hash.so
   3321  100644 (1)      0      0   15176 31-Dec-2008 11:00 libthermalcallback.so
   3322  100644 (1)      0      0   44400 31-Dec-2008 11:00 libthermalservice.so
   3323  100644 (1)      0      0   31672 31-Dec-2008 11:00 libtinyalsa.so
   3324  100644 (1)      0      0   64744 31-Dec-2008 11:00 libtinyxml2.so
   3325  100644 (1)      0      0   23160 31-Dec-2008 11:00 libtombstoned_client.so
   3326  100644 (1)      0      0   945240 31-Dec-2008 11:00 libts_detected_face_jni.so
   3327  100644 (1)      0      0   222840 31-Dec-2008 11:00 libts_face_beautify_hal.so
   3328  100644 (1)      0      0   231032 31-Dec-2008 11:00 libts_face_beautify_jni.so
   3329  100644 (1)      0      0   44272 31-Dec-2008 11:00 libtzcom.so
   3330  100644 (1)      0      0   151880 31-Dec-2008 11:00 libui.so
   3331  100644 (1)      0      0   118520 31-Dec-2008 11:00 libunwind.so
   3332  100644 (1)      0      0   19080 31-Dec-2008 11:00 libusbhost.so
   3333  100644 (1)      0      0   126328 31-Dec-2008 11:00 libutils.so
   3334  100644 (1)      0      0   27776 31-Dec-2008 11:00 libvendorconn.so
   3335  100644 (1)      0      0   385088 31-Dec-2008 11:00 libvintf.so
   3336  100644 (1)      0      0   31472 31-Dec-2008 11:00 libvirtualinput.so
   3337  100644 (1)      0      0   40336 31-Dec-2008 11:00 libvirtualinputclient.so
   3338  100644 (1)      0      0   1409736 31-Dec-2008 11:00 libvixl-arm.so
   3339  100644 (1)      0      0   999576 31-Dec-2008 11:00 libvixl-arm64.so
   3340  100644 (1)      0      0    6856 31-Dec-2008 11:00 libvndksupport.so
   3341  100644 (1)      0      0   147424 31-Dec-2008 11:00 libvorbisidec.so
   3342  100644 (1)      0      0   1307680 31-Dec-2008 11:00 libvr_amb_engine.so
   3343  100644 (1)      0      0   1299640 31-Dec-2008 11:00 libvr_object_engine.so
   3344  100644 (1)      0      0   43784 31-Dec-2008 11:00 libvr_sam_wrapper.so
   3345  100644 (1)      0      0   254952 31-Dec-2008 11:00 libvraudio.so
   3346  100644 (1)      0      0   131120 31-Dec-2008 11:00 libvulkan.so
   3347  100644 (1)      0      0   11328 31-Dec-2008 11:00 libwbc_jni.so
   3348  100644 (1)      0      0   11104 31-Dec-2008 11:00 libwebviewchromium_loader.so
   3349  100644 (1)      0      0   15288 31-Dec-2008 11:00 libwebviewchromium_plat_support.so
   3350  100644 (1)      0      0   52432 31-Dec-2008 11:00 libwfdavenhancements.so
   3351  100644 (1)      0      0   89408 31-Dec-2008 11:00 libwfdcodecv4l2.so
   3352  100644 (1)      0      0   97080 31-Dec-2008 11:00 libwfdcommonutils.so
   3353  100644 (1)      0      0   121960 31-Dec-2008 11:00 libwfdconfigutils.so
   3354  100644 (1)      0      0   27200 31-Dec-2008 11:00 libwfdmminterface.so
   3355  100644 (1)      0      0   207600 31-Dec-2008 11:00 libwfdmmsink.so
   3356  100644 (1)      0      0   265864 31-Dec-2008 11:00 libwfdmmsrc.so
   3357  100644 (1)      0      0   52912 31-Dec-2008 11:00 libwfdnative.so
   3358  100644 (1)      0      0   422200 31-Dec-2008 11:00 libwfdrtsp.so
   3359  100644 (1)      0      0   391296 31-Dec-2008 11:00 libwfds.so
   3360  100644 (1)      0      0   172720 31-Dec-2008 11:00 libwfdservice.so
   3361  100644 (1)      0      0   172312 31-Dec-2008 11:00 libwfdsm.so
   3362  100644 (1)      0      0    6576 31-Dec-2008 11:00 libwfduibcinterface.so
   3363  100644 (1)      0      0   31376 31-Dec-2008 11:00 libwfduibcsink.so
   3364  100644 (1)      0      0   15112 31-Dec-2008 11:00 libwfduibcsinkinterface.so
   3365  100644 (1)      0      0   39680 31-Dec-2008 11:00 libwfduibcsrc.so
   3366  100644 (1)      0      0   15040 31-Dec-2008 11:00 libwfduibcsrcinterface.so
   3367  100644 (1)      0      0   10960 31-Dec-2008 11:00 libwifi-service.so
   3368  100644 (1)      0      0   11064 31-Dec-2008 11:00 libwifi-system-iface.so
   3369  100644 (1)      0      0   48120 31-Dec-2008 11:00 libwifi-system.so
   3370  100644 (1)      0      0   177048 31-Dec-2008 11:00 libwificond_ipc.so
   3371  100644 (1)      0      0   19272 31-Dec-2008 11:00 libwifikeystorehal.so
   3372  100644 (1)      0      0   35584 31-Dec-2008 11:00 libwigig_flashaccess.so
   3373  100644 (1)      0      0   93312 31-Dec-2008 11:00 libwigig_pciaccess.so
   3374  100644 (1)      0      0   44168 31-Dec-2008 11:00 libwigig_utils.so
   3375  100644 (1)      0      0   287872 31-Dec-2008 11:00 libwilhelm.so
   3376  100644 (1)      0      0   15584 31-Dec-2008 11:00 libwipower_jni.so
   3377  100644 (1)      0      0   76792 31-Dec-2008 11:00 libwnndict.so
   3378  100644 (1)      0      0   1413240 31-Dec-2008 11:00 libxml2.so
   3379  100644 (1)      0      0   11192 31-Dec-2008 11:00 libxt_native.so
   3380  100644 (1)      0      0   101376 31-Dec-2008 11:00 libz.so
   3381  100644 (1)      0      0   48128 31-Dec-2008 11:00 libziparchive.so
   3382  100644 (1)      0      0   236384 31-Dec-2008 11:00 vendor.display.color@1.0.so
   3383  100644 (1)      0      0   141344 31-Dec-2008 11:00 vendor.display.color@1.1.so
   3384  100644 (1)      0      0   169536 31-Dec-2008 11:00 vendor.display.config@1.0.so
   3385  100644 (1)      0      0   124080 31-Dec-2008 11:00 vendor.display.config@1.1.so
   3386  100644 (1)      0      0   140672 31-Dec-2008 11:00 vendor.display.config@1.2.so
   3387  100644 (1)      0      0   107136 31-Dec-2008 11:00 vendor.display.postproc@1.0.so
   3388  100644 (1)      0      0   86472 31-Dec-2008 11:00 vendor.nxp.hardware.nfc@1.0.so
   3389  100644 (1)      0      0   102744 31-Dec-2008 11:00 vendor.qti.esepowermanager@1.0.so
   3390  100644 (1)      0      0   1276176 31-Dec-2008 11:00 vendor.qti.gnss@1.0.so
   3391  100644 (1)      0      0   1129352 31-Dec-2008 11:00 vendor.qti.gnss@1.1.so
   3392  100644 (1)      0      0   111120 31-Dec-2008 11:00 vendor.qti.hardware.camera.device@1.0.so
   3393  100644 (1)      0      0   198960 31-Dec-2008 11:00 vendor.qti.hardware.data.latency@1.0.so
   3394  100644 (1)      0      0   115464 31-Dec-2008 11:00 vendor.qti.hardware.factory@1.0.so
   3395  100644 (1)      0      0   152784 31-Dec-2008 11:00 vendor.qti.hardware.fm@1.0.so
   3396  100644 (1)      0      0   206304 31-Dec-2008 11:00 vendor.qti.hardware.improvetouch.blobmanager@1.0.so
   3397  100644 (1)      0      0   239840 31-Dec-2008 11:00 vendor.qti.hardware.improvetouch.gesturemanager@1.0.so
   3398  100644 (1)      0      0   248048 31-Dec-2008 11:00 vendor.qti.hardware.improvetouch.touchcompanion@1.0.so
   3399  100644 (1)      0      0   90400 31-Dec-2008 11:00 vendor.qti.hardware.iop@1.0.so
   3400  100644 (1)      0      0   98784 31-Dec-2008 11:00 vendor.qti.hardware.iop@2.0.so
   3401  100644 (1)      0      0   140608 31-Dec-2008 11:00 vendor.qti.hardware.limits@1.0.so
   3402  100644 (1)      0      0   98632 31-Dec-2008 11:00 vendor.qti.hardware.perf@1.0.so
   3403  100644 (1)      0      0   94840 31-Dec-2008 11:00 vendor.qti.hardware.qdutils_disp@1.0.so
   3404  100644 (1)      0      0   269960 31-Dec-2008 11:00 vendor.qti.hardware.qteeconnector@1.0.so
   3405  100644 (1)      0      0   107104 31-Dec-2008 11:00 vendor.qti.hardware.seccam@1.0.so
   3406  100644 (1)      0      0   194832 31-Dec-2008 11:00 vendor.qti.hardware.tui_comm@1.0.so
   3407  100644 (1)      0      0   280832 31-Dec-2008 11:00 vendor.qti.hardware.vpp@1.1.so
   3408  100644 (1)      0      0   107256 31-Dec-2008 11:00 vendor.qti.hardware.wigig.netperftuner@1.0.so
   3409  100644 (1)      0      0   420128 31-Dec-2008 11:00 vendor.qti.imsrtpservice@1.0.so
   3410   40755 (2)      0      0    4096 31-Dec-2008 11:00 vndk-sp
   3438  100644 (1)      0      0   19256 31-Dec-2008 11:00 wbc_hal.default.so


===== /lib =====
   2293   40755 (2)      0      0   16384 31-Dec-2008 11:00 .
      2   40755 (2)      0      0    4096 31-Dec-1969 19:00 ..
   2294  100644 (1)      0      0   101372 31-Dec-2008 11:00 android.frameworks.schedulerservice@1.0.so
   2295  100644 (1)      0      0   217956 31-Dec-2008 11:00 android.frameworks.sensorservice@1.0.so
   2296  100644 (1)      0      0   136372 31-Dec-2008 11:00 android.frameworks.vr.composer@1.0.so
   2297  100644 (1)      0      0   24704 31-Dec-2008 11:00 android.hardware.audio.common@2.0-util.so
   2298  100644 (1)      0      0   86696 31-Dec-2008 11:00 android.hardware.audio.common@2.0.so
   2299  100644 (1)      0      0   1004420 31-Dec-2008 11:00 android.hardware.audio.effect@2.0.so
   2300  100644 (1)      0      0   518816 31-Dec-2008 11:00 android.hardware.audio@2.0.so
   2301  100644 (1)      0      0   174028 31-Dec-2008 11:00 android.hardware.biometrics.fingerprint@2.1.so
   2302  100644 (1)      0      0   139856 31-Dec-2008 11:00 android.hardware.bluetooth@1.0.so
   2303  100644 (1)      0      0   252100 31-Dec-2008 11:00 android.hardware.broadcastradio@1.0.so
   2304  100644 (1)      0      0   282600 31-Dec-2008 11:00 android.hardware.broadcastradio@1.1.so
   2305  100644 (1)      0      0   37248 31-Dec-2008 11:00 android.hardware.camera.common@1.0.so
   2306  100644 (1)      0      0   258588 31-Dec-2008 11:00 android.hardware.camera.device@1.0.so
   2307  100644 (1)      0      0   221552 31-Dec-2008 11:00 android.hardware.camera.device@3.2.so
   2308  100644 (1)      0      0   110428 31-Dec-2008 11:00 android.hardware.camera.device@3.3.so
   2309  100644 (1)      0      0   144752 31-Dec-2008 11:00 android.hardware.camera.provider@2.4.so
   2310  100644 (1)      0      0   110072 31-Dec-2008 11:00 android.hardware.cas.native@1.0.so
   2311  100644 (1)      0      0   217136 31-Dec-2008 11:00 android.hardware.cas@1.0.so
   2312  100644 (1)      0      0   16220 31-Dec-2008 11:00 android.hardware.configstore-utils.so
   2313  100644 (1)      0      0   127436 31-Dec-2008 11:00 android.hardware.configstore@1.0.so
   2314  100644 (1)      0      0   173580 31-Dec-2008 11:00 android.hardware.contexthub@1.0.so
   2315  100644 (1)      0      0   329620 31-Dec-2008 11:00 android.hardware.drm@1.0.so
   2316  100644 (1)      0      0   849936 31-Dec-2008 11:00 android.hardware.gnss@1.0.so
   2317  100644 (1)      0      0   93232 31-Dec-2008 11:00 android.hardware.graphics.allocator@2.0.so
   2318  100644 (1)      0      0   208612 31-Dec-2008 11:00 android.hardware.graphics.bufferqueue@1.0.so
   2319  100644 (1)      0      0   41172 31-Dec-2008 11:00 android.hardware.graphics.common@1.0.so
   2320  100644 (1)      0      0   256284 31-Dec-2008 11:00 android.hardware.graphics.composer@2.1.so
   2321  100644 (1)      0      0   114652 31-Dec-2008 11:00 android.hardware.graphics.mapper@2.0.so
   2322  100644 (1)      0      0   114300 31-Dec-2008 11:00 android.hardware.health@1.0.so
   2323  100644 (1)      0      0   88952 31-Dec-2008 11:00 android.hardware.ir@1.0.so
   2324  100644 (1)      0      0   177900 31-Dec-2008 11:00 android.hardware.keymaster@3.0.so
   2325  100644 (1)      0      0   101596 31-Dec-2008 11:00 android.hardware.light@2.0.so
   2326  100644 (1)      0      0   376052 31-Dec-2008 11:00 android.hardware.media.omx@1.0.so
   2327  100644 (1)      0      0   28820 31-Dec-2008 11:00 android.hardware.media@1.0.so
   2328  100644 (1)      0      0   101608 31-Dec-2008 11:00 android.hardware.memtrack@1.0.so
   2329  100644 (1)      0      0   225696 31-Dec-2008 11:00 android.hardware.neuralnetworks@1.0.so
   2330  100644 (1)      0      0   139872 31-Dec-2008 11:00 android.hardware.nfc@1.0.so
   2331  100644 (1)      0      0   110020 31-Dec-2008 11:00 android.hardware.power@1.0.so
   2332  100644 (1)      0      0   101756 31-Dec-2008 11:00 android.hardware.power@1.1.so
   2333  100644 (1)      0      0   162184 31-Dec-2008 11:00 android.hardware.radio.deprecated@1.0.so
   2334  100644 (1)      0      0   1188460 31-Dec-2008 11:00 android.hardware.radio@1.0.so
   2335  100644 (1)      0      0   724844 31-Dec-2008 11:00 android.hardware.radio@1.1.so
   2336  100644 (1)      0      0   295720 31-Dec-2008 11:00 android.hardware.renderscript@1.0.so
   2337  100644 (1)      0      0   156100 31-Dec-2008 11:00 android.hardware.sensors@1.0.so
   2338  100644 (1)      0      0   174096 31-Dec-2008 11:00 android.hardware.soundtrigger@2.0.so
   2339  100644 (1)      0      0   114960 31-Dec-2008 11:00 android.hardware.tests.libhwbinder@1.0.so
   2340  100644 (1)      0      0   88872 31-Dec-2008 11:00 android.hardware.tetheroffload.config@1.0.so
   2341  100644 (1)      0      0   114324 31-Dec-2008 11:00 android.hardware.thermal@1.0.so
   2342  100644 (1)      0      0   173972 31-Dec-2008 11:00 android.hardware.tv.cec@1.0.so
   2343  100644 (1)      0      0   144512 31-Dec-2008 11:00 android.hardware.tv.input@1.0.so
   2344  100644 (1)      0      0   105844 31-Dec-2008 11:00 android.hardware.vibrator@1.0.so
   2345  100644 (1)      0      0   105936 31-Dec-2008 11:00 android.hardware.vibrator@1.1.so
   2346  100644 (1)      0      0   84520 31-Dec-2008 11:00 android.hardware.vr@1.0.so
   2347  100644 (1)      0      0   93192 31-Dec-2008 11:00 android.hidl.allocator@1.0.so
   2348  100644 (1)      0      0    5964 31-Dec-2008 11:00 android.hidl.base@1.0.so
   2349  100644 (1)      0      0   123048 31-Dec-2008 11:00 android.hidl.memory@1.0.so
   2350  100644 (1)      0      0   20708 31-Dec-2008 11:00 android.hidl.token@1.0-utils.so
   2351  100644 (1)      0      0   93108 31-Dec-2008 11:00 android.hidl.token@1.0.so
   2352  100644 (1)      0      0   135728 31-Dec-2008 11:00 com.qualcomm.qti.ant@1.0.so
   2353  100644 (1)      0      0   170840 31-Dec-2008 11:00 com.qualcomm.qti.bluetooth_audio@1.0.so
   2354  100644 (1)      0      0   194512 31-Dec-2008 11:00 com.qualcomm.qti.dpm.api@1.0.so
   2355  100644 (1)      0      0   263516 31-Dec-2008 11:00 com.qualcomm.qti.imscmservice@1.0.so
   2356  100644 (1)      0      0   262948 31-Dec-2008 11:00 com.qualcomm.qti.wifidisplayhal@1.0.so
   2357   40755 (2)      0      0    4096 31-Dec-2008 11:00 drm
   2359   40755 (2)      0      0    4096 31-Dec-2008 11:00 egl
   2361  100644 (1)      0      0   36820 31-Dec-2008 11:00 fm_helium.so
   2362   40755 (2)      0      0    4096 31-Dec-2008 11:00 hw
   2368  100644 (1)      0      0    5752 31-Dec-2008 11:00 ld-android.so
   2369  100644 (1)      0      0   107568 31-Dec-2008 11:00 lib-imsvideocodec.so
   2370  100644 (1)      0      0   398388 31-Dec-2008 11:00 lib-imsvt.so
   2371  100644 (1)      0      0   32484 31-Dec-2008 11:00 lib-imsvtextutils.so
   2372  100644 (1)      0      0   24556 31-Dec-2008 11:00 lib-imsvtutils.so
   2373  100644 (1)      0      0   621512 31-Dec-2008 11:00 lib2dToVr.so
   2374  100644 (1)      0      0   17872 31-Dec-2008 11:00 lib6DofReset.so
   2375  100644 (1)      0      0   98116 31-Dec-2008 11:00 libCVControllerClient.pxr.so
   2376  100644 (1)      0      0   121488 31-Dec-2008 11:00 libEGL.so
   2377  100644 (1)      0      0   20320 31-Dec-2008 11:00 libETC1.so
   2378  100644 (1)      0      0   16048 31-Dec-2008 11:00 libExtendedExtractor.so
   2379  100644 (1)      0      0   242588 31-Dec-2008 11:00 libFFTEm.so
   2380  100644 (1)      0      0   178288 31-Dec-2008 11:00 libFileMux.so
   2381  100644 (1)      0      0   37012 31-Dec-2008 11:00 libGLESv1_CM.so
   2382  100644 (1)      0      0   70328 31-Dec-2008 11:00 libGLESv2.so
   2383  100644 (1)      0      0   70336 31-Dec-2008 11:00 libGLESv3.so
   2384  100644 (1)      0      0   28972 31-Dec-2008 11:00 libGPTEE_system.so
   2385  100644 (1)      0      0   431772 31-Dec-2008 11:00 libHead3DofPredict.so
   2386  100644 (1)      0      0   2681408 31-Dec-2008 11:00 libImageGrid.so
   2387  100644 (1)      0      0   73520 31-Dec-2008 11:00 libOmxMux.so
   2388  100644 (1)      0      0   83048 31-Dec-2008 11:00 libOpenCL_system.so
   2389  100644 (1)      0      0   20168 31-Dec-2008 11:00 libOpenMAXAL.so
   2390  100644 (1)      0      0   20172 31-Dec-2008 11:00 libOpenSLES.so
   2391  100644 (1)      0      0   9448252 31-Dec-2008 11:00 libPvr_UESDKExt2.so
   2392  100644 (1)      0      0   596116 31-Dec-2008 11:00 libPvr_UnitySDK.so
   2393  100644 (1)      0      0   608428 31-Dec-2008 11:00 libPvr_UnitySDKExt1.so
   2394  100644 (1)      0      0   1167280 31-Dec-2008 11:00 libPvr_UnitySDKExt10.so
   2395  100644 (1)      0      0   1255072 31-Dec-2008 11:00 libPvr_UnitySDKExt11.so
   2396  100644 (1)      0      0   8981204 31-Dec-2008 11:00 libPvr_UnitySDKExt5.so
   2397  100644 (1)      0      0   9098752 31-Dec-2008 11:00 libPvr_UnitySDKExt8.so
   2398  100644 (1)      0      0   1150796 31-Dec-2008 11:00 libPvr_UnitySDKExt9.so
   2399  100644 (1)      0      0   37800 31-Dec-2008 11:00 libQTEEConnector_system.so
   2400  100644 (1)      0      0   57308 31-Dec-2008 11:00 libRS.so
   2401  100644 (1)      0      0   16156 31-Dec-2008 11:00 libRSCacheDir.so
   2402  100644 (1)      0      0   1228904 31-Dec-2008 11:00 libRSCpuRef.so
   2403  100644 (1)      0      0   158504 31-Dec-2008 11:00 libRSDriver.so
   2404  100644 (1)      0      0   248584 31-Dec-2008 11:00 libRS_internal.so
   2405  100644 (1)      0      0   219804 31-Dec-2008 11:00 libRScpp.so
   2406  100644 (1)      0      0   3403728 31-Dec-2008 11:00 libSafetyArea.so
   2407  100644 (1)      0      0   16128 31-Dec-2008 11:00 libSeemplog.so
   2408  100644 (1)      0      0   50088 31-Dec-2008 11:00 libSensorCalLibNative.so
   2409  100644 (1)      0      0   245776 31-Dec-2008 11:00 libUSTANative.so
   2410  100644 (1)      0      0   1193456 31-Dec-2008 11:00 libWnnEngDic.so
   2411  100644 (1)      0      0   1342336 31-Dec-2008 11:00 libWnnJpnDic.so
   2412  100644 (1)      0      0   148040 31-Dec-2008 11:00 libaaudio.so
   2413  100644 (1)      0      0   135232 31-Dec-2008 11:00 libaaudioservice.so
   2414  100644 (1)      0      0   114532 31-Dec-2008 11:00 libadsprpc_system.so
   2415  100644 (1)      0      0   58412 31-Dec-2008 11:00 libaircamera.so
   2416  100644 (1)      0      0   62636 31-Dec-2008 11:00 libairclient.so
   2417  100644 (1)      0      0   129868 31-Dec-2008 11:00 libairservice.so
   2418  100644 (1)      0      0   97284 31-Dec-2008 11:00 libandroid.so
   2419  100644 (1)      0      0   16044 31-Dec-2008 11:00 libandroid_net.so
   2420  100644 (1)      0      0   1403404 31-Dec-2008 11:00 libandroid_runtime.so
   2421  100644 (1)      0      0   420968 31-Dec-2008 11:00 libandroid_servers.so
   2422  100644 (1)      0      0   268452 31-Dec-2008 11:00 libandroidfw.so
   2423  100644 (1)      0      0   33332 31-Dec-2008 11:00 libantradio.so
   2424  100644 (1)      0      0   50108 31-Dec-2008 11:00 libappfuse.so
   2425  100644 (1)      0      0   2131228 31-Dec-2008 11:00 libart-compiler.so
   2426  100644 (1)      0      0   159060 31-Dec-2008 11:00 libart-dexlayout.so
   2427  100644 (1)      0      0   5876160 31-Dec-2008 11:00 libart.so
   2428  100644 (1)      0      0   32400 31-Dec-2008 11:00 libaudio-resampler.so
   2429  100644 (1)      0      0   343764 31-Dec-2008 11:00 libaudioclient.so
   2430  100644 (1)      0      0   33688 31-Dec-2008 11:00 libaudioeffect_jni.so
   2431  100644 (1)      0      0   294084 31-Dec-2008 11:00 libaudioflinger.so
   2432  100644 (1)      0      0   153692 31-Dec-2008 11:00 libaudiohal.so
   2433  100644 (1)      0      0   41988 31-Dec-2008 11:00 libaudiomanager.so
   2434  100644 (1)      0      0   76172 31-Dec-2008 11:00 libaudiopolicyenginedefault.so
   2435  100644 (1)      0      0   70696 31-Dec-2008 11:00 libaudiopolicymanager.so
   2436  100644 (1)      0      0   279648 31-Dec-2008 11:00 libaudiopolicymanagerdefault.so
   2437  100644 (1)      0      0   67416 31-Dec-2008 11:00 libaudiopolicyservice.so
   2438  100644 (1)      0      0   383976 31-Dec-2008 11:00 libaudioprocessing.so
   2439  100644 (1)      0      0   20348 31-Dec-2008 11:00 libaudioroute.so
   2440  100644 (1)      0      0   24636 31-Dec-2008 11:00 libaudiospdif.so
   2441  100644 (1)      0      0   62824 31-Dec-2008 11:00 libaudioutils.so
   2442  100644 (1)      0      0   263820 31-Dec-2008 11:00 libavenhancements.so
   2443  100644 (1)      0      0   91980 31-Dec-2008 11:00 libbacktrace.so
   2444  100644 (1)      0      0   67380 31-Dec-2008 11:00 libbase.so
   2445  100644 (1)      0      0   848564 31-Dec-2008 11:00 libbcinfo.so
   2446  100644 (1)      0      0   442892 31-Dec-2008 11:00 libbinder.so
   2447  100644 (1)      0      0   883728 31-Dec-2008 11:00 libblas.so
   2448  100644 (1)      0      0   20296 31-Dec-2008 11:00 libbt-logClient.so
   2449  100644 (1)      0      0   607544 31-Dec-2008 11:00 libc++.so
   2450  100644 (1)      0      0   814280 31-Dec-2008 11:00 libc.so
   2451  100644 (1)      0      0   58688 31-Dec-2008 11:00 libc_leak_detector.so
   2452  100644 (1)      0      0   190480 31-Dec-2008 11:00 libc_malloc_debug.so
   2453  100644 (1)      0      0   97528 31-Dec-2008 11:00 libcamera2ndk.so
   2454  100644 (1)      0      0   244920 31-Dec-2008 11:00 libcamera_client.so
   2455  100644 (1)      0      0   43100 31-Dec-2008 11:00 libcamera_metadata.so
   2456  100644 (1)      0      0   1018060 31-Dec-2008 11:00 libcameraservice.so
   2457  100644 (1)      0      0   24672 31-Dec-2008 11:00 libcap.so
   2458  100644 (1)      0      0   110484 31-Dec-2008 11:00 libcdsprpc_system.so
   2459  100644 (1)      0      0   1050952 31-Dec-2008 11:00 libchrome.so
   2460  100644 (1)      0      0   297820 31-Dec-2008 11:00 libclcore.bc
   2461  100644 (1)      0      0   323452 31-Dec-2008 11:00 libclcore_debug.bc
   2462  100644 (1)      0      0   941408 31-Dec-2008 11:00 libclcore_debug_g.bc
   2463  100644 (1)      0      0   1067372 31-Dec-2008 11:00 libclcore_g.bc
   2464  100644 (1)      0      0   301196 31-Dec-2008 11:00 libclcore_neon.bc
   2465  100644 (1)      0      0   36212 31-Dec-2008 11:00 libcompiler_rt.so
   2466  100644 (1)      0      0   1467220 31-Dec-2008 11:00 libcompositor.pxr.so
   2467  100644 (1)      0      0   53488 31-Dec-2008 11:00 libconfigurationclient.pxr.so
   2468  100644 (1)      0      0   718768 31-Dec-2008 11:00 libcrypto.so
   2469  100644 (1)      0      0   226120 31-Dec-2008 11:00 libcurl.so
   2470  100644 (1)      0      0   58872 31-Dec-2008 11:00 libcutils.so
   2471  100644 (1)      0      0   20320 31-Dec-2008 11:00 libdatabuffer.so
   2472  100644 (1)      0      0   28760 31-Dec-2008 11:00 libdebuggerd_client.so
   2473  100644 (1)      0      0   108260 31-Dec-2008 11:00 libdiag_system.so
   2474  100644 (1)      0      0   24964 31-Dec-2008 11:00 libdisplayconfig.so
   2475  100644 (1)      0      0   15468 31-Dec-2008 11:00 libdl.so
   2476  100644 (1)      0      0   570896 31-Dec-2008 11:00 libdng_sdk.so
   2477  100644 (1)      0      0   41268 31-Dec-2008 11:00 libdpmctmgr.so
   2478  100644 (1)      0      0   37024 31-Dec-2008 11:00 libdpmfdmgr.so
   2479  100644 (1)      0      0   212888 31-Dec-2008 11:00 libdpmframework.so
   2480  100644 (1)      0      0   145680 31-Dec-2008 11:00 libdpmnsrm.so
   2481  100644 (1)      0      0   41244 31-Dec-2008 11:00 libdpmtcm.so
   2482  100644 (1)      0      0   109460 31-Dec-2008 11:00 libdrmframework.so
   2483  100644 (1)      0      0   37780 31-Dec-2008 11:00 libdrmframework_jni.so
   2484  100644 (1)      0      0   58408 31-Dec-2008 11:00 libebtc.so
   2485  100644 (1)      0      0   28712 31-Dec-2008 11:00 libeffectsconfig.so
   2486  100644 (1)      0      0   16044 31-Dec-2008 11:00 libese-sysdeps_system.so
   2487  100644 (1)      0      0   16096 31-Dec-2008 11:00 libese_system.so
   2488  100644 (1)      0      0   190000 31-Dec-2008 11:00 libevent.so
   2489  100644 (1)      0      0   169560 31-Dec-2008 11:00 libexif.so
   2490  100644 (1)      0      0   100472 31-Dec-2008 11:00 libexpat.so
   2491  100644 (1)      0      0   16072 31-Dec-2008 11:00 libeye_tracking_dsp_sample_stub.so
   2492  100644 (1)      0      0   202860 31-Dec-2008 11:00 libfastcvdsp_stub.so
   2493  100644 (1)      0      0   8260456 31-Dec-2008 11:00 libfastcvopt.so
   2494  100644 (1)      0      0   155332 31-Dec-2008 11:00 libfilterfw.so
   2495  100644 (1)      0      0   16112 31-Dec-2008 11:00 libfilterpack_imageproc.so
   2496  100644 (1)      0      0   32996 31-Dec-2008 11:00 libfm-hci.so
   2497  100644 (1)      0      0   24580 31-Dec-2008 11:00 libfmq.so
   2498  100644 (1)      0      0   569624 31-Dec-2008 11:00 libft2.so
   2499  100644 (1)      0      0   24628 31-Dec-2008 11:00 libgatekeeper.so
   2500  100644 (1)      0      0   24660 31-Dec-2008 11:00 libgpqese.so
   2501  100644 (1)      0      0   16172 31-Dec-2008 11:00 libgraphicsenv.so
   2502  100644 (1)      0      0   459716 31-Dec-2008 11:00 libgui.so
   2503  100644 (1)      0      0   16064 31-Dec-2008 11:00 libhardware.so
   2504  100644 (1)      0      0   16108 31-Dec-2008 11:00 libhardware_legacy.so
   2505  100644 (1)      0      0   466900 31-Dec-2008 11:00 libharfbuzz_ng.so
   2506  100644 (1)      0      0   71228 31-Dec-2008 11:00 libhbtpjni.so
   2507  100644 (1)      0      0   28908 31-Dec-2008 11:00 libheif.so
   2508  100644 (1)      0      0   54244 31-Dec-2008 11:00 libhidlbase.so
   2509  100644 (1)      0      0   24676 31-Dec-2008 11:00 libhidlmemory.so
   2510  100644 (1)      0      0   328472 31-Dec-2008 11:00 libhidltransport.so
   2511  100644 (1)      0      0   126204 31-Dec-2008 11:00 libhwbinder.so
   2512  100644 (1)      0      0   730256 31-Dec-2008 11:00 libhwui.so
   2513  100644 (1)      0      0   1782188 31-Dec-2008 11:00 libicui18n.so
   2514  100644 (1)      0      0   1353784 31-Dec-2008 11:00 libicuuc.so
   2515  100644 (1)      0      0   63600 31-Dec-2008 11:00 libimg_utils.so
   2516  100644 (1)      0      0   20832 31-Dec-2008 11:00 libimscamera_jni.so
   2517  100644 (1)      0      0   30012 31-Dec-2008 11:00 libimsmedia_jni.so
   2518  100644 (1)      0      0   138216 31-Dec-2008 11:00 libinput.so
   2519  100644 (1)      0      0   288624 31-Dec-2008 11:00 libinputflinger.so
   2520  100644 (1)      0      0   62608 31-Dec-2008 11:00 libinputservice.so
   2521  100644 (1)      0      0   69408 31-Dec-2008 11:00 libiprouteutil.so
   2522  100644 (1)      0      0   219208 31-Dec-2008 11:00 libjavacore.so
   2523  100644 (1)      0      0   125860 31-Dec-2008 11:00 libjavacrypto.so
   2524  100644 (1)      0      0   16020 31-Dec-2008 11:00 libjni_makeupV2.so
   2525  100644 (1)      0      0   20244 31-Dec-2008 11:00 libjni_panorama.so
   2526  100644 (1)      0      0   20356 31-Dec-2008 11:00 libjni_trackingfocus.so
   2527  100644 (1)      0      0   16084 31-Dec-2008 11:00 libjnigraphics.so
   2528  100644 (1)      0      0   365112 31-Dec-2008 11:00 libjpeg.so
   2529  100644 (1)      0      0   153480 31-Dec-2008 11:00 libkeystore_binder.so
   2530  100644 (1)      0      0   16092 31-Dec-2008 11:00 libldacBT_abr.so
   2531  100644 (1)      0      0   69728 31-Dec-2008 11:00 libldacBT_enc.so
   2532  100644 (1)      0      0   81984 31-Dec-2008 11:00 liblistenjni.so
   2533  100644 (1)      0      0   1196436 31-Dec-2008 11:00 liblistensoundmodel2.so
   2534  100644 (1)      0      0   505568 31-Dec-2008 11:00 libloader.pxr.so
   2535  100644 (1)      0      0   145604 31-Dec-2008 11:00 liblocationservice_jni.so
   2536  100644 (1)      0      0   81544 31-Dec-2008 11:00 liblog.so
   2537  100644 (1)      0      0   20288 31-Dec-2008 11:00 liblogwrap.so
   2538  100644 (1)      0      0   62112 31-Dec-2008 11:00 liblz4.so
   2539  100644 (1)      0      0   100332 31-Dec-2008 11:00 liblzma.so
   2540  100644 (1)      0      0   136716 31-Dec-2008 11:00 libm.so
   2541  100644 (1)      0      0   33000 31-Dec-2008 11:00 libmdnssd.so
   2542  100644 (1)      0      0   110388 31-Dec-2008 11:00 libmdsprpc_system.so
   2543  100644 (1)      0      0   546644 31-Dec-2008 11:00 libmedia.so
   2544  100644 (1)      0      0   74516 31-Dec-2008 11:00 libmedia_helper.so
   2545  100644 (1)      0      0   319584 31-Dec-2008 11:00 libmedia_jni.so
   2546  100644 (1)      0      0   205252 31-Dec-2008 11:00 libmedia_omx.so
   2547  100644 (1)      0      0   170924 31-Dec-2008 11:00 libmediadrm.so
   2548  100644 (1)      0      0   41564 31-Dec-2008 11:00 libmedialogservice.so
   2549  100644 (1)      0      0   45824 31-Dec-2008 11:00 libmediametrics.so
   2550  100644 (1)      0      0   90264 31-Dec-2008 11:00 libmediandk.so
   2551  100644 (1)      0      0   676208 31-Dec-2008 11:00 libmediaplayerservice.so
   2552  100644 (1)      0      0   58548 31-Dec-2008 11:00 libmediautils.so
   2553  100644 (1)      0      0   20572 31-Dec-2008 11:00 libmemtrack.so
   2554  100644 (1)      0      0   136304 31-Dec-2008 11:00 libmemunreachable.so
   2555  100644 (1)      0      0   59428 31-Dec-2008 11:00 libmidi.so
   2556  100644 (1)      0      0   117936 31-Dec-2008 11:00 libminikin.so
   2557  100644 (1)      0      0   164540 31-Dec-2008 11:00 libminui.so
   2558  100644 (1)      0      0   32916 31-Dec-2008 11:00 libmiracast.so
   2559  100644 (1)      0      0   91388 31-Dec-2008 11:00 libmmi.so
   2560  100644 (1)      0      0   33104 31-Dec-2008 11:00 libmmosal.so
   2561  100644 (1)      0      0   87212 31-Dec-2008 11:00 libmmparser.so
   2562  100644 (1)      0      0   1018460 31-Dec-2008 11:00 libmmparser_lite.so
   2563  100644 (1)      0      0   70460 31-Dec-2008 11:00 libmmrtpdecoder.so
   2564  100644 (1)      0      0   53788 31-Dec-2008 11:00 libmmrtpencoder.so
   2565  100644 (1)      0      0   129676 31-Dec-2008 11:00 libmtp.so
   2566  100644 (1)      0      0   20436 31-Dec-2008 11:00 libnativebridge.so
   2567  100644 (1)      0      0   28856 31-Dec-2008 11:00 libnativehelper.so
   2568  100644 (1)      0      0   29476 31-Dec-2008 11:00 libnativeloader.so
   2569  100644 (1)      0      0   24436 31-Dec-2008 11:00 libnativewindow.so
   2570  100644 (1)      0      0   109064 31-Dec-2008 11:00 libnbaio.so
   2571  100644 (1)      0      0   20480 31-Dec-2008 11:00 libnetd_client.so
   2572  100644 (1)      0      0   28648 31-Dec-2008 11:00 libnetlink.so
   2573  100644 (1)      0      0   28896 31-Dec-2008 11:00 libnetutils.so
   2574  100644 (1)      0      0   742204 31-Dec-2008 11:00 libneuralnetworks.so
   2575  100644 (1)      0      0   93928 31-Dec-2008 11:00 libnl.so
   2576  100644 (1)      0      0   166276 31-Dec-2008 11:00 libopenjdk.so
   2577  100644 (1)      0      0   36980 31-Dec-2008 11:00 libopenjdkjvm.so
   2578  100644 (1)      0      0   355236 31-Dec-2008 11:00 libopenjdkjvmti.so
   2579  100644 (1)      0      0   433456 31-Dec-2008 11:00 libopus.so
   2580  100644 (1)      0      0   5674728 31-Dec-2008 11:00 libpac.so
   2581  100644 (1)      0      0   16040 31-Dec-2008 11:00 libpackagelistparser.so
   2582  100644 (1)      0      0   99020 31-Dec-2008 11:00 libpcre2.so
   2583  100644 (1)      0      0   4648928 31-Dec-2008 11:00 libpdfium.so
   2584  100644 (1)      0      0   19152 31-Dec-2008 11:00 libpico_factorytest3.so
   2585  100644 (1)      0      0   16060 31-Dec-2008 11:00 libpico_factorytest_jni.so
   2586  100644 (1)      0      0   19288 31-Dec-2008 11:00 libpico_factorytest_sensor.so
   2587  100644 (1)      0      0   15028 31-Dec-2008 11:00 libpico_gyrocalibration.so
   2588  100644 (1)      0      0   23344 31-Dec-2008 11:00 libpico_imucalibration.so
   2589  100644 (1)      0      0   23404 31-Dec-2008 11:00 libpico_node_connection.so
   2590  100644 (1)      0      0   76256 31-Dec-2008 11:00 libpiex.so
   2591  100644 (1)      0      0   156788 31-Dec-2008 11:00 libpixelflinger.so
   2592  100644 (1)      0      0   718580 31-Dec-2008 11:00 libplugin.pxr.so
   2593  100644 (1)      0      0   146492 31-Dec-2008 11:00 libpng.so
   2594  100644 (1)      0      0   16064 31-Dec-2008 11:00 libpower.so
   2595  100644 (1)      0      0   24792 31-Dec-2008 11:00 libpowermanager.so
   2596  100644 (1)      0      0   33060 31-Dec-2008 11:00 libprocessgroup.so
   2597  100644 (1)      0      0   20360 31-Dec-2008 11:00 libprocinfo.so
   2598  100644 (1)      0      0   1421264 31-Dec-2008 11:00 libprotobuf-cpp-full.so
   2599  100644 (1)      0      0   201896 31-Dec-2008 11:00 libprotobuf-cpp-lite.so
   2600  100644 (1)      0      0   99860 31-Dec-2008 11:00 libpvrmodule_orientationtracker.so
   2601  100644 (1)      0      0   160524 31-Dec-2008 11:00 libpvrmodule_platform.so
   2602  100644 (1)      0      0   106528 31-Dec-2008 11:00 libpvrservice.so
   2603  100644 (1)      0      0   109712 31-Dec-2008 11:00 libpvrserviceclient.so
   2604  100644 (1)      0      0   2042104 31-Dec-2008 11:00 libpxr_6dof_optimization.so
   2605  100644 (1)      0      0   58596 31-Dec-2008 11:00 libpxrnotification.pxr.so
   2606  100644 (1)      0      0   20344 31-Dec-2008 11:00 libpxrserviceclient.so
   2607  100644 (1)      0      0   24728 31-Dec-2008 11:00 libqcbor.so
   2608  100644 (1)      0      0   55936 31-Dec-2008 11:00 libqcomfm_jni.so
   2609  100644 (1)      0      0   87816 31-Dec-2008 11:00 libqct_resampler.so
   2610  100644 (1)      0      0   20420 31-Dec-2008 11:00 libqdMetaData.system.so
   2611  100644 (1)      0      0   45844 31-Dec-2008 11:00 libqmi_cci_system.so
   2612  100644 (1)      0      0   54344 31-Dec-2008 11:00 libqsap_sdk.so
   2613  100644 (1)      0      0   24516 31-Dec-2008 11:00 libqti-at.so
   2614  100644 (1)      0      0   24564 31-Dec-2008 11:00 libqti-perfd-client_system.so
   2615  100644 (1)      0      0   24636 31-Dec-2008 11:00 libqti-util_system.so
   2616  100644 (1)      0      0   25068 31-Dec-2008 11:00 libqti_performance.so
   2617  100644 (1)      0      0   20248 31-Dec-2008 11:00 libqvr_cam_cdsp_driver_stub.so
   2618  100644 (1)      0      0   24364 31-Dec-2008 11:00 libqvr_cdsp_driver_stub.so
   2619  100644 (1)      0      0   45716 31-Dec-2008 11:00 libqvr_eyetracking_plugin.so
   2620  100644 (1)      0      0   16076 31-Dec-2008 11:00 libqvr_mapper_stub.so
   2621  100644 (1)      0      0   121728 31-Dec-2008 11:00 libqvrcamera_client_system.so
   2622  100644 (1)      0      0   556684 31-Dec-2008 11:00 libqvrservice.so
   2623  100644 (1)      0      0   20312 31-Dec-2008 11:00 libradio_metadata.so
   2624  100644 (1)      0      0   62040 31-Dec-2008 11:00 librcc.so
   2625  100644 (1)      0      0   16100 31-Dec-2008 11:00 libregionalization.so
   2626  100644 (1)      0      0   49956 31-Dec-2008 11:00 libresourcemanagerservice.so
   2627  100644 (1)      0      0   59752 31-Dec-2008 11:00 librs_jni.so
   2628  100644 (1)      0      0   134388 31-Dec-2008 11:00 librtp_jni.so
   2629  100644 (1)      0      0   716872 31-Dec-2008 11:00 libruntime.pxr.so
   2630  100644 (1)      0      0   20360 31-Dec-2008 11:00 libschedulerservicehidl.so
   2631  100644 (1)      0      0   200644 31-Dec-2008 11:00 libscveBlobDescriptor.so
   2632  100644 (1)      0      0   16228 31-Dec-2008 11:00 libscveBlobDescriptor_stub.so
   2633  100644 (1)      0      0   92296 31-Dec-2008 11:00 libscveCommon.so
   2634  100644 (1)      0      0   16076 31-Dec-2008 11:00 libscveCommon_stub.so
   2635  100644 (1)      0      0   3479456 31-Dec-2008 11:00 libscveFaceLandmarks.so
   2636  100644 (1)      0      0   398268 31-Dec-2008 11:00 libscveFaceRecognition.so
   2637  100644 (1)      0      0   385132 31-Dec-2008 11:00 libscveImageCorrection.so
   2638  100644 (1)      0      0   509516 31-Dec-2008 11:00 libscveObjectSegmentation.so
   2639  100644 (1)      0      0   626840 31-Dec-2008 11:00 libscveObjectTracker.so
   2640  100644 (1)      0      0   49336 31-Dec-2008 11:00 libscveObjectTracker_stub.so
   2641  100644 (1)      0      0   577152 31-Dec-2008 11:00 libscvePanorama.so
   2642  100644 (1)      0      0   556240 31-Dec-2008 11:00 libscvePanorama_lite.so
   2643  100644 (1)      0      0   2063660 31-Dec-2008 11:00 libscveScan3D.so
   2644  100644 (1)      0      0   24488 31-Dec-2008 11:00 libsd_sdk_display.so
   2645  100644 (1)      0      0   34096 31-Dec-2008 11:00 libsdm-disp-apis.so
   2646  100644 (1)      0      0   110472 31-Dec-2008 11:00 libsdsprpc_system.so
   2647  100644 (1)      0      0   45356 31-Dec-2008 11:00 libseccam.so
   2648  100644 (1)      0      0   33484 31-Dec-2008 11:00 libsecureui_svcsock_system.so
   2649  100644 (1)      0      0   32996 31-Dec-2008 11:00 libsecureuisvc_jni.so
   2650  100644 (1)      0      0   73116 31-Dec-2008 11:00 libselinux.so
   2651  100644 (1)      0      0   79792 31-Dec-2008 11:00 libsensor.so
   2652  100644 (1)      0      0   41404 31-Dec-2008 11:00 libsensor_calibration.so
   2653  100644 (1)      0      0   37172 31-Dec-2008 11:00 libsensor_low_lat.so
   2654  100644 (1)      0      0   131284 31-Dec-2008 11:00 libsensorservice.so
   2655  100644 (1)      0      0   54128 31-Dec-2008 11:00 libsensorservicehidl.so
   2656  100644 (1)      0      0   16044 31-Dec-2008 11:00 libsensorslog.so
   2657  100644 (1)      0      0   20248 31-Dec-2008 11:00 libserviceutility.so
   2658  100644 (1)      0      0   16064 31-Dec-2008 11:00 libsigchain.so
   2659  100644 (1)      0      0   5863132 31-Dec-2008 11:00 libskia.so
   2660  100644 (1)      0      0   20196 31-Dec-2008 11:00 libsmcinvokecred.so
   2661  100644 (1)      0      0   16084 31-Dec-2008 11:00 libsns_low_lat_stream_stub.so
   2662  100644 (1)      0      0   32788 31-Dec-2008 11:00 libsnsdiaglog.so
   2663  100644 (1)      0      0   24572 31-Dec-2008 11:00 libsoftkeymaster.so
   2664  100644 (1)      0      0   20596 31-Dec-2008 11:00 libsonic.so
   2665  100644 (1)      0      0   351340 31-Dec-2008 11:00 libsonivox.so
   2666  100644 (1)      0      0   46104 31-Dec-2008 11:00 libsoundpool.so
   2667  100644 (1)      0      0   54860 31-Dec-2008 11:00 libsoundtrigger.so
   2668  100644 (1)      0      0   96712 31-Dec-2008 11:00 libsoundtriggerservice.so
   2669  100644 (1)      0      0   34116 31-Dec-2008 11:00 libspeexresampler.so
   2670  100644 (1)      0      0   16048 31-Dec-2008 11:00 libspiris.so
   2671  100644 (1)      0      0   515280 31-Dec-2008 11:00 libsqlite.so
   2672  100644 (1)      0      0   934020 31-Dec-2008 11:00 libssc.so
   2673  100644 (1)      0      0   193800 31-Dec-2008 11:00 libssl.so
   2674  100644 (1)      0      0   1641296 31-Dec-2008 11:00 libstagefright.so
   2675  100644 (1)      0      0   61788 31-Dec-2008 11:00 libstagefright_amrnb_common.so
   2676  100644 (1)      0      0   16048 31-Dec-2008 11:00 libstagefright_enc_common.so
   2677  100644 (1)      0      0   115792 31-Dec-2008 11:00 libstagefright_flacdec.so
   2678  100644 (1)      0      0   151488 31-Dec-2008 11:00 libstagefright_foundation.so
   2679  100644 (1)      0      0   16120 31-Dec-2008 11:00 libstagefright_http_support.so
   2680  100644 (1)      0      0   170748 31-Dec-2008 11:00 libstagefright_httplive.so
   2681  100644 (1)      0      0   372036 31-Dec-2008 11:00 libstagefright_omx.so
   2682  100644 (1)      0      0   20204 31-Dec-2008 11:00 libstagefright_omx_utils.so
   2683  100644 (1)      0      0   312048 31-Dec-2008 11:00 libstagefright_soft_aacdec.so
   2684  100644 (1)      0      0   345484 31-Dec-2008 11:00 libstagefright_soft_aacenc.so
   2685  100644 (1)      0      0   124300 31-Dec-2008 11:00 libstagefright_soft_amrdec.so
   2686  100644 (1)      0      0   83112 31-Dec-2008 11:00 libstagefright_soft_amrnbenc.so
   2687  100644 (1)      0      0   195056 31-Dec-2008 11:00 libstagefright_soft_amrwbenc.so
   2688  100644 (1)      0      0   442040 31-Dec-2008 11:00 libstagefright_soft_avcdec.so
   2689  100644 (1)      0      0   423864 31-Dec-2008 11:00 libstagefright_soft_avcenc.so
   2690  100644 (1)      0      0   32872 31-Dec-2008 11:00 libstagefright_soft_flacdec.so
   2691  100644 (1)      0      0   165672 31-Dec-2008 11:00 libstagefright_soft_flacenc.so
   2692  100644 (1)      0      0   28700 31-Dec-2008 11:00 libstagefright_soft_g711dec.so
   2693  100644 (1)      0      0   37468 31-Dec-2008 11:00 libstagefright_soft_gsmdec.so
   2694  100644 (1)      0      0   572252 31-Dec-2008 11:00 libstagefright_soft_hevcdec.so
   2695  100644 (1)      0      0   86972 31-Dec-2008 11:00 libstagefright_soft_mp3dec.so
   2696  100644 (1)      0      0   132916 31-Dec-2008 11:00 libstagefright_soft_mpeg2dec.so
   2697  100644 (1)      0      0   124136 31-Dec-2008 11:00 libstagefright_soft_mpeg4dec.so
   2698  100644 (1)      0      0   165788 31-Dec-2008 11:00 libstagefright_soft_mpeg4enc.so
   2699  100644 (1)      0      0   37108 31-Dec-2008 11:00 libstagefright_soft_opusdec.so
   2700  100644 (1)      0      0   32940 31-Dec-2008 11:00 libstagefright_soft_qtiflacdec.so
   2701  100644 (1)      0      0   28728 31-Dec-2008 11:00 libstagefright_soft_rawdec.so
   2702  100644 (1)      0      0   32992 31-Dec-2008 11:00 libstagefright_soft_vorbisdec.so
   2703  100644 (1)      0      0   439868 31-Dec-2008 11:00 libstagefright_soft_vpxdec.so
   2704  100644 (1)      0      0   1340288 31-Dec-2008 11:00 libstagefright_soft_vpxenc.so
   2705  100644 (1)      0      0   204468 31-Dec-2008 11:00 libstagefright_wfd.so
   2706  100644 (1)      0      0   70596 31-Dec-2008 11:00 libstagefright_xmlparser.so
   2707  100644 (1)      0      0   20136 31-Dec-2008 11:00 libstdc++.so
   2708  100644 (1)      0      0   1026048 31-Dec-2008 11:00 libsurfaceflinger.so
   2709  100644 (1)      0      0   16108 31-Dec-2008 11:00 libsurfaceflinger_ddmconnection.so
   2710  100644 (1)      0      0   16136 31-Dec-2008 11:00 libsuspend.so
   2711  100644 (1)      0      0   16136 31-Dec-2008 11:00 libsync.so
   2712  100644 (1)      0      0   37268 31-Dec-2008 11:00 libsysutils.so
   2713  100644 (1)      0      0   206232 31-Dec-2008 11:00 libtextclassifier.so
   2714  100644 (1)      0      0   28456 31-Dec-2008 11:00 libtextclassifier_hash.so
   2715  100644 (1)      0      0   29060 31-Dec-2008 11:00 libtinyalsa.so
   2716  100644 (1)      0      0   46272 31-Dec-2008 11:00 libtinyxml2.so
   2717  100644 (1)      0      0   16968 31-Dec-2008 11:00 libtobii_eyecore_stub.so
   2718  100644 (1)      0      0   5402632 31-Dec-2008 11:00 libtobii_runtime.so
   2719  100644 (1)      0      0   24672 31-Dec-2008 11:00 libtombstoned_client.so
   2720  100644 (1)      0      0   658024 31-Dec-2008 11:00 libts_detected_face_jni.so
   2721  100644 (1)      0      0   144176 31-Dec-2008 11:00 libts_face_beautify_hal.so
   2722  100644 (1)      0      0   218112 31-Dec-2008 11:00 libts_face_beautify_jni.so
   2723  100644 (1)      0      0   41484 31-Dec-2008 11:00 libtzcom.so
   2724  100644 (1)      0      0   114324 31-Dec-2008 11:00 libui.so
   2725  100644 (1)      0      0   95500 31-Dec-2008 11:00 libunwind.so
   2726  100644 (1)      0      0   20424 31-Dec-2008 11:00 libusbhost.so
   2727  100644 (1)      0      0   96876 31-Dec-2008 11:00 libutils.so
   2728  100644 (1)      0      0   29124 31-Dec-2008 11:00 libvendorconn.so
   2729  100644 (1)      0      0   281148 31-Dec-2008 11:00 libvintf.so
   2730  100644 (1)      0      0   28808 31-Dec-2008 11:00 libvirtualinput.so
   2731  100644 (1)      0      0   37512 31-Dec-2008 11:00 libvirtualinputclient.so
   2732  100644 (1)      0      0   974508 31-Dec-2008 11:00 libvixl-arm.so
   2733  100644 (1)      0      0   843580 31-Dec-2008 11:00 libvixl-arm64.so
   2734  100644 (1)      0      0   16044 31-Dec-2008 11:00 libvndksupport.so
   2735  100644 (1)      0      0   125412 31-Dec-2008 11:00 libvorbisidec.so
   2736  100644 (1)      0      0   1314988 31-Dec-2008 11:00 libvr_amb_engine.so
   2737  100644 (1)      0      0   1298720 31-Dec-2008 11:00 libvr_object_engine.so
   2738  100644 (1)      0      0   41060 31-Dec-2008 11:00 libvr_sam_wrapper.so
   2739  100644 (1)      0      0   189772 31-Dec-2008 11:00 libvraudio.so
   2740  100644 (1)      0      0   105532 31-Dec-2008 11:00 libvulkan.so
   2741  100644 (1)      0      0   16436 31-Dec-2008 11:00 libwbc_jni.so
   2742  100644 (1)      0      0   20280 31-Dec-2008 11:00 libwebviewchromium_loader.so
   2743  100644 (1)      0      0   20428 31-Dec-2008 11:00 libwebviewchromium_plat_support.so
   2744  100644 (1)      0      0   45740 31-Dec-2008 11:00 libwfdavenhancements.so
   2745  100644 (1)      0      0   75064 31-Dec-2008 11:00 libwfdcodecv4l2.so
   2746  100644 (1)      0      0   87064 31-Dec-2008 11:00 libwfdcommonutils.so
   2747  100644 (1)      0      0   86812 31-Dec-2008 11:00 libwfdconfigutils.so
   2748  100644 (1)      0      0   32632 31-Dec-2008 11:00 libwfdmminterface.so
   2749  100644 (1)      0      0   161608 31-Dec-2008 11:00 libwfdmmsink.so
   2750  100644 (1)      0      0   232364 31-Dec-2008 11:00 libwfdmmsrc.so
   2751  100644 (1)      0      0   41632 31-Dec-2008 11:00 libwfdnative.so
   2752  100644 (1)      0      0   295712 31-Dec-2008 11:00 libwfdrtsp.so
   2753  100644 (1)      0      0   126320 31-Dec-2008 11:00 libwfdservice.so
   2754  100644 (1)      0      0   129980 31-Dec-2008 11:00 libwfdsm.so
   2755  100644 (1)      0      0   16036 31-Dec-2008 11:00 libwfduibcinterface.so
   2756  100644 (1)      0      0   32668 31-Dec-2008 11:00 libwfduibcsink.so
   2757  100644 (1)      0      0   20304 31-Dec-2008 11:00 libwfduibcsinkinterface.so
   2758  100644 (1)      0      0   41072 31-Dec-2008 11:00 libwfduibcsrc.so
   2759  100644 (1)      0      0   20236 31-Dec-2008 11:00 libwfduibcsrcinterface.so
   2760  100644 (1)      0      0   16156 31-Dec-2008 11:00 libwifi-service.so
   2761  100644 (1)      0      0   134920 31-Dec-2008 11:00 libwificond_ipc.so
   2762  100644 (1)      0      0   32916 31-Dec-2008 11:00 libwigig_flashaccess.so
   2763  100644 (1)      0      0   71096 31-Dec-2008 11:00 libwigig_pciaccess.so
   2764  100644 (1)      0      0   41440 31-Dec-2008 11:00 libwigig_utils.so
   2765  100644 (1)      0      0   204528 31-Dec-2008 11:00 libwilhelm.so
   2766  100644 (1)      0      0   20696 31-Dec-2008 11:00 libwipower_jni.so
   2767  100644 (1)      0      0   62176 31-Dec-2008 11:00 libwnndict.so
   2768  100644 (1)      0      0   775784 31-Dec-2008 11:00 libxml2.so
   2769  100644 (1)      0      0   20424 31-Dec-2008 11:00 libxt_native.so
   2770  100644 (1)      0      0   85940 31-Dec-2008 11:00 libz.so
   2771  100644 (1)      0      0   50044 31-Dec-2008 11:00 libziparchive.so
   2772   40755 (2)      0      0    4096 31-Dec-2008 11:00 rfsa
   2791  100644 (1)      0      0   191352 31-Dec-2008 11:00 vendor.display.color@1.0.so
   2792  100644 (1)      0      0   128092 31-Dec-2008 11:00 vendor.display.color@1.1.so
   2793  100644 (1)      0      0   144112 31-Dec-2008 11:00 vendor.display.config@1.0.so
   2794  100644 (1)      0      0   114492 31-Dec-2008 11:00 vendor.display.config@1.1.so
   2795  100644 (1)      0      0   123124 31-Dec-2008 11:00 vendor.display.config@1.2.so
   2796  100644 (1)      0      0   101560 31-Dec-2008 11:00 vendor.display.postproc@1.0.so
   2797  100644 (1)      0      0   97008 31-Dec-2008 11:00 vendor.qti.esepowermanager@1.0.so
   2798  100644 (1)      0      0   940224 31-Dec-2008 11:00 vendor.qti.gnss@1.0.so
   2799  100644 (1)      0      0   852496 31-Dec-2008 11:00 vendor.qti.gnss@1.1.so
   2800  100644 (1)      0      0   105508 31-Dec-2008 11:00 vendor.qti.hardware.camera.device@1.0.so
   2801  100644 (1)      0      0   174580 31-Dec-2008 11:00 vendor.qti.hardware.data.latency@1.0.so
   2802  100644 (1)      0      0   110052 31-Dec-2008 11:00 vendor.qti.hardware.factory@1.0.so
   2803  100644 (1)      0      0   131584 31-Dec-2008 11:00 vendor.qti.hardware.fm@1.0.so
   2804  100644 (1)      0      0   164792 31-Dec-2008 11:00 vendor.qti.hardware.improvetouch.blobmanager@1.0.so
   2805  100644 (1)      0      0   186248 31-Dec-2008 11:00 vendor.qti.hardware.improvetouch.gesturemanager@1.0.so
   2806  100644 (1)      0      0   190152 31-Dec-2008 11:00 vendor.qti.hardware.improvetouch.touchcompanion@1.0.so
   2807  100644 (1)      0      0   88628 31-Dec-2008 11:00 vendor.qti.hardware.iop@1.0.so
   2808  100644 (1)      0      0   93056 31-Dec-2008 11:00 vendor.qti.hardware.iop@2.0.so
   2809  100644 (1)      0      0   123516 31-Dec-2008 11:00 vendor.qti.hardware.limits@1.0.so
   2810  100644 (1)      0      0   92868 31-Dec-2008 11:00 vendor.qti.hardware.perf@1.0.so
   2811  100644 (1)      0      0   93256 31-Dec-2008 11:00 vendor.qti.hardware.qdutils_disp@1.0.so
   2812  100644 (1)      0      0   213608 31-Dec-2008 11:00 vendor.qti.hardware.qteeconnector@1.0.so
   2813  100644 (1)      0      0   101524 31-Dec-2008 11:00 vendor.qti.hardware.seccam@1.0.so
   2814  100644 (1)      0      0   161904 31-Dec-2008 11:00 vendor.qti.hardware.tui_comm@1.0.so
   2815  100644 (1)      0      0   228364 31-Dec-2008 11:00 vendor.qti.hardware.vpp@1.1.so
   2816  100644 (1)      0      0   105856 31-Dec-2008 11:00 vendor.qti.hardware.wigig.netperftuner@1.0.so
   2817  100644 (1)      0      0   302020 31-Dec-2008 11:00 vendor.qti.imsrtpservice@1.0.so
   2818   40755 (2)      0      0    4096 31-Dec-2008 11:00 vndk-sp
   2846  100644 (1)      0      0   20380 31-Dec-2008 11:00 wbc_hal.default.so


===== /etc =====
   1121   40755 (2)      0      0    4096 31-Dec-2008 11:00 .
      2   40755 (2)      0      0    4096 31-Dec-1969 19:00 ..
   1122  100644 (1)      0      0   187283 31-Dec-2008 11:00 NOTICE.xml.gz
   1123  100644 (1)      0      0      35 31-Dec-2008 11:00 PvrPermissionGrantList.prop
   1124  100644 (1)      0      0   641494 31-Dec-2008 11:00 apns-conf.xml
   1125  100644 (1)      0      0    2308 31-Dec-2008 11:00 appops_policy.xml
   1126  100644 (1)      0      0    5491 31-Dec-2008 11:00 audio_effects.conf
   1127  100644 (1)      0      0    9270 31-Dec-2008 11:00 audio_policy.conf
   1128   40755 (2)      0      0    4096 31-Dec-2008 11:00 blacklist
   1131   40755 (2)      0      0    4096 31-Dec-2008 11:00 bluetooth
   1136  100644 (1)      0      0    4476 31-Dec-2008 11:00 cdma_call_conf.xml
   1137  100644 (1)      0      0    1045 31-Dec-2008 11:00 clatd.conf
   1138   40755 (2)      0      0    4096 31-Dec-2008 11:00 cne
   1141  100644 (1)      0      0   354089 31-Dec-2008 11:00 compiled-classes
   1142   40755 (2)      0      0    4096 31-Dec-2008 11:00 ctlbin
   1146  100644 (1)      0      0    6062 31-Dec-2008 11:00 dirty-image-objects
   1147   40755 (2)      0      0    4096 31-Dec-2008 11:00 dpm
   1151  100644 (1)      0      0    1362 31-Dec-2008 11:00 ethertypes
   1152  100644 (1)      0      0   21029 31-Dec-2008 11:00 event-log-tags
   1153  100644 (1)      0      0   16050 31-Dec-2008 11:00 fonts.xml
   1154  100444 (1)      0      0     120 31-Dec-2008 11:00 fs_config_dirs
   1155  100444 (1)      0      0    1128 31-Dec-2008 11:00 fs_config_files
   1156  100644 (1)      0      0     159 31-Dec-2008 11:00 group
   1157   40755 (2)      0      0    4096 31-Dec-2008 11:00 hostapd
   1161  100644 (1)      0      0      56 31-Dec-2008 11:00 hosts
   1162   40755 (2)      0      0    4096 31-Dec-2008 11:00 init
   1204  100644 (1)      0      0    7470 31-Dec-2008 11:00 ld.config.txt
   1205  100644 (1)      0      0    2727 31-Dec-2008 11:00 media_profiles_V1_0.dtd
   1206  100644 (1)      0      0    1184 31-Dec-2008 11:00 mke2fs.conf
   1207  100644 (1)      0      0     495 31-Dec-2008 11:00 mkshrc
   1208   40755 (2)      0      0    4096 31-Dec-2008 11:00 mmi
   1277  100644 (1)      0      0    4197 31-Dec-2008 11:00 nqnfcee_access.xml
   1278  100644 (1)      0      0    4197 31-Dec-2008 11:00 nqnfcse_access.xml
   1279   40755 (2)      0      0    4096 31-Dec-2008 11:00 oomadjlist
   1281  100644 (1)      0      0     247 31-Dec-2008 11:00 passwd
   1282   40755 (2)      0      0    4096 31-Dec-2008 11:00 pcit
   1290   40755 (2)      0      0    4096 31-Dec-2008 11:00 perf
   1292   40755 (2)      0      0    4096 31-Dec-2008 11:00 permissions
   1334   40755 (2)      0      0    4096 31-Dec-2008 11:00 ppp
   1336  100644 (1)      0      0   181628 31-Dec-2008 11:00 preloaded-classes
   1337  100600 (1)      0      0     385 31-Dec-2008 11:00 prop.default
   1338  100644 (1)      0      0     823 31-Dec-2008 11:00 public.libraries.txt
   1339   40755 (2)      0      0    4096 31-Dec-2008 11:00 pvr
   1409   40755 (2)      0      0    4096 31-Dec-2008 11:00 pvrprovision
   1421   40755 (2)      0      0    4096 31-Dec-2008 11:00 pvrsetting
   1423   40755 (2)      0      0    4096 31-Dec-2008 11:00 pxrconfig
   1435  100644 (1)      0      0   1909920 31-Dec-2008 11:00 recovery-resource.dat
   1436   40755 (2)      0      0    4096 31-Dec-2008 11:00 scve
   1439   40755 (2)      0      0    4096 31-Dec-2008 11:00 seccomp_policy
   1442   40755 (2)      0      0    4096 31-Dec-2008 11:00 security
   1580  100644 (1)      0      0   32112 31-Dec-2008 11:00 security_protocol.html
   1581   40755 (2)      0      0    4096 31-Dec-2008 11:00 selinux
   1593   40755 (2)      0      0    4096 31-Dec-2008 11:00 sensors
   1673  100644 (1)      0      0       0 31-Dec-2008 11:00 sepolicy_tests
   1674  100644 (1)      0      0    1286 31-Dec-2008 11:00 spn-conf.xml
   1675   40755 (2)      0      0    4096 31-Dec-2008 11:00 sysconfig
   1678  100644 (1)      0      0       0 31-Dec-2008 11:00 treble_sepolicy_tests
   1679  100644 (1)      0      0    1629 31-Dec-2008 11:00 vold.fstab
   1680  100644 (1)      0      0   24624 31-Dec-2008 11:00 wfdconfig.xml
   1681  100644 (1)      0      0   27689 31-Dec-2008 11:00 wfdconfigsink.xml
   1682   40755 (2)      0      0    4096 31-Dec-2008 11:00 whitelist
   1684  100644 (1)      0      0     679 31-Dec-2008 11:00 wigig_logcollector.ini
   1685  100644 (1)      0      0       0 31-Dec-2008 11:00 xtables.lock


===== /etc/init =====
   1162   40755 (2)      0      0    4096 31-Dec-2008 11:00 .
   1121   40755 (2)      0      0    4096 31-Dec-2008 11:00 ..
   1163  100644 (1)      0      0      86 31-Dec-2008 11:00 airservice.rc
   1164  100644 (1)      0      0     117 31-Dec-2008 11:00 android.hidl.allocator@1.0-service.rc
   1165  100644 (1)      0      0    9731 31-Dec-2008 11:00 atrace.rc
   1166  100644 (1)      0      0     481 31-Dec-2008 11:00 audioserver.rc
   1167  100644 (1)      0      0     170 31-Dec-2008 11:00 bootanim.rc
   1168  100644 (1)      0      0    3981 31-Dec-2008 11:00 bootstat.rc
   1169  100644 (1)      0      0     205 31-Dec-2008 11:00 cameraserver.rc
   1170  100644 (1)      0      0     225 31-Dec-2008 11:00 dpmd.rc
   1171  100644 (1)      0      0     146 31-Dec-2008 11:00 drmserver.rc
   1172  100644 (1)      0      0     624 31-Dec-2008 11:00 dumpstate.rc
   1173  100644 (1)      0      0      93 31-Dec-2008 11:00 fanservice.rc
   1174  100644 (1)      0      0     152 31-Dec-2008 11:00 gatekeeperd.rc
   1175  100644 (1)      0      0     334 31-Dec-2008 11:00 hwservicemanager.rc
   1176  100644 (1)      0      0     120 31-Dec-2008 11:00 init.qti.fm.rc
   1177  100644 (1)      0      0    4674 31-Dec-2008 11:00 installd.rc
   1178  100644 (1)      0      0     168 31-Dec-2008 11:00 keystore.rc
   1179  100644 (1)      0      0     176 31-Dec-2008 11:00 lmkd.rc
   1180  100644 (1)      0      0     631 31-Dec-2008 11:00 logd.rc
   1181  100644 (1)      0      0     142 31-Dec-2008 11:00 mdnsd.rc
   1182  100644 (1)      0      0     158 31-Dec-2008 11:00 mediadrmserver.rc
   1183  100644 (1)      0      0     166 31-Dec-2008 11:00 mediaextractor.rc
   1184  100644 (1)      0      0     178 31-Dec-2008 11:00 mediametrics.rc
   1185  100644 (1)      0      0     230 31-Dec-2008 11:00 mediaserver.rc
   1186  100644 (1)      0      0     178 31-Dec-2008 11:00 mtpd.rc
   1187  100644 (1)      0      0     209 31-Dec-2008 11:00 netd.rc
   1188  100644 (1)      0      0     299 31-Dec-2008 11:00 pvrservice.rc
   1189  100644 (1)      0      0     230 31-Dec-2008 11:00 racoon.rc
   1190  100644 (1)      0      0     520 31-Dec-2008 11:00 servicemanager.rc
   1191  100644 (1)      0      0     191 31-Dec-2008 11:00 storaged.rc
   1192  100644 (1)      0      0     557 31-Dec-2008 11:00 surfaceflinger.rc
   1193  100644 (1)      0      0      66 31-Dec-2008 11:00 thermalservice.rc
   1194  100644 (1)      0      0     399 31-Dec-2008 11:00 tombstoned.rc
   1195  100644 (1)      0      0     390 31-Dec-2008 11:00 uncrypt.rc
   1196  100644 (1)      0      0     546 31-Dec-2008 11:00 vdc.rc
   1197  100644 (1)      0      0     191 31-Dec-2008 11:00 virtual_input.rc
   1198  100644 (1)      0      0     378 31-Dec-2008 11:00 vold.rc
   1199  100644 (1)      0      0     805 31-Dec-2008 11:00 webview_zygote32.rc
   1200  100644 (1)      0      0     805 31-Dec-2008 11:00 webview_zygote64.rc
   1201  100644 (1)      0      0     378 31-Dec-2008 11:00 wfdservice.rc
   1202  100644 (1)      0      0    3577 31-Dec-2008 11:00 wifi-events.rc
   1203  100644 (1)      0      0     100 31-Dec-2008 11:00 wificond.rc


===== /etc/permissions =====
   1292   40755 (2)      0      0    4096 31-Dec-2008 11:00 .
   1121   40755 (2)      0      0    4096 31-Dec-2008 11:00 ..
   1293  100644 (1)      0      0     338 31-Dec-2008 11:00 LteDirectDiscovery.xml
   1294  100644 (1)      0      0     348 31-Dec-2008 11:00 RemoteSimlock.xml
   1295  100644 (1)      0      0     364 31-Dec-2008 11:00 RemoteSimlockManager.xml
   1296  100644 (1)      0      0     326 31-Dec-2008 11:00 UimService.xml
   1297  100644 (1)      0      0     748 31-Dec-2008 11:00 android.software.webview.xml
   1298  100644 (1)      0      0    1675 31-Dec-2008 11:00 android.wipower.xml
   1299  100644 (1)      0      0     343 31-Dec-2008 11:00 audiosphere.xml
   1300  100644 (1)      0      0     504 31-Dec-2008 11:00 btmultisim.xml
   1301  100644 (1)      0      0     298 31-Dec-2008 11:00 cneapiclient.xml
   1302  100644 (1)      0      0     828 31-Dec-2008 11:00 com.android.location.provider.xml
   1303  100644 (1)      0      0     828 31-Dec-2008 11:00 com.android.media.remotedisplay.xml
   1304  100644 (1)      0      0     820 31-Dec-2008 11:00 com.android.mediadrm.signer.xml
   1305  100644 (1)      0      0     808 31-Dec-2008 11:00 com.gsma.services.nfc.xml
   1306  100644 (1)      0      0     278 31-Dec-2008 11:00 com.nxp.nfc.nq.xml
   1307  100644 (1)      0      0     421 31-Dec-2008 11:00 com.qti.dpmframework.xml
   1308  100644 (1)      0      0     578 31-Dec-2008 11:00 com.qti.location.sdk.xml
   1309  100644 (1)      0      0     541 31-Dec-2008 11:00 com.qti.snapdragon.sdk.display.xml
   1310  100644 (1)      0      0     673 31-Dec-2008 11:00 com.qualcomm.location.xml
   1311  100644 (1)      0      0     358 31-Dec-2008 11:00 com.qualcomm.qti.imscmservice.xml
   1312  100644 (1)      0      0     407 31-Dec-2008 11:00 com.qualcomm.qti.libesewrapper.xml
   1313  100644 (1)      0      0     249 31-Dec-2008 11:00 com.quicinc.cne.xml
   1314  100644 (1)      0      0     284 31-Dec-2008 11:00 com.quicinc.wbc.xml
   1315  100644 (1)      0      0     306 31-Dec-2008 11:00 com.quicinc.wbcservice.xml
   1316  100644 (1)      0      0     277 31-Dec-2008 11:00 dpmapi.xml
   1317  100644 (1)      0      0     165 31-Dec-2008 11:00 embms.xml
   1318  100644 (1)      0      0    4798 31-Dec-2008 11:00 handheld_core_hardware.xml
   1319  100644 (1)      0      0     295 31-Dec-2008 11:00 izat.xt.srv.xml
   1320  100644 (1)      0      0     318 31-Dec-2008 11:00 lpa.xml
   1321  100644 (1)      0      0     824 31-Dec-2008 11:00 org.simalliance.openmobileapi.xml
   1322  100644 (1)      0      0    8916 31-Dec-2008 11:00 platform.xml
   1323  100644 (1)      0      0     920 31-Dec-2008 11:00 privapp-permissions-com.qualcomm.location.xml
   1324  100644 (1)      0      0   22790 31-Dec-2008 11:00 privapp-permissions-platform.xml
   1325  100644 (1)      0      0    1562 31-Dec-2008 11:00 privapp-permissions-qti.xml
   1326  100644 (1)      0      0     367 31-Dec-2008 11:00 qcom_logkit.xml
   1327  100644 (1)      0      0     159 31-Dec-2008 11:00 qcrilhook.xml
   1328  100644 (1)      0      0     332 31-Dec-2008 11:00 qti-vzw-ims-internal.xml
   1329  100644 (1)      0      0     341 31-Dec-2008 11:00 qti_libpermissions.xml
   1330  100644 (1)      0      0     400 31-Dec-2008 11:00 qti_permissions.xml
   1331  100644 (1)      0      0     360 31-Dec-2008 11:00 rcs_service_aidl.xml
   1332  100644 (1)      0      0     358 31-Dec-2008 11:00 rcs_service_api.xml
   1333  100644 (1)      0      0     326 31-Dec-2008 11:00 telephonyservice.xml


===== /priv-app =====
   3768   40755 (2)      0      0    4096 31-Dec-2008 11:00 .
      2   40755 (2)      0      0    4096 31-Dec-1969 19:00 ..
   3769   40755 (2)      0      0    4096 31-Dec-2008 11:00 BackupRestoreConfirmation
   3775   40755 (2)      0      0    4096 31-Dec-2008 11:00 BitVideo
   3800   40755 (2)      0      0    4096 31-Dec-2008 11:00 BlockedNumberProvider
   3806   40755 (2)      0      0    4096 31-Dec-2008 11:00 CNEService
   3812   40755 (2)      0      0    4096 31-Dec-2008 11:00 CVService
   3830   40755 (2)      0      0    4096 31-Dec-2008 11:00 CellBroadcastReceiver
   3836   40755 (2)      0      0    4096 31-Dec-2008 11:00 ControllerUpgrade
   3842   40755 (2)      0      0    4096 31-Dec-2008 11:00 CtsShimPrivPrebuilt
   3844   40755 (2)      0      0    4096 31-Dec-2008 11:00 DefaultContainerService
   3853   40755 (2)      0      0    4096 31-Dec-2008 11:00 DocumentsUI
   3859   40755 (2)      0      0    4096 31-Dec-2008 11:00 DownloadProvider
   3865   40755 (2)      0      0    4096 31-Dec-2008 11:00 EmergencyInfo
   3871   40755 (2)      0      0    4096 31-Dec-2008 11:00 ExtServices
   3877   40755 (2)      0      0    4096 31-Dec-2008 11:00 ExternalStorageProvider
   3883   40755 (2)      0      0    4096 31-Dec-2008 11:00 FileManager
   3888   40755 (2)      0      0    4096 31-Dec-2008 11:00 HbService
   3899   40755 (2)      0      0    4096 31-Dec-2008 11:00 InitServer
   3908   40755 (2)      0      0    4096 31-Dec-2008 11:00 InnerWeb
   3917   40755 (2)      0      0    4096 31-Dec-2008 11:00 InputDevices
   3923   40755 (2)      0      0    4096 31-Dec-2008 11:00 LeboCast
   3939   40755 (2)      0      0    4096 31-Dec-2008 11:00 LeboCastSend
   3949   40755 (2)      0      0    4096 31-Dec-2008 11:00 ManagedProvisioning
   3955   40755 (2)      0      0    4096 31-Dec-2008 11:00 MediaProvider
   3961   40755 (2)      0      0    4096 31-Dec-2008 11:00 MtpDocumentsProvider
   3967   40755 (2)      0      0    4096 31-Dec-2008 11:00 MusicFX
   3973   40755 (2)      0      0    4096 31-Dec-2008 11:00 NestServer
   3979   40755 (2)      0      0    4096 31-Dec-2008 11:00 OneTimeInitializer
   3985   40755 (2)      0      0    4096 31-Dec-2008 11:00 PVRVerify
   3994   40755 (2)      0      0    4096 31-Dec-2008 11:00 PackageInstaller
   4000   40755 (2)      0      0    4096 31-Dec-2008 11:00 PicoLogKit
   4009   40755 (2)      0      0    4096 31-Dec-2008 11:00 PicoLogcatchSettings
   4015   40755 (2)      0      0    4096 31-Dec-2008 11:00 PicoSettingsProvider
   4021   40755 (2)      0      0    4096 31-Dec-2008 11:00 Provision
   4027   40755 (2)      0      0    4096 31-Dec-2008 11:00 ProxyHandler
   4033   40755 (2)      0      0    4096 31-Dec-2008 11:00 PvrDevelopmentSettings
   4039   40755 (2)      0      0    4096 31-Dec-2008 11:00 Settings
   4045   40755 (2)      0      0    4096 31-Dec-2008 11:00 SettingsProvider
   4051   40755 (2)      0      0    4096 31-Dec-2008 11:00 SharedStorageBackup
   4057   40755 (2)      0      0    4096 31-Dec-2008 11:00 Shell
   4063   40755 (2)      0      0    4096 31-Dec-2008 11:00 ShortcutMenu
   4069   40755 (2)      0      0    4096 31-Dec-2008 11:00 StatementService
   4075   40755 (2)      0      0    4096 31-Dec-2008 11:00 StorageManager
   4081   40755 (2)      0      0    4096 31-Dec-2008 11:00 StreamingAssistant
   4096   40755 (2)      0      0    4096 31-Dec-2008 11:00 SystemUI
   4102   40755 (2)      0      0    4096 31-Dec-2008 11:00 SystemUpdate2
   4108   40755 (2)      0      0    4096 31-Dec-2008 11:00 Tag
   4114   40755 (2)      0      0    4096 31-Dec-2008 11:00 TeleService
   4120   40755 (2)      0      0    4096 31-Dec-2008 11:00 Telecom
   4126   40755 (2)      0      0    4096 31-Dec-2008 11:00 TelephonyProvider
   4132   40755 (2)      0      0    4096 31-Dec-2008 11:00 VRShell2
   4147   40755 (2)      0      0    4096 31-Dec-2008 11:00 VRUserCenter2
   4156   40755 (2)      0      0    4096 31-Dec-2008 11:00 VRWing2
   4181   40755 (2)      0      0    4096 31-Dec-2008 11:00 VersionManager
   4187   40755 (2)      0      0    4096 31-Dec-2008 11:00 VpnDialogs
   4193   40755 (2)      0      0    4096 31-Dec-2008 11:00 WallpaperCropper
   4199   40755 (2)      0      0    4096 31-Dec-2008 11:00 a4wpservice
   4208   40755 (2)      0      0    4096 31-Dec-2008 11:00 assistantHmd
   4215   40755 (2)      0      0    4096 31-Dec-2008 11:00 configserverservice
   4221   40755 (2)      0      0    4096 31-Dec-2008 11:00 dpmserviceapp
   4227   40755 (2)      0      0    4096 31-Dec-2008 11:00 pvr_adapter
   4233   40755 (2)      0      0    4096 31-Dec-2008 11:00 pvrdisplay
   4239   40755 (2)      0      0    4096 31-Dec-2008 11:00 qcrilmsgtunnel
   4245   40755 (2)      0      0    4096 31-Dec-2008 11:00 seccamservice
   4251   40755 (2)      0      0    4096 31-Dec-2008 11:00 seethroughsetting
   4262   40755 (2)      0      0    4096 31-Dec-2008 11:00 settings
   4268   40755 (2)      0      0    4096 31-Dec-2008 11:00 tobSettings
   4274   40755 (2)      0      0    4096 31-Dec-2008 11:00 wipowerservice
   4283   40755 (2)      0      0    4096 31-Dec-2008 11:00 xtra_t_app


===== /app =====
     18   40755 (2)      0      0    4096 31-Dec-2008 11:00 .
      2   40755 (2)      0      0    4096 31-Dec-1969 19:00 ..
     19   40755 (2)      0      0    4096 31-Dec-2008 11:00 AntHalService
     25   40755 (2)      0      0    4096 31-Dec-2008 11:00 AutoRegistration
     31   40755 (2)      0      0    4096 31-Dec-2008 11:00 Bluetooth
     40   40755 (2)      0      0    4096 31-Dec-2008 11:00 BluetoothExt
     46   40755 (2)      0      0    4096 31-Dec-2008 11:00 BluetoothMidiService
     52   40755 (2)      0      0    4096 31-Dec-2008 11:00 BookmarkProvider
     58   40755 (2)      0      0    4096 31-Dec-2008 11:00 BuiltInPrintService
     68   40755 (2)      0      0    4096 31-Dec-2008 11:00 CallEnhancement
     74   40755 (2)      0      0    4096 31-Dec-2008 11:00 CallFeaturesSetting
     80   40755 (2)      0      0    4096 31-Dec-2008 11:00 CaptivePortalLogin
     86   40755 (2)      0      0    4096 31-Dec-2008 11:00 CarrierDefaultApp
     92   40755 (2)      0      0    4096 31-Dec-2008 11:00 CertInstaller
     98   40755 (2)      0      0    4096 31-Dec-2008 11:00 CompanionDeviceManager
    104   40755 (2)      0      0    4096 31-Dec-2008 11:00 ConfURIDialer
    110   40755 (2)      0      0    4096 31-Dec-2008 11:00 ConferenceDialer
    116   40755 (2)      0      0    4096 31-Dec-2008 11:00 CtsShimPrebuilt
    118   40755 (2)      0      0    4096 31-Dec-2008 11:00 DeviceInfo
    124   40755 (2)      0      0    4096 31-Dec-2008 11:00 EasterEgg
    130   40755 (2)      0      0    4096 31-Dec-2008 11:00 ExtShared
    136   40755 (2)      0      0    4096 31-Dec-2008 11:00 FirefoxReality
    167   40755 (2)      0      0    4096 31-Dec-2008 11:00 GooglePinyin
    183   40755 (2)      0      0    4096 31-Dec-2008 11:00 GooglePinyin_JP
    192   40755 (2)      0      0    4096 31-Dec-2008 11:00 Googleime
    203   40755 (2)      0      0    4096 31-Dec-2008 11:00 HTMLViewer
    209   40755 (2)      0      0    4096 31-Dec-2008 11:00 KeyChain
    215   40755 (2)      0      0    4096 31-Dec-2008 11:00 LatinIME
    224   40755 (2)      0      0    4096 31-Dec-2008 11:00 NetworkSetting
    230   40755 (2)      0      0    4096 31-Dec-2008 11:00 OpenWnn
    241   40755 (2)      0      0    4096 31-Dec-2008 11:00 PacProcessor
    250   40755 (2)      0      0    4096 31-Dec-2008 11:00 PicoFactoryTest3
    267   40755 (2)      0      0    4096 31-Dec-2008 11:00 PicoToSvrService
    278   40755 (2)      0      0    4096 31-Dec-2008 11:00 PicoVRAlipay
    295   40755 (2)      0      0    4096 31-Dec-2008 11:00 PrintRecommendationService
    301   40755 (2)      0      0    4096 31-Dec-2008 11:00 PxrNotification
    307   40755 (2)      0      0    4096 31-Dec-2008 11:00 QtiSystemService
    313   40755 (2)      0      0    4096 31-Dec-2008 11:00 QtiTelephonyService
    319   40755 (2)      0      0    4096 31-Dec-2008 11:00 RussianKeyboard
    325   40755 (2)      0      0    4096 31-Dec-2008 11:00 SeempService
    331   40755 (2)      0      0    4096 31-Dec-2008 11:00 SimContacts
    337   40755 (2)      0      0    4096 31-Dec-2008 11:00 SimSettings
    343   40755 (2)      0      0    4096 31-Dec-2008 11:00 Sougou_inputmethod
    357   40755 (2)      0      0    4096 31-Dec-2008 11:00 Stk
    363   40755 (2)      0      0    4096 31-Dec-2008 11:00 SuperCamera
    369   40755 (2)      0      0    4096 31-Dec-2008 11:00 TobiiCalibration
    381   40755 (2)      0      0    4096 31-Dec-2008 11:00 UserDictionaryProvider
    387   40755 (2)      0      0    4096 31-Dec-2008 11:00 WallpaperBackup
    393   40755 (2)      0      0    4096 31-Dec-2008 11:00 WebVR
    589   40755 (2)      0      0    4096 31-Dec-2008 11:00 WfdService
    595   40755 (2)      0      0    4096 31-Dec-2008 11:00 access-qcom-logkit
    601   40755 (2)      0      0    4096 31-Dec-2008 11:00 atfwd
    607   40755 (2)      0      0    4096 31-Dec-2008 11:00 btmultisim
    613   40755 (2)      0      0    4096 31-Dec-2008 11:00 com.qualcomm.qti.services.secureui
    619   40755 (2)      0      0    4096 31-Dec-2008 11:00 com.quicinc.wbcserviceapp
    625   40755 (2)      0      0    4096 31-Dec-2008 11:00 datastatusnotification
    631   40755 (2)      0      0    4096 31-Dec-2008 11:00 embms
    637   40755 (2)      0      0    4096 31-Dec-2008 11:00 iQIYIVR
    694   40755 (2)      0      0    4096 31-Dec-2008 11:00 imssettings
    700   40755 (2)      0      0    4096 31-Dec-2008 11:00 ohshape
    724   40755 (2)      0      0    4096 31-Dec-2008 11:00 remoteSimLockAuthentication
    726   40755 (2)      0      0    4096 31-Dec-2008 11:00 remotesimlockservice
    732   40755 (2)      0      0    4096 31-Dec-2008 11:00 smcinvokepkgmgr
    738   40755 (2)      0      0    4096 31-Dec-2008 11:00 uceShimService
    744   40755 (2)      0      0    4096 31-Dec-2008 11:00 uimlpaservice
    750   40755 (2)      0      0    4096 31-Dec-2008 11:00 webview


===== /framework =====
   1873   40755 (2)      0      0    4096 31-Dec-2008 11:00 .
      2   40755 (2)      0      0    4096 31-Dec-1969 19:00 ..
   1874  100644 (1)      0      0     304 31-Dec-2008 11:00 QPerformance.jar
   1875  100644 (1)      0      0     304 31-Dec-2008 11:00 QtiTelephonyServicelibrary.jar
   1876  100644 (1)      0      0     304 31-Dec-2008 11:00 WfdCommon.jar
   1877  100644 (1)      0      0     304 31-Dec-2008 11:00 am.jar
   1878  100644 (1)      0      0     304 31-Dec-2008 11:00 android.hardware.light-V2.0-java.jar
   1879  100644 (1)      0      0     304 31-Dec-2008 11:00 android.hidl.base-V1.0-java.jar
   1880  100644 (1)      0      0     304 31-Dec-2008 11:00 android.hidl.manager-V1.0-java.jar
   1881  100644 (1)      0      0     304 31-Dec-2008 11:00 android.test.mock.jar
   1882  100644 (1)      0      0     304 31-Dec-2008 11:00 android.test.runner.jar
   1883  100644 (1)      0      0     304 31-Dec-2008 11:00 android.wipower.jar
   1884  100644 (1)      0      0   17632 31-Dec-2008 11:00 apache-xml.jar
   1885  100644 (1)      0      0     304 31-Dec-2008 11:00 appwidget.jar
   1886   40755 (2)      0      0    4096 31-Dec-2008 11:00 arm
   1950   40755 (2)      0      0    4096 31-Dec-2008 11:00 arm64
   2014  100644 (1)      0      0    2571 31-Dec-2008 11:00 audiosphere.jar
   2015  100644 (1)      0      0     304 31-Dec-2008 11:00 bmgr.jar
   2016  100644 (1)      0      0     304 31-Dec-2008 11:00 bouncycastle.jar
   2017  100644 (1)      0      0     304 31-Dec-2008 11:00 btmultisimlibrary.jar
   2018  100644 (1)      0      0     304 31-Dec-2008 11:00 bu.jar
   2019  100644 (1)      0      0    5740 31-Dec-2008 11:00 cneapiclient.jar
   2020  100644 (1)      0      0     304 31-Dec-2008 11:00 com.android.future.usb.accessory.jar
   2021  100644 (1)      0      0     304 31-Dec-2008 11:00 com.android.location.provider.jar
   2022  100644 (1)      0      0     304 31-Dec-2008 11:00 com.android.media.remotedisplay.jar
   2023  100644 (1)      0      0     304 31-Dec-2008 11:00 com.android.mediadrm.signer.jar
   2024  100644 (1)      0      0     304 31-Dec-2008 11:00 com.android.nfc_extras.jar
   2025  100644 (1)      0      0     304 31-Dec-2008 11:00 com.gsma.services.nfc.jar
   2026  100644 (1)      0      0     304 31-Dec-2008 11:00 com.nxp.nfc.nq.jar
   2027  100644 (1)      0      0   45740 31-Dec-2008 11:00 com.qti.dpmframework.jar
   2028  100644 (1)      0      0     304 31-Dec-2008 11:00 com.qti.location.sdk.jar
   2029  100644 (1)      0      0     304 31-Dec-2008 11:00 com.qti.snapdragon.sdk.display.jar
   2030  100644 (1)      0      0     304 31-Dec-2008 11:00 com.qualcomm.qti.imscmservice@1.0-java.jar
   2031  100644 (1)      0      0     304 31-Dec-2008 11:00 com.qualcomm.qti.libesewrapper.jar
   2032  100644 (1)      0      0   15687 31-Dec-2008 11:00 com.quicinc.cne.api-V1.0-java.jar
   2033  100644 (1)      0      0   127740 31-Dec-2008 11:00 com.quicinc.cne.jar
   2034  100644 (1)      0      0     304 31-Dec-2008 11:00 com.quicinc.wbc.jar
   2035  100644 (1)      0      0     304 31-Dec-2008 11:00 com.quicinc.wbcservice.jar
   2036  100644 (1)      0      0     304 31-Dec-2008 11:00 conscrypt.jar
   2037  100644 (1)      0      0     304 31-Dec-2008 11:00 content.jar
   2038  100644 (1)      0      0   18444 31-Dec-2008 11:00 core-libart.jar
   2039  100644 (1)      0      0   125821 31-Dec-2008 11:00 core-oj.jar
   2040  100644 (1)      0      0     304 31-Dec-2008 11:00 dpm.jar
   2041  100644 (1)      0      0    9742 31-Dec-2008 11:00 dpmapi.jar
   2042  100644 (1)      0      0    6696 31-Dec-2008 11:00 embmslibrary.jar
   2043  100644 (1)      0      0     304 31-Dec-2008 11:00 ethernet-service.jar
   2044  100644 (1)      0      0   1778178 31-Dec-2008 11:00 ext.jar
   2045  100644 (1)      0      0   19269339 31-Dec-2008 11:00 framework-res.apk
   2046  100644 (1)      0      0     304 31-Dec-2008 11:00 framework.jar
   2047  100644 (1)      0      0     304 31-Dec-2008 11:00 ime.jar
   2048  100644 (1)      0      0     304 31-Dec-2008 11:00 ims-common.jar
   2049  100644 (1)      0      0     304 31-Dec-2008 11:00 input.jar
   2050  100644 (1)      0      0    6137 31-Dec-2008 11:00 izat.xt.srv.jar
   2051  100644 (1)      0      0     304 31-Dec-2008 11:00 javax.obex.jar
   2052  100644 (1)      0      0     304 31-Dec-2008 11:00 legacy-test.jar
   2053  100644 (1)      0      0     304 31-Dec-2008 11:00 locksettings.jar
   2054  100644 (1)      0      0     304 31-Dec-2008 11:00 media_cmd.jar
   2055  100644 (1)      0      0     304 31-Dec-2008 11:00 monkey.jar
   2056   40755 (2)      0      0    4096 31-Dec-2008 11:00 oat
   2259  100644 (1)      0      0    1172 31-Dec-2008 11:00 oem-services.jar
   2260  100644 (1)      0      0     304 31-Dec-2008 11:00 okhttp.jar
   2261  100644 (1)      0      0     304 31-Dec-2008 11:00 org.apache.http.legacy.boot.jar
   2262  100644 (1)      0      0     304 31-Dec-2008 11:00 org.simalliance.openmobileapi.jar
   2263  100644 (1)      0      0     304 31-Dec-2008 11:00 pm.jar
   2264  100644 (1)      0      0   39557 31-Dec-2008 11:00 pxr_sdk_api.jar
   2265  100644 (1)      0      0     304 31-Dec-2008 11:00 qcom.fmradio.jar
   2266  100644 (1)      0      0     304 31-Dec-2008 11:00 qcrilhook.jar
   2267  100644 (1)      0      0    9745 31-Dec-2008 11:00 qmapbridge.jar
   2268  100644 (1)      0      0     304 31-Dec-2008 11:00 qti-telephony-common.jar
   2269  100644 (1)      0      0     304 31-Dec-2008 11:00 rcs_service_aidl.jar
   2270  100644 (1)      0      0     304 31-Dec-2008 11:00 rcs_service_api.jar
   2271  100644 (1)      0      0     304 31-Dec-2008 11:00 remotesimlockmanagerlibrary.jar
   2272  100644 (1)      0      0     304 31-Dec-2008 11:00 requestsync.jar
   2273  100644 (1)      0      0     304 31-Dec-2008 11:00 services.jar
   2274  100644 (1)      0      0    9266 31-Dec-2008 11:00 services.jar.prof
   2275  100644 (1)      0      0     304 31-Dec-2008 11:00 sm.jar
   2276  100644 (1)      0      0     304 31-Dec-2008 11:00 svc.jar
   2277  100644 (1)      0      0    4231 31-Dec-2008 11:00 tcmclient.jar
   2278  100644 (1)      0      0     304 31-Dec-2008 11:00 tcmiface.jar
   2279  100644 (1)      0      0     304 31-Dec-2008 11:00 telecom.jar
   2280  100644 (1)      0      0     304 31-Dec-2008 11:00 telephony-common.jar
   2281  100644 (1)      0      0     304 31-Dec-2008 11:00 telephony-ext.jar
   2282  100644 (1)      0      0     304 31-Dec-2008 11:00 uiautomator.jar
   2283  100644 (1)      0      0     304 31-Dec-2008 11:00 uimlpalibrary.jar
   2284  100644 (1)      0      0     304 31-Dec-2008 11:00 uimremotesimlocklibrary.jar
   2285  100644 (1)      0      0   16628 31-Dec-2008 11:00 uimservicelibrary.jar
   2286  100644 (1)      0      0     304 31-Dec-2008 11:00 vendor.qti.hardware.fingerprint-V1.0-java.jar
   2287  100644 (1)      0      0     304 31-Dec-2008 11:00 voip-common.jar
   2288  100644 (1)      0      0     304 31-Dec-2008 11:00 vr.jar
   2289  100644 (1)      0      0     304 31-Dec-2008 11:00 wifi-service.jar
   2290  100644 (1)      0      0    1799 31-Dec-2008 11:00 wifi-service.jar.prof
   2291  100644 (1)      0      0     304 31-Dec-2008 11:00 wigig-service.jar
   2292  100644 (1)      0      0     304 31-Dec-2008 11:00 wm.jar



############ 2. Pico / VR named entries ############
1751
--- matches ---
/app/FirefoxReality
/app/PicoFactoryTest3
/app/PicoToSvrService
/app/PicoVRAlipay
/app/PxrNotification
/app/TobiiCalibration
/app/WebVR
/app/iQIYIVR
/bin/pvr_compute
/bin/pvrservice
/bin/pxrconfigservicetest
/bin/pxrnotification_test
/bin/qvrcameratest
/bin/qvrcameratest64
/bin/qvrcameratseq
/bin/qvrcameratseq64
/bin/qvrservice
/bin/qvrservicetest
/bin/qvrservicetest64
/bin/vr
/etc/PvrPermissionGrantList.prop
/etc/init/pvrservice.rc
/etc/pvr
/etc/pvrprovision
/etc/pvrsetting
/etc/pxrconfig
/framework/pxr_sdk_api.jar
/framework/vr.jar
/lib/android.frameworks.vr.composer@1.0.so
/lib/android.hardware.memtrack@1.0.so
/lib/android.hardware.vr@1.0.so
/lib/lib2dToVr.so
/lib/lib6DofReset.so
/lib/libCVControllerClient.pxr.so
/lib/libPvr_UESDKExt2.so
/lib/libPvr_UnitySDK.so
/lib/libPvr_UnitySDKExt1.so
/lib/libPvr_UnitySDKExt10.so
/lib/libPvr_UnitySDKExt11.so
/lib/libPvr_UnitySDKExt5.so
/lib/libPvr_UnitySDKExt8.so
/lib/libPvr_UnitySDKExt9.so
/lib/libcompositor.pxr.so
/lib/libconfigurationclient.pxr.so
/lib/libeye_tracking_dsp_sample_stub.so
/lib/libjni_trackingfocus.so
/lib/libloader.pxr.so
/lib/libmemtrack.so
/lib/libpico_factorytest3.so
/lib/libpico_factorytest_jni.so
/lib/libpico_factorytest_sensor.so
/lib/libpico_gyrocalibration.so
/lib/libpico_imucalibration.so
/lib/libpico_node_connection.so
/lib/libplugin.pxr.so
/lib/libpvrmodule_orientationtracker.so
/lib/libpvrmodule_platform.so
/lib/libpvrservice.so
/lib/libpvrserviceclient.so
/lib/libpxr_6dof_optimization.so
/lib/libpxrnotification.pxr.so
/lib/libpxrserviceclient.so
/lib/libqvr_cam_cdsp_driver_stub.so
/lib/libqvr_cdsp_driver_stub.so
/lib/libqvr_eyetracking_plugin.so
/lib/libqvr_mapper_stub.so
/lib/libqvrcamera_client_system.so
/lib/libqvrservice.so
/lib/libruntime.pxr.so
/lib/libscveObjectTracker.so
/lib/libscveObjectTracker_stub.so
/lib/libspeexresampler.so
/lib/libtobii_eyecore_stub.so
/lib/libtobii_runtime.so
/lib/libvr_amb_engine.so
/lib/libvr_object_engine.so
/lib/libvr_sam_wrapper.so
/lib/libvraudio.so
/lib64/android.frameworks.vr.composer@1.0.so
/lib64/android.hardware.memtrack@1.0.so
/lib64/android.hardware.vr@1.0.so
/lib64/lib2dToVr.so
/lib64/lib6DofReset.so
/lib64/libCVControllerClient.pxr.so
/lib64/libPvr_UESDKExt2.so
/lib64/libPvr_UnitySDK.so
/lib64/libPvr_UnitySDKExt1.so
/lib64/libPvr_UnitySDKExt10.so
/lib64/libPvr_UnitySDKExt11.so
/lib64/libPvr_UnitySDKExt5.so
/lib64/libPvr_UnitySDKExt8.so
/lib64/libPvr_UnitySDKExt9.so
/lib64/libcompositor.pxr.so
/lib64/libconfigurationclient.pxr.so
/lib64/libjni_trackingfocus.so
/lib64/libloader.pxr.so
/lib64/libmemtrack.so
/lib64/libpicologkit.so
/lib64/libplugin.pxr.so
/lib64/libpvrmodule_orientationtracker.so
/lib64/libpvrmodule_platform.so
/lib64/libpvrservice.so
/lib64/libpvrserviceclient.so
/lib64/libpxr_6dof_optimization.so
/lib64/libpxrnotification.pxr.so
/lib64/libpxrserviceclient.so
/lib64/libqvrcamera_client_system.so
/lib64/libruntime.pxr.so
/lib64/libscveObjectTracker.so
/lib64/libscveObjectTracker_stub.so
/lib64/libspeexresampler.so
/lib64/libvr_amb_engine.so
/lib64/libvr_object_engine.so
/lib64/libvr_sam_wrapper.so
/lib64/libvraudio.so
/priv-app/PVRVerify
/priv-app/PicoLogKit
/priv-app/PicoLogcatchSettings
/priv-app/PicoSettingsProvider
/priv-app/PvrDevelopmentSettings
/priv-app/VRShell2
/priv-app/VRUserCenter2
/priv-app/VRWing2
/priv-app/assistantHmd
/priv-app/pvr_adapter
/priv-app/pvrdisplay

############ 3. extracting candidate binaries ############
pulled  /bin/pvr_compute  (11112 bytes)
pulled  /bin/pvrservice  (11088 bytes)
pulled  /bin/pxrconfigservicetest  (11408 bytes)
pulled  /bin/pxrnotification_test  (15552 bytes)
pulled  /bin/qvrcameratest  (72500 bytes)
pulled  /bin/qvrcameratest64  (82584 bytes)
pulled  /bin/qvrcameratseq  (51356 bytes)
pulled  /bin/qvrcameratseq64  (61984 bytes)
pulled  /bin/qvrservice  (16272 bytes)
pulled  /bin/qvrservicetest  (75384 bytes)
pulled  /bin/qvrservicetest64  (90136 bytes)
pulled  /bin/vr  (152 bytes)
pulled  /lib/android.frameworks.vr.composer@1.0.so  (136372 bytes)
pulled  /lib/android.hardware.memtrack@1.0.so  (101608 bytes)
pulled  /lib/android.hardware.vr@1.0.so  (84520 bytes)
pulled  /lib/lib2dToVr.so  (621512 bytes)
pulled  /lib/lib6DofReset.so  (17872 bytes)
pulled  /lib/libCVControllerClient.pxr.so  (98116 bytes)
pulled  /lib/libPvr_UESDKExt2.so  (9448252 bytes)
pulled  /lib/libPvr_UnitySDK.so  (596116 bytes)
pulled  /lib/libPvr_UnitySDKExt1.so  (608428 bytes)
pulled  /lib/libPvr_UnitySDKExt10.so  (1167280 bytes)
pulled  /lib/libPvr_UnitySDKExt11.so  (1255072 bytes)
pulled  /lib/libPvr_UnitySDKExt5.so  (8981204 bytes)
pulled  /lib/libPvr_UnitySDKExt8.so  (9098752 bytes)
pulled  /lib/libPvr_UnitySDKExt9.so  (1150796 bytes)
pulled  /lib/libcompositor.pxr.so  (1467220 bytes)
pulled  /lib/libconfigurationclient.pxr.so  (53488 bytes)
pulled  /lib/libeye_tracking_dsp_sample_stub.so  (16072 bytes)
pulled  /lib/libjni_trackingfocus.so  (20356 bytes)
pulled  /lib/libloader.pxr.so  (505568 bytes)
pulled  /lib/libmemtrack.so  (20572 bytes)
pulled  /lib/libpico_factorytest3.so  (19152 bytes)
pulled  /lib/libpico_factorytest_jni.so  (16060 bytes)
pulled  /lib/libpico_factorytest_sensor.so  (19288 bytes)
pulled  /lib/libpico_gyrocalibration.so  (15028 bytes)
pulled  /lib/libpico_imucalibration.so  (23344 bytes)
pulled  /lib/libpico_node_connection.so  (23404 bytes)
pulled  /lib/libplugin.pxr.so  (718580 bytes)
pulled  /lib/libpvrmodule_orientationtracker.so  (99860 bytes)
pulled  /lib/libpvrmodule_platform.so  (160524 bytes)
pulled  /lib/libpvrservice.so  (106528 bytes)
pulled  /lib/libpvrserviceclient.so  (109712 bytes)
pulled  /lib/libpxr_6dof_optimization.so  (2042104 bytes)
pulled  /lib/libpxrnotification.pxr.so  (58596 bytes)
pulled  /lib/libpxrserviceclient.so  (20344 bytes)
pulled  /lib/libqvr_cam_cdsp_driver_stub.so  (20248 bytes)
pulled  /lib/libqvr_cdsp_driver_stub.so  (24364 bytes)
pulled  /lib/libqvr_eyetracking_plugin.so  (45716 bytes)
pulled  /lib/libqvr_mapper_stub.so  (16076 bytes)
pulled  /lib/libqvrcamera_client_system.so  (121728 bytes)
pulled  /lib/libqvrservice.so  (556684 bytes)
pulled  /lib/libruntime.pxr.so  (716872 bytes)
pulled  /lib/libscveObjectTracker.so  (626840 bytes)
pulled  /lib/libscveObjectTracker_stub.so  (49336 bytes)
pulled  /lib/libspeexresampler.so  (34116 bytes)
pulled  /lib/libtobii_eyecore_stub.so  (16968 bytes)
pulled  /lib/libtobii_runtime.so  (5402632 bytes)
pulled  /lib/libvr_amb_engine.so  (1314988 bytes)
pulled  /lib/libvr_object_engine.so  (1298720 bytes)
pulled  /lib/libvr_sam_wrapper.so  (41060 bytes)
pulled  /lib/libvraudio.so  (189772 bytes)
pulled  /lib64/android.frameworks.vr.composer@1.0.so  (149504 bytes)
pulled  /lib64/android.hardware.memtrack@1.0.so  (107120 bytes)
pulled  /lib64/android.hardware.vr@1.0.so  (86256 bytes)
pulled  /lib64/lib2dToVr.so  (870064 bytes)
pulled  /lib64/lib6DofReset.so  (9928 bytes)
pulled  /lib64/libCVControllerClient.pxr.so  (150592 bytes)
pulled  /lib64/libPvr_UESDKExt2.so  (13755328 bytes)
pulled  /lib64/libPvr_UnitySDK.so  (8059145 bytes)
pulled  /lib64/libPvr_UnitySDKExt1.so  (8059145 bytes)
pulled  /lib64/libPvr_UnitySDKExt10.so  (1914632 bytes)
pulled  /lib64/libPvr_UnitySDKExt11.so  (2047864 bytes)
pulled  /lib64/libPvr_UnitySDKExt5.so  (13118792 bytes)
pulled  /lib64/libPvr_UnitySDKExt8.so  (13237880 bytes)
pulled  /lib64/libPvr_UnitySDKExt9.so  (1894024 bytes)
pulled  /lib64/libcompositor.pxr.so  (1828296 bytes)
pulled  /lib64/libconfigurationclient.pxr.so  (64408 bytes)
pulled  /lib64/libjni_trackingfocus.so  (11016 bytes)
pulled  /lib64/libloader.pxr.so  (1018088 bytes)
pulled  /lib64/libmemtrack.so  (15344 bytes)
pulled  /lib64/libpicologkit.so  (10904 bytes)
pulled  /lib64/libplugin.pxr.so  (1009912 bytes)
pulled  /lib64/libpvrmodule_orientationtracker.so  (173992 bytes)
pulled  /lib64/libpvrmodule_platform.so  (202000 bytes)
pulled  /lib64/libpvrservice.so  (138720 bytes)
pulled  /lib64/libpvrserviceclient.so  (135824 bytes)
pulled  /lib64/libpxr_6dof_optimization.so  (3620152 bytes)
pulled  /lib64/libpxrnotification.pxr.so  (65208 bytes)
pulled  /lib64/libpxrserviceclient.so  (15088 bytes)
pulled  /lib64/libqvrcamera_client_system.so  (144160 bytes)
pulled  /lib64/libruntime.pxr.so  (1238808 bytes)
pulled  /lib64/libscveObjectTracker.so  (945304 bytes)
pulled  /lib64/libscveObjectTracker_stub.so  (48224 bytes)
pulled  /lib64/libspeexresampler.so  (32888 bytes)
pulled  /lib64/libvr_amb_engine.so  (1307680 bytes)
pulled  /lib64/libvr_object_engine.so  (1299640 bytes)
pulled  /lib64/libvr_sam_wrapper.so  (43784 bytes)
pulled  /lib64/libvraudio.so  (254952 bytes)

############ 4. DECISIVE: dynamic linkage ############
================================================================
FILE: android.frameworks.vr.composer@1.0.so
TYPE: ELF 64-bit LSB shared object, ARM aarch64, version 1 (SYSV), dynamically linked, for Android 27, BuildID[md5/uuid]=161502d8086ba2489178a4f71bb8dfaa, stripped
--- NEEDED ---
0x0000000000000001 (NEEDED)             Shared library: [libhidlbase.so]
0x0000000000000001 (NEEDED)             Shared library: [libhidltransport.so]
0x0000000000000001 (NEEDED)             Shared library: [libhwbinder.so]
0x0000000000000001 (NEEDED)             Shared library: [liblog.so]
0x0000000000000001 (NEEDED)             Shared library: [libutils.so]
0x0000000000000001 (NEEDED)             Shared library: [libcutils.so]
0x0000000000000001 (NEEDED)             Shared library: [android.hardware.graphics.common@1.0.so]
0x0000000000000001 (NEEDED)             Shared library: [android.hardware.graphics.composer@2.1.so]
0x0000000000000001 (NEEDED)             Shared library: [libc++.so]
0x0000000000000001 (NEEDED)             Shared library: [libc.so]
0x0000000000000001 (NEEDED)             Shared library: [libm.so]
0x0000000000000001 (NEEDED)             Shared library: [libdl.so]
0x000000000000000e (SONAME)             Library soname: [android.frameworks.vr.composer@1.0.so]
--- risky imported symbols (system-private surfaces) ---
_ZN7android8hardware11BpHwRefBaseC2ERKNS_2spINS0_7IBinderEEE
_ZN7android8hardware7IBinder11localBinderEv
_ZN7android8hardware7IBinder12remoteBinderEv
_ZN7android8hardware7IBinderD0Ev
_ZN7android8hardware7IBinderD1Ev
_ZN7android8hardware9BHwBinder10onTransactEjRKNS0_6ParcelEPS2_jNSt3__18functionIFvRS2_EEE
_ZN7android8hardware9BHwBinder11linkToDeathERKNS_2spINS0_7IBinder14DeathRecipientEEEPvj
_ZN7android8hardware9BHwBinder11localBinderEv
_ZN7android8hardware9BHwBinder12attachObjectEPKvPvS4_PFvS3_S4_S4_E
_ZN7android8hardware9BHwBinder12detachObjectEPKv
_ZN7android8hardware9BHwBinder13unlinkToDeathERKNS_2wpINS0_7IBinder14DeathRecipientEEEPvjPS5_
_ZN7android8hardware9BHwBinder8transactEjRKNS0_6ParcelEPS2_jNSt3__18functionIFvRS2_EEE
_ZN7android8hardware9BHwBinderD0Ev
_ZN7android8hardware9BHwBinderD1Ev
_ZNK7android8hardware7IBinder13checkSubclassEPKv
_ZNK7android8hardware9BHwBinder10findObjectEPKv
_ZTv0_n24_N7android8hardware7IBinderD0Ev
_ZTv0_n24_N7android8hardware7IBinderD1Ev
_ZTv0_n24_N7android8hardware9BHwBinderD0Ev
_ZTv0_n24_N7android8hardware9BHwBinderD1Ev

================================================================
FILE: android.hardware.memtrack@1.0.so
TYPE: ELF 64-bit LSB shared object, ARM aarch64, version 1 (SYSV), dynamically linked, for Android 27, BuildID[md5/uuid]=908ea298080b45d7ddd52a698265abfd, stripped
--- NEEDED ---
0x0000000000000001 (NEEDED)             Shared library: [libhidlbase.so]
0x0000000000000001 (NEEDED)             Shared library: [libhidltransport.so]
0x0000000000000001 (NEEDED)             Shared library: [libhwbinder.so]
0x0000000000000001 (NEEDED)             Shared library: [liblog.so]
0x0000000000000001 (NEEDED)             Shared library: [libutils.so]
0x0000000000000001 (NEEDED)             Shared library: [libcutils.so]
0x0000000000000001 (NEEDED)             Shared library: [libc++.so]
0x0000000000000001 (NEEDED)             Shared library: [libc.so]
0x0000000000000001 (NEEDED)             Shared library: [libm.so]
0x0000000000000001 (NEEDED)             Shared library: [libdl.so]
0x000000000000000e (SONAME)             Library soname: [android.hardware.memtrack@1.0.so]
--- risky imported symbols (system-private surfaces) ---
_ZN7android8hardware11BpHwRefBaseC2ERKNS_2spINS0_7IBinderEEE
_ZN7android8hardware7IBinder11localBinderEv
_ZN7android8hardware7IBinder12remoteBinderEv
_ZN7android8hardware7IBinderD0Ev
_ZN7android8hardware7IBinderD1Ev
_ZN7android8hardware9BHwBinder10onTransactEjRKNS0_6ParcelEPS2_jNSt3__18functionIFvRS2_EEE
_ZN7android8hardware9BHwBinder11linkToDeathERKNS_2spINS0_7IBinder14DeathRecipientEEEPvj
_ZN7android8hardware9BHwBinder11localBinderEv
_ZN7android8hardware9BHwBinder12attachObjectEPKvPvS4_PFvS3_S4_S4_E
_ZN7android8hardware9BHwBinder12detachObjectEPKv
_ZN7android8hardware9BHwBinder13unlinkToDeathERKNS_2wpINS0_7IBinder14DeathRecipientEEEPvjPS5_
_ZN7android8hardware9BHwBinder8transactEjRKNS0_6ParcelEPS2_jNSt3__18functionIFvRS2_EEE
_ZN7android8hardware9BHwBinderD0Ev
_ZN7android8hardware9BHwBinderD1Ev
_ZNK7android8hardware7IBinder13checkSubclassEPKv
_ZNK7android8hardware9BHwBinder10findObjectEPKv
_ZTv0_n24_N7android8hardware7IBinderD0Ev
_ZTv0_n24_N7android8hardware7IBinderD1Ev
_ZTv0_n24_N7android8hardware9BHwBinderD0Ev
_ZTv0_n24_N7android8hardware9BHwBinderD1Ev

================================================================
FILE: android.hardware.vr@1.0.so
TYPE: ELF 64-bit LSB shared object, ARM aarch64, version 1 (SYSV), dynamically linked, for Android 27, BuildID[md5/uuid]=5a9270bdd3cc4457a10bffceb50b80fe, stripped
--- NEEDED ---
0x0000000000000001 (NEEDED)             Shared library: [libhidlbase.so]
0x0000000000000001 (NEEDED)             Shared library: [libhidltransport.so]
0x0000000000000001 (NEEDED)             Shared library: [libhwbinder.so]
0x0000000000000001 (NEEDED)             Shared library: [liblog.so]
0x0000000000000001 (NEEDED)             Shared library: [libutils.so]
0x0000000000000001 (NEEDED)             Shared library: [libcutils.so]
0x0000000000000001 (NEEDED)             Shared library: [libc++.so]
0x0000000000000001 (NEEDED)             Shared library: [libc.so]
0x0000000000000001 (NEEDED)             Shared library: [libm.so]
0x0000000000000001 (NEEDED)             Shared library: [libdl.so]
0x000000000000000e (SONAME)             Library soname: [android.hardware.vr@1.0.so]
--- risky imported symbols (system-private surfaces) ---
_ZN7android8hardware11BpHwRefBaseC2ERKNS_2spINS0_7IBinderEEE
_ZN7android8hardware7IBinder11localBinderEv
_ZN7android8hardware7IBinder12remoteBinderEv
_ZN7android8hardware7IBinderD0Ev
_ZN7android8hardware7IBinderD1Ev
_ZN7android8hardware9BHwBinder10onTransactEjRKNS0_6ParcelEPS2_jNSt3__18functionIFvRS2_EEE
_ZN7android8hardware9BHwBinder11linkToDeathERKNS_2spINS0_7IBinder14DeathRecipientEEEPvj
_ZN7android8hardware9BHwBinder11localBinderEv
_ZN7android8hardware9BHwBinder12attachObjectEPKvPvS4_PFvS3_S4_S4_E
_ZN7android8hardware9BHwBinder12detachObjectEPKv
_ZN7android8hardware9BHwBinder13unlinkToDeathERKNS_2wpINS0_7IBinder14DeathRecipientEEEPvjPS5_
_ZN7android8hardware9BHwBinder8transactEjRKNS0_6ParcelEPS2_jNSt3__18functionIFvRS2_EEE
_ZN7android8hardware9BHwBinderD0Ev
_ZN7android8hardware9BHwBinderD1Ev
_ZNK7android8hardware7IBinder13checkSubclassEPKv
_ZNK7android8hardware9BHwBinder10findObjectEPKv
_ZTv0_n24_N7android8hardware7IBinderD0Ev
_ZTv0_n24_N7android8hardware7IBinderD1Ev
_ZTv0_n24_N7android8hardware9BHwBinderD0Ev
_ZTv0_n24_N7android8hardware9BHwBinderD1Ev

================================================================
FILE: lib2dToVr.so
TYPE: ELF 64-bit LSB shared object, ARM aarch64, version 1 (SYSV), dynamically linked, for Android 27, BuildID[md5/uuid]=326f07550ed01b38d12189c79dc9cbdb, stripped
--- NEEDED ---
0x0000000000000001 (NEEDED)             Shared library: [libcutils.so]
0x0000000000000001 (NEEDED)             Shared library: [liblog.so]
0x0000000000000001 (NEEDED)             Shared library: [libgui.so]
0x0000000000000001 (NEEDED)             Shared library: [libutils.so]
0x0000000000000001 (NEEDED)             Shared library: [libEGL.so]
0x0000000000000001 (NEEDED)             Shared library: [libGLESv1_CM.so]
0x0000000000000001 (NEEDED)             Shared library: [libGLESv2.so]
0x0000000000000001 (NEEDED)             Shared library: [libbinder.so]
0x0000000000000001 (NEEDED)             Shared library: [libandroid.so]
0x0000000000000001 (NEEDED)             Shared library: [libbase.so]
0x0000000000000001 (NEEDED)             Shared library: [libsensor.so]
0x0000000000000001 (NEEDED)             Shared library: [libc++.so]
0x0000000000000001 (NEEDED)             Shared library: [libc.so]
0x0000000000000001 (NEEDED)             Shared library: [libm.so]
0x0000000000000001 (NEEDED)             Shared library: [libdl.so]
0x000000000000000e (SONAME)             Library soname: [lib2dToVr.so]
--- risky imported symbols (system-private surfaces) ---
_ZN7android6Parcel17writeStrongBinderERKNS_2spINS_7IBinderEEE
_ZNK7android6Parcel14checkInterfaceEPNS_7IBinderE
eglCreatePbufferSurface
eglDestroySurface
eglGetCurrentSurface
eglQuerySurface

================================================================
FILE: lib6DofReset.so
TYPE: ELF 64-bit LSB shared object, ARM aarch64, version 1 (SYSV), dynamically linked, BuildID[sha1]=6b3ef692f926e2807855fa503dc469b2b141a4cb, for Android 24, built by NDK r16b (4479499), stripped
--- NEEDED ---
0x0000000000000001 (NEEDED)             Shared library: [libGLESv3.so]
0x0000000000000001 (NEEDED)             Shared library: [libEGL.so]
0x0000000000000001 (NEEDED)             Shared library: [liblog.so]
0x0000000000000001 (NEEDED)             Shared library: [libandroid.so]
0x0000000000000001 (NEEDED)             Shared library: [libz.so]
0x0000000000000001 (NEEDED)             Shared library: [libstdc++.so]
0x0000000000000001 (NEEDED)             Shared library: [libm.so]
0x0000000000000001 (NEEDED)             Shared library: [libc.so]
0x0000000000000001 (NEEDED)             Shared library: [libdl.so]
0x000000000000000e (SONAME)             Library soname: [lib6DofReset.so]
--- risky imported symbols (system-private surfaces) ---

================================================================
FILE: libCVControllerClient.pxr.so
TYPE: ELF 64-bit LSB shared object, ARM aarch64, version 1 (SYSV), dynamically linked, for Android 29, BuildID[md5/uuid]=21614210043ea928b7819646fc34ced7, stripped
--- NEEDED ---
0x0000000000000001 (NEEDED)             Shared library: [libcutils.so]
0x0000000000000001 (NEEDED)             Shared library: [libbinder.so]
0x0000000000000001 (NEEDED)             Shared library: [libutils.so]
0x0000000000000001 (NEEDED)             Shared library: [liblog.so]
0x0000000000000001 (NEEDED)             Shared library: [libc++.so]
0x0000000000000001 (NEEDED)             Shared library: [libc.so]
0x0000000000000001 (NEEDED)             Shared library: [libm.so]
0x0000000000000001 (NEEDED)             Shared library: [libdl.so]
0x000000000000000e (SONAME)             Library soname: [libCVControllerClient.pxr.so]
--- risky imported symbols (system-private surfaces) ---
_ZN7android6Parcel17writeStrongBinderERKNS_2spINS_7IBinderEEE
_ZN7android7BBinder11linkToDeathERKNS_2spINS_7IBinder14DeathRecipientEEEPvj
_ZN7android7BBinder13unlinkToDeathERKNS_2wpINS_7IBinder14DeathRecipientEEEPvjPS4_
_ZN7android7IBinder11localBinderEv
_ZN7android7IBinder12remoteBinderEv
_ZN7android7IBinder19queryLocalInterfaceERKNS_8String16E
_ZN7android7IBinderD0Ev
_ZN7android7IBinderD1Ev
_ZNK7android7IBinder13checkSubclassEPKv
_ZTv0_n24_N7android7IBinderD0Ev
_ZTv0_n24_N7android7IBinderD1Ev

================================================================
FILE: libPvr_UESDKExt2.so
TYPE: ELF 64-bit LSB shared object, ARM aarch64, version 1 (SYSV), dynamically linked, BuildID[sha1]=d3f90c1c22d3aeee10b910cc5f9d35b7c32de304, with debug_info, not stripped
--- NEEDED ---
0x0000000000000001 (NEEDED)             Shared library: [libGLESv3.so]
0x0000000000000001 (NEEDED)             Shared library: [libEGL.so]
0x0000000000000001 (NEEDED)             Shared library: [liblog.so]
0x0000000000000001 (NEEDED)             Shared library: [libandroid.so]
0x0000000000000001 (NEEDED)             Shared library: [libstdc++.so]
0x0000000000000001 (NEEDED)             Shared library: [libm.so]
0x0000000000000001 (NEEDED)             Shared library: [libc.so]
0x0000000000000001 (NEEDED)             Shared library: [libdl.so]
0x000000000000000e (SONAME)             Library soname: [libPvr_UESDK.so]
--- risky imported symbols (system-private surfaces) ---
ANativeWindow_fromSurface
eglCreatePbufferSurface
eglCreateWindowSurface
eglDestroySurface
eglGetCurrentSurface
eglQuerySurface
eglSurfaceAttrib

================================================================
FILE: libPvr_UnitySDK.so
TYPE: ELF 64-bit LSB shared object, ARM aarch64, version 1 (SYSV), dynamically linked, with debug_info, not stripped
--- NEEDED ---
0x0000000000000001 (NEEDED)             Shared library: [libGLESv3.so]
0x0000000000000001 (NEEDED)             Shared library: [libEGL.so]
0x0000000000000001 (NEEDED)             Shared library: [liblog.so]
0x0000000000000001 (NEEDED)             Shared library: [libandroid.so]
0x0000000000000001 (NEEDED)             Shared library: [libstdc++.so]
0x0000000000000001 (NEEDED)             Shared library: [libm.so]
0x0000000000000001 (NEEDED)             Shared library: [libc.so]
0x0000000000000001 (NEEDED)             Shared library: [libdl.so]
0x000000000000000e (SONAME)             Library soname: [libPvr_UnitySDK.so]
--- risky imported symbols (system-private surfaces) ---
ANativeWindow_fromSurface
eglCreatePbufferSurface
eglCreateWindowSurface
eglDestroySurface
eglGetCurrentSurface
eglQuerySurface
eglSurfaceAttrib

================================================================
FILE: libPvr_UnitySDKExt1.so
TYPE: ELF 64-bit LSB shared object, ARM aarch64, version 1 (SYSV), dynamically linked, with debug_info, not stripped
--- NEEDED ---
0x0000000000000001 (NEEDED)             Shared library: [libGLESv3.so]
0x0000000000000001 (NEEDED)             Shared library: [libEGL.so]
0x0000000000000001 (NEEDED)             Shared library: [liblog.so]
0x0000000000000001 (NEEDED)             Shared library: [libandroid.so]
0x0000000000000001 (NEEDED)             Shared library: [libstdc++.so]
0x0000000000000001 (NEEDED)             Shared library: [libm.so]
0x0000000000000001 (NEEDED)             Shared library: [libc.so]
0x0000000000000001 (NEEDED)             Shared library: [libdl.so]
0x000000000000000e (SONAME)             Library soname: [libPvr_UnitySDK.so]
--- risky imported symbols (system-private surfaces) ---
ANativeWindow_fromSurface
eglCreatePbufferSurface
eglCreateWindowSurface
eglDestroySurface
eglGetCurrentSurface
eglQuerySurface
eglSurfaceAttrib

================================================================
FILE: libPvr_UnitySDKExt10.so
TYPE: ELF 64-bit LSB shared object, ARM aarch64, version 1 (SYSV), dynamically linked, BuildID[sha1]=bbe235f779c98ac1eddc77fba81754df6190dd8e, stripped
--- NEEDED ---
0x0000000000000001 (NEEDED)             Shared library: [libGLESv3.so]
0x0000000000000001 (NEEDED)             Shared library: [libEGL.so]
0x0000000000000001 (NEEDED)             Shared library: [liblog.so]
0x0000000000000001 (NEEDED)             Shared library: [libandroid.so]
0x0000000000000001 (NEEDED)             Shared library: [libstdc++.so]
0x0000000000000001 (NEEDED)             Shared library: [libm.so]
0x0000000000000001 (NEEDED)             Shared library: [libc.so]
0x0000000000000001 (NEEDED)             Shared library: [libdl.so]
0x000000000000000e (SONAME)             Library soname: [libPvr_UnitySDK.so]
--- risky imported symbols (system-private surfaces) ---
ANativeWindow_fromSurface
eglCreatePbufferSurface
eglCreateWindowSurface
eglDestroySurface
eglGetCurrentSurface
eglQuerySurface
eglSurfaceAttrib

================================================================
FILE: libPvr_UnitySDKExt11.so
TYPE: ELF 64-bit LSB shared object, ARM aarch64, version 1 (SYSV), dynamically linked, BuildID[sha1]=a78d653cc9bd31acb25e5f67d7f49911b4d9ebfe, stripped
--- NEEDED ---
0x0000000000000001 (NEEDED)             Shared library: [libGLESv3.so]
0x0000000000000001 (NEEDED)             Shared library: [libEGL.so]
0x0000000000000001 (NEEDED)             Shared library: [liblog.so]
0x0000000000000001 (NEEDED)             Shared library: [libandroid.so]
0x0000000000000001 (NEEDED)             Shared library: [libstdc++.so]
0x0000000000000001 (NEEDED)             Shared library: [libm.so]
0x0000000000000001 (NEEDED)             Shared library: [libc.so]
0x0000000000000001 (NEEDED)             Shared library: [libdl.so]
0x000000000000000e (SONAME)             Library soname: [libPvr_UnitySDK.so]
--- risky imported symbols (system-private surfaces) ---
ANativeWindow_fromSurface
eglCreatePbufferSurface
eglCreateWindowSurface
eglDestroySurface
eglGetCurrentSurface
eglQuerySurface
eglSurfaceAttrib

================================================================
FILE: libPvr_UnitySDKExt5.so
TYPE: ELF 64-bit LSB shared object, ARM aarch64, version 1 (SYSV), dynamically linked, BuildID[sha1]=1ef9bac7176fcc616ef9e3524e2e66433c88fba9, with debug_info, not stripped
--- NEEDED ---
0x0000000000000001 (NEEDED)             Shared library: [libGLESv3.so]
0x0000000000000001 (NEEDED)             Shared library: [libEGL.so]
0x0000000000000001 (NEEDED)             Shared library: [liblog.so]
0x0000000000000001 (NEEDED)             Shared library: [libandroid.so]
0x0000000000000001 (NEEDED)             Shared library: [libstdc++.so]
0x0000000000000001 (NEEDED)             Shared library: [libm.so]
0x0000000000000001 (NEEDED)             Shared library: [libc.so]
0x0000000000000001 (NEEDED)             Shared library: [libdl.so]
0x000000000000000e (SONAME)             Library soname: [libPvr_UnitySDK.so]
--- risky imported symbols (system-private surfaces) ---
ANativeWindow_fromSurface
eglCreatePbufferSurface
eglCreateWindowSurface
eglDestroySurface
eglGetCurrentSurface
eglQuerySurface
eglSurfaceAttrib

================================================================
FILE: libPvr_UnitySDKExt8.so
TYPE: ELF 64-bit LSB shared object, ARM aarch64, version 1 (SYSV), dynamically linked, BuildID[sha1]=eda5df26fa6110eca2a657c199278cf3dcc79cef, with debug_info, not stripped
--- NEEDED ---
0x0000000000000001 (NEEDED)             Shared library: [libGLESv3.so]
0x0000000000000001 (NEEDED)             Shared library: [libEGL.so]
0x0000000000000001 (NEEDED)             Shared library: [liblog.so]
0x0000000000000001 (NEEDED)             Shared library: [libandroid.so]
0x0000000000000001 (NEEDED)             Shared library: [libstdc++.so]
0x0000000000000001 (NEEDED)             Shared library: [libm.so]
0x0000000000000001 (NEEDED)             Shared library: [libc.so]
0x0000000000000001 (NEEDED)             Shared library: [libdl.so]
0x000000000000000e (SONAME)             Library soname: [libPvr_UnitySDK.so]
--- risky imported symbols (system-private surfaces) ---
ANativeWindow_fromSurface
eglCreatePbufferSurface
eglCreateWindowSurface
eglDestroySurface
eglGetCurrentSurface
eglQuerySurface
eglSurfaceAttrib

================================================================
FILE: libPvr_UnitySDKExt9.so
TYPE: ELF 64-bit LSB shared object, ARM aarch64, version 1 (SYSV), dynamically linked, BuildID[sha1]=5a9fe01791bebc3425a10d092f8ab83d4f01897b, stripped
--- NEEDED ---
0x0000000000000001 (NEEDED)             Shared library: [libGLESv3.so]
0x0000000000000001 (NEEDED)             Shared library: [libEGL.so]
0x0000000000000001 (NEEDED)             Shared library: [liblog.so]
0x0000000000000001 (NEEDED)             Shared library: [libandroid.so]
0x0000000000000001 (NEEDED)             Shared library: [libstdc++.so]
0x0000000000000001 (NEEDED)             Shared library: [libm.so]
0x0000000000000001 (NEEDED)             Shared library: [libc.so]
0x0000000000000001 (NEEDED)             Shared library: [libdl.so]
0x000000000000000e (SONAME)             Library soname: [libPvr_UnitySDK.so]
--- risky imported symbols (system-private surfaces) ---
ANativeWindow_fromSurface
eglCreatePbufferSurface
eglCreateWindowSurface
eglDestroySurface
eglGetCurrentSurface
eglQuerySurface
eglSurfaceAttrib

================================================================
FILE: libcompositor.pxr.so
TYPE: ELF 64-bit LSB shared object, ARM aarch64, version 1 (SYSV), dynamically linked, BuildID[sha1]=20a7f47731c9df0b2ad1637e1e697bf276718025, for Android 26, built by NDK r20b (5948944), stripped
--- NEEDED ---
0x0000000000000001 (NEEDED)             Shared library: [liblog.so]
0x0000000000000001 (NEEDED)             Shared library: [libandroid.so]
0x0000000000000001 (NEEDED)             Shared library: [libEGL.so]
0x0000000000000001 (NEEDED)             Shared library: [libGLESv3.so]
0x0000000000000001 (NEEDED)             Shared library: [libvulkan.so]
0x0000000000000001 (NEEDED)             Shared library: [libdl.so]
0x0000000000000001 (NEEDED)             Shared library: [libc.so]
0x0000000000000001 (NEEDED)             Shared library: [libm.so]
0x000000000000000e (SONAME)             Library soname: [libcompositor.pxr.so]
--- risky imported symbols (system-private surfaces) ---
ANativeWindow_fromSurface
eglCreatePbufferSurface
eglCreateWindowSurface
eglDestroySurface
eglGetCurrentSurface
eglQuerySurface
eglSurfaceAttrib

================================================================
FILE: libconfigurationclient.pxr.so
TYPE: ELF 64-bit LSB shared object, ARM aarch64, version 1 (SYSV), dynamically linked, for Android 27, BuildID[md5/uuid]=e7908d0e869ae12d1948a657bef920df, stripped
--- NEEDED ---
0x0000000000000001 (NEEDED)             Shared library: [libcutils.so]
0x0000000000000001 (NEEDED)             Shared library: [libbinder.so]
0x0000000000000001 (NEEDED)             Shared library: [libutils.so]
0x0000000000000001 (NEEDED)             Shared library: [liblog.so]
0x0000000000000001 (NEEDED)             Shared library: [libc++.so]
0x0000000000000001 (NEEDED)             Shared library: [libc.so]
0x0000000000000001 (NEEDED)             Shared library: [libm.so]
0x0000000000000001 (NEEDED)             Shared library: [libdl.so]
0x000000000000000e (SONAME)             Library soname: [libconfigurationclient.pxr.so]
--- risky imported symbols (system-private surfaces) ---

================================================================
FILE: libeye_tracking_dsp_sample_stub.so
TYPE: ELF 32-bit LSB shared object, ARM, EABI5 version 1 (SYSV), dynamically linked, for Android 27, BuildID[md5/uuid]=d86f63063f51a137fbe180d69c7aa061, stripped
--- NEEDED ---
0x00000001 (NEEDED)                     Shared library: [libcdsprpc.so]
0x00000001 (NEEDED)                     Shared library: [liblog.so]
0x00000001 (NEEDED)                     Shared library: [libc++.so]
0x00000001 (NEEDED)                     Shared library: [libc.so]
0x00000001 (NEEDED)                     Shared library: [libm.so]
0x00000001 (NEEDED)                     Shared library: [libdl.so]
0x0000000e (SONAME)                     Library soname: [libeye_tracking_dsp_sample_stub.so]
--- risky imported symbols (system-private surfaces) ---

================================================================
FILE: libjni_trackingfocus.so
TYPE: ELF 64-bit LSB shared object, ARM aarch64, version 1 (SYSV), dynamically linked, for Android 27, BuildID[md5/uuid]=e8bc8d51d2b81335783050e86595ad98, stripped
--- NEEDED ---
0x0000000000000001 (NEEDED)             Shared library: [libscveObjectTracker.so]
0x0000000000000001 (NEEDED)             Shared library: [libjnigraphics.so]
0x0000000000000001 (NEEDED)             Shared library: [liblog.so]
0x0000000000000001 (NEEDED)             Shared library: [libc++.so]
0x0000000000000001 (NEEDED)             Shared library: [libc.so]
0x0000000000000001 (NEEDED)             Shared library: [libm.so]
0x0000000000000001 (NEEDED)             Shared library: [libdl.so]
0x000000000000000e (SONAME)             Library soname: [libjni_trackingfocus.so]
--- risky imported symbols (system-private surfaces) ---

================================================================
FILE: libloader.pxr.so
TYPE: ELF 64-bit LSB shared object, ARM aarch64, version 1 (SYSV), dynamically linked, BuildID[sha1]=be41c68e8eba86a991390d0f1095cba5b4ffa87c, for Android 26, built by NDK r21b (6352462), stripped
--- NEEDED ---
0x0000000000000001 (NEEDED)             Shared library: [libdl.so]
0x0000000000000001 (NEEDED)             Shared library: [liblog.so]
0x0000000000000001 (NEEDED)             Shared library: [libm.so]
0x0000000000000001 (NEEDED)             Shared library: [libc.so]
0x000000000000000e (SONAME)             Library soname: [libopenxr_loader.so]
--- risky imported symbols (system-private surfaces) ---

================================================================
FILE: libmemtrack.so
TYPE: ELF 64-bit LSB shared object, ARM aarch64, version 1 (SYSV), dynamically linked, for Android 27, BuildID[md5/uuid]=02d22ee7e42c9b2a135f709126a2a0fd, stripped
--- NEEDED ---
0x0000000000000001 (NEEDED)             Shared library: [libhardware.so]
0x0000000000000001 (NEEDED)             Shared library: [liblog.so]
0x0000000000000001 (NEEDED)             Shared library: [libbase.so]
0x0000000000000001 (NEEDED)             Shared library: [libhidlbase.so]
0x0000000000000001 (NEEDED)             Shared library: [libhidltransport.so]
0x0000000000000001 (NEEDED)             Shared library: [libhwbinder.so]
0x0000000000000001 (NEEDED)             Shared library: [libutils.so]
0x0000000000000001 (NEEDED)             Shared library: [android.hardware.memtrack@1.0.so]
0x0000000000000001 (NEEDED)             Shared library: [libc++.so]
0x0000000000000001 (NEEDED)             Shared library: [libc.so]
0x0000000000000001 (NEEDED)             Shared library: [libm.so]
0x0000000000000001 (NEEDED)             Shared library: [libdl.so]
0x000000000000000e (SONAME)             Library soname: [libmemtrack.so]
--- risky imported symbols (system-private surfaces) ---

================================================================
FILE: libpico_factorytest3.so
TYPE: ELF 32-bit LSB shared object, ARM, EABI5 version 1 (SYSV), dynamically linked, BuildID[md5/uuid]=91d3db6b398aa15d340c00d777c28d4f, stripped
--- NEEDED ---
0x00000001 (NEEDED)                     Shared library: [liblog.so]
0x00000001 (NEEDED)                     Shared library: [libc.so]
0x00000001 (NEEDED)                     Shared library: [libm.so]
0x00000001 (NEEDED)                     Shared library: [libdl.so]
0x00000001 (NEEDED)                     Shared library: [libstdc++.so]
0x0000000e (SONAME)                     Library soname: [libpico_factorytest3.so]
--- risky imported symbols (system-private surfaces) ---

================================================================
FILE: libpico_factorytest_jni.so
TYPE: ELF 32-bit LSB shared object, ARM, EABI5 version 1 (SYSV), dynamically linked, for Android 27, BuildID[md5/uuid]=8405b6160fabc412c51d6ebdeb325ffd, stripped
--- NEEDED ---
0x00000001 (NEEDED)                     Shared library: [libutils.so]
0x00000001 (NEEDED)                     Shared library: [liblog.so]
0x00000001 (NEEDED)                     Shared library: [libbinder.so]
0x00000001 (NEEDED)                     Shared library: [libdl.so]
0x00000001 (NEEDED)                     Shared library: [libandroid.so]
0x00000001 (NEEDED)                     Shared library: [libc++.so]
0x00000001 (NEEDED)                     Shared library: [libc.so]
0x00000001 (NEEDED)                     Shared library: [libm.so]
0x0000000e (SONAME)                     Library soname: [libpico_factorytest_jni.so]
--- risky imported symbols (system-private surfaces) ---

================================================================
FILE: libpico_factorytest_sensor.so
TYPE: ELF 32-bit LSB shared object, ARM, EABI5 version 1 (SYSV), dynamically linked, BuildID[md5/uuid]=6a270393c1115d8ca9f445afa7f413cc, stripped
--- NEEDED ---
0x00000001 (NEEDED)                     Shared library: [liblog.so]
0x00000001 (NEEDED)                     Shared library: [libdl.so]
0x00000001 (NEEDED)                     Shared library: [libandroid.so]
0x00000001 (NEEDED)                     Shared library: [libc.so]
0x00000001 (NEEDED)                     Shared library: [libm.so]
0x00000001 (NEEDED)                     Shared library: [libstdc++.so]
0x0000000e (SONAME)                     Library soname: [libpico_factorytest_sensor.so]
--- risky imported symbols (system-private surfaces) ---

================================================================
FILE: libpico_gyrocalibration.so
TYPE: ELF 32-bit LSB shared object, ARM, EABI5 version 1 (SYSV), dynamically linked, BuildID[md5/uuid]=ac35ff50ed7f40cc659171d847e67a8e, stripped
--- NEEDED ---
0x00000001 (NEEDED)                     Shared library: [liblog.so]
0x00000001 (NEEDED)                     Shared library: [libc.so]
0x00000001 (NEEDED)                     Shared library: [libm.so]
0x00000001 (NEEDED)                     Shared library: [libdl.so]
0x00000001 (NEEDED)                     Shared library: [libstdc++.so]
0x0000000e (SONAME)                     Library soname: [libpico_gyrocalibration.so]
--- risky imported symbols (system-private surfaces) ---

================================================================
FILE: libpico_imucalibration.so
TYPE: ELF 32-bit LSB shared object, ARM, EABI5 version 1 (SYSV), dynamically linked, BuildID[md5/uuid]=a5ae5a33103e67e18c14ec5c738b3996, stripped
--- NEEDED ---
0x00000001 (NEEDED)                     Shared library: [liblog.so]
0x00000001 (NEEDED)                     Shared library: [libc.so]
0x00000001 (NEEDED)                     Shared library: [libm.so]
0x00000001 (NEEDED)                     Shared library: [libdl.so]
0x00000001 (NEEDED)                     Shared library: [libstdc++.so]
0x0000000e (SONAME)                     Library soname: [libpico_imucalibration.so]
--- risky imported symbols (system-private surfaces) ---

================================================================
FILE: libpico_node_connection.so
TYPE: ELF 32-bit LSB shared object, ARM, EABI5 version 1 (SYSV), dynamically linked, BuildID[md5/uuid]=e278cc8dcb076edd3010f66f8eda319f, stripped
--- NEEDED ---
0x00000001 (NEEDED)                     Shared library: [liblog.so]
0x00000001 (NEEDED)                     Shared library: [libc.so]
0x00000001 (NEEDED)                     Shared library: [libm.so]
0x00000001 (NEEDED)                     Shared library: [libdl.so]
0x00000001 (NEEDED)                     Shared library: [libstdc++.so]
0x0000000e (SONAME)                     Library soname: [libpico_node_connection.so]
--- risky imported symbols (system-private surfaces) ---

================================================================
FILE: libpicologkit.so
TYPE: ELF 64-bit LSB shared object, ARM aarch64, version 1 (SYSV), dynamically linked, BuildID[md5/uuid]=0d16a1f97feef3f8b19d47e9fce63984, stripped
--- NEEDED ---
0x0000000000000001 (NEEDED)             Shared library: [liblog.so]
0x0000000000000001 (NEEDED)             Shared library: [libdl.so]
0x0000000000000001 (NEEDED)             Shared library: [libandroid.so]
0x0000000000000001 (NEEDED)             Shared library: [libc.so]
0x0000000000000001 (NEEDED)             Shared library: [libm.so]
0x0000000000000001 (NEEDED)             Shared library: [libstdc++.so]
0x000000000000000e (SONAME)             Library soname: [libpicologkit.so]
--- risky imported symbols (system-private surfaces) ---

================================================================
FILE: libplugin.pxr.so
TYPE: ELF 64-bit LSB shared object, ARM aarch64, version 1 (SYSV), dynamically linked, BuildID[sha1]=ebaef8376e5f17d2a89e4cb9c582b2a37539853e, for Android 26, built by NDK r21b (6352462), stripped
--- NEEDED ---
0x0000000000000001 (NEEDED)             Shared library: [libandroid.so]
0x0000000000000001 (NEEDED)             Shared library: [libvulkan.so]
0x0000000000000001 (NEEDED)             Shared library: [libEGL.so]
0x0000000000000001 (NEEDED)             Shared library: [libGLESv2.so]
0x0000000000000001 (NEEDED)             Shared library: [libGLESv3.so]
0x0000000000000001 (NEEDED)             Shared library: [liblog.so]
0x0000000000000001 (NEEDED)             Shared library: [libm.so]
0x0000000000000001 (NEEDED)             Shared library: [libdl.so]
0x0000000000000001 (NEEDED)             Shared library: [libc.so]
0x000000000000000e (SONAME)             Library soname: [libplugin.pxr.so]
--- risky imported symbols (system-private surfaces) ---
ANativeWindow_fromSurface
eglCreatePbufferSurface
eglDestroySurface

================================================================
FILE: libpvrmodule_orientationtracker.so
TYPE: ELF 64-bit LSB shared object, ARM aarch64, version 1 (SYSV), dynamically linked, BuildID[sha1]=59a99759ce7aa337d42b8370059529b08328592c, stripped
--- NEEDED ---
0x0000000000000001 (NEEDED)             Shared library: [liblog.so]
0x0000000000000001 (NEEDED)             Shared library: [libstdc++.so]
0x0000000000000001 (NEEDED)             Shared library: [libm.so]
0x0000000000000001 (NEEDED)             Shared library: [libc.so]
0x0000000000000001 (NEEDED)             Shared library: [libdl.so]
0x000000000000000e (SONAME)             Library soname: [libpvrmodule_orientationtracker.so]
--- risky imported symbols (system-private surfaces) ---

================================================================
FILE: libpvrmodule_platform.so
TYPE: ELF 64-bit LSB shared object, ARM aarch64, version 1 (SYSV), dynamically linked, for Android 27, BuildID[md5/uuid]=d751da564bc847a1a4bf55afc7c0723e, stripped
--- NEEDED ---
0x0000000000000001 (NEEDED)             Shared library: [libcutils.so]
0x0000000000000001 (NEEDED)             Shared library: [libutils.so]
0x0000000000000001 (NEEDED)             Shared library: [libhardware.so]
0x0000000000000001 (NEEDED)             Shared library: [libui.so]
0x0000000000000001 (NEEDED)             Shared library: [libgui.so]
0x0000000000000001 (NEEDED)             Shared library: [libandroid.so]
0x0000000000000001 (NEEDED)             Shared library: [libhardware_legacy.so]
0x0000000000000001 (NEEDED)             Shared library: [liblog.so]
0x0000000000000001 (NEEDED)             Shared library: [libbinder.so]
0x0000000000000001 (NEEDED)             Shared library: [libpowermanager.so]
0x0000000000000001 (NEEDED)             Shared library: [libbase.so]
0x0000000000000001 (NEEDED)             Shared library: [libsensor.so]
0x0000000000000001 (NEEDED)             Shared library: [libc++.so]
0x0000000000000001 (NEEDED)             Shared library: [libc.so]
0x0000000000000001 (NEEDED)             Shared library: [libm.so]
0x0000000000000001 (NEEDED)             Shared library: [libdl.so]
0x000000000000000e (SONAME)             Library soname: [libpvrmodule_platform.so]
--- risky imported symbols (system-private surfaces) ---
_ZN7android13IPowerManager11asInterfaceERKNS_2spINS_7IBinderEEE
_ZN7android20DisplayEventReceiverC1ENS_16ISurfaceComposer11VsyncSourceE
_ZN7android21SurfaceComposerClient14getDisplayInfoERKNS_2spINS_7IBinderEEEPNS_11DisplayInfoE
_ZN7android21SurfaceComposerClient17getBuiltInDisplayEi
_ZN7android21SurfaceComposerClientC1Ev
_ZN7android21SurfaceComposerClientD1Ev

================================================================
FILE: libpvrservice.so
TYPE: ELF 64-bit LSB shared object, ARM aarch64, version 1 (SYSV), dynamically linked, for Android 27, BuildID[md5/uuid]=ef73632132c7a65384410709437d5734, stripped
--- NEEDED ---
0x0000000000000001 (NEEDED)             Shared library: [libcutils.so]
0x0000000000000001 (NEEDED)             Shared library: [libutils.so]
0x0000000000000001 (NEEDED)             Shared library: [libhardware.so]
0x0000000000000001 (NEEDED)             Shared library: [libui.so]
0x0000000000000001 (NEEDED)             Shared library: [libgui.so]
0x0000000000000001 (NEEDED)             Shared library: [libandroid.so]
0x0000000000000001 (NEEDED)             Shared library: [libhardware_legacy.so]
0x0000000000000001 (NEEDED)             Shared library: [liblog.so]
0x0000000000000001 (NEEDED)             Shared library: [libbinder.so]
0x0000000000000001 (NEEDED)             Shared library: [libpowermanager.so]
0x0000000000000001 (NEEDED)             Shared library: [libbase.so]
0x0000000000000001 (NEEDED)             Shared library: [libpvrserviceclient.so]
0x0000000000000001 (NEEDED)             Shared library: [libsensor.so]
0x0000000000000001 (NEEDED)             Shared library: [libc++.so]
0x0000000000000001 (NEEDED)             Shared library: [libc.so]
0x0000000000000001 (NEEDED)             Shared library: [libm.so]
0x0000000000000001 (NEEDED)             Shared library: [libdl.so]
0x000000000000000e (SONAME)             Library soname: [libpvrservice.so]
--- risky imported symbols (system-private surfaces) ---
_ZN7android7BBinder11linkToDeathERKNS_2spINS_7IBinder14DeathRecipientEEEPvj
_ZN7android7BBinder13unlinkToDeathERKNS_2wpINS_7IBinder14DeathRecipientEEEPvjPS4_
_ZN7android7IBinder11localBinderEv
_ZN7android7IBinder12remoteBinderEv
_ZN7android7IBinder19queryLocalInterfaceERKNS_8String16E
_ZN7android7IBinderD0Ev
_ZN7android7IBinderD1Ev
_ZNK7android7IBinder13checkSubclassEPKv
_ZTv0_n24_N7android7IBinderD0Ev
_ZTv0_n24_N7android7IBinderD1Ev

================================================================
FILE: libpvrserviceclient.so
TYPE: ELF 64-bit LSB shared object, ARM aarch64, version 1 (SYSV), dynamically linked, for Android 27, BuildID[md5/uuid]=922ffdcf93c598a04314f1460648f764, stripped
--- NEEDED ---
0x0000000000000001 (NEEDED)             Shared library: [libutils.so]
0x0000000000000001 (NEEDED)             Shared library: [liblog.so]
0x0000000000000001 (NEEDED)             Shared library: [libbinder.so]
0x0000000000000001 (NEEDED)             Shared library: [libgui.so]
0x0000000000000001 (NEEDED)             Shared library: [libcutils.so]
0x0000000000000001 (NEEDED)             Shared library: [libsensor.so]
0x0000000000000001 (NEEDED)             Shared library: [libc++.so]
0x0000000000000001 (NEEDED)             Shared library: [libc.so]
0x0000000000000001 (NEEDED)             Shared library: [libm.so]
0x0000000000000001 (NEEDED)             Shared library: [libdl.so]
0x000000000000000e (SONAME)             Library soname: [libpvrserviceclient.so]
--- risky imported symbols (system-private surfaces) ---
_ZN7android6Parcel17writeStrongBinderERKNS_2spINS_7IBinderEEE
_ZN7android7BBinder11linkToDeathERKNS_2spINS_7IBinder14DeathRecipientEEEPvj
_ZN7android7BBinder13unlinkToDeathERKNS_2wpINS_7IBinder14DeathRecipientEEEPvjPS4_
_ZN7android7IBinder11localBinderEv
_ZN7android7IBinder12remoteBinderEv
_ZN7android7IBinder19queryLocalInterfaceERKNS_8String16E
_ZN7android7IBinderD0Ev
_ZN7android7IBinderD1Ev
_ZN7android9BpRefBaseC2ERKNS_2spINS_7IBinderEEE
_ZNK7android6Parcel14checkInterfaceEPNS_7IBinderE
_ZNK7android7IBinder13checkSubclassEPKv
_ZTv0_n24_N7android7IBinderD0Ev
_ZTv0_n24_N7android7IBinderD1Ev

================================================================
FILE: libpxr_6dof_optimization.so
TYPE: ELF 64-bit LSB shared object, ARM aarch64, version 1 (SYSV), dynamically linked, BuildID[sha1]=97b68962a4629ca92e6497d97e424aabd1d2a874, stripped
--- NEEDED ---
0x0000000000000001 (NEEDED)             Shared library: [libz.so]
0x0000000000000001 (NEEDED)             Shared library: [libdl.so]
0x0000000000000001 (NEEDED)             Shared library: [liblog.so]
0x0000000000000001 (NEEDED)             Shared library: [libm.so]
0x0000000000000001 (NEEDED)             Shared library: [libstdc++.so]
0x0000000000000001 (NEEDED)             Shared library: [libc.so]
0x000000000000000e (SONAME)             Library soname: [libpxr_6dof_optimization.so]
--- risky imported symbols (system-private surfaces) ---

================================================================
FILE: libpxrnotification.pxr.so
TYPE: ELF 64-bit LSB shared object, ARM aarch64, version 1 (SYSV), dynamically linked, for Android 27, BuildID[md5/uuid]=db8e5de19c23665e655443c3e0f5e076, stripped
--- NEEDED ---
0x0000000000000001 (NEEDED)             Shared library: [libcutils.so]
0x0000000000000001 (NEEDED)             Shared library: [libutils.so]
0x0000000000000001 (NEEDED)             Shared library: [liblog.so]
0x0000000000000001 (NEEDED)             Shared library: [libbinder.so]
0x0000000000000001 (NEEDED)             Shared library: [libc++.so]
0x0000000000000001 (NEEDED)             Shared library: [libc.so]
0x0000000000000001 (NEEDED)             Shared library: [libm.so]
0x0000000000000001 (NEEDED)             Shared library: [libdl.so]
0x000000000000000e (SONAME)             Library soname: [libpxrnotification.pxr.so]
--- risky imported symbols (system-private surfaces) ---
_ZN7android6Parcel17writeStrongBinderERKNS_2spINS_7IBinderEEE
_ZN7android7BBinder11linkToDeathERKNS_2spINS_7IBinder14DeathRecipientEEEPvj
_ZN7android7BBinder13unlinkToDeathERKNS_2wpINS_7IBinder14DeathRecipientEEEPvjPS4_
_ZN7android7IBinder11localBinderEv
_ZN7android7IBinder12remoteBinderEv
_ZN7android7IBinder19queryLocalInterfaceERKNS_8String16E
_ZN7android7IBinderD0Ev
_ZN7android7IBinderD1Ev
_ZN7android9BpRefBaseC2ERKNS_2spINS_7IBinderEEE
_ZNK7android6Parcel14checkInterfaceEPNS_7IBinderE
_ZNK7android6Parcel16readStrongBinderEPNS_2spINS_7IBinderEEE
_ZNK7android7IBinder13checkSubclassEPKv
_ZTv0_n24_N7android7IBinderD0Ev
_ZTv0_n24_N7android7IBinderD1Ev

================================================================
FILE: libpxrserviceclient.so
TYPE: ELF 64-bit LSB shared object, ARM aarch64, version 1 (SYSV), dynamically linked, for Android 27, BuildID[md5/uuid]=6620477ac44e3f36ba8dc9f069a18ff8, stripped
--- NEEDED ---
0x0000000000000001 (NEEDED)             Shared library: [liblog.so]
0x0000000000000001 (NEEDED)             Shared library: [libc++.so]
0x0000000000000001 (NEEDED)             Shared library: [libc.so]
0x0000000000000001 (NEEDED)             Shared library: [libm.so]
0x0000000000000001 (NEEDED)             Shared library: [libdl.so]
0x000000000000000e (SONAME)             Library soname: [libpxrserviceclient.so]
--- risky imported symbols (system-private surfaces) ---

================================================================
FILE: libqvr_cam_cdsp_driver_stub.so
TYPE: ELF 32-bit LSB shared object, ARM, EABI5 version 1 (SYSV), dynamically linked, for Android 27, BuildID[md5/uuid]=6f52754cfc4bcc6a7f7baeca86b8117b, stripped
--- NEEDED ---
0x00000001 (NEEDED)                     Shared library: [libcdsprpc.so]
0x00000001 (NEEDED)                     Shared library: [liblog.so]
0x00000001 (NEEDED)                     Shared library: [libc++.so]
0x00000001 (NEEDED)                     Shared library: [libc.so]
0x00000001 (NEEDED)                     Shared library: [libm.so]
0x00000001 (NEEDED)                     Shared library: [libdl.so]
0x0000000e (SONAME)                     Library soname: [libqvr_cam_cdsp_driver_stub.so]
--- risky imported symbols (system-private surfaces) ---

================================================================
FILE: libqvr_cdsp_driver_stub.so
TYPE: ELF 32-bit LSB shared object, ARM, EABI5 version 1 (SYSV), dynamically linked, for Android 27, BuildID[md5/uuid]=c8432d757d441d95a00d2c2ed0ff61be, stripped
--- NEEDED ---
0x00000001 (NEEDED)                     Shared library: [libcdsprpc.so]
0x00000001 (NEEDED)                     Shared library: [liblog.so]
0x00000001 (NEEDED)                     Shared library: [libc++.so]
0x00000001 (NEEDED)                     Shared library: [libc.so]
0x00000001 (NEEDED)                     Shared library: [libm.so]
0x00000001 (NEEDED)                     Shared library: [libdl.so]
0x0000000e (SONAME)                     Library soname: [libqvr_cdsp_driver_stub.so]
--- risky imported symbols (system-private surfaces) ---

================================================================
FILE: libqvr_eyetracking_plugin.so
TYPE: ELF 32-bit LSB shared object, ARM, EABI5 version 1 (SYSV), dynamically linked, for Android 27, BuildID[md5/uuid]=b7c88a21628529c10222c63328aca872, stripped
--- NEEDED ---
0x00000001 (NEEDED)                     Shared library: [libutils.so]
0x00000001 (NEEDED)                     Shared library: [libcutils.so]
0x00000001 (NEEDED)                     Shared library: [liblog.so]
0x00000001 (NEEDED)                     Shared library: [libc++.so]
0x00000001 (NEEDED)                     Shared library: [libc.so]
0x00000001 (NEEDED)                     Shared library: [libm.so]
0x00000001 (NEEDED)                     Shared library: [libdl.so]
0x0000000e (SONAME)                     Library soname: [libqvr_eyetracking_plugin.so]
--- risky imported symbols (system-private surfaces) ---

================================================================
FILE: libqvr_mapper_stub.so
TYPE: ELF 32-bit LSB shared object, ARM, EABI5 version 1 (SYSV), dynamically linked, for Android 27, BuildID[md5/uuid]=17d3c351c19f4be496c130a6dd5c63e2, stripped
--- NEEDED ---
0x00000001 (NEEDED)                     Shared library: [libmdsprpc.so]
0x00000001 (NEEDED)                     Shared library: [libc++.so]
0x00000001 (NEEDED)                     Shared library: [libc.so]
0x00000001 (NEEDED)                     Shared library: [libm.so]
0x00000001 (NEEDED)                     Shared library: [libdl.so]
0x0000000e (SONAME)                     Library soname: [libqvr_mapper_stub.so]
--- risky imported symbols (system-private surfaces) ---

================================================================
FILE: libqvrcamera_client_system.so
TYPE: ELF 64-bit LSB shared object, ARM aarch64, version 1 (SYSV), dynamically linked, for Android 27, BuildID[md5/uuid]=35709dfe6b31236250b28bb1c1c158f4, stripped
--- NEEDED ---
0x0000000000000001 (NEEDED)             Shared library: [liblog.so]
0x0000000000000001 (NEEDED)             Shared library: [libcutils.so]
0x0000000000000001 (NEEDED)             Shared library: [libutils.so]
0x0000000000000001 (NEEDED)             Shared library: [libc++.so]
0x0000000000000001 (NEEDED)             Shared library: [libc.so]
0x0000000000000001 (NEEDED)             Shared library: [libm.so]
0x0000000000000001 (NEEDED)             Shared library: [libdl.so]
0x000000000000000e (SONAME)             Library soname: [libqvrcamera_client_system.so]
--- risky imported symbols (system-private surfaces) ---

================================================================
FILE: libqvrservice.so
TYPE: ELF 32-bit LSB shared object, ARM, EABI5 version 1 (SYSV), dynamically linked, for Android 27, BuildID[md5/uuid]=4a1aefb9d67a02a371063f907359853b, stripped
--- NEEDED ---
0x00000001 (NEEDED)                     Shared library: [liblog.so]
0x00000001 (NEEDED)                     Shared library: [libcutils.so]
0x00000001 (NEEDED)                     Shared library: [libutils.so]
0x00000001 (NEEDED)                     Shared library: [libbinder.so]
0x00000001 (NEEDED)                     Shared library: [android.hardware.sensors@1.0.so]
0x00000001 (NEEDED)                     Shared library: [android.frameworks.sensorservice@1.0.so]
0x00000001 (NEEDED)                     Shared library: [libdrm.so]
0x00000001 (NEEDED)                     Shared library: [libhidlbase.so]
0x00000001 (NEEDED)                     Shared library: [libhwbinder.so]
0x00000001 (NEEDED)                     Shared library: [libui.so]
0x00000001 (NEEDED)                     Shared library: [libfmq.so]
0x00000001 (NEEDED)                     Shared library: [libhardware.so]
0x00000001 (NEEDED)                     Shared library: [libcamera_metadata.so]
0x00000001 (NEEDED)                     Shared library: [libsync.so]
0x00000001 (NEEDED)                     Shared library: [libqvrcamera_client_system.so]
0x00000001 (NEEDED)                     Shared library: [android.hardware.camera.provider@2.4.so]
0x00000001 (NEEDED)                     Shared library: [android.hardware.camera.device@3.2.so]
0x00000001 (NEEDED)                     Shared library: [android.hardware.camera.common@1.0.so]
0x00000001 (NEEDED)                     Shared library: [libc++.so]
0x00000001 (NEEDED)                     Shared library: [libc.so]
0x00000001 (NEEDED)                     Shared library: [libm.so]
0x00000001 (NEEDED)                     Shared library: [libdl.so]
0x0000000e (SONAME)                     Library soname: [libqvrservice.so]
--- risky imported symbols (system-private surfaces) ---
_ZN7android13GraphicBuffer6unlockEv
_ZN7android13GraphicBuffer9lockYCbCrEjP13android_ycbcr
_ZN7android13GraphicBufferC1EjjijyNSt3__112basic_stringIcNS1_11char_traitsIcEENS1_9allocatorIcEEEE
_ZNK7android13GraphicBuffer15getNativeBufferEv

================================================================
FILE: libruntime.pxr.so
TYPE: ELF 64-bit LSB shared object, ARM aarch64, version 1 (SYSV), dynamically linked, BuildID[sha1]=8049fd80854f894d16d3893e4b19688974ac1165, for Android 26, built by NDK r21b (6352462), stripped
--- NEEDED ---
0x0000000000000001 (NEEDED)             Shared library: [liblog.so]
0x0000000000000001 (NEEDED)             Shared library: [libvulkan.so]
0x0000000000000001 (NEEDED)             Shared library: [libandroid.so]
0x0000000000000001 (NEEDED)             Shared library: [libEGL.so]
0x0000000000000001 (NEEDED)             Shared library: [libm.so]
0x0000000000000001 (NEEDED)             Shared library: [libdl.so]
0x0000000000000001 (NEEDED)             Shared library: [libc.so]
--- risky imported symbols (system-private surfaces) ---
ANativeWindow_fromSurface

================================================================
FILE: libscveObjectTracker.so
TYPE: ELF 64-bit LSB shared object, ARM aarch64, version 1 (SYSV), dynamically linked, for Android 27, BuildID[md5/uuid]=eb4018ed2e140b45374bb8b4eb10f262, stripped
--- NEEDED ---
0x0000000000000001 (NEEDED)             Shared library: [liblog.so]
0x0000000000000001 (NEEDED)             Shared library: [libfastcvopt.so]
0x0000000000000001 (NEEDED)             Shared library: [libscveCommon.so]
0x0000000000000001 (NEEDED)             Shared library: [libscveObjectSegmentation.so]
0x0000000000000001 (NEEDED)             Shared library: [libc++.so]
0x0000000000000001 (NEEDED)             Shared library: [libc.so]
0x0000000000000001 (NEEDED)             Shared library: [libm.so]
0x0000000000000001 (NEEDED)             Shared library: [libdl.so]
0x000000000000000e (SONAME)             Library soname: [libscveObjectTracker.so]
--- risky imported symbols (system-private surfaces) ---

================================================================
FILE: libscveObjectTracker_stub.so
TYPE: ELF 64-bit LSB shared object, ARM aarch64, version 1 (SYSV), dynamically linked, for Android 27, BuildID[md5/uuid]=fd2606dd0267f9604465200445123bc9, stripped
--- NEEDED ---
0x0000000000000001 (NEEDED)             Shared library: [libfastcvopt.so]
0x0000000000000001 (NEEDED)             Shared library: [liblog.so]
0x0000000000000001 (NEEDED)             Shared library: [libscveCommon.so]
0x0000000000000001 (NEEDED)             Shared library: [libcdsprpc_system.so]
0x0000000000000001 (NEEDED)             Shared library: [libc++.so]
0x0000000000000001 (NEEDED)             Shared library: [libc.so]
0x0000000000000001 (NEEDED)             Shared library: [libm.so]
0x0000000000000001 (NEEDED)             Shared library: [libdl.so]
0x000000000000000e (SONAME)             Library soname: [libscveObjectTracker_stub.so]
--- risky imported symbols (system-private surfaces) ---

================================================================
FILE: libspeexresampler.so
TYPE: ELF 64-bit LSB shared object, ARM aarch64, version 1 (SYSV), dynamically linked, for Android 27, BuildID[md5/uuid]=2b34c0f23ee60f625364b8a1f200ab3b, stripped
--- NEEDED ---
0x0000000000000001 (NEEDED)             Shared library: [libc++.so]
0x0000000000000001 (NEEDED)             Shared library: [libc.so]
0x0000000000000001 (NEEDED)             Shared library: [libm.so]
0x0000000000000001 (NEEDED)             Shared library: [libdl.so]
0x000000000000000e (SONAME)             Library soname: [libspeexresampler.so]
--- risky imported symbols (system-private surfaces) ---

================================================================
FILE: libtobii_eyecore_stub.so
TYPE: ELF 32-bit LSB shared object, ARM, EABI5 version 1 (SYSV), dynamically linked, for Android 23, built by NDK r20 (5594570), BuildID[sha1]=d32be94b50393aa556f4b1c4db13941e04c3628f, not stripped
--- NEEDED ---
0x00000001 (NEEDED)                     Shared library: [libcdsprpc.so]
0x00000001 (NEEDED)                     Shared library: [libm.so]
0x00000001 (NEEDED)                     Shared library: [libdl.so]
0x00000001 (NEEDED)                     Shared library: [libc.so]
--- risky imported symbols (system-private surfaces) ---

================================================================
FILE: libtobii_runtime.so
TYPE: ELF 32-bit LSB shared object, ARM, EABI5 version 1 (SYSV), dynamically linked, for Android 23, built by NDK r20 (5594570), BuildID[sha1]=1579c6de100ae995f7ce6d39a6246cc0fa3d880d, with debug_info, not stripped
--- NEEDED ---
0x00000001 (NEEDED)                     Shared library: [liblog.so]
0x00000001 (NEEDED)                     Shared library: [libm.so]
0x00000001 (NEEDED)                     Shared library: [libdl.so]
0x00000001 (NEEDED)                     Shared library: [libc.so]
0x0000000e (SONAME)                     Library soname: [libtobii_runtime_VR4ANETOP1.so]
--- risky imported symbols (system-private surfaces) ---

================================================================
FILE: libvr_amb_engine.so
TYPE: ELF 64-bit LSB shared object, ARM aarch64, version 1 (SYSV), dynamically linked, for Android 27, BuildID[md5/uuid]=f6f2b0ac9d28b19103bbac0a5be103d8, stripped
--- NEEDED ---
0x0000000000000001 (NEEDED)             Shared library: [libc++.so]
0x0000000000000001 (NEEDED)             Shared library: [libc.so]
0x0000000000000001 (NEEDED)             Shared library: [libm.so]
0x0000000000000001 (NEEDED)             Shared library: [libdl.so]
0x000000000000000e (SONAME)             Library soname: [libvr_amb_engine.so]
--- risky imported symbols (system-private surfaces) ---

================================================================
FILE: libvr_object_engine.so
TYPE: ELF 64-bit LSB shared object, ARM aarch64, version 1 (SYSV), dynamically linked, for Android 27, BuildID[md5/uuid]=8550ac1c623e9424b9ff48fc1be05b75, stripped
--- NEEDED ---
0x0000000000000001 (NEEDED)             Shared library: [libc++.so]
0x0000000000000001 (NEEDED)             Shared library: [libc.so]
0x0000000000000001 (NEEDED)             Shared library: [libm.so]
0x0000000000000001 (NEEDED)             Shared library: [libdl.so]
0x000000000000000e (SONAME)             Library soname: [libvr_object_engine.so]
--- risky imported symbols (system-private surfaces) ---

================================================================
FILE: libvr_sam_wrapper.so
TYPE: ELF 64-bit LSB shared object, ARM aarch64, version 1 (SYSV), dynamically linked, for Android 27, BuildID[md5/uuid]=8afcf839c1c7684164a1315f9851360f, stripped
--- NEEDED ---
0x0000000000000001 (NEEDED)             Shared library: [libvr_object_engine.so]
0x0000000000000001 (NEEDED)             Shared library: [libvr_amb_engine.so]
0x0000000000000001 (NEEDED)             Shared library: [liblog.so]
0x0000000000000001 (NEEDED)             Shared library: [libc++.so]
0x0000000000000001 (NEEDED)             Shared library: [libc.so]
0x0000000000000001 (NEEDED)             Shared library: [libm.so]
0x0000000000000001 (NEEDED)             Shared library: [libdl.so]
0x000000000000000e (SONAME)             Library soname: [libvr_sam_wrapper.so]
--- risky imported symbols (system-private surfaces) ---

================================================================
FILE: libvraudio.so
TYPE: ELF 64-bit LSB shared object, ARM aarch64, version 1 (SYSV), dynamically linked, for Android 27, BuildID[md5/uuid]=788cb2afcc0b4bc700c1e74dad72b19c, stripped
--- NEEDED ---
0x0000000000000001 (NEEDED)             Shared library: [liblog.so]
0x0000000000000001 (NEEDED)             Shared library: [libutils.so]
0x0000000000000001 (NEEDED)             Shared library: [libcutils.so]
0x0000000000000001 (NEEDED)             Shared library: [libstagefright.so]
0x0000000000000001 (NEEDED)             Shared library: [libstagefright_foundation.so]
0x0000000000000001 (NEEDED)             Shared library: [libmedia.so]
0x0000000000000001 (NEEDED)             Shared library: [libbinder.so]
0x0000000000000001 (NEEDED)             Shared library: [libaudioutils.so]
0x0000000000000001 (NEEDED)             Shared library: [libandroid.so]
0x0000000000000001 (NEEDED)             Shared library: [libandroidfw.so]
0x0000000000000001 (NEEDED)             Shared library: [libmemunreachable.so]
0x0000000000000001 (NEEDED)             Shared library: [libaudioclient.so]
0x0000000000000001 (NEEDED)             Shared library: [libaudiohal.so]
0x0000000000000001 (NEEDED)             Shared library: [libvr_sam_wrapper.so]
0x0000000000000001 (NEEDED)             Shared library: [libc++.so]
0x0000000000000001 (NEEDED)             Shared library: [libc.so]
0x0000000000000001 (NEEDED)             Shared library: [libm.so]
0x0000000000000001 (NEEDED)             Shared library: [libdl.so]
0x000000000000000e (SONAME)             Library soname: [libvraudio.so]
--- risky imported symbols (system-private surfaces) ---
_ZN7android6Parcel17writeStrongBinderERKNS_2spINS_7IBinderEEE
_ZN7android7BBinder11linkToDeathERKNS_2spINS_7IBinder14DeathRecipientEEEPvj
_ZN7android7BBinder13unlinkToDeathERKNS_2wpINS_7IBinder14DeathRecipientEEEPvjPS4_
_ZN7android7IBinder11localBinderEv
_ZN7android7IBinder12remoteBinderEv
_ZN7android7IBinder19queryLocalInterfaceERKNS_8String16E
_ZN7android7IBinderD0Ev
_ZN7android7IBinderD1Ev
_ZN7android7IMemory11asInterfaceERKNS_2spINS_7IBinderEEE
_ZN7android9BpRefBaseC2ERKNS_2spINS_7IBinderEEE
_ZNK7android6Parcel14checkInterfaceEPNS_7IBinderE
_ZNK7android7IBinder13checkSubclassEPKv
_ZTv0_n24_N7android7IBinderD0Ev
_ZTv0_n24_N7android7IBinderD1Ev

================================================================
FILE: pvr_compute
TYPE: ELF 64-bit LSB shared object, ARM aarch64, version 1 (SYSV), dynamically linked, interpreter /system/bin/linker64, for Android 27, BuildID[md5/uuid]=9978a8a6ff29cce90d51fe5f09b86b53, stripped
--- NEEDED ---
0x0000000000000001 (NEEDED)             Shared library: [libcutils.so]
0x0000000000000001 (NEEDED)             Shared library: [libutils.so]
0x0000000000000001 (NEEDED)             Shared library: [liblog.so]
0x0000000000000001 (NEEDED)             Shared library: [libc++.so]
0x0000000000000001 (NEEDED)             Shared library: [libc.so]
0x0000000000000001 (NEEDED)             Shared library: [libm.so]
0x0000000000000001 (NEEDED)             Shared library: [libdl.so]
--- risky imported symbols (system-private surfaces) ---

================================================================
FILE: pvrservice
TYPE: ELF 64-bit LSB shared object, ARM aarch64, version 1 (SYSV), dynamically linked, interpreter /system/bin/linker64, for Android 27, BuildID[md5/uuid]=62786c8a80337627520b98806d73e470, stripped
--- NEEDED ---
0x0000000000000001 (NEEDED)             Shared library: [libpvrservice.so]
0x0000000000000001 (NEEDED)             Shared library: [libcutils.so]
0x0000000000000001 (NEEDED)             Shared library: [libutils.so]
0x0000000000000001 (NEEDED)             Shared library: [libhardware.so]
0x0000000000000001 (NEEDED)             Shared library: [libui.so]
0x0000000000000001 (NEEDED)             Shared library: [libgui.so]
0x0000000000000001 (NEEDED)             Shared library: [libandroid.so]
0x0000000000000001 (NEEDED)             Shared library: [libhardware_legacy.so]
0x0000000000000001 (NEEDED)             Shared library: [liblog.so]
0x0000000000000001 (NEEDED)             Shared library: [libbinder.so]
0x0000000000000001 (NEEDED)             Shared library: [libpowermanager.so]
0x0000000000000001 (NEEDED)             Shared library: [libbase.so]
0x0000000000000001 (NEEDED)             Shared library: [libsensor.so]
0x0000000000000001 (NEEDED)             Shared library: [libc++.so]
0x0000000000000001 (NEEDED)             Shared library: [libc.so]
0x0000000000000001 (NEEDED)             Shared library: [libm.so]
0x0000000000000001 (NEEDED)             Shared library: [libdl.so]
--- risky imported symbols (system-private surfaces) ---

================================================================
FILE: pxrconfigservicetest
TYPE: ELF 64-bit LSB shared object, ARM aarch64, version 1 (SYSV), dynamically linked, interpreter /system/bin/linker64, for Android 27, BuildID[md5/uuid]=5b533ab984d8d08e220c3a319873dd3f, stripped
--- NEEDED ---
0x0000000000000001 (NEEDED)             Shared library: [libutils.so]
0x0000000000000001 (NEEDED)             Shared library: [liblog.so]
0x0000000000000001 (NEEDED)             Shared library: [libc++.so]
0x0000000000000001 (NEEDED)             Shared library: [libc.so]
0x0000000000000001 (NEEDED)             Shared library: [libm.so]
0x0000000000000001 (NEEDED)             Shared library: [libdl.so]
--- risky imported symbols (system-private surfaces) ---

================================================================
FILE: pxrnotification_test
TYPE: ELF 64-bit LSB shared object, ARM aarch64, version 1 (SYSV), dynamically linked, interpreter /system/bin/linker64, for Android 27, BuildID[md5/uuid]=fd0336981e26d022433d5b9486d30c01, stripped
--- NEEDED ---
0x0000000000000001 (NEEDED)             Shared library: [libcutils.so]
0x0000000000000001 (NEEDED)             Shared library: [libutils.so]
0x0000000000000001 (NEEDED)             Shared library: [liblog.so]
0x0000000000000001 (NEEDED)             Shared library: [libbinder.so]
0x0000000000000001 (NEEDED)             Shared library: [libc++.so]
0x0000000000000001 (NEEDED)             Shared library: [libc.so]
0x0000000000000001 (NEEDED)             Shared library: [libm.so]
0x0000000000000001 (NEEDED)             Shared library: [libdl.so]
--- risky imported symbols (system-private surfaces) ---
_ZN7android6Parcel17writeStrongBinderERKNS_2spINS_7IBinderEEE
_ZN7android7BBinder11linkToDeathERKNS_2spINS_7IBinder14DeathRecipientEEEPvj
_ZN7android7BBinder13unlinkToDeathERKNS_2wpINS_7IBinder14DeathRecipientEEEPvjPS4_
_ZN7android7IBinder11localBinderEv
_ZN7android7IBinder12remoteBinderEv
_ZN7android7IBinder19queryLocalInterfaceERKNS_8String16E
_ZN7android7IBinderD0Ev
_ZN7android7IBinderD1Ev
_ZN7android9BpRefBaseC2ERKNS_2spINS_7IBinderEEE
_ZNK7android6Parcel14checkInterfaceEPNS_7IBinderE
_ZNK7android6Parcel16readStrongBinderEPNS_2spINS_7IBinderEEE
_ZNK7android7IBinder13checkSubclassEPKv
_ZTv0_n24_N7android7IBinderD0Ev
_ZTv0_n24_N7android7IBinderD1Ev

================================================================
FILE: qvrcameratest
TYPE: ELF 32-bit LSB shared object, ARM, EABI5 version 1 (SYSV), dynamically linked, interpreter /system/bin/linker, for Android 26, BuildID[md5/uuid]=e2fe949865ac6cfcf1c35304bc5b7258, stripped
--- NEEDED ---
0x00000001 (NEEDED)                     Shared library: [liblog.so]
0x00000001 (NEEDED)                     Shared library: [libcutils.so]
0x00000001 (NEEDED)                     Shared library: [libutils.so]
0x00000001 (NEEDED)                     Shared library: [libqvrservice_client.so]
0x00000001 (NEEDED)                     Shared library: [libqvrcamera_client.so]
0x00000001 (NEEDED)                     Shared library: [libc++.so]
0x00000001 (NEEDED)                     Shared library: [libdl.so]
0x00000001 (NEEDED)                     Shared library: [libc.so]
0x00000001 (NEEDED)                     Shared library: [libm.so]
--- risky imported symbols (system-private surfaces) ---

================================================================
FILE: qvrcameratest64
TYPE: ELF 64-bit LSB shared object, ARM aarch64, version 1 (SYSV), dynamically linked, interpreter /system/bin/linker64, for Android 26, BuildID[md5/uuid]=77210125a7dd6ad124cb6dce35bb9efc, stripped
--- NEEDED ---
0x0000000000000001 (NEEDED)             Shared library: [liblog.so]
0x0000000000000001 (NEEDED)             Shared library: [libcutils.so]
0x0000000000000001 (NEEDED)             Shared library: [libutils.so]
0x0000000000000001 (NEEDED)             Shared library: [libqvrservice_client.so]
0x0000000000000001 (NEEDED)             Shared library: [libqvrcamera_client.so]
0x0000000000000001 (NEEDED)             Shared library: [libc++.so]
0x0000000000000001 (NEEDED)             Shared library: [libdl.so]
0x0000000000000001 (NEEDED)             Shared library: [libc.so]
0x0000000000000001 (NEEDED)             Shared library: [libm.so]
--- risky imported symbols (system-private surfaces) ---

================================================================
FILE: qvrcameratseq
TYPE: ELF 32-bit LSB shared object, ARM, EABI5 version 1 (SYSV), dynamically linked, interpreter /system/bin/linker, for Android 26, BuildID[md5/uuid]=62dc0a7c9bc60d5c6a38a255d287573c, stripped
--- NEEDED ---
0x00000001 (NEEDED)                     Shared library: [liblog.so]
0x00000001 (NEEDED)                     Shared library: [libcutils.so]
0x00000001 (NEEDED)                     Shared library: [libc++.so]
0x00000001 (NEEDED)                     Shared library: [libdl.so]
0x00000001 (NEEDED)                     Shared library: [libc.so]
0x00000001 (NEEDED)                     Shared library: [libm.so]
--- risky imported symbols (system-private surfaces) ---

================================================================
FILE: qvrcameratseq64
TYPE: ELF 64-bit LSB shared object, ARM aarch64, version 1 (SYSV), dynamically linked, interpreter /system/bin/linker64, for Android 26, BuildID[md5/uuid]=3f02db557de7e2cc8e1bc0a6817d129c, stripped
--- NEEDED ---
0x0000000000000001 (NEEDED)             Shared library: [liblog.so]
0x0000000000000001 (NEEDED)             Shared library: [libcutils.so]
0x0000000000000001 (NEEDED)             Shared library: [libc++.so]
0x0000000000000001 (NEEDED)             Shared library: [libdl.so]
0x0000000000000001 (NEEDED)             Shared library: [libc.so]
0x0000000000000001 (NEEDED)             Shared library: [libm.so]
--- risky imported symbols (system-private surfaces) ---

================================================================
FILE: qvrservice
TYPE: ELF 32-bit LSB shared object, ARM, EABI5 version 1 (SYSV), dynamically linked, interpreter /system/bin/linker, for Android 27, BuildID[md5/uuid]=b3362e68291fba6c5b6d77e6892b24d9, stripped
--- NEEDED ---
0x00000001 (NEEDED)                     Shared library: [libqvrservice.so]
0x00000001 (NEEDED)                     Shared library: [liblog.so]
0x00000001 (NEEDED)                     Shared library: [libc++.so]
0x00000001 (NEEDED)                     Shared library: [libc.so]
0x00000001 (NEEDED)                     Shared library: [libm.so]
0x00000001 (NEEDED)                     Shared library: [libdl.so]
--- risky imported symbols (system-private surfaces) ---

================================================================
FILE: qvrservicetest
TYPE: ELF 32-bit LSB shared object, ARM, EABI5 version 1 (SYSV), dynamically linked, interpreter /system/bin/linker, for Android 26, BuildID[md5/uuid]=38d8abe94c794dceb31e1e34e03a5cf7, stripped
--- NEEDED ---
0x00000001 (NEEDED)                     Shared library: [liblog.so]
0x00000001 (NEEDED)                     Shared library: [libqvrservice_client.so]
0x00000001 (NEEDED)                     Shared library: [libc++.so]
0x00000001 (NEEDED)                     Shared library: [libdl.so]
0x00000001 (NEEDED)                     Shared library: [libc.so]
0x00000001 (NEEDED)                     Shared library: [libm.so]
--- risky imported symbols (system-private surfaces) ---

================================================================
FILE: qvrservicetest64
TYPE: ELF 64-bit LSB shared object, ARM aarch64, version 1 (SYSV), dynamically linked, interpreter /system/bin/linker64, for Android 26, BuildID[md5/uuid]=2b952a98154972e71eb3f1cc9a8a002c, stripped
--- NEEDED ---
0x0000000000000001 (NEEDED)             Shared library: [liblog.so]
0x0000000000000001 (NEEDED)             Shared library: [libqvrservice_client.so]
0x0000000000000001 (NEEDED)             Shared library: [libc++.so]
0x0000000000000001 (NEEDED)             Shared library: [libdl.so]
0x0000000000000001 (NEEDED)             Shared library: [libc.so]
0x0000000000000001 (NEEDED)             Shared library: [libm.so]
--- risky imported symbols (system-private surfaces) ---

--- vr : not ELF (ASCII text)

############ 5. init rc referencing VR services ############

############ 6. system manifest.xml (HAL inventory) ############
<manifest version="1.0" type="framework">
    <hal format="hidl">
        <name>android.frameworks.displayservice</name>
        <transport>hwbinder</transport>
        <version>1.0</version>
        <interface>
            <name>IDisplayService</name>
            <instance>default</instance>
        </interface>
    </hal>
    <hal format="hidl">
        <name>android.frameworks.schedulerservice</name>
        <transport>hwbinder</transport>
        <version>1.0</version>
        <interface>
            <name>ISchedulingPolicyService</name>
            <instance>default</instance>
        </interface>
    </hal>
    <hal format="hidl">
        <name>android.frameworks.sensorservice</name>
        <transport>hwbinder</transport>
        <version>1.0</version>
        <interface>
            <name>ISensorManager</name>
            <instance>default</instance>
        </interface>
    </hal>
    <hal format="hidl">
        <name>android.hardware.graphics.composer</name>
        <transport>hwbinder</transport>
        <version>2.1</version>
        <interface>
            <name>IComposer</name>
            <instance>vr</instance>
        </interface>
    </hal>
    <hal format="hidl">
        <name>android.hidl.allocator</name>
        <transport>hwbinder</transport>
        <version>1.0</version>
        <interface>
            <name>IAllocator</name>
            <instance>ashmem</instance>
        </interface>
    </hal>
    <hal format="hidl">
        <name>android.hidl.manager</name>
        <transport>hwbinder</transport>
        <version>1.1</version>
        <interface>
            <name>IServiceManager</name>
            <instance>default</instance>
        </interface>
    </hal>
    <hal format="hidl">
        <name>android.hidl.memory</name>
        <transport arch="32+64">passthrough</transport>
        <version>1.0</version>
        <interface>
            <name>IMapper</name>
            <instance>ashmem</instance>
        </interface>
    </hal>
    <hal format="hidl">
        <name>android.hidl.token</name>
        <transport>hwbinder</transport>
        <version>1.0</version>
        <interface>
            <name>ITokenManager</name>
            <instance>default</instance>
        </interface>
    </hal>
    <hal format="hidl">
        <name>android.system.net.netd</name>
        <transport>hwbinder</transport>
        <version>1.0</version>
        <interface>
            <name>INetd</name>
            <instance>default</instance>
        </interface>
    </hal>
    <hal format="hidl">
        <name>android.system.wifi.keystore</name>
        <transport>hwbinder</transport>
        <version>1.0</version>
        <interface>
            <name>IKeystore</name>
            <instance>default</instance>
        </interface>
    </hal>
    <hal format="native">
        <name>netutils-wrapper</name>
        <transport></transport>
        <version>1.0</version>
    </hal>
</manifest>

VRHUNT DONE
