--------- beginning of main
E/CHIUSECASE(  755): chxutils.cpp:1055 FillCameraId() FillCameraId 1 
E/OMX-VDEC-1080P( 1018): Unable to convey fps info to driver,                             performance might be affected
W/[ALVR NATIVE-RUST]( 9527): Video frame queue overflow!
E/CHIUSECASE(  755): chxutils.cpp:1055 FillCameraId() FillCameraId 1 
E/OMX-VDEC-1080P( 1018): Unable to convey fps info to driver,                             performance might be affected
W/[ALVR NATIVE-RUST]( 9527): Video frame queue overflow!
E/CHIUSECASE(  755): chxutils.cpp:1055 FillCameraId() FillCameraId 1 
E/OMX-VDEC-1080P( 1018): Unable to convey fps info to driver,                             performance might be affected
W/[ALVR NATIVE-RUST]( 9527): Video frame queue overflow!
E/CHIUSECASE(  755): chxutils.cpp:1055 FillCameraId() FillCameraId 1 
E/OMX-VDEC-1080P( 1018): Unable to convey fps info to driver,                             performance might be affected
W/[ALVR NATIVE-RUST]( 9527): Video frame queue overflow!
E/CHIUSECASE(  755): chxutils.cpp:1055 FillCameraId() FillCameraId 1 
E/CHIUSECASE(  755): chxutils.cpp:1055 FillCameraId() FillCameraId 1 
E/OMX-VDEC-1080P( 1018): Unable to convey fps info to driver,                             performance might be affected
W/[ALVR NATIVE-RUST]( 9527): Video frame queue overflow!
E/OMX-VDEC-1080P( 1018): Unable to convey fps info to driver,                             performance might be affected
W/[ALVR NATIVE-RUST]( 9527): Video frame queue overflow!
E/CHIUSECASE(  755): chxutils.cpp:1055 FillCameraId() FillCameraId 1 
E/CHIUSECASE(  755): chxutils.cpp:1055 FillCameraId() FillCameraId 1 
E/OMX-VDEC-1080P( 1018): Unable to convey fps info to driver,                             performance might be affected
W/[ALVR NATIVE-RUST]( 9527): Video frame queue overflow!
E/CHIUSECASE(  755): chxutils.cpp:1055 FillCameraId() FillCameraId 1 
E/OMX-VDEC-1080P( 1018): Unable to convey fps info to driver,                             performance might be affected
W/[ALVR NATIVE-RUST]( 9527): Video frame queue overflow!
E/CHIUSECASE(  755): chxutils.cpp:1055 FillCameraId() FillCameraId 1 
E/OMX-VDEC-1080P( 1018): Unable to convey fps info to driver,                             performance might be affected
W/[ALVR NATIVE-RUST]( 9527): Video frame queue overflow!
E/CHIUSECASE(  755): chxutils.cpp:1055 FillCameraId() FillCameraId 1 
E/OMX-VDEC-1080P( 1018): Unable to convey fps info to driver,                             performance might be affected
W/[ALVR NATIVE-RUST]( 9527): Video frame queue overflow!
E/CHIUSECASE(  755): chxutils.cpp:1055 FillCameraId() FillCameraId 1 
E/OMX-VDEC-1080P( 1018): Unable to convey fps info to driver,                             performance might be affected
E/CHIUSECASE(  755): chxutils.cpp:1055 FillCameraId() FillCameraId 1 
W/[ALVR NATIVE-RUST]( 9527): Video frame queue overflow!
E/CHIUSECASE(  755): chxutils.cpp:1055 FillCameraId() FillCameraId 1 
E/OMX-VDEC-1080P( 1018): Unable to convey fps info to driver,                             performance might be affected
W/[ALVR NATIVE-RUST]( 9527): Video frame queue overflow!
E/CHIUSECASE(  755): chxutils.cpp:1055 FillCameraId() FillCameraId 1 
E/OMX-VDEC-1080P( 1018): Unable to convey fps info to driver,                             performance might be affected
W/[ALVR NATIVE-RUST]( 9527): Video frame queue overflow!
E/CHIUSECASE(  755): chxutils.cpp:1055 FillCameraId() FillCameraId 1 
E/OMX-VDEC-1080P( 1018): Unable to convey fps info to driver,                             performance might be affected
E/CHIUSECASE(  755): chxutils.cpp:1055 FillCameraId() FillCameraId 1 
W/[ALVR NATIVE-RUST]( 9527): Video frame queue overflow!
E/CHIUSECASE(  755): chxutils.cpp:1055 FillCameraId() FillCameraId 1 
E/OMX-VDEC-1080P( 1018): Unable to convey fps info to driver,                             performance might be affected
W/[ALVR NATIVE-RUST]( 9527): Video frame queue overflow!
E/CHIUSECASE(  755): chxutils.cpp:1055 FillCameraId() FillCameraId 1 
E/OMX-VDEC-1080P( 1018): Unable to convey fps info to driver,                             performance might be affected
W/[ALVR NATIVE-RUST]( 9527): Video frame queue overflow!
E/CHIUSECASE(  755): chxutils.cpp:1055 FillCameraId() FillCameraId 1 
E/OMX-VDEC-1080P( 1018): Unable to convey fps info to driver,                             performance might be affected
W/[ALVR NATIVE-RUST]( 9527): Video frame queue overflow!
E/CHIUSECASE(  755): chxutils.cpp:1055 FillCameraId() FillCameraId 1 
E/CHIUSECASE(  755): chxutils.cpp:1055 FillCameraId() FillCameraId 1 
E/OMX-VDEC-1080P( 1018): Unable to convey fps info to driver,                             performance might be affected
W/[ALVR NATIVE-RUST]( 9527): Video frame queue overflow!
E/CHIUSECASE(  755): chxutils.cpp:1055 FillCameraId() FillCameraId 1 
E/OMX-VDEC-1080P( 1018): Unable to convey fps info to driver,                             performance might be affected
W/[ALVR NATIVE-RUST]( 9527): Video frame queue overflow!
E/CHIUSECASE(  755): chxutils.cpp:1055 FillCameraId() FillCameraId 1 
E/OMX-VDEC-1080P( 1018): Unable to convey fps info to driver,                             performance might be affected
W/[ALVR NATIVE-RUST]( 9527): Video frame queue overflow!
E/CHIUSECASE(  755): chxutils.cpp:1055 FillCameraId() FillCameraId 1 
E/OMX-VDEC-1080P( 1018): Unable to convey fps info to driver,                             performance might be affected
E/CHIUSECASE(  755): chxutils.cpp:1055 FillCameraId() FillCameraId 1 
W/[ALVR NATIVE-RUST]( 9527): Video frame queue overflow!
E/CHIUSECASE(  755): chxutils.cpp:1055 FillCameraId() FillCameraId 1 
E/OMX-VDEC-1080P( 1018): Unable to convey fps info to driver,                             performance might be affected
W/[ALVR NATIVE-RUST]( 9527): Video frame queue overflow!
D/SurfaceFlinger(  798): Vsync watchDog is alive
D/SurfaceFlinger(  798): WatchDog:Not sync with hareware reach 0.0 seconds.
E/CHIUSECASE(  755): chxutils.cpp:1055 FillCameraId() FillCameraId 1 
E/OMX-VDEC-1080P( 1018): Unable to convey fps info to driver,                             performance might be affected
W/[ALVR NATIVE-RUST]( 9527): Video frame queue overflow!
E/CHIUSECASE(  755): chxutils.cpp:1055 FillCameraId() FillCameraId 1 
E/OMX-VDEC-1080P( 1018): Unable to convey fps info to driver,                             performance might be affected
W/[ALVR NATIVE-RUST]( 9527): Video frame queue overflow!
E/CHIUSECASE(  755): chxutils.cpp:1055 FillCameraId() FillCameraId 1 
E/OMX-VDEC-1080P( 1018): Unable to convey fps info to driver,                             performance might be affected
E/CHIUSECASE(  755): chxutils.cpp:1055 FillCameraId() FillCameraId 1 
W/[ALVR NATIVE-RUST]( 9527): Video frame queue overflow!
E/CHIUSECASE(  755): chxutils.cpp:1055 FillCameraId() FillCameraId 1 
E/OMX-VDEC-1080P( 1018): Unable to convey fps info to driver,                             performance might be affected
W/[ALVR NATIVE-RUST]( 9527): Video frame queue overflow!
E/CHIUSECASE(  755): chxutils.cpp:1055 FillCameraId() FillCameraId 1 
E/OMX-VDEC-1080P( 1018): Unable to convey fps info to driver,                             performance might be affected
W/[ALVR NATIVE-RUST]( 9527): Video frame queue overflow!
E/CHIUSECASE(  755): chxutils.cpp:1055 FillCameraId() FillCameraId 1 
E/OMX-VDEC-1080P( 1018): Unable to convey fps info to driver,                             performance might be affected
W/[ALVR NATIVE-RUST]( 9527): Video frame queue overflow!
E/CHIUSECASE(  755): chxutils.cpp:1055 FillCameraId() FillCameraId 1 
E/OMX-VDEC-1080P( 1018): Unable to convey fps info to driver,                             performance might be affected
W/[ALVR NATIVE-RUST]( 9527): Video frame queue overflow!
E/CHIUSECASE(  755): chxutils.cpp:1055 FillCameraId() FillCameraId 1 
E/OMX-VDEC-1080P( 1018): Unable to convey fps info to driver,                             performance might be affected
E/CHIUSECASE(  755): chxutils.cpp:1055 FillCameraId() FillCameraId 1 
W/[ALVR NATIVE-RUST]( 9527): Video frame queue overflow!
E/CHIUSECASE(  755): chxutils.cpp:1055 FillCameraId() FillCameraId 1 
E/OMX-VDEC-1080P( 1018): Unable to convey fps info to driver,                             performance might be affected
W/[ALVR NATIVE-RUST]( 9527): Video frame queue overflow!
E/CHIUSECASE(  755): chxutils.cpp:1055 FillCameraId() FillCameraId 1 
E/OMX-VDEC-1080P( 1018): Unable to convey fps info to driver,                             performance might be affected
W/[ALVR NATIVE-RUST]( 9527): Video frame queue overflow!
E/CHIUSECASE(  755): chxutils.cpp:1055 FillCameraId() FillCameraId 1 
E/OMX-VDEC-1080P( 1018): Unable to convey fps info to driver,                             performance might be affected
W/[ALVR NATIVE-RUST]( 9527): Video frame queue overflow!
E/CHIUSECASE(  755): chxutils.cpp:1055 FillCameraId() FillCameraId 1 
E/CHIUSECASE(  755): chxutils.cpp:1055 FillCameraId() FillCameraId 1 
E/OMX-VDEC-1080P( 1018): Unable to convey fps info to driver,                             performance might be affected
W/[ALVR NATIVE-RUST]( 9527): Video frame queue overflow!
E/CHIUSECASE(  755): chxutils.cpp:1055 FillCameraId() FillCameraId 1 
E/OMX-VDEC-1080P( 1018): Unable to convey fps info to driver,                             performance might be affected
W/[ALVR NATIVE-RUST]( 9527): Video frame queue overflow!
E/CHIUSECASE(  755): chxutils.cpp:1055 FillCameraId() FillCameraId 1 
E/OMX-VDEC-1080P( 1018): Unable to convey fps info to driver,                             performance might be affected
W/[ALVR NATIVE-RUST]( 9527): Video frame queue overflow!
E/CHIUSECASE(  755): chxutils.cpp:1055 FillCameraId() FillCameraId 1 
E/OMX-VDEC-1080P( 1018): Unable to convey fps info to driver,                             performance might be affected
W/[ALVR NATIVE-RUST]( 9527): Video frame queue overflow!
E/CHIUSECASE(  755): chxutils.cpp:1055 FillCameraId() FillCameraId 1 
E/CHIUSECASE(  755): chxutils.cpp:1055 FillCameraId() FillCameraId 1 
E/OMX-VDEC-1080P( 1018): Unable to convey fps info to driver,                             performance might be affected
W/[ALVR NATIVE-RUST]( 9527): Video frame queue overflow!
E/CHIUSECASE(  755): chxutils.cpp:1055 FillCameraId() FillCameraId 1 
E/OMX-VDEC-1080P( 1018): Unable to convey fps info to driver,                             performance might be affected
W/[ALVR NATIVE-RUST]( 9527): Video frame queue overflow!
E/CHIUSECASE(  755): chxutils.cpp:1055 FillCameraId() FillCameraId 1 
E/OMX-VDEC-1080P( 1018): Unable to convey fps info to driver,                             performance might be affected
W/[ALVR NATIVE-RUST]( 9527): Video frame queue overflow!
E/CHIUSECASE(  755): chxutils.cpp:1055 FillCameraId() FillCameraId 1 
E/OMX-VDEC-1080P( 1018): Unable to convey fps info to driver,                             performance might be affected
E/CHIUSECASE(  755): chxutils.cpp:1055 FillCameraId() FillCameraId 1 
W/[ALVR NATIVE-RUST]( 9527): Video frame queue overflow!
D/NtpTrustedTime( 1294): currentTimeMillis() cache hit
E/OMX-VDEC-1080P( 1018): Unable to convey fps info to driver,                             performance might be affected
W/[ALVR NATIVE-RUST]( 9527): Video frame queue overflow!
E/CHIUSECASE(  755): chxutils.cpp:1055 FillCameraId() FillCameraId 1 
D/NtpTrustedTime( 1294): currentTimeMillis() cache hit
D/PvrPlatform( 5931): Already keep stationary state for 0 secend
D/PvrPlatform( 5931): Already keep stationary state for 0 secend
E/CHIUSECASE(  755): chxutils.cpp:1055 FillCameraId() FillCameraId 1 
E/OMX-VDEC-1080P( 1018): Unable to convey fps info to driver,                             performance might be affected
W/[ALVR NATIVE-RUST]( 9527): Video frame queue overflow!
E/CHIUSECASE(  755): chxutils.cpp:1055 FillCameraId() FillCameraId 1 
E/OMX-VDEC-1080P( 1018): Unable to convey fps info to driver,                             performance might be affected
W/[ALVR NATIVE-RUST]( 9527): Video frame queue overflow!
E/CHIUSECASE(  755): chxutils.cpp:1055 FillCameraId() FillCameraId 1 
E/OMX-VDEC-1080P( 1018): Unable to convey fps info to driver,                             performance might be affected
W/[ALVR NATIVE-RUST]( 9527): Video frame queue overflow!
E/CHIUSECASE(  755): chxutils.cpp:1055 FillCameraId() FillCameraId 1 
E/OMX-VDEC-1080P( 1018): Unable to convey fps info to driver,                             performance might be affected
W/[ALVR NATIVE-RUST]( 9527): Video frame queue overflow!
E/CHIUSECASE(  755): chxutils.cpp:1055 FillCameraId() FillCameraId 1 
E/CHIUSECASE(  755): chxutils.cpp:1055 FillCameraId() FillCameraId 1 
E/OMX-VDEC-1080P( 1018): Unable to convey fps info to driver,                             performance might be affected
W/[ALVR NATIVE-RUST]( 9527): Video frame queue overflow!
I/emSLPIThread( 2550): type=1400 audit(0.0:3904): avc: denied { read } for scontext=u:r:system_app:s0 tcontext=u:r:system_app:s0 tclass=socket permissive=1
I/P2ALVR-native( 9527): REAL_TIME_CONFIG: no foveation change
E/CHIUSECASE(  755): chxutils.cpp:1055 FillCameraId() FillCameraId 1 
E/OMX-VDEC-1080P( 1018): Unable to convey fps info to driver,                             performance might be affected
W/[ALVR NATIVE-RUST]( 9527): Video frame queue overflow!
E/CHIUSECASE(  755): chxutils.cpp:1055 FillCameraId() FillCameraId 1 
E/OMX-VDEC-1080P( 1018): Unable to convey fps info to driver,                             performance might be affected
W/[ALVR NATIVE-RUST]( 9527): Video frame queue overflow!
E/CHIUSECASE(  755): chxutils.cpp:1055 FillCameraId() FillCameraId 1 
--------- beginning of system
I/ActivityManager( 1294): Force stopping com.pvr.vrshell appid=1000 user=0: from pid 10638
E/ANDR-IOP(  778): IOP HAL: Received pkg_name = com.pvr.vrshell pid = 0
I/ActivityManager( 1294): Killing 9775:com.pvr.vrshell/1000 (adj 100): stop com.pvr.vrshell
E/ANDR-IOP(  778): IOP HAL: Received pkg_name = com.pvr.vrshell pid = 0
W/system_server( 1294): kill(-9775, 9) failed: No such process
E/CHIUSECASE(  755): chxutils.cpp:1055 FillCameraId() FillCameraId 1 
E/OMX-VDEC-1080P( 1018): Unable to convey fps info to driver,                             performance might be affected
W/[ALVR NATIVE-RUST]( 9527): Video frame queue overflow!
W/ActivityManager( 1294): Force removing ActivityRecord{c58320b u0 com.pvr.vrshell/.MainActivity t1954}: app died, no saved state
W/system_server( 1294): kill(-9775, 9) failed: No such process
E/CHIUSECASE(  755): chxutils.cpp:1055 FillCameraId() FillCameraId 1 
E/OMX-VDEC-1080P( 1018): Unable to convey fps info to driver,                             performance might be affected
W/[ALVR NATIVE-RUST]( 9527): Video frame queue overflow!
W/system_server( 1294): kill(-9775, 9) failed: No such process
E/PhoneInterfaceManager( 1664): [PhoneIntfMgr] getCarrierPackageNamesForIntent: No UICC
D/CarrierSvcBindHelper( 1664): No carrier app for: 0
E/PhoneInterfaceManager( 1664): [PhoneIntfMgr] getCarrierPackageNamesForIntent: No UICC
I/b       ( 2340): check# unBind: unBind Verify Service
D/CarrierSvcBindHelper( 1664): No carrier app for: 1
I/NestServer( 2064): NestSs--  onForegroundActivitiesChanged--# true
E/CHIUSECASE(  755): chxutils.cpp:1055 FillCameraId() FillCameraId 1 
W/system_server( 1294): kill(-9775, 9) failed: No such process
E/OMX-VDEC-1080P( 1018): Unable to convey fps info to driver,                             performance might be affected
I/Layer   (  798): Scene mode is 0
D/SurfaceFlinger(  798): handleVRInfo()
E/CHIUSECASE(  755): chxutils.cpp:1055 FillCameraId() FillCameraId 1 
I/Layer   (  798): Scene mode is 0
W/[ALVR NATIVE-RUST]( 9527): Video frame queue overflow!
D/SurfaceFlinger(  798): handleVRInfo()
I/Layer   (  798): Scene mode is 0
I/P2ALVR  ( 9527): surfaceCreated
I/P2ALVR  ( 9527): surfaceChanged 3840x2160
I/P2ALVR-native( 9527): nativeSurfaceChanged window=0xd185c008
I/CVControllerService( 2550): SetUnityVersion 2 8 6 9 unityVersion 2.8.6.9
I/P2ALVR  ( 9527): surface returned after takeover -> reclaiming CV controller link
D/CVControllerService( 2550): handleMessage=====
D/CVControllerService( 2550): MSG_SET_UNITY_VERSION unityVersion = 2.8.6.9
I/VrApi   ( 2550): current version is 2869
W/system_server( 1294): kill(-9775, 9) failed: No such process
E/OMX-VDEC-1080P( 1018): Unable to convey fps info to driver,                             performance might be affected
W/[ALVR NATIVE-RUST]( 9527): Video frame queue overflow!
E/CHIUSECASE(  755): chxutils.cpp:1055 FillCameraId() FillCameraId 1 
W/system_server( 1294): kill(-9775, 9) failed: No such process
I/P2ALVR  ( 9527): both controllers connected -> settling 300ms before 6DoF start
E/OMX-VDEC-1080P( 1018): Unable to convey fps info to driver,                             performance might be affected
W/[ALVR NATIVE-RUST]( 9527): Video frame queue overflow!
W/system_server( 1294): kill(-9775, 9) failed: No such process
E/CHIUSECASE(  755): chxutils.cpp:1055 FillCameraId() FillCameraId 1 
W/system_server( 1294): kill(-9775, 9) failed: No such process
E/CHIUSECASE(  755): chxutils.cpp:1055 FillCameraId() FillCameraId 1 
E/OMX-VDEC-1080P( 1018): Unable to convey fps info to driver,                             performance might be affected
W/[ALVR NATIVE-RUST]( 9527): Video frame queue overflow!
W/system_server( 1294): kill(-9775, 9) failed: No such process
I/UnityPlugin( 9527): OnRenderEvent EVENT_PAUSE
E/CHIUSECASE(  755): chxutils.cpp:1055 FillCameraId() FillCameraId 1 
W/system_server( 1294): kill(-9775, 9) failed: No such process
E/OMX-VDEC-1080P( 1018): Unable to convey fps info to driver,                             performance might be affected
W/[ALVR NATIVE-RUST]( 9527): Video frame queue overflow!
E/CHIUSECASE(  755): chxutils.cpp:1055 FillCameraId() FillCameraId 1 
W/system_server( 1294): kill(-9775, 9) failed: No such process
E/CHIUSECASE(  755): chxutils.cpp:1055 FillCameraId() FillCameraId 1 
E/OMX-VDEC-1080P( 1018): Unable to convey fps info to driver,                             performance might be affected
W/system_server( 1294): kill(-9775, 9) failed: No such process
W/[ALVR NATIVE-RUST]( 9527): Video frame queue overflow!
E/OMX-VDEC-1080P( 1018): Unable to convey fps info to driver,                             performance might be affected
W/system_server( 1294): kill(-9775, 9) failed: No such process
E/CHIUSECASE(  755): chxutils.cpp:1055 FillCameraId() FillCameraId 1 
W/[ALVR NATIVE-RUST]( 9527): Video frame queue overflow!
W/system_server( 1294): kill(-9775, 9) failed: No such process
E/CHIUSECASE(  755): chxutils.cpp:1055 FillCameraId() FillCameraId 1 
E/OMX-VDEC-1080P( 1018): Unable to convey fps info to driver,                             performance might be affected
W/[ALVR NATIVE-RUST]( 9527): Video frame queue overflow!
W/system_server( 1294): kill(-9775, 9) failed: No such process
E/CHIUSECASE(  755): chxutils.cpp:1055 FillCameraId() FillCameraId 1 
W/system_server( 1294): kill(-9775, 9) failed: No such process
E/OMX-VDEC-1080P( 1018): Unable to convey fps info to driver,                             performance might be affected
W/[ALVR NATIVE-RUST]( 9527): Video frame queue overflow!
E/CHIUSECASE(  755): chxutils.cpp:1055 FillCameraId() FillCameraId 1 
W/system_server( 1294): kill(-9775, 9) failed: No such process
W/system_server( 1294): kill(-9775, 9) failed: No such process
E/OMX-VDEC-1080P( 1018): Unable to convey fps info to driver,                             performance might be affected
W/[ALVR NATIVE-RUST]( 9527): Video frame queue overflow!
E/CHIUSECASE(  755): chxutils.cpp:1055 FillCameraId() FillCameraId 1 
I/Adreno  (  798): DequeueBuffer: dequeueBuffer failed
I/Adreno  (  798): DequeueBuffer: dequeueBuffer failed
E/DisplayDevice(  798): eglSwapBuffers(0x1, 0x76bdd006c0) failed with 0x0000300d
W/system_server( 1294): kill(-9775, 9) failed: No such process
E/OMX-VDEC-1080P( 1018): Unable to convey fps info to driver,                             performance might be affected
W/[ALVR NATIVE-RUST]( 9527): Video frame queue overflow!
E/CHIUSECASE(  755): chxutils.cpp:1055 FillCameraId() FillCameraId 1 
W/SurfaceFlinger(  798): EventThread: dropping event (7673796e) for connection 0x77458b22e0
W/system_server( 1294): kill(-9775, 9) failed: No such process
E/CHIUSECASE(  755): chxutils.cpp:1055 FillCameraId() FillCameraId 1 
E/OMX-VDEC-1080P( 1018): Unable to convey fps info to driver,                             performance might be affected
W/[ALVR NATIVE-RUST]( 9527): Video frame queue overflow!
W/system_server( 1294): kill(-9775, 9) failed: No such process
W/SurfaceFlinger(  798): EventThread: dropping event (7673796e) for connection 0x77458b22e0
E/CHIUSECASE(  755): chxutils.cpp:1055 FillCameraId() FillCameraId 1 
W/system_server( 1294): kill(-9775, 9) failed: No such process
E/OMX-VDEC-1080P( 1018): Unable to convey fps info to driver,                             performance might be affected
W/[ALVR NATIVE-RUST]( 9527): Video frame queue overflow!
W/SurfaceFlinger(  798): EventThread: dropping event (7673796e) for connection 0x77458b22e0
E/CHIUSECASE(  755): chxutils.cpp:1055 FillCameraId() FillCameraId 1 
W/system_server( 1294): kill(-9775, 9) failed: No such process
E/OMX-VDEC-1080P( 1018): Unable to convey fps info to driver,                             performance might be affected
W/[ALVR NATIVE-RUST]( 9527): Video frame queue overflow!
W/system_server( 1294): kill(-9775, 9) failed: No such process
E/CHIUSECASE(  755): chxutils.cpp:1055 FillCameraId() FillCameraId 1 
W/SurfaceFlinger(  798): EventThread: dropping event (7673796e) for connection 0x77458b22e0
W/system_server( 1294): kill(-9775, 9) failed: No such process
E/CHIUSECASE(  755): chxutils.cpp:1055 FillCameraId() FillCameraId 1 
E/OMX-VDEC-1080P( 1018): Unable to convey fps info to driver,                             performance might be affected
W/[ALVR NATIVE-RUST]( 9527): Video frame queue overflow!
W/SurfaceFlinger(  798): EventThread: dropping event (7673796e) for connection 0x77458b22e0
W/system_server( 1294): kill(-9775, 9) failed: No such process
E/CHIUSECASE(  755): chxutils.cpp:1055 FillCameraId() FillCameraId 1 
E/OMX-VDEC-1080P( 1018): Unable to convey fps info to driver,                             performance might be affected
W/[ALVR NATIVE-RUST]( 9527): Video frame queue overflow!
W/SurfaceFlinger(  798): EventThread: dropping event (7673796e) for connection 0x77458b22e0
I/Adreno  (  798): DequeueBuffer: dequeueBuffer failed
I/Adreno  (  798): DequeueBuffer: dequeueBuffer failed
W/system_server( 1294): kill(-9775, 9) failed: No such process
E/DisplayDevice(  798): eglSwapBuffers(0x1, 0x76bdd006c0) failed with 0x0000300d
E/CHIUSECASE(  755): chxutils.cpp:1055 FillCameraId() FillCameraId 1 
E/OMX-VDEC-1080P( 1018): Unable to convey fps info to driver,                             performance might be affected
W/[ALVR NATIVE-RUST]( 9527): Video frame queue overflow!
W/system_server( 1294): kill(-9775, 9) failed: No such process
D/PvrManagerService( 1294): PvrCallback for pid 9775 died.
I/VirtualDisplayAdapter( 1294): Virtual display device released because application token died: com.pvr.vrshell
V/PvrService( 5931): removeNotificationClient() pid 9775
D/PvrManagerService( 1294): PvrCallback for pid 9775 died.
W/ActivityManager( 1294): setHasOverlayUi called on unknown pid: 9775
I/sensors-hal(  766): batch:161, android.sensor.accelerometer/34, period=2000000, max_latency=0
I/sensors-hal(  766): batch:170, android.sensor.accelerometer/34, period=2000000, max_latency=0 request completed
I/DisplayManagerService( 1294): Display device removed: DisplayDeviceInfo{"PvrShellDisplay": uniqueId="virtual:com.pvr.vrshell:277f1a09-b88d-4d1e-8716-796f114d09cd", 1600 x 2880, modeId 8, defaultModeId 8, supportedModes [{id=8, width=1600, height=2880, fps=60.0}], colorMode 0, supportedColorModes [0], HdrCapabilities null, density 560, 560.0 x 560.0 dpi, appVsyncOff 0, presDeadline 16666666, touch VIRTUAL, rotation 0, type VIRTUAL, state ON, owner com.pvr.vrshell (uid 1000), FLAG_ROTATES_WITH_CONTENT, FLAG_OWN_CONTENT_ONLY}
W/libEGL  (  798): EGLNativeWindowType 0x76bd6d7010 disconnect failed
V//vendor/bin/cdsprpcd( 1003): vendor/qcom/proprietary/adsprpc/src/sysmon_cdsp_imp.c:45: Got L3 frequency request from CDSP for 0KHz
I/UnityPlugin( 9527): PVR_Pause()
I/P2ALVR-native( 9527): HW compositor: warp paused for surface teardown
E/PvrService( 5931): VRModeStateClient::onClientDied pid=9775
I/PvrService( 5931): mPrevTrackingMode 7, trackingMode 7
D/PvrService( 5931): removeNotificationClient done
I/PVR_VsyncListen( 5931): type=1400 audit(0.0:3905): avc: denied { call } for scontext=u:r:pvrservice:s0 tcontext=u:r:surfaceflinger:s0 tclass=binder permissive=1
E/CHIUSECASE(  755): chxutils.cpp:1055 FillCameraId() FillCameraId 1 
I/P2ALVR-native( 9527): window surface ready 3840x2160
I/UnityPlugin( 9527): OnRenderEvent EVENT_INIT_RENDERTHREAD
D/PvrService( 5931): setParameter:name(ShowSafetyTip), value(false)
D/PvrService( 5931): Do not show safety tip
E/PvrService( 5931): VRModeStateClient::setClientSafetyTipStatus pid=9527, status=0
I/UnityPlugin( 9527): OnRenderEvent EVENT_INIT_RENDERTHREAD ShowSafetyTip false
E/PvrService( 5931): VRModeStateClient::startVRMode pid=9527
I/PvrService( 5931): mPrevTrackingMode 7, trackingMode 7
D/PvrService( 5931): ---------------------No safety tip for pid:9527
I/UnityPlugin( 9527): PVR_setPerformanceLevels 0 , 0
I/UnityPlugin( 9527): PVR_SetCpuLevel  level 0
I/PvrPlatform( 5931): setCPULevel:0 1
D/audio_hw_utils(  753): audio_extn_utils_compress_get_dsp_latency:: Using Fix DSP delay
D/audio_hw_utils(  753): audio_extn_utils_compress_get_dsp_latency:: delay in ms is 50
W/system_server( 1294): kill(-9775, 9) failed: No such process
I/system_server( 1294): Successfully killed process cgroup uid 1000 pid 9775 in 262ms
D/ActivityTrigger( 1294): activityResumeTrigger: The activity in ApplicationInfo{f4c5737 com.alvr.pico2} is now in focus and seems to be in full-screen mode
E/ActivityTrigger( 1294): activityResumeTrigger: not whiteListedcom.alvr.pico2/com.alvr.pico2.MainActivity/31
D/ActivityTrigger( 1294): ActivityTrigger activityPauseTrigger 
D/audio_hw_utils(  753): audio_extn_utils_compress_get_dsp_latency:: Using Fix DSP delay
D/audio_hw_utils(  753): audio_extn_utils_compress_get_dsp_latency:: delay in ms is 50
D/audio_hw_primary(  753): copl(0xf399c800):pause compress driver
D/audio_hw_primary(  753): copl(0xf399c800):calling compress flush
I/PVRHome ( 7169): RecActivity.onPause
I/InputReader( 1294): Reconfiguring input devices.  changes=0x00000004
I/InputReader( 1294):   Touch device 'pvr-virtual-input-1' could not query the properties of its associated display.  The device will be inoperable until the display size becomes available.
I/InputReader( 1294):   Touch device 'pvr-virtual-input-2' could not query the properties of its associated display.  The device will be inoperable until the display size becomes available.
E/OMX-VDEC-1080P( 1018): Unable to convey fps info to driver,                             performance might be affected
W/[ALVR NATIVE-RUST]( 9527): Video frame queue overflow!
E/CHIUSECASE(  755): chxutils.cpp:1055 FillCameraId() FillCameraId 1 
D/ActivityManager( 1294): finishAllActivitiesLocked: finishing ActivityRecord{ac9d0d8 u0 com.pvr.home/.RecActivity t1955} immediately
E/OMX-VDEC-1080P( 1018): Unable to convey fps info to driver,                             performance might be affected
E/CHIUSECASE(  755): chxutils.cpp:1055 FillCameraId() FillCameraId 1 
W/[ALVR NATIVE-RUST]( 9527): Video frame queue overflow!
D/ActivityManager( 1294): finishAllActivitiesLocked: finishing ActivityRecord{41509c6 u0 com.pvr.home/.AllAppActivity t1956} immediately
I/PVRHome ( 7234): com.pvr.home.AllAppActivity.onDestroy
I/VersionManagerLib( 7234): VersionManager-->unbindVersionManagerService
I/PVRHome ( 7169): RecActivity.onStop
E/CHIUSECASE(  755): chxutils.cpp:1055 FillCameraId() FillCameraId 1 
D/ActivityTrigger( 1294): activityResumeTrigger: The activity in ApplicationInfo{f4c5737 com.alvr.pico2} is now in focus and seems to be in full-screen mode
E/ActivityTrigger( 1294): activityResumeTrigger: not whiteListedcom.alvr.pico2/com.alvr.pico2.MainActivity/31
I/PVRHome ( 7169): RecActivity.onDestroy
E/OMX-VDEC-1080P( 1018): Unable to convey fps info to driver,                             performance might be affected
W/[ALVR NATIVE-RUST]( 9527): Video frame queue overflow!
I/PvrService( 5931): OnTransact:code=2001
E/PvrService( 5931): Set 6dof global tracking status:1
D/6dof    ( 9527): pvr6dofStopped :false  lastIs3dof :false   stopped prop: false   3dof propfalse
D/6dof    ( 9527): metaDataType :1    isWaveVR :false
W/propdebug( 9527): key is pvr.running.app.3dof value is false pid is 9527
I/com.alvr.pico2( 9527): type=1400 audit(0.0:3906): avc: denied { write } for name="property_service" dev="tmpfs" ino=20728 scontext=u:r:untrusted_app:s0:c512,c768 tcontext=u:object_r:property_socket:s0 tclass=sock_file permissive=1
I/com.alvr.pico2( 9527): type=1400 audit(0.0:3907): avc: denied { connectto } for path="/dev/socket/property_service" scontext=u:r:untrusted_app:s0:c512,c768 tcontext=u:r:init:s0 tclass=unix_stream_socket permissive=1
E/CHIUSECASE(  755): chxutils.cpp:1055 FillCameraId() FillCameraId 1 
E/OMX-VDEC-1080P( 1018): Unable to convey fps info to driver,                             performance might be affected
W/[ALVR NATIVE-RUST]( 9527): Video frame queue overflow!
E/CHIUSECASE(  755): chxutils.cpp:1055 FillCameraId() FillCameraId 1 
E/OMX-VDEC-1080P( 1018): Unable to convey fps info to driver,                             performance might be affected
D/audio_hw_primary(  753): copl(0xf399c800):out of compress flush
W/[ALVR NATIVE-RUST]( 9527): Video frame queue overflow!
E/CHIUSECASE(  755): chxutils.cpp:1055 FillCameraId() FillCameraId 1 
E/OMX-VDEC-1080P( 1018): Unable to convey fps info to driver,                             performance might be affected
W/[ALVR NATIVE-RUST]( 9527): Video frame queue overflow!
E/CHIUSECASE(  755): chxutils.cpp:1055 FillCameraId() FillCameraId 1 
E/MSM-irqbalance( 1146): IRQ 76 not found in internal structure or should be ignored
E/OMX-VDEC-1080P( 1018): Unable to convey fps info to driver,                             performance might be affected
E/CHIUSECASE(  755): chxutils.cpp:1055 FillCameraId() FillCameraId 1 
W/[ALVR NATIVE-RUST]( 9527): Video frame queue overflow!
I/CVControllerService( 2550): SetUnityVersion 2 8 6 9 unityVersion 2.8.6.9
D/CVControllerService( 2550): handleMessage=====
D/CVControllerService( 2550): MSG_SET_UNITY_VERSION unityVersion = 2.8.6.9
I/VrApi   ( 2550): current version is 2869
D/ControllerClient( 9527): call client startControllerThread(1,1)
D/CVControllerService( 2550): startCVControllerThread headSensorState = 1,handSensorState = 1
I/P2ALVR  ( 9527): controller link settled -> startControllerThread (handedness bound)
D/CVControllerService( 2550): handleMessage=====
D/CVControllerService( 2550): handleMessage===== MSG_START_SPI_THREAD  isSpiThreadStart
I/VrApi   ( 2550): PVR_SERVICE_QUATERNION_MODE StopSensor GlobalTracking
E/PvrService( 5931): VRModeStateClient::stopVRMode pid=2550
I/PvrService( 5931): mPrevTrackingMode 7, trackingMode 7
I/CvSvcJNI( 2550): Stopped Head Sensor.
I/CvSvcJNI( 2550): Track Mode: Head=1, Hand=1.
D/cvcontrollerService( 2550): CallbackControllerFirstFrame
D/CVControllerService( 2550): MSG_CONTROLLER_THREAD_READY
I/CvDataProcess( 2550): Set Head Track Mode to 1
I/CvDataProcess( 2550): Set Controller Track Mode to 1
I/VrApi   ( 2550): this is a Main Sensor
I/VrApi   ( 2550): PVR_SERVICE_QUATERNION_MODE Start GlobalTracking = 2
I/VrServiceApi( 2550): SetTrackingMode entry trackingMode = 2
I/PvrServiceClient( 2550): Call setTrackingMode in PvrServiceClient,mode=2
E/PvrService( 5931): VRModeStateClient::setTrackingMode pid=2550, trackingMode=2
I/PvrService( 5931): mPrevTrackingMode 7, trackingMode 7
D/PvrService( 5931): setParameter:name(ShowSafetyTip), value(false)
D/PvrService( 5931): Do not show safety tip
E/PvrService( 5931): VRModeStateClient::setClientSafetyTipStatus pid=2550, status=0
E/PvrService( 5931): VRModeStateClient::startVRMode pid=2550
I/PvrService( 5931): mPrevTrackingMode 7, trackingMode 7
D/PvrService( 5931): ---------------------No safety tip for pid:2550
I/CvSvcJNI( 2550): Controller has already been started, return.
D/CVControllerService( 2550): handleMessage=====
D/CVControllerService( 2550): MSG_CONTROLLER_THREAD_READY
D/ControllerClient( 2244): feedbackControllerThreadStarted unityObjectName == null
D/ControllerClient( 3002): feedbackControllerThreadStarted unityObjectName == null
D/ControllerClient( 9527): feedbackControllerThreadStarted unityObjectName == null
E/CHIUSECASE(  755): chxutils.cpp:1055 FillCameraId() FillCameraId 1 
E/OMX-VDEC-1080P( 1018): Unable to convey fps info to driver,                             performance might be affected
W/[ALVR NATIVE-RUST]( 9527): Video frame queue overflow!
D/audio_hw_primary(  753): copl(0xf399c800):send new gapless metadata
W/AudioFlinger( 1007): moveEffectChain_l() effect chain for session 0 not on source thread 0xec96b000
D/audio_hw_primary(  753): out_set_parameters: enter: usecase(4: compress-offload-playback2) kvpairs: routing=0
D/audio_hw_primary(  753): out_set_parameters: enter: usecase(4: compress-offload-playback2) kvpairs: closing=true
D/audio_hw_primary(  753): out_set_parameters: enter: usecase(4: compress-offload-playback2) kvpairs: exiting=1
D/audio_hw_primary(  753): out_standby: enter: stream (0xf399c800) usecase(4: compress-offload-playback2)
D/audio_hw_primary(  753): copl(0xf399c800):standby
E/CHIUSECASE(  755): chxutils.cpp:1055 FillCameraId() FillCameraId 1 
I/PvrPlatform( 5931): svrSetPerformanceLevels CPU level[0] B[2803200] done
I/UnityPlugin( 9527): PVR_SetGpuLevel_ level 0
I/PvrPlatform( 5931): setGPULevel:0 1
E/OMX-VDEC-1080P( 1018): Unable to convey fps info to driver,                             performance might be affected
W/[ALVR NATIVE-RUST]( 9527): Video frame queue overflow!
E/CHIUSECASE(  755): chxutils.cpp:1055 FillCameraId() FillCameraId 1 
I/sh      (10657): type=1400 audit(0.0:3908): avc: denied { search } for name="kgsl-3d0" dev="sysfs" ino=49019 scontext=u:r:pvrservice:s0 tcontext=u:object_r:sysfs_kgsl:s0 tclass=dir permissive=1
I/sh      (10657): type=1400 audit(0.0:3909): avc: denied { write } for name="governor" dev="sysfs" ino=49168 scontext=u:r:pvrservice:s0 tcontext=u:object_r:sysfs_kgsl:s0 tclass=file permissive=1
I/sh      (10657): type=1400 audit(0.0:3910): avc: denied { open } for path="/sys/devices/platform/soc/5000000.qcom,kgsl-3d0/devfreq/5000000.qcom,kgsl-3d0/governor" dev="sysfs" ino=49168 scontext=u:r:pvrservice:s0 tcontext=u:object_r:sysfs_kgsl:s0 tclass=file permissive=1
I/P2ALVR-native( 9527): CTRLALIGN head p=(0.268,0.231,0.048) q=(0.068,0.144,-0.004,-0.987) | hand0 RAW pmm=(214,238,79) q=(-0.465,0.416,-0.493,0.606)
I/P2ALVR-native( 9527): CTRLALIGN head p=(0.268,0.231,0.048) q=(0.068,0.144,-0.004,-0.987) | hand1 RAW pmm=(256,247,119) q=(0.459,0.413,0.605,0.503)
E/OMX-VDEC-1080P( 1018): Unable to convey fps info to driver,                             performance might be affected
W/[ALVR NATIVE-RUST]( 9527): Video frame queue overflow!
E/CHIUSECASE(  755): chxutils.cpp:1055 FillCameraId() FillCameraId 1 
I/PvrPlatform( 5931): svrSetPerformanceLevels GPU level[0] Freq[710000000] done
I/UnityPlugin( 9527): OnRenderEvent EVENT_RESUME
I/UnityPlugin( 9527): PVR_Resume()
I/UnityPlugin( 9527): Pvr_GetTrackingOriginFloorHeight start get property ret 10
I/UnityPlugin( 9527): Pvr_GetTrackingOriginFloorHeight end g_fDeltaY -0.528610
I/UnityPlugin( 9527): PVR_Resume UNITY/NATIVE floor level getHeight -0.528610
I/VrApi   ( 9527): ---------- pvr_EnterVrMode ----------
I/GlUtils ( 9527): GL_FindExtensions()--------------------------0
I/GlUtils ( 9527): GL_FindExtensions()--------------------------1
I/GlUtils ( 9527): GL_EXTENSIONS:
I/GlUtils ( 9527): es3 = TRUE
I/Vsync   ( 9527): DIATW UpdateVSync deltaCount !=1, delta 377, 5935372549593   -   5930137427054.000 = 5235122539.000
I/GlUtils ( 9527): GL_MAX_TEXTURE_SIZE = 16384
I/GlUtils ( 9527): GL_MAX_VERTEX_UNIFORM_VECTORS = 256
I/GlUtils ( 9527): GL_MAX_FRAGMENT_UNIFORM_VECTORS = 256
I/VrApi   ( 9527): hmdInfo.lensSeparation = 0.062000
I/VrApi   ( 9527): hmdInfo.widthMeters = 0.129600
I/VrApi   ( 9527): hmdInfo.heightMeters = 0.072000
I/VrApi   ( 9527): hmdInfo.widthPixels = 3840
I/VrApi   ( 9527): hmdInfo.heightPixels = 2160
I/VrApi   ( 9527): hmdInfo.eyeTextureResolution[0] = 1080
I/VrApi   ( 9527): hmdInfo.eyeTextureResolution[1] = 1200
I/VrApi   ( 9527): hmdInfo.eyeTextureFov[0] = 80.000000
I/VrApi   ( 9527): hmdInfo.eyeTextureFov[1] = 80.000000
I/VrApi   ( 9527): Cleared JNI exception
I/VrApi   ( 9527): pvr_EnterVrMode castingColorsapceType=-1
I/TimeWarp( 9527): -------------------- Instantiate TimeWarp --------------------
I/TimeWarp( 9527): ReadMonoCastMode len > 0
I/TimeWarp( 9527): ReadMonoCastMode ret0 = 1, ret1 = 0
I/TimeWarp( 9527): DISFT Stencil = 0 TilingQCOM = 0
I/TimeWarp( 9527): Read VrViewer Surface Size: [3840x2160]
I/TimeWarp( 9527): 	 eglMainThreadWindowSurface : 0xe5e18f78
I/TimeWarp( 9527): config: ASYNC  = 1
I/TimeWarp( 9527): Aysnc, with SINGLE_BUFFER = 1
I/TimeWarp( 9527): Requesting EGL_CONTEXT_PRIORITY_HIGH_IMG
I/TimeWarp( 9527): WarpThreadInit enableBack = 1
I/TimeWarp( 9527): WarpThreadInit gTimewarpLeftWaitbias = 0.000000, gTimewarpRightWaitbias =0.000000
I/TimeWarp( 9527): WarpThreadInit forceRenderAngle = 0
I/TimeWarp( 9527): WarpThreadInit() miniVsyncBackStep = 2 ,forceRenderAngle =  0
I/PvrService( 5931): Set Thread Affinity: tid=10659, coreId=6, exclusive=1
I/TimeWarp( 9527): DIATW SetThreadAffinity core: 6, res 0
I/TimeWarp( 9527): SINGLE_BUFFER
I/Binder:5931_3( 5931): type=1400 audit(0.0:3911): avc: denied { setsched } for scontext=u:r:pvrservice:s0 tcontext=u:r:untrusted_app:s0:c512,c768 tclass=process permissive=1
I/TimeWarp( 9527): DIATW GPUTYPE = 0x1000
I/TimeWarp( 9527): DIATW GPUTYPE Adereno
E/OMX-VDEC-1080P( 1018): Unable to convey fps info to driver,                             performance might be affected
I/TimeWarp( 9527): DIATW CreateWarpContext: context has high priority
I/TimeWarp( 9527): CreateWarpContext: Requested mutable EGL_BACK_BUFFER
I/TimeWarp( 9527): DIATW CreateWarpContext: Got EGL_SINGLE_BUFFER
I/TimeWarp( 9527): CreateWarpContext: Warp Surface Dimensions ( 3840 x 2160 )
I/TimeWarp( 9527): CreateWarpContext: Timewarp context successfully created
I/DirectRender( 9527): SetFrontBufferStatus to true
I/DirectRender( 9527): eglGetCurrentSurface 0xe5e1af30
I/DirectRender( 9527): surface size: 3840 x 2160
I/DirectRender( 9527): InitForCurrentSurface gpuType = 0x1000
W/[ALVR NATIVE-RUST]( 9527): Video frame queue overflow!
D/offload_visualizer(  753): thread exit
I/Distortion( 9527): xxx hmdInfo.widthPixels 3840, hmdInfo.heightPixels 2160, hmdInfo.widthMeters 0.119232, hmdInfo.horizontalOffsetMeters 0.000000,hmdInfo.lensSeparation 0.060030, hmdInfo.lens.MetersPerTanAngleAtCenter 0.040326
D/audio_hw_primary(  753): disable_audio_route: reset and update mixer path: compress-offload-playback2
D/soundtrigger(  753): audio_extn_sound_trigger_update_stream_status: uc_id 4 of type 0 for Event 2, with Raise=1
D/sound_trigger_platform(  753): platform_stdev_check_and_update_concurrency: concurrency active 0, tx 0, rx 0, concurrency session_allowed 1
D/hardware_info(  753): hw_info_append_hw_type : device_name = speaker
D/audio_hw_primary(  753): disable_snd_device: snd_device(2: speaker)
D/msm8974_platform(  753): platform_split_snd_device: snd_device(2) num devices(0) new_snd_devices(0)
E/CHIUSECASE(  755): chxutils.cpp:1055 FillCameraId() FillCameraId 1 
I/soundtrigger(  753): audio_extn_sound_trigger_update_device_status: device 0x2 of type 0 for Event 0, with Raise=0
D/audio_hw_primary(  753): audio_enable_asm_bit_width_enforce_mode: DSP bitwidth feature is disabled.
D/audio_hw_primary(  753): out_standby: exit
D/audio_hw_primary(  753): adev_close_output_stream: enter:stream_handle(compress-offload-playback2)
D/audio_hw_primary(  753): out_standby: enter: stream (0xf399c800) usecase(4: compress-offload-playback2)
D/audio_hw_primary(  753): out_standby: exit
I/Display ( 9527): EEEE Generating Spherical Warp Mesh:
I/Display ( 9527): EEEE 	 Sphere Radius: 2.00
I/Display ( 9527): EEEE    Left Theta: [-50.5000, 50.5000]
I/Display ( 9527): EEEE    Left Phi: [-50.5000, 50.5000]
I/Display ( 9527): EEEE    Right Theta: [-50.5000, 50.5000]
I/Display ( 9527): EEEE    Right Phi: [-50.5000, 50.5000]
E/CHIUSECASE(  755): chxutils.cpp:1055 FillCameraId() FillCameraId 1 
E/OMX-VDEC-1080P( 1018): Unable to convey fps info to driver,                             performance might be affected
W/[ALVR NATIVE-RUST]( 9527): Video frame queue overflow!
E/CHIUSECASE(  755): chxutils.cpp:1055 FillCameraId() FillCameraId 1 
E/OMX-VDEC-1080P( 1018): Unable to convey fps info to driver,                             performance might be affected
W/[ALVR NATIVE-RUST]( 9527): Video frame queue overflow!
E/CHIUSECASE(  755): chxutils.cpp:1055 FillCameraId() FillCameraId 1 
E/OMX-VDEC-1080P( 1018): Unable to convey fps info to driver,                             performance might be affected
W/[ALVR NATIVE-RUST]( 9527): Video frame queue overflow!
E/CHIUSECASE(  755): chxutils.cpp:1055 FillCameraId() FillCameraId 1 
E/CHIUSECASE(  755): chxutils.cpp:1055 FillCameraId() FillCameraId 1 
E/OMX-VDEC-1080P( 1018): Unable to convey fps info to driver,                             performance might be affected
W/[ALVR NATIVE-RUST]( 9527): Video frame queue overflow!
E/CHIUSECASE(  755): chxutils.cpp:1055 FillCameraId() FillCameraId 1 
I/TimeWarp( 9527): EEEE2 CreateFrameworkGraphics EYE_TEXTURE_RESOLUTION = 1664, 1664 WIDTH_PIXELS = 3840, HEIGHT_PIXELS = 2160
I/TimeWarp( 9527): EEEE2 CreateFrameworkGraphics creating eye render target 0, 2160 : 2160
I/TimeWarp( 9527): EEEE2 CreateFrameworkGraphics creating eye render target 1, 2160 : 2160
I/TimeWarp( 9527): EEEE BuildEyeTargetGraphics
I/TimeWarp( 9527): EEEE BuildEyeTargetGraphics end
I/PvrService( 5931): Set Thread Priority: tid=10659, policy=1, priority=98
I/TimeWarp( 9527): DIATW SetThreadPriority priority: 98, res 0
I/TimeWarp( 9527): Current thread, sched_getscheduler = 1
I/TimeWarp( 9527): WarpThreadInit() - End
I/TimeWarp( 9527): WarpThread Loop start
I/TimeWarp( 9527): WarpThread Changing vsync from 0.000000 to 427311.000000
I/TimeWarp( 9527): MiraCastThreadInit
E/OMX-VDEC-1080P( 1018): Unable to convey fps info to driver,                             performance might be affected
I/TimeWarp( 9527): -----------------  Instantiate TimeWarp End ------------------
I/UnityPlugin( 9527): Pvr_GetTrackingOriginFloorHeight start get property ret 10
I/UnityPlugin( 9527): Pvr_GetTrackingOriginFloorHeight end g_fDeltaY -0.528610
I/TimeWarp( 9527): eglChooseConfig success numConfigs = 12
I/GsCameraClient( 9527): GsCameraClient finished init.
I/GsGuardianSystem( 9527): GuardianSystem::Camera init successfully.
E/GS      ( 9527): new GsSeeThrough()
I/TimeWarp( 9527): Context is EGL_CONTEXT_PRIORITY_MEDIUM_IMG
E/TimeWarp( 9527): LLLL mPresentationView ExceptionOccurred
E/TimeWarp( 9527): LLLL try mPresentationView not found!
I/TimeWarp( 9527): mSurfaceObjB = NULL, Miracast thread will enter wait status
E/CHIUSECASE(  755): chxutils.cpp:1055 FillCameraId() FillCameraId 1 
W/[ALVR NATIVE-RUST]( 9527): Video frame queue overflow!
I/GsShader( 9527): Loaded Shader (221): SeeThroughVs <=> SeeThroughFs
I/GsGuardianSystem( 9527): GuardianSystem::SeeTrough init successfully.
I/GsGuardianSystem( 9527): GuardianSystem::in SeeThrough Setting, Camera and Seethrough is enough
I/P2ALVR-native( 9527): HW compositor: warp RE-POINTED to new surface (resume)
I/Thread-2( 9527): type=1400 audit(0.0:3912): avc: denied { search } for name="battery" dev="sysfs" ino=54415 scontext=u:r:untrusted_app:s0:c512,c768 tcontext=u:object_r:sysfs_battery_supply:s0 tclass=dir permissive=1
I/Thread-2( 9527): type=1400 audit(0.0:3913): avc: denied { read } for name="capacity" dev="sysfs" ino=54432 scontext=u:r:untrusted_app:s0:c512,c768 tcontext=u:object_r:sysfs_battery_supply:s0 tclass=file permissive=1
I/Thread-2( 9527): type=1400 audit(0.0:3914): avc: denied { open } for path="/sys/devices/platform/soc/c440000.qcom,spmi/spmi-0/spmi0-02/c440000.qcom,spmi:qcom,pmi8998@2:qcom,qpnp-smb2/power_supply/battery/capacity" dev="sysfs" ino=54432 scontext=u:r:untrusted_app:s0:c512,c768 tcontext=u:object_r:sysfs_battery_supply:s0 tclass=file permissive=1
I/Thread-2( 9527): type=1400 audit(0.0:3915): avc: denied { getattr } for path="/sys/devices/platform/soc/c440000.qcom,spmi/spmi-0/spmi0-02/c440000.qcom,spmi:qcom,pmi8998@2:qcom,qpnp-smb2/power_supply/battery/capacity" dev="sysfs" ino=54432 scontext=u:r:untrusted_app:s0:c512,c768 tcontext=u:object_r:sysfs_battery_supply:s0 tclass=file permissive=1
I/P2ALVR-native( 9527): VIDEO: decoded=44 submits=41 dropped(coalesced)=3  (panel 72Hz, negotiated 72Hz)
I/P2ALVR-native( 9527): VIDEO-LATENCY(ms): TOTAL=59.7 decode=16.0 QUEUE=5.4 render=2.3 vsyncQ=19.1 frameItvl=5318.6
E/OMX-VDEC-1080P( 1018): Unable to convey fps info to driver,                             performance might be affected
E/CHIUSECASE(  755): chxutils.cpp:1055 FillCameraId() FillCameraId 1 
I/GlUtils ( 9527): DIATW GL_Finish EGL_TIMEOUT_EXPIRED_KHR
E/OMX-VDEC-1080P( 1018): Unable to convey fps info to driver,                             performance might be affected
E/CHIUSECASE(  755): chxutils.cpp:1055 FillCameraId() FillCameraId 1 
I/GlUtils ( 9527): DIATW GL_Finish EGL_TIMEOUT_EXPIRED_KHR
E/OMX-VDEC-1080P( 1018): Unable to convey fps info to driver,                             performance might be affected
I/P2ALVR-native( 9527): CTRLALIGN head p=(0.268,0.231,0.048) q=(0.067,0.144,-0.002,-0.987) | hand0 RAW pmm=(213,236,81) q=(-0.491,0.390,-0.524,0.576)
I/P2ALVR-native( 9527): CTRLALIGN head p=(0.268,0.231,0.048) q=(0.067,0.144,-0.002,-0.987) | hand1 RAW pmm=(256,248,120) q=(0.426,0.449,0.561,0.549)
E/CHIUSECASE(  755): chxutils.cpp:1055 FillCameraId() FillCameraId 1 
E/PvrService( 5931): PvrService getTrackingDataExt ret(0)
E/PvrService( 5931): PvrService getTrackingDataExt rotation(-0.313384, 0.296393, -0.446768, 0.000000)
E/PvrService( 5931): PvrService getTrackingDataExt position(0.002682, -0.000278, -0.001318)
E/CHIUSECASE(  755): chxutils.cpp:1055 FillCameraId() FillCameraId 1 
E/OMX-VDEC-1080P( 1018): Unable to convey fps info to driver,                             performance might be affected
E/CHIUSECASE(  755): chxutils.cpp:1055 FillCameraId() FillCameraId 1 
E/OMX-VDEC-1080P( 1018): Unable to convey fps info to driver,                             performance might be affected
I/GlUtils ( 9527): DIATW GL_Finish EGL_TIMEOUT_EXPIRED_KHR
E/CHIUSECASE(  755): chxutils.cpp:1055 FillCameraId() FillCameraId 1 
E/OMX-VDEC-1080P( 1018): Unable to convey fps info to driver,                             performance might be affected
E/CHIUSECASE(  755): chxutils.cpp:1055 FillCameraId() FillCameraId 1 
I/GlUtils ( 9527): DIATW GL_Finish EGL_TIMEOUT_EXPIRED_KHR
E/CHIUSECASE(  755): chxutils.cpp:1055 FillCameraId() FillCameraId 1 
E/OMX-VDEC-1080P( 1018): Unable to convey fps info to driver,                             performance might be affected
E/CHIUSECASE(  755): chxutils.cpp:1055 FillCameraId() FillCameraId 1 
E/OMX-VDEC-1080P( 1018): Unable to convey fps info to driver,                             performance might be affected
E/CHIUSECASE(  755): chxutils.cpp:1055 FillCameraId() FillCameraId 1 
E/OMX-VDEC-1080P( 1018): Unable to convey fps info to driver,                             performance might be affected
E/CHIUSECASE(  755): chxutils.cpp:1055 FillCameraId() FillCameraId 1 
E/CHIUSECASE(  755): chxutils.cpp:1055 FillCameraId() FillCameraId 1 
E/OMX-VDEC-1080P( 1018): Unable to convey fps info to driver,                             performance might be affected
E/CHIUSECASE(  755): chxutils.cpp:1055 FillCameraId() FillCameraId 1 
E/OMX-VDEC-1080P( 1018): Unable to convey fps info to driver,                             performance might be affected
E/OMX-VDEC-1080P( 1018): Unable to convey fps info to driver,                             performance might be affected
E/CHIUSECASE(  755): chxutils.cpp:1055 FillCameraId() FillCameraId 1 
I/P2ALVR-native( 9527): CTRLALIGN head p=(0.268,0.231,0.048) q=(0.066,0.144,-0.001,-0.987) | hand0 RAW pmm=(213,237,81) q=(-0.476,0.405,-0.506,0.594)
I/P2ALVR-native( 9527): CTRLALIGN head p=(0.268,0.231,0.048) q=(0.066,0.144,-0.001,-0.987) | hand1 RAW pmm=(256,247,118) q=(0.446,0.427,0.588,0.521)
E/CHIUSECASE(  755): chxutils.cpp:1055 FillCameraId() FillCameraId 1 
E/OMX-VDEC-1080P( 1018): Unable to convey fps info to driver,                             performance might be affected
E/CHIUSECASE(  755): chxutils.cpp:1055 FillCameraId() FillCameraId 1 
E/OMX-VDEC-1080P( 1018): Unable to convey fps info to driver,                             performance might be affected
E/CHIUSECASE(  755): chxutils.cpp:1055 FillCameraId() FillCameraId 1 
E/OMX-VDEC-1080P( 1018): Unable to convey fps info to driver,                             performance might be affected
E/CHIUSECASE(  755): chxutils.cpp:1055 FillCameraId() FillCameraId 1 
E/CHIUSECASE(  755): chxutils.cpp:1055 FillCameraId() FillCameraId 1 
E/OMX-VDEC-1080P( 1018): Unable to convey fps info to driver,                             performance might be affected
E/CHIUSECASE(  755): chxutils.cpp:1055 FillCameraId() FillCameraId 1 
E/OMX-VDEC-1080P( 1018): Unable to convey fps info to driver,                             performance might be affected
E/CHIUSECASE(  755): chxutils.cpp:1055 FillCameraId() FillCameraId 1 
E/OMX-VDEC-1080P( 1018): Unable to convey fps info to driver,                             performance might be affected
E/CHIUSECASE(  755): chxutils.cpp:1055 FillCameraId() FillCameraId 1 
E/CHIUSECASE(  755): chxutils.cpp:1055 FillCameraId() FillCameraId 1 
E/OMX-VDEC-1080P( 1018): Unable to convey fps info to driver,                             performance might be affected
E/CHIUSECASE(  755): chxutils.cpp:1055 FillCameraId() FillCameraId 1 
E/OMX-VDEC-1080P( 1018): Unable to convey fps info to driver,                             performance might be affected
E/CHIUSECASE(  755): chxutils.cpp:1055 FillCameraId() FillCameraId 1 
D/SurfaceFlinger(  798): Not sync with hareware vsync reach 1.1 seconds. --In handleMessageRefresh(), dislayactive=1, noSyncCnt=0
E/OMX-VDEC-1080P( 1018): Unable to convey fps info to driver,                             performance might be affected
I/P2ALVR-native( 9527): CTRLALIGN head p=(0.268,0.232,0.048) q=(0.067,0.144,-0.003,-0.987) | hand0 RAW pmm=(213,237,81) q=(-0.483,0.399,-0.514,0.586)
I/P2ALVR-native( 9527): CTRLALIGN head p=(0.268,0.232,0.048) q=(0.067,0.144,-0.003,-0.987) | hand1 RAW pmm=(256,248,118) q=(0.440,0.434,0.580,0.530)
E/CHIUSECASE(  755): chxutils.cpp:1055 FillCameraId() FillCameraId 1 
E/OMX-VDEC-1080P( 1018): Unable to convey fps info to driver,                             performance might be affected
E/CHIUSECASE(  755): chxutils.cpp:1055 FillCameraId() FillCameraId 1 
E/OMX-VDEC-1080P( 1018): Unable to convey fps info to driver,                             performance might be affected
E/CHIUSECASE(  755): chxutils.cpp:1055 FillCameraId() FillCameraId 1 
E/CHIUSECASE(  755): chxutils.cpp:1055 FillCameraId() FillCameraId 1 
E/OMX-VDEC-1080P( 1018): Unable to convey fps info to driver,                             performance might be affected
E/CHIUSECASE(  755): chxutils.cpp:1055 FillCameraId() FillCameraId 1 
E/OMX-VDEC-1080P( 1018): Unable to convey fps info to driver,                             performance might be affected
E/CHIUSECASE(  755): chxutils.cpp:1055 FillCameraId() FillCameraId 1 
E/OMX-VDEC-1080P( 1018): Unable to convey fps info to driver,                             performance might be affected
E/CHIUSECASE(  755): chxutils.cpp:1055 FillCameraId() FillCameraId 1 
E/OMX-VDEC-1080P( 1018): Unable to convey fps info to driver,                             performance might be affected
E/CHIUSECASE(  755): chxutils.cpp:1055 FillCameraId() FillCameraId 1 
E/CHIUSECASE(  755): chxutils.cpp:1055 FillCameraId() FillCameraId 1 
E/OMX-VDEC-1080P( 1018): Unable to convey fps info to driver,                             performance might be affected
E/CHIUSECASE(  755): chxutils.cpp:1055 FillCameraId() FillCameraId 1 
E/OMX-VDEC-1080P( 1018): Unable to convey fps info to driver,                             performance might be affected
E/CHIUSECASE(  755): chxutils.cpp:1055 FillCameraId() FillCameraId 1 
E/CHIUSECASE(  755): chxutils.cpp:1055 FillCameraId() FillCameraId 1 
E/OMX-VDEC-1080P( 1018): Unable to convey fps info to driver,                             performance might be affected
I/P2ALVR-native( 9527): CTRLALIGN head p=(0.268,0.231,0.048) q=(0.067,0.144,-0.003,-0.987) | hand0 RAW pmm=(213,237,82) q=(-0.482,0.399,-0.514,0.587)
I/P2ALVR-native( 9527): CTRLALIGN head p=(0.268,0.231,0.048) q=(0.067,0.144,-0.003,-0.987) | hand1 RAW pmm=(256,248,118) q=(0.441,0.434,0.580,0.530)
E/OMX-VDEC-1080P( 1018): Unable to convey fps info to driver,                             performance might be affected
D/PvrPlatform( 5931): Already keep stationary state for 0 secend
I/chatty  ( 5931): uid=0(root) /system/bin/pvrservice identical 1 line
D/PvrPlatform( 5931): Already keep stationary state for 0 secend
E/CHIUSECASE(  755): chxutils.cpp:1055 FillCameraId() FillCameraId 1 
E/OMX-VDEC-1080P( 1018): Unable to convey fps info to driver,                             performance might be affected
E/CHIUSECASE(  755): chxutils.cpp:1055 FillCameraId() FillCameraId 1 
E/CHIUSECASE(  755): chxutils.cpp:1055 FillCameraId() FillCameraId 1 
E/OMX-VDEC-1080P( 1018): Unable to convey fps info to driver,                             performance might be affected
E/CHIUSECASE(  755): chxutils.cpp:1055 FillCameraId() FillCameraId 1 
E/OMX-VDEC-1080P( 1018): Unable to convey fps info to driver,                             performance might be affected
E/CHIUSECASE(  755): chxutils.cpp:1055 FillCameraId() FillCameraId 1 
E/OMX-VDEC-1080P( 1018): Unable to convey fps info to driver,                             performance might be affected
E/CHIUSECASE(  755): chxutils.cpp:1055 FillCameraId() FillCameraId 1 
E/CHIUSECASE(  755): chxutils.cpp:1055 FillCameraId() FillCameraId 1 
I/P2ALVR-native( 9527): REAL_TIME_CONFIG: no foveation change
E/OMX-VDEC-1080P( 1018): Unable to convey fps info to driver,                             performance might be affected
E/CHIUSECASE(  755): chxutils.cpp:1055 FillCameraId() FillCameraId 1 
E/CHIUSECASE(  755): chxutils.cpp:1055 FillCameraId() FillCameraId 1 
D/NtpTrustedTime( 1294): currentTimeMillis() cache hit
E/OMX-VDEC-1080P( 1018): Unable to convey fps info to driver,                             performance might be affected
E/CHIUSECASE(  755): chxutils.cpp:1055 FillCameraId() FillCameraId 1 
D/NtpTrustedTime( 1294): currentTimeMillis() cache hit
I/Binder:622_2(  622): type=1400 audit(0.0:3916): avc: denied { add_name } for name="globalAlert" scontext=u:r:netd:s0 tcontext=u:object_r:proc_net:s0 tclass=dir permissive=1
I/Binder:622_2(  622): type=1400 audit(0.0:3917): avc: denied { create } for name="globalAlert" scontext=u:r:netd:s0 tcontext=u:object_r:proc_net:s0 tclass=file permissive=1
E/CHIUSECASE(  755): chxutils.cpp:1055 FillCameraId() FillCameraId 1 
E/OMX-VDEC-1080P( 1018): Unable to convey fps info to driver,                             performance might be affected
I/P2ALVR-native( 9527): CTRLALIGN head p=(0.268,0.232,0.048) q=(0.066,0.144,-0.002,-0.987) | hand0 RAW pmm=(213,237,81) q=(-0.482,0.400,-0.513,0.587)
I/P2ALVR-native( 9527): CTRLALIGN head p=(0.268,0.232,0.048) q=(0.066,0.144,-0.002,-0.987) | hand1 RAW pmm=(256,248,117) q=(0.441,0.434,0.581,0.529)
E/CHIUSECASE(  755): chxutils.cpp:1055 FillCameraId() FillCameraId 1 
E/OMX-VDEC-1080P( 1018): Unable to convey fps info to driver,                             performance might be affected
E/CHIUSECASE(  755): chxutils.cpp:1055 FillCameraId() FillCameraId 1 
E/OMX-VDEC-1080P( 1018): Unable to convey fps info to driver,                             performance might be affected
E/CHIUSECASE(  755): chxutils.cpp:1055 FillCameraId() FillCameraId 1 
E/OMX-VDEC-1080P( 1018): Unable to convey fps info to driver,                             performance might be affected
E/CHIUSECASE(  755): chxutils.cpp:1055 FillCameraId() FillCameraId 1 
E/CHIUSECASE(  755): chxutils.cpp:1055 FillCameraId() FillCameraId 1 
E/OMX-VDEC-1080P( 1018): Unable to convey fps info to driver,                             performance might be affected
E/CHIUSECASE(  755): chxutils.cpp:1055 FillCameraId() FillCameraId 1 
E/OMX-VDEC-1080P( 1018): Unable to convey fps info to driver,                             performance might be affected
E/CHIUSECASE(  755): chxutils.cpp:1055 FillCameraId() FillCameraId 1 
E/OMX-VDEC-1080P( 1018): Unable to convey fps info to driver,                             performance might be affected
E/CHIUSECASE(  755): chxutils.cpp:1055 FillCameraId() FillCameraId 1 
E/OMX-VDEC-1080P( 1018): Unable to convey fps info to driver,                             performance might be affected
E/CHIUSECASE(  755): chxutils.cpp:1055 FillCameraId() FillCameraId 1 
E/OMX-VDEC-1080P( 1018): Unable to convey fps info to driver,                             performance might be affected
E/CHIUSECASE(  755): chxutils.cpp:1055 FillCameraId() FillCameraId 1 
E/CHIUSECASE(  755): chxutils.cpp:1055 FillCameraId() FillCameraId 1 
E/OMX-VDEC-1080P( 1018): Unable to convey fps info to driver,                             performance might be affected
I/P2ALVR-native( 9527): CTRLALIGN head p=(0.268,0.232,0.048) q=(0.066,0.144,-0.002,-0.987) | hand0 RAW pmm=(213,237,82) q=(-0.482,0.400,-0.513,0.587)
I/P2ALVR-native( 9527): CTRLALIGN head p=(0.268,0.232,0.048) q=(0.066,0.144,-0.002,-0.987) | hand1 RAW pmm=(256,248,117) q=(0.441,0.434,0.581,0.529)
E/CHIUSECASE(  755): chxutils.cpp:1055 FillCameraId() FillCameraId 1 
E/OMX-VDEC-1080P( 1018): Unable to convey fps info to driver,                             performance might be affected
E/CHIUSECASE(  755): chxutils.cpp:1055 FillCameraId() FillCameraId 1 
E/OMX-VDEC-1080P( 1018): Unable to convey fps info to driver,                             performance might be affected
E/CHIUSECASE(  755): chxutils.cpp:1055 FillCameraId() FillCameraId 1 
E/OMX-VDEC-1080P( 1018): Unable to convey fps info to driver,                             performance might be affected
E/CHIUSECASE(  755): chxutils.cpp:1055 FillCameraId() FillCameraId 1 
E/CHIUSECASE(  755): chxutils.cpp:1055 FillCameraId() FillCameraId 1 
E/OMX-VDEC-1080P( 1018): Unable to convey fps info to driver,                             performance might be affected
E/CHIUSECASE(  755): chxutils.cpp:1055 FillCameraId() FillCameraId 1 
E/OMX-VDEC-1080P( 1018): Unable to convey fps info to driver,                             performance might be affected
E/CHIUSECASE(  755): chxutils.cpp:1055 FillCameraId() FillCameraId 1 
E/OMX-VDEC-1080P( 1018): Unable to convey fps info to driver,                             performance might be affected
E/CHIUSECASE(  755): chxutils.cpp:1055 FillCameraId() FillCameraId 1 
E/CHIUSECASE(  755): chxutils.cpp:1055 FillCameraId() FillCameraId 1 
E/OMX-VDEC-1080P( 1018): Unable to convey fps info to driver,                             performance might be affected
E/CHIUSECASE(  755): chxutils.cpp:1055 FillCameraId() FillCameraId 1 
E/OMX-VDEC-1080P( 1018): Unable to convey fps info to driver,                             performance might be affected
E/CHIUSECASE(  755): chxutils.cpp:1055 FillCameraId() FillCameraId 1 
E/OMX-VDEC-1080P( 1018): Unable to convey fps info to driver,                             performance might be affected
E/CHIUSECASE(  755): chxutils.cpp:1055 FillCameraId() FillCameraId 1 
I/P2ALVR-native( 9527): CTRLALIGN head p=(0.268,0.232,0.048) q=(0.066,0.144,-0.003,-0.987) | hand0 RAW pmm=(213,237,81) q=(-0.482,0.400,-0.512,0.588)
I/P2ALVR-native( 9527): CTRLALIGN head p=(0.268,0.232,0.048) q=(0.066,0.144,-0.003,-0.987) | hand1 RAW pmm=(256,248,117) q=(0.441,0.434,0.581,0.529)
E/OMX-VDEC-1080P( 1018): Unable to convey fps info to driver,                             performance might be affected
E/CHIUSECASE(  755): chxutils.cpp:1055 FillCameraId() FillCameraId 1 
E/OMX-VDEC-1080P( 1018): Unable to convey fps info to driver,                             performance might be affected
E/CHIUSECASE(  755): chxutils.cpp:1055 FillCameraId() FillCameraId 1 
I/GlUtils ( 9527): DIATW GL_Finish EGL_TIMEOUT_EXPIRED_KHR
E/CHIUSECASE(  755): chxutils.cpp:1055 FillCameraId() FillCameraId 1 
E/OMX-VDEC-1080P( 1018): Unable to convey fps info to driver,                             performance might be affected
E/CHIUSECASE(  755): chxutils.cpp:1055 FillCameraId() FillCameraId 1 
E/OMX-VDEC-1080P( 1018): Unable to convey fps info to driver,                             performance might be affected
E/CHIUSECASE(  755): chxutils.cpp:1055 FillCameraId() FillCameraId 1 
E/OMX-VDEC-1080P( 1018): Unable to convey fps info to driver,                             performance might be affected
E/CHIUSECASE(  755): chxutils.cpp:1055 FillCameraId() FillCameraId 1 
E/CHIUSECASE(  755): chxutils.cpp:1055 FillCameraId() FillCameraId 1 
E/OMX-VDEC-1080P( 1018): Unable to convey fps info to driver,                             performance might be affected
E/CHIUSECASE(  755): chxutils.cpp:1055 FillCameraId() FillCameraId 1 
E/OMX-VDEC-1080P( 1018): Unable to convey fps info to driver,                             performance might be affected
E/CHIUSECASE(  755): chxutils.cpp:1055 FillCameraId() FillCameraId 1 
E/OMX-VDEC-1080P( 1018): Unable to convey fps info to driver,                             performance might be affected
E/CHIUSECASE(  755): chxutils.cpp:1055 FillCameraId() FillCameraId 1 
E/OMX-VDEC-1080P( 1018): Unable to convey fps info to driver,                             performance might be affected
E/CHIUSECASE(  755): chxutils.cpp:1055 FillCameraId() FillCameraId 1 
I/P2ALVR-native( 9527): CTRLALIGN head p=(0.268,0.232,0.048) q=(0.066,0.144,-0.003,-0.987) | hand0 RAW pmm=(213,237,81) q=(-0.482,0.400,-0.512,0.588)
I/P2ALVR-native( 9527): CTRLALIGN head p=(0.268,0.232,0.048) q=(0.066,0.144,-0.003,-0.987) | hand1 RAW pmm=(256,248,117) q=(0.441,0.434,0.581,0.528)
E/OMX-VDEC-1080P( 1018): Unable to convey fps info to driver,                             performance might be affected
E/CHIUSECASE(  755): chxutils.cpp:1055 FillCameraId() FillCameraId 1 
E/CHIUSECASE(  755): chxutils.cpp:1055 FillCameraId() FillCameraId 1 
E/OMX-VDEC-1080P( 1018): Unable to convey fps info to driver,                             performance might be affected
E/CHIUSECASE(  755): chxutils.cpp:1055 FillCameraId() FillCameraId 1 
E/OMX-VDEC-1080P( 1018): Unable to convey fps info to driver,                             performance might be affected
E/CHIUSECASE(  755): chxutils.cpp:1055 FillCameraId() FillCameraId 1 
E/OMX-VDEC-1080P( 1018): Unable to convey fps info to driver,                             performance might be affected
E/CHIUSECASE(  755): chxutils.cpp:1055 FillCameraId() FillCameraId 1 
E/CHIUSECASE(  755): chxutils.cpp:1055 FillCameraId() FillCameraId 1 
E/OMX-VDEC-1080P( 1018): Unable to convey fps info to driver,                             performance might be affected
E/CHIUSECASE(  755): chxutils.cpp:1055 FillCameraId() FillCameraId 1 
E/OMX-VDEC-1080P( 1018): Unable to convey fps info to driver,                             performance might be affected
E/CHIUSECASE(  755): chxutils.cpp:1055 FillCameraId() FillCameraId 1 
E/OMX-VDEC-1080P( 1018): Unable to convey fps info to driver,                             performance might be affected
E/CHIUSECASE(  755): chxutils.cpp:1055 FillCameraId() FillCameraId 1 
I/P2ALVR-native( 9527): VIDEO: decoded=73 submits=72 dropped(coalesced)=1  (panel 72Hz, negotiated 72Hz)
I/P2ALVR-native( 9527): VIDEO-LATENCY(ms): TOTAL=57.8 decode=10.0 QUEUE=3.8 render=3.7 vsyncQ=15.1 frameItvl=13.9
E/OMX-VDEC-1080P( 1018): Unable to convey fps info to driver,                             performance might be affected
E/CHIUSECASE(  755): chxutils.cpp:1055 FillCameraId() FillCameraId 1 
E/OMX-VDEC-1080P( 1018): Unable to convey fps info to driver,                             performance might be affected
E/CHIUSECASE(  755): chxutils.cpp:1055 FillCameraId() FillCameraId 1 
E/CHIUSECASE(  755): chxutils.cpp:1055 FillCameraId() FillCameraId 1 
I/P2ALVR-native( 9527): CTRLALIGN head p=(0.268,0.232,0.048) q=(0.065,0.144,-0.002,-0.987) | hand0 RAW pmm=(213,237,81) q=(-0.482,0.400,-0.512,0.588)
I/P2ALVR-native( 9527): CTRLALIGN head p=(0.268,0.232,0.048) q=(0.065,0.144,-0.002,-0.987) | hand1 RAW pmm=(255,248,117) q=(0.441,0.434,0.581,0.528)
E/OMX-VDEC-1080P( 1018): Unable to convey fps info to driver,                             performance might be affected
E/CHIUSECASE(  755): chxutils.cpp:1055 FillCameraId() FillCameraId 1 
E/OMX-VDEC-1080P( 1018): Unable to convey fps info to driver,                             performance might be affected
E/CHIUSECASE(  755): chxutils.cpp:1055 FillCameraId() FillCameraId 1 
E/OMX-VDEC-1080P( 1018): Unable to convey fps info to driver,                             performance might be affected
E/CHIUSECASE(  755): chxutils.cpp:1055 FillCameraId() FillCameraId 1 
E/OMX-VDEC-1080P( 1018): Unable to convey fps info to driver,                             performance might be affected
E/CHIUSECASE(  755): chxutils.cpp:1055 FillCameraId() FillCameraId 1 
E/CHIUSECASE(  755): chxutils.cpp:1055 FillCameraId() FillCameraId 1 
E/OMX-VDEC-1080P( 1018): Unable to convey fps info to driver,                             performance might be affected
E/CHIUSECASE(  755): chxutils.cpp:1055 FillCameraId() FillCameraId 1 
E/OMX-VDEC-1080P( 1018): Unable to convey fps info to driver,                             performance might be affected
E/CHIUSECASE(  755): chxutils.cpp:1055 FillCameraId() FillCameraId 1 
E/OMX-VDEC-1080P( 1018): Unable to convey fps info to driver,                             performance might be affected
E/CHIUSECASE(  755): chxutils.cpp:1055 FillCameraId() FillCameraId 1 
D/SurfaceFlinger(  798): Vsync watchDog is alive
D/SurfaceFlinger(  798): WatchDog:Not sync with hareware reach 0.6 seconds.
E/OMX-VDEC-1080P( 1018): Unable to convey fps info to driver,                             performance might be affected
E/CHIUSECASE(  755): chxutils.cpp:1055 FillCameraId() FillCameraId 1 
E/CHIUSECASE(  755): chxutils.cpp:1055 FillCameraId() FillCameraId 1 
E/OMX-VDEC-1080P( 1018): Unable to convey fps info to driver,                             performance might be affected
E/CHIUSECASE(  755): chxutils.cpp:1055 FillCameraId() FillCameraId 1 
E/OMX-VDEC-1080P( 1018): Unable to convey fps info to driver,                             performance might be affected
I/P2ALVR-native( 9527): CTRLALIGN head p=(0.268,0.232,0.048) q=(0.065,0.144,-0.003,-0.987) | hand0 RAW pmm=(213,237,81) q=(-0.482,0.400,-0.512,0.588)
I/P2ALVR-native( 9527): CTRLALIGN head p=(0.268,0.232,0.048) q=(0.065,0.144,-0.003,-0.987) | hand1 RAW pmm=(255,248,117) q=(0.441,0.434,0.581,0.528)
E/CHIUSECASE(  755): chxutils.cpp:1055 FillCameraId() FillCameraId 1 
E/OMX-VDEC-1080P( 1018): Unable to convey fps info to driver,                             performance might be affected
E/CHIUSECASE(  755): chxutils.cpp:1055 FillCameraId() FillCameraId 1 
I/P2ALVR-native( 9527): frame 17160 q=(0.065,0.144,-0.003,-0.987) p=(0.268,0.232,0.048) vr=1 surf=1
E/CHIUSECASE(  755): chxutils.cpp:1055 FillCameraId() FillCameraId 1 
E/OMX-VDEC-1080P( 1018): Unable to convey fps info to driver,                             performance might be affected
E/CHIUSECASE(  755): chxutils.cpp:1055 FillCameraId() FillCameraId 1 
E/OMX-VDEC-1080P( 1018): Unable to convey fps info to driver,                             performance might be affected
E/CHIUSECASE(  755): chxutils.cpp:1055 FillCameraId() FillCameraId 1 
E/OMX-VDEC-1080P( 1018): Unable to convey fps info to driver,                             performance might be affected
E/CHIUSECASE(  755): chxutils.cpp:1055 FillCameraId() FillCameraId 1 
E/OMX-VDEC-1080P( 1018): Unable to convey fps info to driver,                             performance might be affected
E/CHIUSECASE(  755): chxutils.cpp:1055 FillCameraId() FillCameraId 1 
E/OMX-VDEC-1080P( 1018): Unable to convey fps info to driver,                             performance might be affected
E/CHIUSECASE(  755): chxutils.cpp:1055 FillCameraId() FillCameraId 1 
E/OMX-VDEC-1080P( 1018): Unable to convey fps info to driver,                             performance might be affected
E/CHIUSECASE(  755): chxutils.cpp:1055 FillCameraId() FillCameraId 1 
I/GlUtils ( 9527): DIATW GL_Finish EGL_TIMEOUT_EXPIRED_KHR
E/CHIUSECASE(  755): chxutils.cpp:1055 FillCameraId() FillCameraId 1 
E/OMX-VDEC-1080P( 1018): Unable to convey fps info to driver,                             performance might be affected
E/CHIUSECASE(  755): chxutils.cpp:1055 FillCameraId() FillCameraId 1 
E/OMX-VDEC-1080P( 1018): Unable to convey fps info to driver,                             performance might be affected
E/CHIUSECASE(  755): chxutils.cpp:1055 FillCameraId() FillCameraId 1 
I/P2ALVR-native( 9527): CTRLALIGN head p=(0.268,0.232,0.048) q=(0.065,0.144,-0.003,-0.987) | hand0 RAW pmm=(213,238,81) q=(-0.482,0.400,-0.512,0.588)
I/P2ALVR-native( 9527): CTRLALIGN head p=(0.268,0.232,0.048) q=(0.065,0.144,-0.003,-0.987) | hand1 RAW pmm=(255,248,118) q=(0.441,0.434,0.581,0.529)
E/CHIUSECASE(  755): chxutils.cpp:1055 FillCameraId() FillCameraId 1 
E/OMX-VDEC-1080P( 1018): Unable to convey fps info to driver,                             performance might be affected
D/PvrServiceClient( 9527): newTrackerClient getTrackingResultExt svrHeadPoseStateOutput[3] 0.065177,0.144102,-0.002832,-0.987410,0.267582,-0.296741,0.047506	[5936773602383]	[26.841051]
E/OMX-VDEC-1080P( 1018): Unable to convey fps info to driver,                             performance might be affected
E/CHIUSECASE(  755): chxutils.cpp:1055 FillCameraId() FillCameraId 1 
E/CHIUSECASE(  755): chxutils.cpp:1055 FillCameraId() FillCameraId 1 
E/OMX-VDEC-1080P( 1018): Unable to convey fps info to driver,                             performance might be affected
E/CHIUSECASE(  755): chxutils.cpp:1055 FillCameraId() FillCameraId 1 
E/OMX-VDEC-1080P( 1018): Unable to convey fps info to driver,                             performance might be affected
E/CHIUSECASE(  755): chxutils.cpp:1055 FillCameraId() FillCameraId 1 
E/CHIUSECASE(  755): chxutils.cpp:1055 FillCameraId() FillCameraId 1 
E/OMX-VDEC-1080P( 1018): Unable to convey fps info to driver,                             performance might be affected
E/CHIUSECASE(  755): chxutils.cpp:1055 FillCameraId() FillCameraId 1 
E/OMX-VDEC-1080P( 1018): Unable to convey fps info to driver,                             performance might be affected
E/CHIUSECASE(  755): chxutils.cpp:1055 FillCameraId() FillCameraId 1 
E/OMX-VDEC-1080P( 1018): Unable to convey fps info to driver,                             performance might be affected
E/CHIUSECASE(  755): chxutils.cpp:1055 FillCameraId() FillCameraId 1 
E/OMX-VDEC-1080P( 1018): Unable to convey fps info to driver,                             performance might be affected
E/CHIUSECASE(  755): chxutils.cpp:1055 FillCameraId() FillCameraId 1 
E/OMX-VDEC-1080P( 1018): Unable to convey fps info to driver,                             performance might be affected
D/PvrPlatform( 5931): Already keep stationary state for 1 secend
I/chatty  ( 5931): uid=0(root) /system/bin/pvrservice identical 1 line
D/PvrPlatform( 5931): Already keep stationary state for 1 secend
E/CHIUSECASE(  755): chxutils.cpp:1055 FillCameraId() FillCameraId 1 
I/P2ALVR-native( 9527): CTRLALIGN head p=(0.268,0.232,0.048) q=(0.065,0.144,-0.002,-0.987) | hand0 RAW pmm=(213,238,81) q=(-0.482,0.400,-0.512,0.588)
I/P2ALVR-native( 9527): CTRLALIGN head p=(0.268,0.232,0.048) q=(0.065,0.144,-0.002,-0.987) | hand1 RAW pmm=(254,248,118) q=(0.441,0.434,0.581,0.529)
E/CHIUSECASE(  755): chxutils.cpp:1055 FillCameraId() FillCameraId 1 
E/OMX-VDEC-1080P( 1018): Unable to convey fps info to driver,                             performance might be affected
E/CHIUSECASE(  755): chxutils.cpp:1055 FillCameraId() FillCameraId 1 
E/OMX-VDEC-1080P( 1018): Unable to convey fps info to driver,                             performance might be affected
E/CHIUSECASE(  755): chxutils.cpp:1055 FillCameraId() FillCameraId 1 
E/OMX-VDEC-1080P( 1018): Unable to convey fps info to driver,                             performance might be affected
E/CHIUSECASE(  755): chxutils.cpp:1055 FillCameraId() FillCameraId 1 
E/OMX-VDEC-1080P( 1018): Unable to convey fps info to driver,                             performance might be affected
E/CHIUSECASE(  755): chxutils.cpp:1055 FillCameraId() FillCameraId 1 
E/CHIUSECASE(  755): chxutils.cpp:1055 FillCameraId() FillCameraId 1 
E/OMX-VDEC-1080P( 1018): Unable to convey fps info to driver,                             performance might be affected
I/P2ALVR-native( 9527): REAL_TIME_CONFIG: no foveation change
E/CHIUSECASE(  755): chxutils.cpp:1055 FillCameraId() FillCameraId 1 
E/OMX-VDEC-1080P( 1018): Unable to convey fps info to driver,                             performance might be affected
E/CHIUSECASE(  755): chxutils.cpp:1055 FillCameraId() FillCameraId 1 
E/OMX-VDEC-1080P( 1018): Unable to convey fps info to driver,                             performance might be affected
E/CHIUSECASE(  755): chxutils.cpp:1055 FillCameraId() FillCameraId 1 
E/OMX-VDEC-1080P( 1018): Unable to convey fps info to driver,                             performance might be affected
E/CHIUSECASE(  755): chxutils.cpp:1055 FillCameraId() FillCameraId 1 
E/OMX-VDEC-1080P( 1018): Unable to convey fps info to driver,                             performance might be affected
E/CHIUSECASE(  755): chxutils.cpp:1055 FillCameraId() FillCameraId 1 
I/P2ALVR-native( 9527): CTRLALIGN head p=(0.268,0.232,0.048) q=(0.065,0.144,-0.002,-0.987) | hand0 RAW pmm=(213,238,81) q=(-0.482,0.400,-0.512,0.588)
I/P2ALVR-native( 9527): CTRLALIGN head p=(0.268,0.232,0.048) q=(0.065,0.144,-0.002,-0.987) | hand1 RAW pmm=(254,249,118) q=(0.441,0.434,0.581,0.529)
E/CHIUSECASE(  755): chxutils.cpp:1055 FillCameraId() FillCameraId 1 
E/OMX-VDEC-1080P( 1018): Unable to convey fps info to driver,                             performance might be affected
E/CHIUSECASE(  755): chxutils.cpp:1055 FillCameraId() FillCameraId 1 
E/OMX-VDEC-1080P( 1018): Unable to convey fps info to driver,                             performance might be affected
E/CHIUSECASE(  755): chxutils.cpp:1055 FillCameraId() FillCameraId 1 
E/OMX-VDEC-1080P( 1018): Unable to convey fps info to driver,                             performance might be affected
E/CHIUSECASE(  755): chxutils.cpp:1055 FillCameraId() FillCameraId 1 
E/CHIUSECASE(  755): chxutils.cpp:1055 FillCameraId() FillCameraId 1 
E/OMX-VDEC-1080P( 1018): Unable to convey fps info to driver,                             performance might be affected
E/CHIUSECASE(  755): chxutils.cpp:1055 FillCameraId() FillCameraId 1 
E/OMX-VDEC-1080P( 1018): Unable to convey fps info to driver,                             performance might be affected
E/CHIUSECASE(  755): chxutils.cpp:1055 FillCameraId() FillCameraId 1 
E/OMX-VDEC-1080P( 1018): Unable to convey fps info to driver,                             performance might be affected
E/CHIUSECASE(  755): chxutils.cpp:1055 FillCameraId() FillCameraId 1 
E/OMX-VDEC-1080P( 1018): Unable to convey fps info to driver,                             performance might be affected
E/CHIUSECASE(  755): chxutils.cpp:1055 FillCameraId() FillCameraId 1 
I/GlUtils ( 9527): DIATW GL_Finish EGL_TIMEOUT_EXPIRED_KHR
E/CHIUSECASE(  755): chxutils.cpp:1055 FillCameraId() FillCameraId 1 
E/OMX-VDEC-1080P( 1018): Unable to convey fps info to driver,                             performance might be affected
E/CHIUSECASE(  755): chxutils.cpp:1055 FillCameraId() FillCameraId 1 
E/OMX-VDEC-1080P( 1018): Unable to convey fps info to driver,                             performance might be affected
E/CHIUSECASE(  755): chxutils.cpp:1055 FillCameraId() FillCameraId 1 
I/P2ALVR-native( 9527): CTRLALIGN head p=(0.268,0.232,0.047) q=(0.065,0.144,-0.003,-0.987) | hand0 RAW pmm=(213,237,81) q=(-0.482,0.400,-0.512,0.588)
I/P2ALVR-native( 9527): CTRLALIGN head p=(0.268,0.232,0.047) q=(0.065,0.144,-0.003,-0.987) | hand1 RAW pmm=(254,249,118) q=(0.441,0.434,0.581,0.529)
E/OMX-VDEC-1080P( 1018): Unable to convey fps info to driver,                             performance might be affected
E/CHIUSECASE(  755): chxutils.cpp:1055 FillCameraId() FillCameraId 1 
I/GlUtils ( 9527): DIATW GL_Finish EGL_TIMEOUT_EXPIRED_KHR
E/OMX-VDEC-1080P( 1018): Unable to convey fps info to driver,                             performance might be affected
E/CHIUSECASE(  755): chxutils.cpp:1055 FillCameraId() FillCameraId 1 
E/CHIUSECASE(  755): chxutils.cpp:1055 FillCameraId() FillCameraId 1 
E/OMX-VDEC-1080P( 1018): Unable to convey fps info to driver,                             performance might be affected
E/CHIUSECASE(  755): chxutils.cpp:1055 FillCameraId() FillCameraId 1 
E/OMX-VDEC-1080P( 1018): Unable to convey fps info to driver,                             performance might be affected
E/CHIUSECASE(  755): chxutils.cpp:1055 FillCameraId() FillCameraId 1 
E/OMX-VDEC-1080P( 1018): Unable to convey fps info to driver,                             performance might be affected
E/CHIUSECASE(  755): chxutils.cpp:1055 FillCameraId() FillCameraId 1 
E/OMX-VDEC-1080P( 1018): Unable to convey fps info to driver,                             performance might be affected
E/CHIUSECASE(  755): chxutils.cpp:1055 FillCameraId() FillCameraId 1 
E/OMX-VDEC-1080P( 1018): Unable to convey fps info to driver,                             performance might be affected
E/CHIUSECASE(  755): chxutils.cpp:1055 FillCameraId() FillCameraId 1 
E/CHIUSECASE(  755): chxutils.cpp:1055 FillCameraId() FillCameraId 1 
E/OMX-VDEC-1080P( 1018): Unable to convey fps info to driver,                             performance might be affected
D/NtpTrustedTime( 1294): currentTimeMillis() cache hit
E/CHIUSECASE(  755): chxutils.cpp:1055 FillCameraId() FillCameraId 1 
E/OMX-VDEC-1080P( 1018): Unable to convey fps info to driver,                             performance might be affected
E/CHIUSECASE(  755): chxutils.cpp:1055 FillCameraId() FillCameraId 1 
D/NtpTrustedTime( 1294): currentTimeMillis() cache hit
I/P2ALVR-native( 9527): CTRLALIGN head p=(0.268,0.232,0.047) q=(0.065,0.144,-0.003,-0.987) | hand0 RAW pmm=(213,237,81) q=(-0.482,0.400,-0.512,0.588)
I/P2ALVR-native( 9527): CTRLALIGN head p=(0.268,0.232,0.047) q=(0.065,0.144,-0.003,-0.987) | hand1 RAW pmm=(254,249,118) q=(0.441,0.434,0.581,0.529)
E/OMX-VDEC-1080P( 1018): Unable to convey fps info to driver,                             performance might be affected
E/CHIUSECASE(  755): chxutils.cpp:1055 FillCameraId() FillCameraId 1 
E/CHIUSECASE(  755): chxutils.cpp:1055 FillCameraId() FillCameraId 1 
E/OMX-VDEC-1080P( 1018): Unable to convey fps info to driver,                             performance might be affected
E/CHIUSECASE(  755): chxutils.cpp:1055 FillCameraId() FillCameraId 1 
E/OMX-VDEC-1080P( 1018): Unable to convey fps info to driver,                             performance might be affected
E/CHIUSECASE(  755): chxutils.cpp:1055 FillCameraId() FillCameraId 1 
E/OMX-VDEC-1080P( 1018): Unable to convey fps info to driver,                             performance might be affected
E/CHIUSECASE(  755): chxutils.cpp:1055 FillCameraId() FillCameraId 1 
E/OMX-VDEC-1080P( 1018): Unable to convey fps info to driver,                             performance might be affected
E/CHIUSECASE(  755): chxutils.cpp:1055 FillCameraId() FillCameraId 1 
E/OMX-VDEC-1080P( 1018): Unable to convey fps info to driver,                             performance might be affected
E/CHIUSECASE(  755): chxutils.cpp:1055 FillCameraId() FillCameraId 1 
E/CHIUSECASE(  755): chxutils.cpp:1055 FillCameraId() FillCameraId 1 
E/OMX-VDEC-1080P( 1018): Unable to convey fps info to driver,                             performance might be affected
I/ActivityManager( 1294): START u0 {flg=0x10000000 cmp=com.pvr.vrshell/.MainActivity} from uid 2000
D/ActivityStarter( 1294): focusedDisplayId is:0
E/ANDR-PERF-JNI( 1294): com_qualcomm_qtiperformance_native_perf_io_prefetch_start
E/ANDR-IOP(  778): IOP HAL: Received pkg_name = com.pvr.vrshell pid = -1
D/ActivityTrigger( 1294): activityStartTrigger: Activity is Triggerred in full screen ApplicationInfo{3d10bbe com.pvr.vrshell}
E/ActivityTrigger( 1294): activityStartTrigger: not whiteListedcom.pvr.vrshell/com.pvr.vrshell.MainActivity/681
D/CompatibilityInfo( 1294): mCompatibilityFlags - 4
D/CompatibilityInfo( 1294): applicationDensity - 640
D/CompatibilityInfo( 1294): applicationScale - 1.0
D/ActivityTrigger( 1294): activityResumeTrigger: The activity in ApplicationInfo{3d10bbe com.pvr.vrshell} is now in focus and seems to be in full-screen mode
E/ActivityTrigger( 1294): activityResumeTrigger: not whiteListedcom.pvr.vrshell/com.pvr.vrshell.MainActivity/681
D/ActivityTrigger( 1294): ActivityTrigger activityPauseTrigger 
E/CHIUSECASE(  755): chxutils.cpp:1055 FillCameraId() FillCameraId 1 
E/ANDR-IOP(  778): is_in_recent_list is TRUE
E/ANDR-IOP(  778): io prefetch is deactivate
D/ActivityTrigger( 1294): activityResumeTrigger: The activity in ApplicationInfo{3d10bbe com.pvr.vrshell} is now in focus and seems to be in full-screen mode
E/ActivityTrigger( 1294): activityResumeTrigger: not whiteListedcom.pvr.vrshell/com.pvr.vrshell.MainActivity/681
I/Thread-2( 9527): type=1400 audit(0.0:3918): avc: denied { call } for scontext=u:r:untrusted_app:s0:c512,c768 tcontext=u:r:pvrservice:s0 tclass=binder permissive=1
E/CHIUSECASE(  755): chxutils.cpp:1055 FillCameraId() FillCameraId 1 
I/main    (10669): type=1400 audit(0.0:3919): avc: denied { create } for name="cgroup.procs" scontext=u:r:zygote:s0 tcontext=u:object_r:cgroup:s0 tclass=file permissive=1
I/ActivityManager( 1294): Start proc 10669:com.pvr.vrshell/1000 for activity com.pvr.vrshell/.MainActivity
I/pvrservice( 5931): type=1400 audit(0.0:3920): avc: denied { read } for scontext=u:r:pvrservice:s0 tcontext=u:r:system_server:s0 tclass=unix_stream_socket permissive=1
I/callBackThread( 9527): type=1400 audit(0.0:3921): avc: denied { read } for scontext=u:r:untrusted_app:s0:c512,c768 tcontext=u:r:pvrservice:s0 tclass=unix_stream_socket permissive=1
E/OMX-VDEC-1080P( 1018): Unable to convey fps info to driver,                             performance might be affected
I/callBackThread( 2550): type=1400 audit(0.0:3922): avc: denied { read } for scontext=u:r:system_app:s0 tcontext=u:r:pvrservice:s0 tclass=unix_stream_socket permissive=1
E/CHIUSECASE(  755): chxutils.cpp:1055 FillCameraId() FillCameraId 1 
E/OMX-VDEC-1080P( 1018): Unable to convey fps info to driver,                             performance might be affected
E/CHIUSECASE(  755): chxutils.cpp:1055 FillCameraId() FillCameraId 1 
E/OMX-VDEC-1080P( 1018): Unable to convey fps info to driver,                             performance might be affected
E/CHIUSECASE(  755): chxutils.cpp:1055 FillCameraId() FillCameraId 1 
E/OMX-VDEC-1080P( 1018): Unable to convey fps info to driver,                             performance might be affected
E/CHIUSECASE(  755): chxutils.cpp:1055 FillCameraId() FillCameraId 1 
E/OMX-VDEC-1080P( 1018): Unable to convey fps info to driver,                             performance might be affected
E/CHIUSECASE(  755): chxutils.cpp:1055 FillCameraId() FillCameraId 1 
D/CompatibilityInfo( 1294): mCompatibilityFlags - 4
D/CompatibilityInfo( 1294): applicationDensity - 640
D/CompatibilityInfo( 1294): applicationScale - 1.0
D/CompatibilityInfo( 1294): mCompatibilityFlags - 4
D/CompatibilityInfo( 1294): applicationDensity - 640
D/CompatibilityInfo( 1294): applicationScale - 1.0
I/NestServer( 2064): NestSs--  onForegroundActivitiesChanged--# true
E/OMX-VDEC-1080P( 1018): Unable to convey fps info to driver,                             performance might be affected
E/CHIUSECASE(  755): chxutils.cpp:1055 FillCameraId() FillCameraId 1 
E/CHIUSECASE(  755): chxutils.cpp:1055 FillCameraId() FillCameraId 1 
E/OMX-VDEC-1080P( 1018): Unable to convey fps info to driver,                             performance might be affected
E/ANDR-IOP(  778): IOP HAL: Received pkg_name = com.pvr.vrshell pid = 0
W/ActivityThread(10669): notifyAppLaunchStatus com.pvr.vrshell com.pvr.vrshell.MainActivity
W/ActivityThread(10669): apploadingtype is null
W/ActivityThread(10669): activityloadingtype is null
I/com.pvr.vrshell(10669): type=1400 audit(0.0:3923): avc: denied { call } for scontext=u:r:system_app:s0 tcontext=u:r:pvrservice:s0 tclass=binder permissive=1
I/PvrService( 5931): OnTransact:code=2001
E/PvrService( 5931): Set 6dof global tracking status:1
E/CHIUSECASE(  755): chxutils.cpp:1055 FillCameraId() FillCameraId 1 
E/OMX-VDEC-1080P( 1018): Unable to convey fps info to driver,                             performance might be affected
I/ActivityVRFlag(10669): Metadata value of VR flag com.picovr.type for component:ComponentInfo{com.pvr.vrshell/com.pvr.vrshell.MainActivity} is:null
I/ActivityVRFlag(10669): Metadata value of VR flag pvr.app.type for component:ComponentInfo{com.pvr.vrshell/com.pvr.vrshell.MainActivity} is:null
I/ActivityVRFlag(10669): Metadata value of VR flag com.picovr.type for application:com.pvr.vrshell is:null
I/ActivityVRFlag(10669): Metadata value of VR flag pvr.app.type for application:com.pvr.vrshell is:vr
I/ActivityVRFlag(10669): Metadata value of orientation com.picovr.display.orientation for component:ComponentInfo{com.pvr.vrshell/com.pvr.vrshell.MainActivity} is:-1
I/ActivityVRFlag(10669): Metadata value of 2dtovrmode pvr.2dtovr.mode for component:ComponentInfo{com.pvr.vrshell/com.pvr.vrshell.MainActivity} is:-1
I/ActivityVRFlag(10669): Metadata value of 2dtovrmode pvr.2dtovr.mode for application:com.pvr.vrshell is:-1
I/UnityNativeActivityPico(10669): onCreate enter
D/PvrClient(10669): android.content.pm.PackageManager$NameNotFoundException: com.pvr.pvrservice
E/CHIUSECASE(  755): chxutils.cpp:1055 FillCameraId() FillCameraId 1 
E/OMX-VDEC-1080P( 1018): Unable to convey fps info to driver,                             performance might be affected
I/P2ALVR-native( 9527): VIDEO: decoded=73 submits=72 dropped(coalesced)=1  (panel 72Hz, negotiated 72Hz)
I/P2ALVR-native( 9527): VIDEO-LATENCY(ms): TOTAL=57.9 decode=11.3 QUEUE=0.1 render=2.5 vsyncQ=22.2 frameItvl=13.9
E/CHIUSECASE(  755): chxutils.cpp:1055 FillCameraId() FillCameraId 1 
D/UnityNativeActivityPico(10669): DISFT isJavaService =falseisPhoneHmdType = false
I/VrApi   (10669): open replaceable Scuccessed libPvr_UnitySDKExt11.so
I/VrApi   (10669): couldBeLoaded
I/VrApi   (10669): 0x7b2b569c18
I/VrApi   (10669): open replaceable Scuccessed 2
I/VrApi   (10669): current version >=2.7.4.4
I/VrApi   (10669): APP version, 2, 8, 6, 16
I/VrApi   (10669): lib version, 2, 8, 6, 15
I/VrApi   (10669): open replaceable aborted
I/VrApi   (10669): pvr_OnLoad()
I/VrApi   (10669): Using caller's JNIEnv
I/VrApi   (10669): Get SdcardPath = /storage/emulated/0, 0x7b19189110
I/VrApi   (10669): BuildVersionSDK 27
I/VrApi   (10669): pvr_Init
I/UnityNativeActivityPico(10669): bypass_presentation = -1
W/ContextImpl(10669): Calling a method in the system process without a qualified user: android.app.ContextImpl.bindService:1556 android.content.ContextWrapper.bindService:684 com.unity3d.player.UnityPlayerNativeActivityPico.PicoVRInit:115 com.unity3d.player.UnityPlayerNativeActivityPico.onCreate:14 com.pvr.vrshell.MainActivity.onCreate:0 
D/VRDataUtils(10669): HMD not exist
D/PvrClient(10669): mirroring or not lg return
D/CompatibilityInfo( 1294): mCompatibilityFlags - 4
D/CompatibilityInfo( 1294): applicationDensity - 640
D/CompatibilityInfo( 1294): applicationScale - 1.0
I/c       ( 2340): check# change host url
I/initServerJar( 2340): ??DoGetUrlFromDBWithSuffix,uriStr=content://com.picovr.initserver.serverSetting/server_setting/store-AppStore3
E/OMX-VDEC-1080P( 1018): Unable to convey fps info to driver,                             performance might be affected
I/InitServer( 4615): Porvider????query,projection = null***selection = null**selectionArgs = null
E/CHIUSECASE(  755): chxutils.cpp:1055 FillCameraId() FillCameraId 1 
I/initServerJar( 2340): cursor::count=0
I/initServerJar( 2340): content=
I/initServerJar( 2340): urlViaSuffix=
I/initServerJar( 2340): ????,????DoGetUrlFromDBWithSuffix,uriCommon=content://com.picovr.initserver.serverSetting/server_setting/AppStore3
I/InitServer( 4615): Porvider????query,projection = null***selection = null**selectionArgs = null
I/initServerJar( 2340): cursor::count=1
I/initServerJar( 2340): content=https://us-appstore.picovr.com/api/
I/initServerJar( 2340): urlViaSuffix=https://us-appstore.picovr.com/api/
W/ContextImpl( 2340): Calling a method in the system process without a qualified user: android.app.ContextImpl.startForegroundService:1482 android.content.ContextWrapper.startForegroundService:655 com.pvr.verify.utils.CommonUtils.startService:6 com.pvr.verify.a.b.a:14 com.pvr.verify.VerifyService.onCreate:30 
W/ContextImpl( 2340): Calling a method in the system process without a qualified user: android.app.ContextImpl.bindService:1556 android.content.ContextWrapper.bindService:684 com.pvr.verify.a.b.a:20 com.pvr.verify.VerifyService.onCreate:30 android.app.ActivityThread.handleCreateService:3495 
I/b       ( 2340): check# bind: bind Verify Service
I/VerifyService( 2340): onCreate# 
I/VerifyService( 2340): onBind: ---
I/b       ( 2340): onServiceConnected# ComponentInfo{com.picovr.nestserver/com.picovr.nestserver.core.NestSysService}
E/CHIUSECASE(  755): chxutils.cpp:1055 FillCameraId() FillCameraId 1 
E/OMX-VDEC-1080P( 1018): Unable to convey fps info to driver,                             performance might be affected
E/CHIUSECASE(  755): chxutils.cpp:1055 FillCameraId() FillCameraId 1 
E/OMX-VDEC-1080P( 1018): Unable to convey fps info to driver,                             performance might be affected
D/VRBoundary(10669): mSTSettingExist = true
D/VRBoundary(10669): globalBoundaryStatus = -1
D/VRBoundary(10669): appBoundaryStatus = 1
E/CHIUSECASE(  755): chxutils.cpp:1055 FillCameraId() FillCameraId 1 
E/OMX-VDEC-1080P( 1018): Unable to convey fps info to driver,                             performance might be affected
D/VRBoundary(10669): globalBoundaryStatusToC = 1
E/CHIUSECASE(  755): chxutils.cpp:1055 FillCameraId() FillCameraId 1 
D/VRBoundary(10669): globalBoundaryStatusToB = -1
I/UnityNativeActivityPico(10669): Shell shell_mode = 1
I/UnityNativeActivityPico(10669): force_cancel_unity_pause = -1
E/CHIUSECASE(  755): chxutils.cpp:1055 FillCameraId() FillCameraId 1 
E/OMX-VDEC-1080P( 1018): Unable to convey fps info to driver,                             performance might be affected
E/CHIUSECASE(  755): chxutils.cpp:1055 FillCameraId() FillCameraId 1 
E/OMX-VDEC-1080P( 1018): Unable to convey fps info to driver,                             performance might be affected
I/UnityNativeActivityPico(10669): has android.permission.READ_EXTERNAL_STORAGE this
I/UnityNativeActivityPico(10669): create enter
D/VRResUtils(10669): sdPath /system/etc/pvr/res.json
D/VRResUtils(10669): size = 127365
D/NetworkSecurityConfig(10669): No Network Security Config specified, using platform default
D/VRResUtils(10669): locale = en
E/ConfigApi(10669): Not Initialize Global Configs
I/ConfigApi(10669): Initialize Global Configs
I/ConfigApi(10669): file is not exist: /sdcard/psmart/phoenix/psmvrapi_config.txt
I/psmvrConfig(10669): Load file /system/etc/pvr/psmvrapi_config.txt, 1
I/callBackThread(  794): type=1400 audit(0.0:3924): avc: denied { read } for scontext=u:r:airservice:s0 tcontext=u:r:pvrservice:s0 tclass=unix_stream_socket permissive=1
E/CHIUSECASE(  755): chxutils.cpp:1055 FillCameraId() FillCameraId 1 
I/callBackThread(  798): type=1400 audit(0.0:3925): avc: denied { read } for scontext=u:r:surfaceflinger:s0 tcontext=u:r:pvrservice:s0 tclass=unix_stream_socket permissive=1
E/OMX-VDEC-1080P( 1018): Unable to convey fps info to driver,                             performance might be affected
E/psmvrConfig(10669): Undefined variable -- iEnableStageLevel
E/psmvrConfig(10669): Undefined variable -- fCylinderDistortionBoundThreshold
E/psmvrConfig(10669): Undefined variable -- fCylinderDistortionBoundSetValue
I/ConfigApi(10669): DIATW Update Config Parameters From VRService
E/VrServiceApi(10669): InitServiceClient: priority native or java service : order = 0
I/VrServiceApi(10669): load service priority default
I/VrServiceApi(10669): dlopen ok
I/VrServiceApi(10669): dlsym for getPVRModule ok
V/PvrService( 5931): registerClient() client 0x72a7e425c0, pid 10669
I/com.pvr.vrshell(10669): type=1400 audit(0.0:3926): avc: denied { transfer } for scontext=u:r:system_app:s0 tcontext=u:r:pvrservice:s0 tclass=binder permissive=1
I/Binder:5931_3( 5931): type=1400 audit(0.0:3927): avc: denied { use } for path="socket:[342057]" dev="sockfs" ino=342057 scontext=u:r:system_app:s0 tcontext=u:r:pvrservice:s0 tclass=fd permissive=1
I/Binder:5931_3( 5931): type=1400 audit(0.0:3928): avc: denied { write } for path="socket:[342057]" dev="sockfs" ino=342057 scontext=u:r:system_app:s0 tcontext=u:r:pvrservice:s0 tclass=unix_stream_socket permissive=1
E/CHIUSECASE(  755): chxutils.cpp:1055 FillCameraId() FillCameraId 1 
E/Paul    (10669): IsInitialized
E/HaveDir (10669): HaveDir
E/Paul    (10669): open_calib_file_ok
E/GyroMatrix(10669): c:1.000000,0.000000,0.000000,0.000000,1.000000,0.000000,0.000000,0.000000,1.000000
E/SensorConstruct(10669): SensorConstruct
I/com.pvr.vrshell(10669): type=1400 audit(0.0:3929): avc: denied { read } for name="IMUParams.txt" dev="sda2" ino=420 scontext=u:r:system_app:s0 tcontext=u:object_r:persist_file:s0 tclass=file permissive=1
E/PvrServiceClient(10669): Open library<lib6DofReset.so> failed:(null)
I/com.pvr.vrshell(10669): type=1400 audit(0.0:3930): avc: denied { open } for path="/persist/calibration/Bosh/IMUParams.txt" dev="sda2" ino=420 scontext=u:r:system_app:s0 tcontext=u:object_r:persist_file:s0 tclass=file permissive=1
E/PvrServiceClient(10669): Get function<mUpdateOffsets> failed:undefined symbol: updateOffsets
I/com.pvr.vrshell(10669): type=1400 audit(0.0:3931): avc: denied { getattr } for path="/persist/calibration/Bosh/IMUParams.txt" dev="sda2" ino=420 scontext=u:r:system_app:s0 tcontext=u:object_r:persist_file:s0 tclass=file permissive=1
E/PvrServiceClient(10669): Get function<mGetResetPos> failed:undefined symbol: getResetPos
I/Binder:798_2(  798): type=1400 audit(0.0:3932): avc: denied { transfer } for scontext=u:r:surfaceflinger:s0 tcontext=u:r:pvrservice:s0 tclass=binder permissive=1
I/Binder:5931_3( 5931): type=1400 audit(0.0:3933): avc: denied { transfer } for scontext=u:r:pvrservice:s0 tcontext=u:r:surfaceflinger:s0 tclass=binder permissive=1
E/PvrPlatform( 5931): Override displayinfo:w=2160 h=3840 fps=72.000008
I/ConfigApi(10669): UpdateDisplayInfo predict=(0.000000,0.000000,0.000000,0.000000),0.000000,hasPredictInfo = 0
D/PvrPlatform( 5931): Falcon CV2.Use parameters - lensParameters_falconCV2_eu_us_mode1
I/PvrPlatform( 5931): Override configs by config file
I/PvrPlatform( 5931): Override fov value:101.000000
I/ConfigApi(10669): psmvr_UpdateLensAndDisplayInfoFromVRService UpdateLensInfo
D/UnityNativeActivityPico(10669): false = SCRN_BRIGHTNESS
I/UnityNativeActivityPico(10669): EnableAppOverlayType = false
D/PvrClient(10669): android.content.pm.PackageManager$NameNotFoundException: com.pvr.pvrservice
E/PvrClientJava(10669): initNative end
E/PvrClientJava(10669): status = 0,argCnt = 0
D/UnityNativeActivityPico(10669): com.psmart.vrlib.PvrClient@206748c PvrClient created
I/LoadingUtils(10669): 2D loading dir: system/media/LoadingRes
I/PVR_VsyncListen( 5931): type=1400 audit(0.0:3934): avc: denied { read } for scontext=u:r:pvrservice:s0 tcontext=u:r:surfaceflinger:s0 tclass=unix_stream_socket permissive=1
E/OMX-VDEC-1080P( 1018): Unable to convey fps info to driver,                             performance might be affected
I/UnityPlugin(10669): PVR_SetCpuLevel  level 9999
I/PvrPlatform( 5931): setCPULevel:9999 1
E/CHIUSECASE(  755): chxutils.cpp:1055 FillCameraId() FillCameraId 1 
I/sh      (10706): type=1400 audit(0.0:3935): avc: denied { write } for name="scaling_governor" dev="sysfs" ino=43635 scontext=u:r:pvrservice:s0 tcontext=u:object_r:sysfs_devices_system_cpu:s0 tclass=file permissive=1
E/OMX-VDEC-1080P( 1018): Unable to convey fps info to driver,                             performance might be affected
E/CHIUSECASE(  755): chxutils.cpp:1055 FillCameraId() FillCameraId 1 
E/CHIUSECASE(  755): chxutils.cpp:1055 FillCameraId() FillCameraId 1 
E/OMX-VDEC-1080P( 1018): Unable to convey fps info to driver,                             performance might be affected
E/CHIUSECASE(  755): chxutils.cpp:1055 FillCameraId() FillCameraId 1 
E/OMX-VDEC-1080P( 1018): Unable to convey fps info to driver,                             performance might be affected
E/PvrService( 5931): PvrService getTrackingDataExt ret(0)
E/PvrService( 5931): PvrService getTrackingDataExt rotation(-0.312511, 0.297354, -0.446696, 0.000000)
E/PvrService( 5931): PvrService getTrackingDataExt position(0.000580, -0.000161, -0.000468)
D/PvrService( 5931): PvrService::setShareMemoryData(4748054):
D/PvrService( 5931):  -0.312511,0.297352,-0.446698,0.000000,0.000591,-0.000268,-0.000544	[5937635793358]	[5937634621483]	[1339323]	[1262396]
D/PvrService( 5931): threadLoop continue: 1
E/CHIUSECASE(  755): chxutils.cpp:1055 FillCameraId() FillCameraId 1 
E/OMX-VDEC-1080P( 1018): Unable to convey fps info to driver,                             performance might be affected
E/CHIUSECASE(  755): chxutils.cpp:1055 FillCameraId() FillCameraId 1 
I/LoadingUtils(10669): file path is /system/media/LoadingRes/inside_background_img.png
I/LoadingUtils(10669): calculateParams Text config 1080   720
I/LoadingUtils(10669): Text config 1080   720
I/LoadingUtils(10669): file path is /system/media/LoadingRes/img/loading_animation_00000.png
I/LoadingUtils(10669): file path is /system/media/LoadingRes/img/loading_animation_00001.png
I/LoadingUtils(10669): file path is /system/media/LoadingRes/img/loading_animation_00002.png
I/LoadingUtils(10669): file path is /system/media/LoadingRes/img/loading_animation_00003.png
I/LoadingUtils(10669): file path is /system/media/LoadingRes/img/loading_animation_00004.png
I/LoadingUtils(10669): file path is /system/media/LoadingRes/img/loading_animation_00005.png
I/LoadingUtils(10669): file path is /system/media/LoadingRes/img/loading_animation_00006.png
I/LoadingUtils(10669): file path is /system/media/LoadingRes/img/loading_animation_00007.png
I/LoadingUtils(10669): file path is /system/media/LoadingRes/img/loading_animation_00008.png
I/LoadingUtils(10669): file path is /system/media/LoadingRes/img/loading_animation_00009.png
I/LoadingUtils(10669): file path is /system/media/LoadingRes/img/loading_animation_00010.png
I/LoadingUtils(10669): file path is /system/media/LoadingRes/img/loading_animation_00011.png
I/LoadingUtils(10669): file path is /system/media/LoadingRes/img/loading_animation_00012.png
I/LoadingUtils(10669): file path is /system/media/LoadingRes/img/loading_animation_00013.png
I/LoadingUtils(10669): file path is /system/media/LoadingRes/img/loading_animation_00014.png
I/LoadingUtils(10669): file path is /system/media/LoadingRes/img/loading_animation_00015.png
I/LoadingUtils(10669): file path is /system/media/LoadingRes/img/loading_animation_00016.png
I/LoadingUtils(10669): file path is /system/media/LoadingRes/img/loading_animation_00017.png
I/LoadingUtils(10669): file path is /system/media/LoadingRes/img/loading_animation_00018.png
I/LoadingUtils(10669): file path is /system/media/LoadingRes/img/loading_animation_00019.png
I/LoadingUtils(10669): file path is /system/media/LoadingRes/img/loading_animation_00020.png
I/LoadingUtils(10669): file path is /system/media/LoadingRes/img/loading_animation_00021.png
I/LoadingUtils(10669): file path is /system/media/LoadingRes/img/loading_animation_00022.png
I/LoadingUtils(10669): file path is /system/media/LoadingRes/img/loading_animation_00023.png
I/UnityNativeActivityPico(10669): presentationDisplays.length 0
I/UnityNativeActivityPico(10669): default
I/PVRShell(10669): ==========onCreate
I/PVRShell(10669): LanguageCountry = en-US
I/PVRShell(10669): isDebug = false
I/PVRShell(10669): default ime is com.android.inputmethod.latin/.LatinIME
I/PVRShell(10669): sogou ime is , default ime is com.android.inputmethod.latin/.LatinIME
D/UnityNativeActivityPico(10669): onStart
I/UnityNativeActivityPico(10669): registerDisplayListener
I/PVRShell(10669): ==========onStart
I/PVRShell(10669): sogou ime is 
E/CHIUSECASE(  755): chxutils.cpp:1055 FillCameraId() FillCameraId 1 
E/OMX-VDEC-1080P( 1018): Unable to convey fps info to driver,                             performance might be affected
I/PvrManagerInternal(10669): PvrManagerInternal
V/PvrManagerService( 1294): addCallBackToMap..callingPid:10669
I/PvrService( 5931): OnTransact:code=2001
E/PvrService( 5931): Set 6dof global tracking status:1
D/6dof    (10669): pvr6dofStopped :false  lastIs3dof :false   stopped prop: false   3dof propfalse
D/6dof    (10669): metaDataType :1    isWaveVR :false
W/propdebug(10669): key is pvr.running.app.3dof value is false pid is 10669
I/UnityNativeActivityPico(10669): onResume
E/CHIUSECASE(  755): chxutils.cpp:1055 FillCameraId() FillCameraId 1 
E/OMX-VDEC-1080P( 1018): Unable to convey fps info to driver,                             performance might be affected
E/CHIUSECASE(  755): chxutils.cpp:1055 FillCameraId() FillCameraId 1 
E/OMX-VDEC-1080P( 1018): Unable to convey fps info to driver,                             performance might be affected
E/CHIUSECASE(  755): chxutils.cpp:1055 FillCameraId() FillCameraId 1 
E/OMX-VDEC-1080P( 1018): Unable to convey fps info to driver,                             performance might be affected
E/CHIUSECASE(  755): chxutils.cpp:1055 FillCameraId() FillCameraId 1 
E/CHIUSECASE(  755): chxutils.cpp:1055 FillCameraId() FillCameraId 1 
D/VRBoundary(10669): head6dofReset = falseservice6dofStopped = false
D/VRDataUtils(10669): finish the toast fore
W/ContextImpl(10669): Calling a method in the system process without a qualified user: android.app.ContextImpl.startForegroundService:1482 android.content.ContextWrapper.startForegroundService:655 com.psmart.vrlib.VRDataUtils.finishToastActivity:86 com.unity3d.player.UnityPlayerNativeActivityPico.finishToastActivity:0 com.unity3d.player.UnityPlayerNativeActivityPico.onResume:108 
D/VRDataUtils(10669): finish the toast fore
D/VRDataUtils(10669): java.lang.IllegalArgumentException: Service Intent must be explicit: Intent { act=com.lg.uplus.agent.service_action (has extras) }
D/VRConfigUtils(10669): restore level00
I/UnityPlugin(10669): PVR_SetGpuLevel_ level 0
I/PvrPlatform( 5931): setGPULevel:0 1
E/OMX-VDEC-1080P( 1018): Unable to convey fps info to driver,                             performance might be affected
E/CHIUSECASE(  755): chxutils.cpp:1055 FillCameraId() FillCameraId 1 
I/PvrPlatform( 5931): svrSetPerformanceLevels GPU level[0] Freq[710000000] done
I/UnityPlugin(10669): PVR_SetCpuLevel  level 0
I/PvrPlatform( 5931): setCPULevel:0 1
E/OMX-VDEC-1080P( 1018): Unable to convey fps info to driver,                             performance might be affected
E/CHIUSECASE(  755): chxutils.cpp:1055 FillCameraId() FillCameraId 1 
E/OMX-VDEC-1080P( 1018): Unable to convey fps info to driver,                             performance might be affected
E/CHIUSECASE(  755): chxutils.cpp:1055 FillCameraId() FillCameraId 1 
E/OMX-VDEC-1080P( 1018): Unable to convey fps info to driver,                             performance might be affected
E/CHIUSECASE(  755): chxutils.cpp:1055 FillCameraId() FillCameraId 1 
E/OMX-VDEC-1080P( 1018): Unable to convey fps info to driver,                             performance might be affected
E/CHIUSECASE(  755): chxutils.cpp:1055 FillCameraId() FillCameraId 1 
E/CHIUSECASE(  755): chxutils.cpp:1055 FillCameraId() FillCameraId 1 
E/OMX-VDEC-1080P( 1018): Unable to convey fps info to driver,                             performance might be affected
E/CHIUSECASE(  755): chxutils.cpp:1055 FillCameraId() FillCameraId 1 
E/OMX-VDEC-1080P( 1018): Unable to convey fps info to driver,                             performance might be affected
I/PvrPlatform( 5931): svrSetPerformanceLevels CPU level[0] B[2803200] done
I/UnityNativeActivityPico(10669): onResume   animation is not null 
I/UnityNativeActivityPico(10669): Notify Unity resume
I/UnityNativeActivityPico(10669): onResume test
I/LoadingUtils(10669): start  setting vrmode 2d and ORIENTATION 0
I/PVRShell(10669): ==========onResume
E/PVRShell(10669): VirtualDisplay is null
V/PicoSettingsProvider( 1294):  table to handle:whitelist selection:packagename = ?
V/PicoSettingsProvider( 1294): selectionArgs[0] is:com.pvr.vrshell
V/PicoSettingsProvider( 1294): query....selection:packagename = ? dataToReturnArrayList.size:0
E/stereo  (10669): PackageName:com.pvr.vrshell type:null
E/CHIUSECASE(  755): chxutils.cpp:1055 FillCameraId() FillCameraId 1 
D/OpenGLRenderer(10669): HWUI GL Pipeline
D/UnityNativeActivityPico(10669): connect ok
I/PVRShell(10669): android.net.wifi.STATE_CHANGE, state = true
I/PVRShell(10669): android.net.wifi.WIFI_STATE_CHANGED, state = 3
I/PVRShell(10669): android.net.wifi.RSSI_CHANGED, rssi = -26, level = 3
E/OMX-VDEC-1080P( 1018): Unable to convey fps info to driver,                             performance might be affected
I/PVRShell(10669): android.intent.action.BATTERY_CHANGED, percent = 73, status = 3
I/UnityNativeActivityPico(10669): onAttachedToWindow!!!!!!!!!!!
I/LoadingUtils(10669): start  setting vrmode 2d and ORIENTATION 0
D/PvrManagerService( 1294): setSystemFeatures featureId is 2 featureValue is 0,com.pvr.vrshell/com.pvr.vrshell.MainActivity,loading
I/SurfaceFlinger(  798): setLayerBackground:name = com.pvr.vrshell/com.pvr.vrshell.MainActivity, filePath = loading)
D/SurfaceFlinger(  798): addVRInfo:name=com.pvr.vrshell/com.pvr.vrshell.MainActivity isVR=-1 isOrientation180=-1 background=0 backgroundPath=loading
D/SurfaceFlinger(  798): Add new info to vector.size=1
D/PvrManagerService( 1294): setSystemFeatures featureId is 2 featureValue is 0,SurfaceView--com.pvr.vrshell/com.pvr.vrshell.MainActivity,loading
I/SurfaceFlinger(  798): setLayerBackground:name = SurfaceView--com.pvr.vrshell/com.pvr.vrshell.MainActivity, filePath = loading)
D/SurfaceFlinger(  798): addVRInfo:name=SurfaceView--com.pvr.vrshell/com.pvr.vrshell.MainActivity isVR=-1 isOrientation180=-1 background=0 backgroundPath=loading
D/SurfaceFlinger(  798): Add new info to vector.size=2
D/PvrManagerService( 1294): setSystemFeatures featureId is 0 featureValue is 0,com.pvr.vrshell/com.pvr.vrshell.MainActivity
D/SurfaceFlinger(  798): SetLayerVRFlag:name = com.pvr.vrshell/com.pvr.vrshell.MainActivity, type = 0)
D/SurfaceFlinger(  798): addVRInfo:name=com.pvr.vrshell/com.pvr.vrshell.MainActivity isVR=0 isOrientation180=-1 background=-1 backgroundPath=
D/PvrManagerService( 1294): setSystemFeatures featureId is 1 featureValue is 0,com.pvr.vrshell/com.pvr.vrshell.MainActivity
D/SurfaceFlinger(  798): SetLayerOrientationFlag:name = com.pvr.vrshell/com.pvr.vrshell.MainActivity, type = 0)
D/SurfaceFlinger(  798): addVRInfo:name=com.pvr.vrshell/com.pvr.vrshell.MainActivity isVR=-1 isOrientation180=0 background=-1 backgroundPath=
D/PvrManagerService( 1294): setSystemFeatures featureId is 0 featureValue is 0,SurfaceView--com.pvr.vrshell/com.pvr.vrshell.MainActivity
D/SurfaceFlinger(  798): SetLayerVRFlag:name = SurfaceView--com.pvr.vrshell/com.pvr.vrshell.MainActivity, type = 0)
D/SurfaceFlinger(  798): addVRInfo:name=SurfaceView--com.pvr.vrshell/com.pvr.vrshell.MainActivity isVR=0 isOrientation180=-1 background=-1 backgroundPath=
D/PvrManagerService( 1294): setSystemFeatures featureId is 1 featureValue is 0,SurfaceView--com.pvr.vrshell/com.pvr.vrshell.MainActivity
D/SurfaceFlinger(  798): SetLayerOrientationFlag:name = SurfaceView--com.pvr.vrshell/com.pvr.vrshell.MainActivity, type = 0)
D/SurfaceFlinger(  798): addVRInfo:name=SurfaceView--com.pvr.vrshell/com.pvr.vrshell.MainActivity isVR=-1 isOrientation180=0 background=-1 backgroundPath=
I/LoadingUtils(10669):  set vrmode 2d and ORIENTATION 0 end
E/CHIUSECASE(  755): chxutils.cpp:1055 FillCameraId() FillCameraId 1 
I/LoadingUtils(10669): width  3840  2160
I/Layer   (  798): Scene mode is 0
D/SurfaceFlinger(  798): handleVRInfo()
E/SurfaceFlinger(  798): Finish handle vr infos.size=2
I/Adreno  (10669): QUALCOMM build                   : 2d5c972, I8302e904d2
I/Adreno  (10669): Build Date                       : 03/29/19
I/Adreno  (10669): OpenGL ES Shader Compiler Version: EV031.26.03.00
I/Adreno  (10669): Local Branch                     : mybranche951d0e9-8bc7-f187-be97-5cb90179c3d8
I/Adreno  (10669): Remote Branch                    : quic/gfx-adreno.lnx.1.0.r65-rel
I/Adreno  (10669): Remote Branch                    : NONE
I/Adreno  (10669): Reconstruct Branch               : NOTHING
I/Adreno  (10669): Build Config                     : S L 4.0.10 AArch64
I/Layer   (  798): Scene mode is 0
D/SurfaceFlinger(  798): handleVRInfo()
E/SurfaceFlinger(  798): Finish handle vr infos.size=2
I/Layer   (  798): Scene mode is 0
I/Adreno  (10669): PFP: 0x016ee183, ME: 0x00000000
E/CHIUSECASE(  755): chxutils.cpp:1055 FillCameraId() FillCameraId 1 
I/com.pvr.vrshell(10669): android::hardware::configstore::V1_0::ISurfaceFlingerConfigs::hasWideColorDisplay retrieved: 0
D/SurfaceFlinger(  798): duplicate layer name: changing SurfaceView - com.pvr.vrshell/com.pvr.vrshell.MainActivity to SurfaceView - com.pvr.vrshell/com.pvr.vrshell.MainActivity#1
I/Layer   (  798): Scene mode is 0
D/SurfaceFlinger(  798): handleVRInfo()
E/SurfaceFlinger(  798): Finish handle vr infos.size=2
I/emSLPIThread( 2550): type=1400 audit(0.0:3936): avc: denied { read } for scontext=u:r:system_app:s0 tcontext=u:r:system_app:s0 tclass=socket permissive=1
I/OpenGLRenderer(10669): Initialized EGL, version 1.4
D/OpenGLRenderer(10669): Swap behavior 2
D/SurfaceFlinger(  798): duplicate layer name: changing Background for - SurfaceView - com.pvr.vrshell/com.pvr.vrshell.MainActivity to Background for - SurfaceView - com.pvr.vrshell/com.pvr.vrshell.MainActivity#1
I/Layer   (  798): Scene mode is 0
E/OMX-VDEC-1080P( 1018): Unable to convey fps info to driver,                             performance might be affected
E/CHIUSECASE(  755): chxutils.cpp:1055 FillCameraId() FillCameraId 1 
I/FrameAnimation(10669): surfacecreate success
I/LoadingUtils(10669): start  setting vrmode 2d and ORIENTATION 0
D/PvrManagerService( 1294): setSystemFeatures featureId is 2 featureValue is 0,com.pvr.vrshell/com.pvr.vrshell.MainActivity,loading
I/SurfaceFlinger(  798): setLayerBackground:name = com.pvr.vrshell/com.pvr.vrshell.MainActivity, filePath = loading)
D/SurfaceFlinger(  798): setLayerBackground:Set com.pvr.vrshell/com.pvr.vrshell.MainActivity's background is success)
D/SurfaceFlinger(  798): addVRInfo:name=com.pvr.vrshell/com.pvr.vrshell.MainActivity isVR=-1 isOrientation180=-1 background=0 backgroundPath=loading
D/PvrManagerService( 1294): setSystemFeatures featureId is 2 featureValue is 0,SurfaceView--com.pvr.vrshell/com.pvr.vrshell.MainActivity,loading
I/SurfaceFlinger(  798): setLayerBackground:name = SurfaceView--com.pvr.vrshell/com.pvr.vrshell.MainActivity, filePath = loading)
D/SurfaceFlinger(  798): setLayerBackground:Set SurfaceView--com.pvr.vrshell/com.pvr.vrshell.MainActivity's background is success)
D/SurfaceFlinger(  798): addVRInfo:name=SurfaceView--com.pvr.vrshell/com.pvr.vrshell.MainActivity isVR=-1 isOrientation180=-1 background=0 backgroundPath=loading
D/PvrManagerService( 1294): setSystemFeatures featureId is 0 featureValue is 0,com.pvr.vrshell/com.pvr.vrshell.MainActivity
D/SurfaceFlinger(  798): SetLayerVRFlag:name = com.pvr.vrshell/com.pvr.vrshell.MainActivity, type = 0)
D/SurfaceFlinger(  798): SetLayerVRFlag:Set com.pvr.vrshell/com.pvr.vrshell.MainActivity's vr flag is success)
D/SurfaceFlinger(  798): addVRInfo:name=com.pvr.vrshell/com.pvr.vrshell.MainActivity isVR=0 isOrientation180=-1 background=-1 backgroundPath=
D/PvrManagerService( 1294): setSystemFeatures featureId is 1 featureValue is 0,com.pvr.vrshell/com.pvr.vrshell.MainActivity
D/SurfaceFlinger(  798): SetLayerOrientationFlag:name = com.pvr.vrshell/com.pvr.vrshell.MainActivity, type = 0)
D/SurfaceFlinger(  798): SetLayerVRFlag:Set com.pvr.vrshell/com.pvr.vrshell.MainActivity's orientation flag is success)
D/SurfaceFlinger(  798): addVRInfo:name=com.pvr.vrshell/com.pvr.vrshell.MainActivity isVR=-1 isOrientation180=0 background=-1 backgroundPath=
D/PvrManagerService( 1294): setSystemFeatures featureId is 0 featureValue is 0,SurfaceView--com.pvr.vrshell/com.pvr.vrshell.MainActivity
D/SurfaceFlinger(  798): SetLayerVRFlag:name = SurfaceView--com.pvr.vrshell/com.pvr.vrshell.MainActivity, type = 0)
D/SurfaceFlinger(  798): SetLayerVRFlag:Set SurfaceView--com.pvr.vrshell/com.pvr.vrshell.MainActivity's vr flag is success)
D/SurfaceFlinger(  798): addVRInfo:name=SurfaceView--com.pvr.vrshell/com.pvr.vrshell.MainActivity isVR=0 isOrientation180=-1 background=-1 backgroundPath=
D/PvrManagerService( 1294): setSystemFeatures featureId is 1 featureValue is 0,SurfaceView--com.pvr.vrshell/com.pvr.vrshell.MainActivity
D/SurfaceFlinger(  798): SetLayerOrientationFlag:name = SurfaceView--com.pvr.vrshell/com.pvr.vrshell.MainActivity, type = 0)
D/SurfaceFlinger(  798): SetLayerVRFlag:Set SurfaceView--com.pvr.vrshell/com.pvr.vrshell.MainActivity's orientation flag is success)
D/SurfaceFlinger(  798): addVRInfo:name=SurfaceView--com.pvr.vrshell/com.pvr.vrshell.MainActivity isVR=-1 isOrientation180=0 background=-1 backgroundPath=
I/LoadingUtils(10669):  set vrmode 2d and ORIENTATION 0 end
I/LoadingUtils(10669): width  3840  2160
E/CHIUSECASE(  755): chxutils.cpp:1055 FillCameraId() FillCameraId 1 
E/OMX-VDEC-1080P( 1018): Unable to convey fps info to driver,                             performance might be affected
E/OMX-VDEC-1080P( 1018): Unable to convey fps info to driver,                             performance might be affected
E/CHIUSECASE(  755): chxutils.cpp:1055 FillCameraId() FillCameraId 1 
I/PVRShell(10669): onWindowFocusChanged, hasFocus = true
I/P2ALVR  ( 9527): surfaceDestroyed
I/P2ALVR-native( 9527): nativeSurfaceDestroyed
E/OMX-VDEC-1080P( 1018): Unable to convey fps info to driver,                             performance might be affected
I/UnityPlugin( 9527): OnRenderEvent EVENT_PAUSE
I/UnityPlugin( 9527): PVR_Pause()
I/VrApi   ( 9527): ---------- pvr_LeaveVrMode ----------
I/TimeWarp( 9527): ---------------- Destruct MiraCast Start miraShutdownRequest=1----------------
I/TimeWarp( 9527): wake VirScreen Thread to Exit
I/TimeWarp( 9527): miraCast pthread_join() called
I/TimeWarp( 9527): mSurfaceObjB received signal, Miracast thread continue
I/TimeWarp( 9527): App is destorying, curr Thread will exit
I/TimeWarp( 9527): LLLL nativeWindow = NULL
I/TimeWarp( 9527): LLLL eglCreateWindowSurface failed
I/TimeWarp( 9527): miraCastThread Loop start miraCastVirScreenPause = 0
I/TimeWarp( 9527): eglPresentationSurface = EGL_NO_SURFACE
E/ANDR-IOP(  778): IOP HAL: Received pkg_name = com.pvr.vrshell pid = 0
I/TimeWarp( 9527):  Destroyed eglMiraCastContext.
I/TimeWarp( 9527): MiraCastThreadShutdown() - End
I/TimeWarp( 9527): miraCast pthread_join() returned
I/TimeWarp( 9527): miraCast presentationWindowANativeWindow =  null
I/TimeWarp( 9527): ---------------- Destruct MiraCast End -----------------
I/TimeWarp( 9527): ---------------- Destruct TimeWarp Start ShutdownRequest=2 ----------------
I/TimeWarp( 9527): timeWarp pthread_join() called
I/ActivityManager( 1294): Displayed com.pvr.vrshell/.MainActivity: +502ms
E/ANDR-PERF-JNI( 1294): com_qualcomm_qtiperformance_native_perf_io_prefetch_start
E/ANDR-IOP(  778): IOP HAL: Received pkg_name = com.pvr.vrshell pid = 10669
E/BufferQueueProducer(  798): [SurfaceView - com.alvr.pico2/com.alvr.pico2.MainActivity#0] dequeueBuffer: BufferQueue has no connected producer
I/Adreno  ( 9527): DequeueBuffer: dequeueBuffer failed
E/CHIUSECASE(  755): chxutils.cpp:1055 FillCameraId() FillCameraId 1 
E/ANDR-IOP(  778): io prefetch Capture is deactivated 
E/BufferQueueProducer(  798): [SurfaceView - com.alvr.pico2/com.alvr.pico2.MainActivity#0] dequeueBuffer: BufferQueue has no connected producer
I/Adreno  ( 9527): DequeueBuffer: dequeueBuffer failed
I/TimeWarp( 9527): WarpThread ShutdownRequest received
E/CHIUSECASE(  755): chxutils.cpp:1055 FillCameraId() FillCameraId 1 
D/PvrPlatform( 5931): Already keep stationary state for 2 secend
I/chatty  ( 5931): uid=0(root) /system/bin/pvrservice identical 1 line
D/PvrPlatform( 5931): Already keep stationary state for 2 secend
D/2DToVR  (  798): NewMode is set to 1, ModeSwitchTimeCounter is set to 45
E/OMX-VDEC-1080P( 1018): Unable to convey fps info to driver,                             performance might be affected
D/2DToVR  (  798): Enter vr mode
I/surfaceflinger(  798): type=1400 audit(0.0:3937): avc: denied { call } for scontext=u:r:surfaceflinger:s0 tcontext=u:r:pvrservice:s0 tclass=binder permissive=1
D/PvrService( 5931): setParameter:name(ShowSafetyTip), value(false)
D/PvrService( 5931): Do not show safety tip
E/PvrService( 5931): VRModeStateClient::setClientSafetyTipStatus pid=798, status=0
E/PvrService( 5931): VRModeStateClient::startVRMode pid=798
I/PvrService( 5931): mPrevTrackingMode 7, trackingMode 7
D/PvrService( 5931): ---------------------No safety tip for pid:798
E/BufferQueueProducer(  798): [SurfaceView - com.alvr.pico2/com.alvr.pico2.MainActivity#0] dequeueBuffer: BufferQueue has no connected producer
I/Adreno  ( 9527): DequeueBuffer: dequeueBuffer failed
D/ActivityTrigger( 1294): ActivityTrigger activityStopTrigger 
I/Unity   (10669): SystemInfo CPU = ARM64 FP ASIMD AES, Cores = 8, Memory = 5685mb
I/Unity   (10669): SystemInfo ARM big.LITTLE configuration: 4 big (mask: 0xf0), 4 little (mask: 0xf)
E/CHIUSECASE(  755): chxutils.cpp:1055 FillCameraId() FillCameraId 1 
I/Unity   (10669): ApplicationInfo com.pvr.vrshell version 2.0.81 build <unknown>
I/Unity   (10669): Built from '2018.4/china_unity/release' branch, Version '2018.4.21f1 (8586c82ced4c)', Build type 'Release', Scripting Backend 'il2cpp', CPU 'arm64-v8a'
D/2DToVR  (  798): ---SingleBufferRender Thread Init: try at 1 times sleep 100 ms--
E/BufferQueueProducer(  798): [SurfaceView - com.alvr.pico2/com.alvr.pico2.MainActivity#0] dequeueBuffer: BufferQueue has no connected producer
I/Adreno  ( 9527): DequeueBuffer: dequeueBuffer failed
I/TimeWarp( 9527): WarpThreadShutdown()
E/BufferQueueProducer(  798): [SurfaceView - com.alvr.pico2/com.alvr.pico2.MainActivity#0] dequeueBuffer: BufferQueue has no connected producer
I/Adreno  ( 9527): DequeueBuffer: dequeueBuffer failed
I/TimeWarp( 9527): EEEE DestroyFrameworkGraphics destroying eye render target 0
I/PVRShell(10669): onForegroundActivitiesChanged-->9527, 10095, false
I/PVRShell(10669): ----------switchApp----------
E/PVRShell(10669): VirtualDisplay is null
I/TimeWarp( 9527): EEEE DestroyFrameworkGraphics destroying eye render target 1
I/TimeWarp( 9527): EEEE DestroyEyeTargetGraphics
W/2DToVR  (  798): WARNING!!!: setMode during mode is not switched yet
I/TimeWarp( 9527): EEEE DestroyEyeTargetGraphics end
E/BufferQueueProducer(  798): [SurfaceView - com.alvr.pico2/com.alvr.pico2.MainActivity#0] dequeueBuffer: BufferQueue has no connected producer
I/Adreno  ( 9527): DequeueBuffer: dequeueBuffer failed
I/TimeWarp(  798): -------------------- TimeWarpLocal() --------------------
I/TimeWarp(  798): Current EGL_CONTEXT_CLIENT_VERSION:3
I/TimeWarp(  798): Share context eglConfig has 8 stencil bits
I/TimeWarp(  798): Requesting EGL_CONTEXT_PRIORITY_HIGH_IMG
I/TimeWarp(  798): WarpThreadInit()
E/CHIUSECASE(  755): chxutils.cpp:1055 FillCameraId() FillCameraId 1 
E/BufferQueueProducer(  798): [SurfaceView - com.alvr.pico2/com.alvr.pico2.MainActivity#0] disconnect: not connected (req=1)
W/libEGL  ( 9527): EGLNativeWindowType 0xd185c008 disconnect failed
I/TimeWarp(  798): eglWarpContext: 0x76befbe480
I/TimeWarp(  798): Context is EGL_CONTEXT_PRIORITY_HIGH_IMG
I/TimeWarp(  798): eglMakeCurrent on 0x7742f6f300
I/DirectRender(  798): 0x76be16c7e0 DirectRender::InitForCurrentSurface(true)
I/TimeWarp( 9527): WarpThreadShutdown() - End
I/TimeWarp( 9527): Exiting WarpThreadLoop()
I/DirectRender(  798): Performing an initial swapbuffers for Mali and/or Android-L
I/TimeWarp( 9527): timeWarp pthread_join() returned
I/TimeWarp( 9527): ---------------- Destruct TimeWarp End ----------------
I/P2ALVR-native( 9527): HW compositor: warp paused for surface teardown
E/libEGL  ( 9527): eglDestroySurface:830 error 300d (EGL_BAD_SURFACE)
I/P2ALVR-native( 9527): window surface destroyed -> pausing render
I/FrameAnimation(10669): mBitmap.recycle
I/DirectRender(  798): surface size: 2160 x 3840
I/DirectRender(  798): gvrFrontbufferExtension = FALSE
I/DirectRender(  798): Adreno GPU
W/2DToVR  (  798): WARNING!!!: setMode during mode is not switched yet
E/OMX-VDEC-1080P( 1018): Unable to convey fps info to driver,                             performance might be affected
E/CHIUSECASE(  755): chxutils.cpp:1055 FillCameraId() FillCameraId 1 
E/OMX-VDEC-1080P( 1018): Unable to convey fps info to driver,                             performance might be affected
E/CHIUSECASE(  755): chxutils.cpp:1055 FillCameraId() FillCameraId 1 
E/OMX-VDEC-1080P( 1018): Unable to convey fps info to driver,                             performance might be affected
W/[ALVR NATIVE-RUST]( 9527): Video frame queue overflow!
E/CHIUSECASE(  755): chxutils.cpp:1055 FillCameraId() FillCameraId 1 
I/TimeWarp(  798): WarpThreadInit() - End
I/TimeWarp(  798): WarpThreadLoop()
I/TimeWarp(  798): Changing vsync from 0.000000 to 386141.000000
I/TimeWarp(  798): Warp GPU time: 0.0000000000 ms
I/TimeWarp(  798): WarpToScreen: No valid Eye Buffers
I/TimeWarp(  798): ----------------- TimeWarpLocal() End -----------------
I/2DToVR  (  798): Loading texture file at: /system/media/images/55070.png.
W/2DToVR  (  798): WARNING!!!: setMode during mode is not switched yet
W/2DToVR  (  798): Texture failed to load at path: /system/media/images/55070.png
I/2DToVR  (  798): Succesfully loaded: /system/media/images/55070.png.
I/2DToVR  (  798): Loading texture file at: /system/media/images/mask.png.
W/2DToVR  (  798): Texture failed to load at path: /system/media/images/mask.png
I/2DToVR  (  798): Succesfully loaded: /system/media/images/mask.png.
D/2DToVR  (  798): ---SingleBufferRender Thread Init: complete at 1th time --
I/2DToVR  (  798): Enable chromatic aberration correction
D/2DToVR  (  798): Mode switch from 0 to 1
I/2DToVR  (  798): setTrackingStatus:1
D/2DToVR  (  798): Mode switch to Loading
D/2DToVR  (  798): mDisableInput is set to true
I/EyeBuffers(  798): Reallocating buffers
I/EyeBuffers(  798): Allocate FBO: res=2560 color=0 depth=0
I/EyeBuffers(  798): textureFilter = TEXTURE_FILTER_BILINEAR
I/EyeBuffers(  798): Making a 2 sample buffer with glFramebufferTexture2DMultisample
I/EyeBuffers(  798): textureFilter = TEXTURE_FILTER_BILINEAR
I/EyeBuffers(  798): Making a 2 sample buffer with glFramebufferTexture2DMultisample
E/OMX-VDEC-1080P( 1018): Unable to convey fps info to driver,                             performance might be affected
W/[ALVR NATIVE-RUST]( 9527): Video frame queue overflow!
E/CHIUSECASE(  755): chxutils.cpp:1055 FillCameraId() FillCameraId 1 
E/OMX-VDEC-1080P( 1018): Unable to convey fps info to driver,                             performance might be affected
W/[ALVR NATIVE-RUST]( 9527): Video frame queue overflow!
I/P2ALVR-native( 9527): REAL_TIME_CONFIG: no foveation change
E/CHIUSECASE(  755): chxutils.cpp:1055 FillCameraId() FillCameraId 1 
E/SchedPolicy(10669): set_timerslack_ns write failed: Operation not permitted
D/2DToVR  (  798): ++++++++2D FPS:0.4++++++++
I/EyeBuffers(  798): Reallocating buffers
I/EyeBuffers(  798): Allocate FBO: res=2560 color=0 depth=0
I/EyeBuffers(  798): textureFilter = TEXTURE_FILTER_BILINEAR
I/EyeBuffers(  798): Making a 2 sample buffer with glFramebufferTexture2DMultisample
I/EyeBuffers(  798): textureFilter = TEXTURE_FILTER_BILINEAR
I/EyeBuffers(  798): Making a 2 sample buffer with glFramebufferTexture2DMultisample
I/txIMURead( 2550): type=1400 audit(0.0:3938): avc: denied { ioctl } for path="/dev/spidev1.0" dev="tmpfs" ino=26182 ioctlcmd=0x6b07 scontext=u:r:system_app:s0 tcontext=u:object_r:device:s0 tclass=chr_file permissive=1
E/OMX-VDEC-1080P( 1018): Unable to convey fps info to driver,                             performance might be affected
E/Unity   (10669): Unable to find AudioPlugin_AM3DSpatializer
W/[ALVR NATIVE-RUST]( 9527): Video frame queue overflow!
E/CHIUSECASE(  755): chxutils.cpp:1055 FillCameraId() FillCameraId 1 
I/FrameAnimation(10669): mBitmap.recycle
D/Unity   (10669):  GL_OES_EGL_image GL_OES_EGL_image_external GL_OES_EGL_sync GL_OES_vertex_half_float GL_OES_framebuffer_object GL_OES_rgb8_rgba8 GL_OES_compressed_ETC1_RGB8_texture GL_AMD_compressed_ATC_texture GL_KHR_texture_compression_astc_ldr GL_KHR_texture_compression_astc_hdr GL_OES_texture_compression_astc GL_OES_texture_npot GL_EXT_texture_filter_anisotropic GL_EXT_texture_format_BGRA8888 GL_EXT_read_format_bgra GL_OES_texture_3D GL_EXT_color_buffer_float GL_EXT_color_buffer_half_float GL_QCOM_alpha_test GL_OES_depth24 GL_OES_packed_depth_stencil GL_OES_depth_texture GL_OES_depth_texture_cube_map GL_EXT_sRGB GL_OES_texture_float GL_OES_texture_float_linear GL_OES_texture_half_float GL_OES_texture_half_float_linear GL_EXT_texture_type_2_10_10_10_REV GL_EXT_texture_sRGB_decode GL_EXT_texture_format_sRGB_override GL_OES_element_index_uint GL_EXT_copy_image GL_EXT_geometry_shader GL_EXT_tessellation_shader GL_OES_texture_stencil8 GL_EXT_shader_io_blocks GL_OES_shader_image_atomic GL_OES_sample_variables GL_EXT_texture_b
D/Unity   (10669): order_clamp GL_EXT_EGL_image_external_wrap_modes GL_EXT_multisampled_render_to_texture GL_EXT_multisampled_render_to_texture2 GL_OES_shader_multisample_interpolation GL_EXT_texture_cube_map_array GL_EXT_draw_buffers_indexed GL_EXT_gpu_shader5 GL_EXT_robustness GL_EXT_texture_buffer GL_EXT_shader_framebuffer_fetch GL_ARM_shader_framebuffer_fetch_depth_stencil GL_OES_texture_storage_multisample_2d_array GL_OES_sample_shading GL_OES_get_program_binary GL_EXT_debug_label GL_KHR_blend_equation_advanced GL_KHR_blend_equation_advanced_coherent GL_QCOM_tiled_rendering GL_ANDROID_extension_pack_es31a GL_EXT_primitive_bounding_box GL_OES_standard_derivatives GL_OES_vertex_array_object GL_EXT_disjoint_timer_query GL_KHR_debug GL_EXT_YUV_target GL_EXT_sRGB_write_control GL_EXT_texture_norm16 GL_EXT_discard_framebuffer GL_OES_surfaceless_context GL_OVR_multiview GL_OVR_multiview2 GL_EXT_texture_sRGB_R8 GL_KHR_no_error GL_EXT_debug_marker GL_OES_EGL_image_external_essl3 GL_OVR_multiview_multisampled_render_to_texture GL_E
D/Unity   (10669): XT_buffer_storage GL_EXT_external_buffer GL_EXT_blit_framebuffer_params GL_EXT_clip_cull_distance GL_EXT_protected_textures GL_EXT_shader_non_constant_global_initializers GL_QCOM_texture_foveated GL_QCOM_texture_foveated_subsampled_layout GL_QCOM_shader_framebuffer_fetch_noncoherent GL_QCOM_shader_framebuffer_fetch_rate GL_EXT_memory_object GL_EXT_memory_object_fd GL_EXT_EGL_image_array GL_NV_shader_noperspective_interpolation GL_KHR_robust_buffer_access_behavior GL_EXT_EGL_image_storage GL_EXT_blend_func_extended GL_EXT_clip_control GL_OES_texture_view GL_EXT_fragment_invocation_density
E/OMX-VDEC-1080P( 1018): Unable to convey fps info to driver,                             performance might be affected
I/EyeBuffers(  798): Reallocating buffers
I/EyeBuffers(  798): Allocate FBO: res=2560 color=0 depth=0
I/EyeBuffers(  798): textureFilter = TEXTURE_FILTER_BILINEAR
I/EyeBuffers(  798): Making a 2 sample buffer with glFramebufferTexture2DMultisample
W/[ALVR NATIVE-RUST]( 9527): Video frame queue overflow!
I/EyeBuffers(  798): textureFilter = TEXTURE_FILTER_BILINEAR
I/EyeBuffers(  798): Making a 2 sample buffer with glFramebufferTexture2DMultisample
E/CHIUSECASE(  755): chxutils.cpp:1055 FillCameraId() FillCameraId 1 
I/AudioPolicyManagerCustom( 1007): setting force DEEP buffer now 
I/chatty  ( 1007): uid=1041(audioserver) Binder:1007_7 identical 1 line
I/AudioPolicyManagerCustom( 1007): setting force DEEP buffer now 
E/CHIUSECASE(  755): chxutils.cpp:1055 FillCameraId() FillCameraId 1 
E/OMX-VDEC-1080P( 1018): Unable to convey fps info to driver,                             performance might be affected
D/AudioPolicyManagerCustom( 1007): Force Direct Flag .. old flags(0x0)
W/[ALVR NATIVE-RUST]( 9527): Video frame queue overflow!
I/AudioFlinger( 1007): openOutput() this 0xef045000, module 10 Device 2, SamplingRate 24000, Format 0x000001, Channels 3, flags 1
D/audio_hw_primary(  753): adev_open_output_stream: enter: format(0x1) sample_rate(24000) channel_mask(0x3) devices(0x2) flags(0x1)        stream_handle(0xf3476800)
I/audio_hw_utils(  753): PCM offload Fragment size to 7680 bytes
D/audio_hw_primary(  753): adev_open_output_stream: Stream (0xf3476800) picks up usecase (compress-offload-playback2)
I/AudioFlinger( 1007): HAL output buffer size 1920 frames, normal sink buffer size 1920 frames
D/audio_hw_utils(  753): audio_extn_utils_compress_get_dsp_latency:: Using Fix DSP delay
D/audio_hw_utils(  753): audio_extn_utils_compress_get_dsp_latency:: delay in ms is 50
I/AudioFlinger( 1007): AudioFlinger's thread 0xef047000 tid=10774 ready to run
D/audio_hw_utils(  753): audio_extn_utils_compress_get_dsp_latency:: Using Fix DSP delay
D/audio_hw_utils(  753): audio_extn_utils_compress_get_dsp_latency:: delay in ms is 50
D/audio_hw_primary(  753): out_standby: enter: stream (0xf3476800) usecase(4: compress-offload-playback2)
D/audio_hw_primary(  753): out_standby: exit
D/audio_hw_utils(  753): audio_extn_utils_compress_get_dsp_latency:: Using Fix DSP delay
D/audio_hw_utils(  753): audio_extn_utils_compress_get_dsp_latency:: delay in ms is 50
D/AudioTrack(10669): Client defaulted notificationFrames to 1922 for frameCount 3844
E/CHIUSECASE(  755): chxutils.cpp:1055 FillCameraId() FillCameraId 1 
W/AudioTrack(10669): Use of stream types is deprecated for operations other than volume control
W/AudioTrack(10669): See the documentation of AudioTrack() for what to use instead with android.media.AudioAttributes to qualify your playback use case
E/OMX-VDEC-1080P( 1018): Unable to convey fps info to driver,                             performance might be affected
V/MediaRouter( 1294): onRestoreRoute() : route=RouteInfo{ name=Phone, description=null, status=null, category=RouteCategory{ name=System types=ROUTE_TYPE_LIVE_AUDIO ROUTE_TYPE_LIVE_VIDEO  groupable=false }, supportedTypes=ROUTE_TYPE_LIVE_AUDIO ROUTE_TYPE_LIVE_VIDEO , presentationDisplay=null }
V/MediaRouter( 1294): Selecting route: RouteInfo{ name=Phone, description=null, status=null, category=RouteCategory{ name=System types=ROUTE_TYPE_LIVE_AUDIO ROUTE_TYPE_LIVE_VIDEO  groupable=false }, supportedTypes=ROUTE_TYPE_LIVE_AUDIO ROUTE_TYPE_LIVE_VIDEO , presentationDisplay=null }
D/Avrcp   ( 1513): AudioManager Player: ID:23 -- type:android.media.SoundPool -- u/pid:10027/1540 -- state:idle -- attr:AudioAttributes: usage=USAGE_ASSISTANCE_SONIFICATION content=CONTENT_TYPE_SONIFICATION flags=0x0 tags= bundle=null
D/Avrcp   ( 1513): AudioManager Player: ID:215 -- type:android.media.MediaPlayer -- u/pid:10069/6530 -- state:idle -- attr:AudioAttributes: usage=USAGE_UNKNOWN content=CONTENT_TYPE_UNKNOWN flags=0x0 tags= bundle=null
D/Avrcp   ( 1513): AudioManager Player: ID:231 -- type:android.media.AudioTrack -- u/pid:1000/10669 -- state:started -- attr:AudioAttributes: usage=USAGE_MEDIA content=CONTENT_TYPE_MUSIC flags=0x0 tags= bundle=null
D/Avrcp   ( 1513): AudioManager isPlaying: true
W//system/bin/hw/android.hidl.allocator@1.0-service(  752): ashmem_create_region(7680) returning hidl_memory(0x778ce2b490, 7680)
W/AudioFlinger( 1007): moveEffectChain_l() effect chain for session 0 not on source thread 0xed883400
D/audio_hw_primary(  753): out_set_parameters: enter: usecase(4: compress-offload-playback2) kvpairs: routing=2
D/audio_hw_utils(  753): audio_extn_utils_compress_get_dsp_latency:: Using Fix DSP delay
D/audio_hw_utils(  753): audio_extn_utils_compress_get_dsp_latency:: delay in ms is 50
W/[ALVR NATIVE-RUST]( 9527): Video frame queue overflow!
D/audio_hw_primary(  753): copl(0xf3476800):calling compress flush
W/audio_hw_primary(  753): out_flush called in invalid state 0
D/audio_hw_primary(  753): copl(0xf3476800):out of compress flush
I/TimeWarp(  798): Frame 386144 Side 1 latency 0.009
I/TimeWarp(  798): Warp GPU time: 0.0000000000 ms
E/CHIUSECASE(  755): chxutils.cpp:1055 FillCameraId() FillCameraId 1 
E/OMX-VDEC-1080P( 1018): Unable to convey fps info to driver,                             performance might be affected
W/[ALVR NATIVE-RUST]( 9527): Video frame queue overflow!
E/CHIUSECASE(  755): chxutils.cpp:1055 FillCameraId() FillCameraId 1 
E/OMX-VDEC-1080P( 1018): Unable to convey fps info to driver,                             performance might be affected
I/sensors-hal(  766): flush:190, android.sensor.accelerometer/34
W/[ALVR NATIVE-RUST]( 9527): Video frame queue overflow!
I/sensors-hal(  766): flush:196, android.sensor.accelerometer/34 completed
E/CHIUSECASE(  755): chxutils.cpp:1055 FillCameraId() FillCameraId 1 
V/MediaRouter(10669): Adding route: RouteInfo{ name=Phone, description=null, status=null, category=RouteCategory{ name=System types=ROUTE_TYPE_LIVE_AUDIO ROUTE_TYPE_LIVE_VIDEO  groupable=false }, supportedTypes=ROUTE_TYPE_LIVE_AUDIO ROUTE_TYPE_LIVE_VIDEO , presentationDisplay=null }
V/MediaRouter(10669): Selecting route: RouteInfo{ name=Phone, description=null, status=null, category=RouteCategory{ name=System types=ROUTE_TYPE_LIVE_AUDIO ROUTE_TYPE_LIVE_VIDEO  groupable=false }, supportedTypes=ROUTE_TYPE_LIVE_AUDIO ROUTE_TYPE_LIVE_VIDEO , presentationDisplay=null }
I/FrameAnimation(10669): mBitmap.recycle
E/OMX-VDEC-1080P( 1018): Unable to convey fps info to driver,                             performance might be affected
E/CHIUSECASE(  755): chxutils.cpp:1055 FillCameraId() FillCameraId 1 
W/[ALVR NATIVE-RUST]( 9527): Video frame queue overflow!
E/volume_listener(  753): check_and_set_gain_dep_cal: Failed to set gain dep cal level
E/audio_hw_primary(  753): out_set_volume: compress mute 0
E/audio_hw_primary(  753): out_set_compr_volume:ctl for mixer cmd - Compress Playback 15 Volume, left 0.183501, right 0.183501
D/audio_hw_primary(  753): start_output_stream: enter: stream(0xf3476800)usecase(4: compress-offload-playback2) devices(0x2)
E/CHIUSECASE(  755): chxutils.cpp:1055 FillCameraId() FillCameraId 1 
D/audio_hw_primary(  753): select_devices for use case (compress-offload-playback2)
D/audio_hw_primary(  753): select_devices: out_snd_device(2: speaker) in_snd_device(0: )
I/msm8974_platform(  753): platform_check_and_set_codec_backend_cfg:becf: afe: bitwidth 16, samplerate 24000 channels 2, backend_idx 0 usecase = 4 device (speaker)
D/msm8974_platform(  753): platform_split_snd_device: snd_device(2) num devices(1) new_snd_devices(0)
I/msm8974_platform(  753): platform_check_and_set_codec_backend_cfg: new_snd_devices[0] is 2
I/msm8974_platform(  753): platform_check_codec_backend_cfg:becf: afe: bitwidth 16, samplerate 24000 channels 2, backend_idx 0 usecase = 4 device (speaker)
D/msm8974_platform(  753): platform_check_codec_backend_cfg:becf: afe: playback on codec device not supporting native playback set default Sample Rate(48k)
I/msm8974_platform(  753): platform_check_codec_backend_cfg:becf: afe: Codec selected backend: 0 updated bit width: 16 and sample rate: 48000
D/audio_hw_primary(  753): check_usecases_codec_backend:becf: force routing 0
E/msm8974_platform(  753): platform_check_backends_match: Invalid snd_device = 
D/audio_hw_primary(  753): check_usecases_codec_backend:becf: (62) check_usecases curr device: speaker, usecase device: backends match 0
D/audio_hw_primary(  753): check_usecases_codec_backend:becf: check_usecases num.of Usecases to switch 0
D/msm8974_platform(  753): platform_split_snd_device: snd_device(2) num devices(0) new_snd_devices(2)
D/hardware_info(  753): hw_info_append_hw_type : device_name = speaker
D/msm8974_platform(  753): platform_split_snd_device: snd_device(2) num devices(0) new_snd_devices(0)
D/audio_hw_primary(  753): enable_snd_device: snd_device(2: speaker)
I/soundtrigger(  753): audio_extn_sound_trigger_update_device_status: device 0x2 of type 0 for Event 1, with Raise=0
D/audio_route(  753): Apply path: speaker
E/OMX-VDEC-1080P( 1018): Unable to convey fps info to driver,                             performance might be affected
W/[ALVR NATIVE-RUST]( 9527): Video frame queue overflow!
E/CHIUSECASE(  755): chxutils.cpp:1055 FillCameraId() FillCameraId 1 
E/OMX-VDEC-1080P( 1018): Unable to convey fps info to driver,                             performance might be affected
W/[ALVR NATIVE-RUST]( 9527): Video frame queue overflow!
D/soundtrigger(  753): audio_extn_sound_trigger_update_stream_status: uc_id 4 of type 0 for Event 3, with Raise=1
D/sound_trigger_platform(  753): platform_stdev_check_and_update_concurrency: concurrency active 0, tx 0, rx 1, concurrency session_allowed 1
D/audio_hw_utils(  753): audio_extn_utils_send_app_type_cfg: usecase->out_snd_device speaker
D/msm8974_platform(  753): platform_split_snd_device: snd_device(2) num devices(0) new_snd_devices(0)
D/audio_hw_utils(  753): audio_extn_btsco_get_sample_rate:Not a BT SCO device, need not update sampling rate
I/audio_hw_utils(  753): send_app_type_cfg_for_device PLAYBACK app_type 69936, acdb_dev_id 15, sample_rate 48000, snd_device_be_idx 2
I/TimeWarp(  798): Frame 386149 Side 1 latency 0.005
E/CHIUSECASE(  755): chxutils.cpp:1055 FillCameraId() FillCameraId 1 
D/msm8974_platform(  753): platform_split_snd_device: snd_device(2) num devices(1) new_snd_devices(0)
D/ACDB-LOADER(  753): ACDB -> send_audio_cal, acdb_id = 15, path = 0, app id = 0x11130, sample rate = 48000
D/ACDB-LOADER(  753): ACDB -> send_asm_topology
D/ACDB-LOADER(  753): ACDB -> ACDB_CMD_GET_AUDPROC_STREAM_TOPOLOGY_ID
D/ACDB-LOADER(  753): ACDB -> send_adm_topology
D/ACDB-LOADER(  753): ACDB -> ACDB_CMD_GET_AUDPROC_COMMON_TOPOLOGY_ID
D/ACDB-LOADER(  753): ACDB -> send_audtable
D/ACDB-LOADER(  753): ACDB -> ACDB_CMD_GET_AUDPROC_COMMON_TABLE_SIZE
D/ACDB-LOADER(  753): ACDB -> ACDB_CMD_GET_AUDPROC_COMMON_TABLE
D/ACDB-LOADER(  753): ACDB -> AUDIO_SET_AUDPROC_CAL
D/ACDB-LOADER(  753): ACDB -> send_audvoltable
D/ACDB-LOADER(  753): ACDB -> ACDB_CMD_GET_AUDPROC_VOL_STEP_TABLE_SIZE
D/ACDB-LOADER(  753): ACDB -> ACDB_CMD_GET_AUDPROC_GAIN_DEP_STEP_TABLE, vol index 4
D/ACDB-LOADER(  753): ACDB -> AUDIO_SET_VOL_CAL cal type = 12
D/ACDB-LOADER(  753): ACDB -> ACDB_CMD_GET_AUDPROC_STREAM_TABLE_SIZE
D/ACDB-LOADER(  753): ACDB -> send_audstrmtable
D/ACDB-LOADER(  753): ACDB -> ACDB_CMD_GET_AUDPROC_STREAM_TABLE_V2
D/ACDB-LOADER(  753): ACDB -> audstrm_cal->cal_type.cal_data.cal_size = 456
D/ACDB-LOADER(  753): ACDB -> send_afe_topology
D/ACDB-LOADER(  753): ACDB -> ACDB_CMD_GET_AFE_TOPOLOGY_ID
D/ACDB-LOADER(  753): ACDB -> GET_AFE_TOPOLOGY_ID for adcd_id 15, Topology Id 1025e
D/ACDB-LOADER(  753): ACDB -> send_afe_cal
D/ACDB-LOADER(  753): ACDB -> ACDB_CMD_GET_AFE_COMMON_TABLE_SIZE
D/ACDB-LOADER(  753): ACDB -> ACDB_CMD_GET_AFE_COMMON_TABLE
D/ACDB-LOADER(  753): ACDB -> AUDIO_SET_AFE_CAL
D/ACDB-LOADER(  753): ACDB -> send_hw_delay : acdb_id = 15 path = 0
D/ACDB-LOADER(  753): ACDB -> ACDB_AVSYNC_INFO: ACDB_CMD_GET_DEVICE_PROPERTY
D/audio_hw_primary(  753): enable_audio_route: apply mixer and update path: compress-offload-playback2
D/audio_route(  753): Apply path: compress-offload-playback2
D/audio_hw_primary(  753): select_devices: done
D/msm8974_platform(  753): platform_set_channel_map mixer_ctl_name:Playback Channel Map15
D/msm8974_platform(  753): platform_set_channel_map: set mapping(1 2 0 0 0 0 0 0) for channel:2
D/audio_hw_primary(  753): audio_enable_asm_bit_width_enforce_mode: DSP bitwidth feature is disabled.
I/PVR_VsyncListen( 5931): type=1400 audit(0.0:3939): avc: denied { call } for scontext=u:r:pvrservice:s0 tcontext=u:r:surfaceflinger:s0 tclass=binder permissive=1
E/CHIUSECASE(  755): chxutils.cpp:1055 FillCameraId() FillCameraId 1 
E/OMX-VDEC-1080P( 1018): Unable to convey fps info to driver,                             performance might be affected
W/[ALVR NATIVE-RUST]( 9527): Video frame queue overflow!
E/CHIUSECASE(  755): chxutils.cpp:1055 FillCameraId() FillCameraId 1 
E/OMX-VDEC-1080P( 1018): Unable to convey fps info to driver,                             performance might be affected
W/[ALVR NATIVE-RUST]( 9527): Video frame queue overflow!
I/FrameAnimation(10669): mBitmap.recycle
E/CHIUSECASE(  755): chxutils.cpp:1055 FillCameraId() FillCameraId 1 
E/OMX-VDEC-1080P( 1018): Unable to convey fps info to driver,                             performance might be affected
W/[ALVR NATIVE-RUST]( 9527): Video frame queue overflow!
E/CHIUSECASE(  755): chxutils.cpp:1055 FillCameraId() FillCameraId 1 
D/audio_hw_utils(  753): audio_extn_utils_compress_set_render_mode:: render mode 0
D/audio_hw_utils(  753): audio_extn_utils_compress_set_clk_rec_mode:: clk recovery is only supported in STC render mode
D/offload_visualizer(  753): thread enter
D/audio_hw_primary(  753): start_output_stream: exit
D/audio_hw_primary(  753): out_write: retry previous failed cal level set
D/msm8974_platform(  753): platform_split_snd_device: snd_device(2) num devices(1) new_snd_devices(0)
D/audio_hw_primary(  753): copl(0xf3476800):send new gapless metadata
E/OMX-VDEC-1080P( 1018): Unable to convey fps info to driver,                             performance might be affected
W/[ALVR NATIVE-RUST]( 9527): Video frame queue overflow!
E/CHIUSECASE(  755): chxutils.cpp:1055 FillCameraId() FillCameraId 1 
E/OMX-VDEC-1080P( 1018): Unable to convey fps info to driver,                             performance might be affected
E/CHIUSECASE(  755): chxutils.cpp:1055 FillCameraId() FillCameraId 1 
W/[ALVR NATIVE-RUST]( 9527): Video frame queue overflow!
E/CHIUSECASE(  755): chxutils.cpp:1055 FillCameraId() FillCameraId 1 
E/OMX-VDEC-1080P( 1018): Unable to convey fps info to driver,                             performance might be affected
W/[ALVR NATIVE-RUST]( 9527): Video frame queue overflow!
I/Unity   (10669): DISFT Unity Version:2018.4.21f1
I/Unity   (10669): Pvr_UnitySDKManager:Awake()
I/Unity   (10669):  
I/Unity   (10669): (Filename: ./Runtime/Export/Debug.bindings.h Line: 45)
I/Unity   (10669): 
I/TimeWarp(  798): Frame 386155 Side 0 latency 0.010
I/Unity   (10669): DISFT Customize NeckOffset:(0.0, 0.1, 0.1)
I/Unity   (10669): Pvr_UnitySDKManager:Awake()
I/Unity   (10669):  
I/Unity   (10669): (Filename: ./Runtime/Export/Debug.bindings.h Line: 45)
I/Unity   (10669): 
I/Unity   (10669): DISFT MSAA :X_2
I/Unity   (10669): Pvr_UnitySDKManager:Awake()
I/Unity   (10669):  
I/Unity   (10669): (Filename: ./Runtime/Export/Debug.bindings.h Line: 45)
I/Unity   (10669): 
I/Unity   (10669): DISFT Content Proctect :False
I/Unity   (10669): Pvr_UnitySDKManager:Awake()
I/Unity   (10669):  
I/Unity   (10669): (Filename: ./Runtime/Export/Debug.bindings.h Line: 45)
I/Unity   (10669): 
E/CHIUSECASE(  755): chxutils.cpp:1055 FillCameraId() FillCameraId 1 
E/OMX-VDEC-1080P( 1018): Unable to convey fps info to driver,                             performance might be affected
W/[ALVR NATIVE-RUST]( 9527): Video frame queue overflow!
I/FrameAnimation(10669): mBitmap.recycle
I/Unity   (10669): DISFT Customize FPS :72
I/Unity   (10669): Pvr_UnitySDKManager:Awake()
I/Unity   (10669):  
I/Unity   (10669): (Filename: ./Runtime/Export/Debug.bindings.h Line: 45)
I/Unity   (10669): 
E/CHIUSECASE(  755): chxutils.cpp:1055 FillCameraId() FillCameraId 1 
I/UnityPlugin(10669): DISFT FFR = 0
E/OMX-VDEC-1080P( 1018): Unable to convey fps info to driver,                             performance might be affected
I/Unity   (10669): PvrLog SDK Version :  2.8.6.16  Unity Script Version :2.8.6.9
I/Unity   (10669): Pvr_UnitySDKRender:ConnectToAndriod()
I/Unity   (10669): Pvr_UnitySDKRender:.ctor()
I/Unity   (10669): Pvr_UnitySDKRender:get_Instance()
I/Unity   (10669): Pvr_UnitySDKEyeManager:OnEnable()
I/Unity   (10669):  
I/Unity   (10669): (Filename: ./Runtime/Export/Debug.bindings.h Line: 45)
I/Unity   (10669): 
W/[ALVR NATIVE-RUST]( 9527): Video frame queue overflow!
E/CHIUSECASE(  755): chxutils.cpp:1055 FillCameraId() FillCameraId 1 
E/OMX-VDEC-1080P( 1018): Unable to convey fps info to driver,                             performance might be affected
E/CHIUSECASE(  755): chxutils.cpp:1055 FillCameraId() FillCameraId 1 
W/[ALVR NATIVE-RUST]( 9527): Video frame queue overflow!
I/TimeWarp(  798): WarpToScreen: Skip as EGL_TIMEOUT_EXPIRED_KHR
D/VrActivity(10669): is pico ,return
D/VrActivity(10669): context = com.pvr.vrshell.MainActivity@39b4f2e
E/OMX-VDEC-1080P( 1018): Unable to convey fps info to driver,                             performance might be affected
W/[ALVR NATIVE-RUST]( 9527): Video frame queue overflow!
E/CHIUSECASE(  755): chxutils.cpp:1055 FillCameraId() FillCameraId 1 
E/CHIUSECASE(  755): chxutils.cpp:1055 FillCameraId() FillCameraId 1 
E/OMX-VDEC-1080P( 1018): Unable to convey fps info to driver,                             performance might be affected
W/[ALVR NATIVE-RUST]( 9527): Video frame queue overflow!
I/UnityClient(10669): systemproc is 0
I/UnityNativeActivityPico(10669): Unity Pvr_setMonoPresentation begin
I/UnityNativeActivityPico(10669): Unity presentationDisplays.length = 0
I/UnityNativeActivityPico(10669): DISFT MonoPresentation = Disable
I/UnityNativeActivityPico(10669): Unity Pvr_setMonoPresentation failed
I/UnityNativeActivityPico(10669): Unity Pvr_setMonoPresentation end
E/CHIUSECASE(  755): chxutils.cpp:1055 FillCameraId() FillCameraId 1 
I/Unity   (10669): ConnectToAndriod set monoPresentation success ?-------------True
I/Unity   (10669): Pvr_UnitySDKRender:ConnectToAndriod()
I/Unity   (10669): Pvr_UnitySDKRender:.ctor()
I/Unity   (10669): Pvr_UnitySDKRender:get_Instance()
I/Unity   (10669): Pvr_UnitySDKEyeManager:OnEnable()
I/Unity   (10669):  
I/Unity   (10669): (Filename: ./Runtime/Export/Debug.bindings.h Line: 45)
I/Unity   (10669): 
E/OMX-VDEC-1080P( 1018): Unable to convey fps info to driver,                             performance might be affected
W/[ALVR NATIVE-RUST]( 9527): Video frame queue overflow!
I/Unity   (10669): ConnectToAndriod presentation existed ?-------------False
I/Unity   (10669): Pvr_UnitySDKRender:ConnectToAndriod()
I/Unity   (10669): Pvr_UnitySDKRender:.ctor()
I/Unity   (10669): Pvr_UnitySDKRender:get_Instance()
I/Unity   (10669): Pvr_UnitySDKEyeManager:OnEnable()
I/Unity   (10669):  
I/Unity   (10669): (Filename: ./Runtime/Export/Debug.bindings.h Line: 45)
I/Unity   (10669): 
E/CHIUSECASE(  755): chxutils.cpp:1055 FillCameraId() FillCameraId 1 
I/FrameAnimation(10669): mBitmap.recycle
I/Unity   (10669): DISFT Customize RenderTexture:(2496.0, 2496.0), scaleFactor: 1
I/Unity   (10669): Pvr_UnitySDKRender:GetEyeBufferResolution()
I/Unity   (10669): Pvr_UnitySDKRender:CreateEyeBuffer()
I/Unity   (10669): Pvr_UnitySDKRender:InitRenderAbility()
I/Unity   (10669): Pvr_UnitySDKRender:Init()
I/Unity   (10669): Pvr_UnitySDKRender:.ctor()
I/Unity   (10669): Pvr_UnitySDKRender:get_Instance()
I/Unity   (10669): Pvr_UnitySDKEyeManager:OnEnable()
I/Unity   (10669):  
I/Unity   (10669): (Filename: ./Runtime/Export/Debug.bindings.h Line: 45)
I/Unity   (10669): 
I/UnityPlugin(10669): SinglePass::unity set single pass depth buffer (width X height) = (2496 X 2496)
E/OMX-VDEC-1080P( 1018): Unable to convey fps info to driver,                             performance might be affected
E/CHIUSECASE(  755): chxutils.cpp:1055 FillCameraId() FillCameraId 1 
W/[ALVR NATIVE-RUST]( 9527): Video frame queue overflow!
I/Unity   (10669): MultiPass ConfigureEyeBuffer eyeTextureIndex 0
I/Unity   (10669): Pvr_UnitySDKRender:ConfigureEyeBuffer(Int32, Vector2)
I/Unity   (10669): Pvr_UnitySDKRender:CreateEyeBuffer()
I/Unity   (10669): Pvr_UnitySDKRender:InitRenderAbility()
I/Unity   (10669): Pvr_UnitySDKRender:Init()
I/Unity   (10669): Pvr_UnitySDKRender:.ctor()
I/Unity   (10669): Pvr_UnitySDKRender:get_Instance()
I/Unity   (10669): Pvr_UnitySDKEyeManager:OnEnable()
I/Unity   (10669):  
I/Unity   (10669): (Filename: ./Runtime/Export/Debug.bindings.h Line: 45)
I/Unity   (10669): 
I/Unity   (10669): eyeTextureIndex : 0
I/Unity   (10669): Pvr_UnitySDKRender:ConfigureEyeBuffer(Int32, Vector2)
I/Unity   (10669): Pvr_UnitySDKRender:CreateEyeBuffer()
I/Unity   (10669): Pvr_UnitySDKRender:InitRenderAbility()
I/Unity   (10669): Pvr_UnitySDKRender:Init()
I/Unity   (10669): Pvr_UnitySDKRender:.ctor()
I/Unity   (10669): Pvr_UnitySDKRender:get_Instance()
I/Unity   (10669): Pvr_UnitySDKEyeManager:OnEnable()
I/Unity   (10669):  
I/Unity   (10669): (Filename: ./Runtime/Export/Debug.bindings.h Line: 45)
I/Unity   (10669): 
E/OMX-VDEC-1080P( 1018): Unable to convey fps info to driver,                             performance might be affected
E/CHIUSECASE(  755): chxutils.cpp:1055 FillCameraId() FillCameraId 1 
W/[ALVR NATIVE-RUST]( 9527): Video frame queue overflow!
I/Unity   (10669): MultiPass ConfigureEyeBuffer eyeTextureIndex 1
I/Unity   (10669): Pvr_UnitySDKRender:ConfigureEyeBuffer(Int32, Vector2)
I/Unity   (10669): Pvr_UnitySDKRender:CreateEyeBuffer()
I/Unity   (10669): Pvr_UnitySDKRender:InitRenderAbility()
I/Unity   (10669): Pvr_UnitySDKRender:Init()
I/Unity   (10669): Pvr_UnitySDKRender:.ctor()
I/Unity   (10669): Pvr_UnitySDKRender:get_Instance()
I/Unity   (10669): Pvr_UnitySDKEyeManager:OnEnable()
I/Unity   (10669):  
I/Unity   (10669): (Filename: ./Runtime/Export/Debug.bindings.h Line: 45)
I/Unity   (10669): 
I/Unity   (10669): eyeTextureIndex : 1
I/Unity   (10669): Pvr_UnitySDKRender:ConfigureEyeBuffer(Int32, Vector2)
I/Unity   (10669): Pvr_UnitySDKRender:CreateEyeBuffer()
I/Unity   (10669): Pvr_UnitySDKRender:InitRenderAbility()
I/Unity   (10669): Pvr_UnitySDKRender:Init()
I/Unity   (10669): Pvr_UnitySDKRender:.ctor()
I/Unity   (10669): Pvr_UnitySDKRender:get_Instance()
I/Unity   (10669): Pvr_UnitySDKEyeManager:OnEnable()
I/Unity   (10669):  
I/Unity   (10669): (Filename: ./Runtime/Export/Debug.bindings.h Line: 45)
I/Unity   (10669): 
E/CHIUSECASE(  755): chxutils.cpp:1055 FillCameraId() FillCameraId 1 
E/OMX-VDEC-1080P( 1018): Unable to convey fps info to driver,                             performance might be affected
W/[ALVR NATIVE-RUST]( 9527): Video frame queue overflow!
I/Unity   (10669): MultiPass ConfigureEyeBuffer eyeTextureIndex 2
I/Unity   (10669): Pvr_UnitySDKRender:ConfigureEyeBuffer(Int32, Vector2)
I/Unity   (10669): Pvr_UnitySDKRender:CreateEyeBuffer()
I/Unity   (10669): Pvr_UnitySDKRender:InitRenderAbility()
I/Unity   (10669): Pvr_UnitySDKRender:Init()
I/Unity   (10669): Pvr_UnitySDKRender:.ctor()
I/Unity   (10669): Pvr_UnitySDKRender:get_Instance()
I/Unity   (10669): Pvr_UnitySDKEyeManager:OnEnable()
I/Unity   (10669):  
I/Unity   (10669): (Filename: ./Runtime/Export/Debug.bindings.h Line: 45)
I/Unity   (10669): 
I/Unity   (10669): eyeTextureIndex : 2
I/Unity   (10669): Pvr_UnitySDKRender:ConfigureEyeBuffer(Int32, Vector2)
I/Unity   (10669): Pvr_UnitySDKRender:CreateEyeBuffer()
I/Unity   (10669): Pvr_UnitySDKRender:InitRenderAbility()
I/Unity   (10669): Pvr_UnitySDKRender:Init()
I/Unity   (10669): Pvr_UnitySDKRender:.ctor()
I/Unity   (10669): Pvr_UnitySDKRender:get_Instance()
I/Unity   (10669): Pvr_UnitySDKEyeManager:OnEnable()
I/Unity   (10669):  
I/Unity   (10669): (Filename: ./Runtime/Export/Debug.bindings.h Line: 45)
I/Unity   (10669): 
E/CHIUSECASE(  755): chxutils.cpp:1055 FillCameraId() FillCameraId 1 
I/Unity   (10669): MultiPass ConfigureEyeBuffer eyeTextureIndex 3
I/Unity   (10669): Pvr_UnitySDKRender:ConfigureEyeBuffer(Int32, Vector2)
I/Unity   (10669): Pvr_UnitySDKRender:CreateEyeBuffer()
I/Unity   (10669): Pvr_UnitySDKRender:InitRenderAbility()
I/Unity   (10669): Pvr_UnitySDKRender:Init()
I/Unity   (10669): Pvr_UnitySDKRender:.ctor()
I/Unity   (10669): Pvr_UnitySDKRender:get_Instance()
I/Unity   (10669): Pvr_UnitySDKEyeManager:OnEnable()
I/Unity   (10669):  
I/Unity   (10669): (Filename: ./Runtime/Export/Debug.bindings.h Line: 45)
I/Unity   (10669): 
I/Unity   (10669): eyeTextureIndex : 3
I/Unity   (10669): Pvr_UnitySDKRender:ConfigureEyeBuffer(Int32, Vector2)
I/Unity   (10669): Pvr_UnitySDKRender:CreateEyeBuffer()
I/Unity   (10669): Pvr_UnitySDKRender:InitRenderAbility()
I/Unity   (10669): Pvr_UnitySDKRender:Init()
I/Unity   (10669): Pvr_UnitySDKRender:.ctor()
I/Unity   (10669): Pvr_UnitySDKRender:get_Instance()
I/Unity   (10669): Pvr_UnitySDKEyeManager:OnEnable()
I/Unity   (10669):  
I/Unity   (10669): (Filename: ./Runtime/Export/Debug.bindings.h Line: 45)
I/Unity   (10669): 
E/OMX-VDEC-1080P( 1018): Unable to convey fps info to driver,                             performance might be affected
E/CHIUSECASE(  755): chxutils.cpp:1055 FillCameraId() FillCameraId 1 
W/[ALVR NATIVE-RUST]( 9527): Video frame queue overflow!
I/Unity   (10669): MultiPass ConfigureEyeBuffer eyeTextureIndex 4
I/Unity   (10669): Pvr_UnitySDKRender:ConfigureEyeBuffer(Int32, Vector2)
I/Unity   (10669): Pvr_UnitySDKRender:CreateEyeBuffer()
I/Unity   (10669): Pvr_UnitySDKRender:InitRenderAbility()
I/Unity   (10669): Pvr_UnitySDKRender:Init()
I/Unity   (10669): Pvr_UnitySDKRender:.ctor()
I/Unity   (10669): Pvr_UnitySDKRender:get_Instance()
I/Unity   (10669): Pvr_UnitySDKEyeManager:OnEnable()
I/Unity   (10669):  
I/Unity   (10669): (Filename: ./Runtime/Export/Debug.bindings.h Line: 45)
I/Unity   (10669): 
I/Unity   (10669): eyeTextureIndex : 4
I/Unity   (10669): Pvr_UnitySDKRender:ConfigureEyeBuffer(Int32, Vector2)
I/Unity   (10669): Pvr_UnitySDKRender:CreateEyeBuffer()
I/Unity   (10669): Pvr_UnitySDKRender:InitRenderAbility()
I/Unity   (10669): Pvr_UnitySDKRender:Init()
I/Unity   (10669): Pvr_UnitySDKRender:.ctor()
I/Unity   (10669): Pvr_UnitySDKRender:get_Instance()
I/Unity   (10669): Pvr_UnitySDKEyeManager:OnEnable()
I/Unity   (10669):  
I/Unity   (10669): (Filename: ./Runtime/Export/Debug.bindings.h Line: 45)
I/Unity   (10669): 
E/OMX-VDEC-1080P( 1018): Unable to convey fps info to driver,                             performance might be affected
W/[ALVR NATIVE-RUST]( 9527): Video frame queue overflow!
E/CHIUSECASE(  755): chxutils.cpp:1055 FillCameraId() FillCameraId 1 
I/Unity   (10669): MultiPass ConfigureEyeBuffer eyeTextureIndex 5
I/Unity   (10669): Pvr_UnitySDKRender:ConfigureEyeBuffer(Int32, Vector2)
I/Unity   (10669): Pvr_UnitySDKRender:CreateEyeBuffer()
I/Unity   (10669): Pvr_UnitySDKRender:InitRenderAbility()
I/Unity   (10669): Pvr_UnitySDKRender:Init()
I/Unity   (10669): Pvr_UnitySDKRender:.ctor()
I/Unity   (10669): Pvr_UnitySDKRender:get_Instance()
I/Unity   (10669): Pvr_UnitySDKEyeManager:OnEnable()
I/Unity   (10669):  
I/Unity   (10669): (Filename: ./Runtime/Export/Debug.bindings.h Line: 45)
I/Unity   (10669): 
I/FrameAnimation(10669): mBitmap.recycle
I/Unity   (10669): eyeTextureIndex : 5
I/Unity   (10669): Pvr_UnitySDKRender:ConfigureEyeBuffer(Int32, Vector2)
I/Unity   (10669): Pvr_UnitySDKRender:CreateEyeBuffer()
I/Unity   (10669): Pvr_UnitySDKRender:InitRenderAbility()
I/Unity   (10669): Pvr_UnitySDKRender:Init()
I/Unity   (10669): Pvr_UnitySDKRender:.ctor()
I/Unity   (10669): Pvr_UnitySDKRender:get_Instance()
I/Unity   (10669): Pvr_UnitySDKEyeManager:OnEnable()
I/Unity   (10669):  
I/Unity   (10669): (Filename: ./Runtime/Export/Debug.bindings.h Line: 45)
I/Unity   (10669): 
E/CHIUSECASE(  755): chxutils.cpp:1055 FillCameraId() FillCameraId 1 
I/Unity   (10669): DISFT IPD:0.063
I/Unity   (10669): Pvr_UnitySDKAPI.System:UPvr_GetIPD()
I/Unity   (10669): Pvr_UnitySDKRender:InitRenderAbility()
I/Unity   (10669): Pvr_UnitySDKRender:Init()
I/Unity   (10669): Pvr_UnitySDKRender:.ctor()
I/Unity   (10669): Pvr_UnitySDKRender:get_Instance()
I/Unity   (10669): Pvr_UnitySDKEyeManager:OnEnable()
I/Unity   (10669):  
I/Unity   (10669): (Filename: ./Runtime/Export/Debug.bindings.h Line: 45)
I/Unity   (10669): 
E/OMX-VDEC-1080P( 1018): Unable to convey fps info to driver,                             performance might be affected
W/[ALVR NATIVE-RUST]( 9527): Video frame queue overflow!
I/Unity   (10669): PvrLog Init Render Ability Success!
I/Unity   (10669): Pvr_UnitySDKRender:Init()
I/Unity   (10669): Pvr_UnitySDKRender:.ctor()
I/Unity   (10669): Pvr_UnitySDKRender:get_Instance()
I/Unity   (10669): Pvr_UnitySDKEyeManager:OnEnable()
I/Unity   (10669):  
I/Unity   (10669): (Filename: ./Runtime/Export/Debug.bindings.h Line: 45)
I/Unity   (10669): 
E/CHIUSECASE(  755): chxutils.cpp:1055 FillCameraId() FillCameraId 1 
I/Unity   (10669): PUI--------------ro.pvr.product.name = FalconCV2
I/Unity   (10669): PUI_UnityAPI:GetDeviceMode()
I/Unity   (10669): InputController:GetInstance()
I/Unity   (10669): CursorManager:Awake()
I/Unity   (10669):  
I/Unity   (10669): (Filename: ./Runtime/Export/Debug.bindings.h Line: 45)
I/Unity   (10669): 
E/OMX-VDEC-1080P( 1018): Unable to convey fps info to driver,                             performance might be affected
W/[ALVR NATIVE-RUST]( 9527): Video frame queue overflow!
I/Unity   (10669): ????? ??:  Object reference not set to an instance of an object.
I/Unity   (10669): InputController:GetInstance()
I/Unity   (10669): CursorManager:Awake()
I/Unity   (10669):  
I/Unity   (10669): (Filename: ./Runtime/Export/Debug.bindings.h Line: 45)
I/Unity   (10669): 
E/CHIUSECASE(  755): chxutils.cpp:1055 FillCameraId() FillCameraId 1 
I/WifiService( 1294): getConnectionInfo uid=1000
I/WifiService( 1294): getWifiEnabledState uid=1000
I/WifiService( 1294): getConnectionInfo uid=1000
I/WifiService( 1294): getWifiEnabledState uid=1000
E/OMX-VDEC-1080P( 1018): Unable to convey fps info to driver,                             performance might be affected
W/[ALVR NATIVE-RUST]( 9527): Video frame queue overflow!
I/chatty  (10669): uid=1000(system) UnityMain identical 14 lines
E/SchedPolicy(10669): set_timerslack_ns write failed: Operation not permitted
D/BluetoothManagerService( 1294): MESSAGE_REGISTER_ADAPTER
I/Unity   (10669): ??????:en
I/Unity   (10669): StatusBar:SetLaunguage()
I/Unity   (10669): StatusBar:Awake()
I/Unity   (10669):  
I/Unity   (10669): (Filename: ./Runtime/Export/Debug.bindings.h Line: 45)
I/Unity   (10669): 
E/CHIUSECASE(  755): chxutils.cpp:1055 FillCameraId() FillCameraId 1 
I/vrUserCenter.UserInfoProvider( 2967): UserInfoProvider????query
I/PVRShell(10669): getUserInfo success,userInfo =
E/CHIUSECASE(  755): chxutils.cpp:1055 FillCameraId() FillCameraId 1 
I/vrUserCenter.UserInfoProvider( 2967): UserInfoProvider????query
I/FrameAnimation(10669): mBitmap.recycle
E/PVRShell(10669): avatarString is null
I/Unity   (10669): VRShell------->User not login!
I/Unity   (10669): UserInfoView:RefreshInfoView()
I/Unity   (10669): StatusBar:GetUserInfo()
I/Unity   (10669): StatusBar:Awake()
I/Unity   (10669):  
I/Unity   (10669): (Filename: ./Runtime/Export/Debug.bindings.h Line: 45)
I/Unity   (10669): 
I/vrUserCenter.UserInfoProvider( 2967): UserInfoProvider????query
E/PVRShell(10669): avatarString is null
E/CHIUSECASE(  755): chxutils.cpp:1055 FillCameraId() FillCameraId 1 
E/OMX-VDEC-1080P( 1018): Unable to convey fps info to driver,                             performance might be affected
W/[ALVR NATIVE-RUST]( 9527): Video frame queue overflow!
I/Unity   (10669): VRShell------->User not login!
I/Unity   (10669): UserInfoView:RefreshInfoView()
I/Unity   (10669): StatusBar:Awake()
I/Unity   (10669):  
I/Unity   (10669): (Filename: ./Runtime/Export/Debug.bindings.h Line: 45)
I/Unity   (10669): 
I/Unity   (10669): DISFT EyeMask = Enable
I/Unity   (10669): Pvr_UnityEyeMask:Awake()
I/Unity   (10669):  
I/Unity   (10669): (Filename: ./Runtime/Export/Debug.bindings.h Line: 45)
I/Unity   (10669): 
E/OMX-VDEC-1080P( 1018): Unable to convey fps info to driver,                             performance might be affected
W/[ALVR NATIVE-RUST]( 9527): Video frame queue overflow!
W/Unity   (10669): Stencil Mesh is not exist, disable EyeMask.
W/Unity   (10669): Pvr_UnityEyeMask:CreateCommandBuffer()
W/Unity   (10669): Pvr_UnityEyeMask:OnEnable()
W/Unity   (10669):  
W/Unity   (10669): (Filename: ./Runtime/Export/Debug.bindings.h Line: 45)
W/Unity   (10669): 
I/Unity   (10669): PvrLog Controller GameObject:ControllerManager
I/Unity   (10669): Pvr_ControllerLink:.ctor(String)
I/Unity   (10669): Pvr_ControllerManager:Awake()
I/Unity   (10669):  
I/Unity   (10669): (Filename: ./Runtime/Export/Debug.bindings.h Line: 45)
I/Unity   (10669): 
E/CHIUSECASE(  755): chxutils.cpp:1055 FillCameraId() FillCameraId 1 
E/OMX-VDEC-1080P( 1018): Unable to convey fps info to driver,                             performance might be affected
W/[ALVR NATIVE-RUST]( 9527): Video frame queue overflow!
I/Unity   (10669): PvrLog platform2
I/Unity   (10669): Pvr_ControllerLink:StartHummingBirdService()
I/Unity   (10669): Pvr_ControllerLink:.ctor(String)
I/Unity   (10669): Pvr_ControllerManager:Awake()
I/Unity   (10669):  
I/Unity   (10669): (Filename: ./Runtime/Export/Debug.bindings.h Line: 45)
I/Unity   (10669): 
I/Unity   (10669): PvrLog trackingmode4
I/Unity   (10669): Pvr_ControllerLink:StartHummingBirdService()
I/Unity   (10669): Pvr_ControllerLink:.ctor(String)
I/Unity   (10669): Pvr_ControllerManager:Awake()
I/Unity   (10669):  
I/Unity   (10669): (Filename: ./Runtime/Export/Debug.bindings.h Line: 45)
I/Unity   (10669): 
E/CHIUSECASE(  755): chxutils.cpp:1055 FillCameraId() FillCameraId 1 
E/OMX-VDEC-1080P( 1018): Unable to convey fps info to driver,                             performance might be affected
W/[ALVR NATIVE-RUST]( 9527): Video frame queue overflow!
E/CHIUSECASE(  755): chxutils.cpp:1055 FillCameraId() FillCameraId 1 
I/Unity   (10669): PvrLog systemProp4
I/Unity   (10669): Pvr_ControllerLink:StartHummingBirdService()
I/Unity   (10669): Pvr_ControllerLink:.ctor(String)
I/Unity   (10669): Pvr_ControllerManager:Awake()
I/Unity   (10669):  
I/Unity   (10669): (Filename: ./Runtime/Export/Debug.bindings.h Line: 45)
I/Unity   (10669): 
I/Unity   (10669): PvrLog enablehand6dofbyhead1
I/Unity   (10669): Pvr_ControllerLink:StartHummingBirdService()
I/Unity   (10669): Pvr_ControllerLink:.ctor(String)
I/Unity   (10669): Pvr_ControllerManager:Awake()
I/Unity   (10669):  
I/Unity   (10669): (Filename: ./Runtime/Export/Debug.bindings.h Line: 45)
I/Unity   (10669): 
E/OMX-VDEC-1080P( 1018): Unable to convey fps info to driver,                             performance might be affected
W/[ALVR NATIVE-RUST]( 9527): Video frame queue overflow!
I/Unity   (10669): PvrLog SetGameObjectToJar ControllerManager
I/Unity   (10669): Pvr_ControllerLink:SetGameObjectToJar(String)
I/Unity   (10669): Pvr_ControllerLink:StartHummingBirdService()
I/Unity   (10669): Pvr_ControllerLink:.ctor(String)
I/Unity   (10669): Pvr_ControllerManager:Awake()
I/Unity   (10669):  
I/Unity   (10669): (Filename: ./Runtime/Export/Debug.bindings.h Line: 45)
I/Unity   (10669): 
D/ControllerClient(10669): unityObjectName = ControllerManager
I/UnityClient(10669): start CVservice
I/FrameAnimation(10669): mBitmap.recycle
E/CHIUSECASE(  755): chxutils.cpp:1055 FillCameraId() FillCameraId 1 
I/Unity   (10669): PvrLog ServiceExisted ?True
I/Unity   (10669): Pvr_ControllerLink:IsServiceExisted()
I/Unity   (10669): Pvr_ControllerLink:StartHummingBirdService()
I/Unity   (10669): Pvr_ControllerLink:.ctor(String)
I/Unity   (10669): Pvr_ControllerManager:Awake()
I/Unity   (10669):  
I/Unity   (10669): (Filename: ./Runtime/Export/Debug.bindings.h Line: 45)
I/Unity   (10669): 
I/Unity   (10669): PvrLog Bind Service
I/Unity   (10669): Pvr_ControllerLink:BindService()
I/Unity   (10669): Pvr_ControllerLink:StartHummingBirdService()
I/Unity   (10669): Pvr_ControllerLink:.ctor(String)
I/Unity   (10669): Pvr_ControllerManager:Awake()
I/Unity   (10669):  
I/Unity   (10669): (Filename: ./Runtime/Export/Debug.bindings.h Line: 45)
I/Unity   (10669): 
E/CHIUSECASE(  755): chxutils.cpp:1055 FillCameraId() FillCameraId 1 
E/OMX-VDEC-1080P( 1018): Unable to convey fps info to driver,                             performance might be affected
W/[ALVR NATIVE-RUST]( 9527): Video frame queue overflow!
I/UnityClient(10669): System proc = 4 configfile =  4
I/UnityClient(10669): bind CVservice
W/ContextImpl(10669): Calling a method in the system process without a qualified user: android.app.ContextImpl.bindService:1556 android.content.ContextWrapper.bindService:684 com.picovr.picovrlib.cvcontrollerclient.ControllerClient.bindControllerService:17 com.picovr.picovrlib.hummingbirdclient.UnityClient.bindService:65 com.unity3d.player.UnityPlayer.nativeRender:-2 
D/ControllerClient(10669): Bind CVControllerAIDLService.
I/ControllerClient(10669): scv ServiceConnection Connected 
D/ControllerClient(10669): shareMemoryMappedFile = java.io.RandomAccessFile@861e414
D/ControllerClient(10669): shareMemoryMappedFile sharebuffer = java.nio.DirectByteBuffer[pos=0 lim=1024 cap=1024]
D/ControllerClient(10669): shareMemoryMappedFile.close()
D/ControllerClient(10669): sharMemBuff = java.nio.DirectByteBuffer[pos=0 lim=1024 cap=1024]
D/ControllerClient(10669): controller_type is 4
D/CVControllerService( 2550): aidl supportSharmem support sharmem
D/ControllerClient(10669): sharMemBuff ablity is true
D/ControllerClient(10669): supportSharMemory is true
I/UnityPlugin(10669): Pvr_InitSensor_ ENTER
I/UnityPlugin(10669): Pvr_InitSensor_ EXIT
I/UnityPlugin(10669): Pvr_StartSensor_ enter
I/VrApi   (10669): this is a Main Sensor
I/VrApi   (10669): PVR_SERVICE_QUATERNION_MODE Start GlobalTracking = 2
I/VrApi   (10669): PVR_SERVICE_QUATERNION_MODE, ENABLE_BOUNDARY, change GlobalTracking to 2 from 2
I/VrServiceApi(10669): SetTrackingMode entry trackingMode = 2
I/PvrServiceClient(10669): Call setTrackingMode in PvrServiceClient,mode=2
E/PvrService( 5931): VRModeStateClient::setTrackingMode pid=10669, trackingMode=2
I/PvrService( 5931): mPrevTrackingMode 7, trackingMode 7
D/PvrService( 5931): setParameter:name(ShowSafetyTip), value(false)
D/PvrService( 5931): Do not show safety tip
E/PvrService( 5931): VRModeStateClient::setClientSafetyTipStatus pid=10669, status=0
I/VrApi   (10669): StartSensor ShowSafetyTip false
E/PvrService( 5931): VRModeStateClient::startVRMode pid=10669
I/PvrService( 5931): mPrevTrackingMode 7, trackingMode 7
D/PvrService( 5931): ---------------------No safety tip for pid:10669
I/UnityPlugin(10669): Pvr_StartSensor_ exit
E/CHIUSECASE(  755): chxutils.cpp:1055 FillCameraId() FillCameraId 1 
E/OMX-VDEC-1080P( 1018): Unable to convey fps info to driver,                             performance might be affected
W/[ALVR NATIVE-RUST]( 9527): Video frame queue overflow!
I/Unity   (10669): OnApplicationPause-------------------------false
I/Unity   (10669): Pvr_UnitySDKManager:OnApplicationPause(Boolean)
I/Unity   (10669):  
I/Unity   (10669): (Filename: ./Runtime/Export/Debug.bindings.h Line: 45)
I/Unity   (10669): 
I/UnityPlugin(10669): Pvr_StartSensor_ enter
I/VrApi   (10669): this is a Main Sensor
I/VrApi   (10669): PVR_SERVICE_QUATERNION_MODE Start GlobalTracking = 2
I/VrApi   (10669): PVR_SERVICE_QUATERNION_MODE, ENABLE_BOUNDARY, change GlobalTracking to 2 from 2
I/VrServiceApi(10669): SetTrackingMode entry trackingMode = 2
I/PvrServiceClient(10669): Call setTrackingMode in PvrServiceClient,mode=2
E/PvrService( 5931): VRModeStateClient::setTrackingMode pid=10669, trackingMode=2
I/PvrService( 5931): mPrevTrackingMode 7, trackingMode 7
D/PvrService( 5931): setParameter:name(ShowSafetyTip), value(false)
D/PvrService( 5931): Do not show safety tip
E/PvrService( 5931): VRModeStateClient::setClientSafetyTipStatus pid=10669, status=0
I/VrApi   (10669): StartSensor ShowSafetyTip false
E/PvrService( 5931): VRModeStateClient::startVRMode pid=10669
I/PvrService( 5931): mPrevTrackingMode 7, trackingMode 7
D/PvrService( 5931): ---------------------No safety tip for pid:10669
I/UnityPlugin(10669): Pvr_StartSensor_ exit
I/UnityNativeActivityPico(10669): Unity Pvr_setMonoPresentation begin
I/UnityNativeActivityPico(10669): Unity presentationDisplays.length = 0
I/UnityNativeActivityPico(10669): DISFT MonoPresentation = Disable
I/UnityNativeActivityPico(10669): Unity Pvr_setMonoPresentation failed
I/UnityNativeActivityPico(10669): Unity Pvr_setMonoPresentation end
E/CHIUSECASE(  755): chxutils.cpp:1055 FillCameraId() FillCameraId 1 
I/Unity   (10669): DISFT IPD:0.063
I/Unity   (10669): Pvr_UnitySDKAPI.System:UPvr_GetIPD()
I/Unity   (10669): <OnResume>d__124:MoveNext()
I/Unity   (10669): UnityEngine.SetupCoroutine:InvokeMoveNext(IEnumerator, IntPtr)
I/Unity   (10669):  
I/Unity   (10669): (Filename: ./Runtime/Export/Debug.bindings.h Line: 45)
I/Unity   (10669): 
E/OMX-VDEC-1080P( 1018): Unable to convey fps info to driver,                             performance might be affected
W/[ALVR NATIVE-RUST]( 9527): Video frame queue overflow!
I/Unity   (10669): DISFT IPD:0.063
I/Unity   (10669): Pvr_UnitySDKAPI.System:UPvr_GetIPD()
I/Unity   (10669): <OnResume>d__124:MoveNext()
I/Unity   (10669): UnityEngine.SetupCoroutine:InvokeMoveNext(IEnumerator, IntPtr)
I/Unity   (10669):  
I/Unity   (10669): (Filename: ./Runtime/Export/Debug.bindings.h Line: 45)
I/Unity   (10669): 
I/Unity   (10669): DISFT IPD:0.063
I/Unity   (10669): Pvr_UnitySDKAPI.System:UPvr_GetIPD()
I/Unity   (10669): <OnResume>d__124:MoveNext()
I/Unity   (10669): UnityEngine.SetupCoroutine:InvokeMoveNext(IEnumerator, IntPtr)
I/Unity   (10669):  
I/Unity   (10669): (Filename: ./Runtime/Export/Debug.bindings.h Line: 45)
I/Unity   (10669): 
E/CHIUSECASE(  755): chxutils.cpp:1055 FillCameraId() FillCameraId 1 
I/Unity   (10669): VRShell------->OnApplicationPause = False
I/Unity   (10669): MainScreen:OnApplicationPause(Boolean)
I/Unity   (10669):  
I/Unity   (10669): (Filename: ./Runtime/Export/Debug.bindings.h Line: 45)
I/Unity   (10669): 
I/Unity   (10669): VRShell------->Coroutine SwitchApp
I/Unity   (10669): <SwitchApp>d__23:MoveNext()
I/Unity   (10669): UnityEngine.SetupCoroutine:InvokeMoveNext(IEnumerator, IntPtr)
I/Unity   (10669): MainScreen:OnApplicationPause(Boolean)
I/Unity   (10669):  
I/Unity   (10669): (Filename: ./Runtime/Export/Debug.bindings.h Line: 45)
I/Unity   (10669): 
I/PVRShell(10669): Do not find Provision
I/UnityPlugin(10669): Pvr_OptionalResetSensor_ enter
I/VrApi   (10669): PVR_SERVICE_QUATERNION_MODE ResetSensor
I/PvrServiceClient(10669): Call resetTracking in PvrServiceClient,mode=3
E/Paul    ( 5931): track_flag:1,6,1
E/Paul    ( 5931): Yaw:-1.170927
E/Paul    ( 5931): pose_offset_reset:1,-0.000000,0.076838,-0.000000,0.997044,-0.227675,0.000000,0.495875
E/Paul    ( 5931): Reset
E/Paul    ( 5931): fix-no-smooth
E/Paul    ( 5931): new-struct
D/PvrService( 5931): newTracker resetTracking mode=[6] pose_offset [-0.000000,0.076838,-0.000000,0.997044,-0.227675,0.000000,0.495875] flag=[1]
I/PvrService( 5931): alg_reset successfully: 0
E/PvrService( 5931): Call resetTracking in PvrServiceCore,mode=3, 0,1,0
E/PvrService( 5931): resetTracking:Try to get tracking lock mutex
E/PvrService( 5931): resetTracking:Get tracking lock mutex
I/PvrService( 5931): Call resetTrackingThread in PvrServiceCore,mode=3, 0,1,0
E/PvrPlatform( 5931): Call resetTracking in platform:mode=3
E/PvrService( 5931): resetTrackingThread:release tracking lock mutex
I/UnityPlugin(10669): Pvr_OptionalResetSensor_ exit
I/Unity   (10669): PvrLog OptionalResetUnitySDKSensor OK!11
I/Unity   (10669): Pvr_UnitySDKSensor:OptionalResetUnitySDKSensor(Int32, Int32)
I/Unity   (10669): LauncherSceneManager:LoadScene(Int32)
I/Unity   (10669):  
I/Unity   (10669): (Filename: ./Runtime/Export/Debug.bindings.h Line: 45)
I/Unity   (10669): 
I/vrUserCenter.UserInfoProvider( 2967): UserInfoProvider????query
I/PVRShell(10669): getUserInfo success,userInfo =
I/vrUserCenter.UserInfoProvider( 2967): UserInfoProvider????query
E/CHIUSECASE(  755): chxutils.cpp:1055 FillCameraId() FillCameraId 1 
E/PVRShell(10669): avatarString is null
E/OMX-VDEC-1080P( 1018): Unable to convey fps info to driver,                             performance might be affected
W/[ALVR NATIVE-RUST]( 9527): Video frame queue overflow!
I/Unity   (10669): VRShell------->User not login!
I/Unity   (10669): UserInfoView:RefreshInfoView()
I/Unity   (10669): StatusBar:GetUserInfo()
I/Unity   (10669):  
I/Unity   (10669): (Filename: ./Runtime/Export/Debug.bindings.h Line: 45)
I/Unity   (10669): 
W/SensorService( 1294): sensor 00000022 already enabled in connection 0x7b339a9f00 (ignoring)
I/sensors-hal(  766): flush:190, android.sensor.accelerometer/34
I/sensors-hal(  766): flush:196, android.sensor.accelerometer/34 completed
I/FrameAnimation(10669): mBitmap.recycle
E/CHIUSECASE(  755): chxutils.cpp:1055 FillCameraId() FillCameraId 1 
I/UnityPlugin(10669): Pvr_SetTrackingOriginType UNITY level type 1 supportFloor 1
I/UnityPlugin(10669): Pvr_GetTrackingOriginFloorHeight start get property ret 10
I/UnityPlugin(10669): Pvr_GetTrackingOriginFloorHeight end g_fDeltaY -0.528610
I/UnityPlugin(10669): Pvr_SetTrackingOriginType UNITY floor level   -0.528610
E/OMX-VDEC-1080P( 1018): Unable to convey fps info to driver,                             performance might be affected
W/[ALVR NATIVE-RUST]( 9527): Video frame queue overflow!
I/Unity   (10669): VRShell------->Start
I/Unity   (10669): MainScreen:Start()
I/Unity   (10669):  
I/Unity   (10669): (Filename: ./Runtime/Export/Debug.bindings.h Line: 45)
I/Unity   (10669): 
I/Unity   (10669): VRShell------->3840|2160|640
I/Unity   (10669): <InitSurface>d__20:MoveNext()
I/Unity   (10669): UnityEngine.SetupCoroutine:InvokeMoveNext(IEnumerator, IntPtr)
I/Unity   (10669): MainScreen:Start()
I/Unity   (10669):  
I/Unity   (10669): (Filename: ./Runtime/Export/Debug.bindings.h Line: 45)
I/Unity   (10669): 
I/PVRShell(10669): Do not find Provision
I/UnityPlugin(10669): Pvr_OptionalResetSensor_ enter
I/VrApi   (10669): PVR_SERVICE_QUATERNION_MODE ResetSensor
I/PvrServiceClient(10669): Call resetTracking in PvrServiceClient,mode=3
E/Paul    ( 5931): track_flag:1,6,1
E/Paul    ( 5931): Yaw:-1.170885
E/Paul    ( 5931): pose_offset_reset:1,-0.000000,0.076824,-0.000000,0.997045,-0.227666,0.000000,0.495876
E/Paul    ( 5931): Reset
E/Paul    ( 5931): fix-no-smooth
E/Paul    ( 5931): new-struct
D/PvrService( 5931): newTracker resetTracking mode=[6] pose_offset [-0.000000,0.076824,-0.000000,0.997045,-0.227666,0.000000,0.495876] flag=[1]
I/PvrService( 5931): alg_reset successfully: 0
E/PvrService( 5931): Call resetTracking in PvrServiceCore,mode=3, 0,1,0
E/PvrService( 5931): resetTracking:Try to get tracking lock mutex
E/PvrService( 5931): resetTracking:Get tracking lock mutex
I/PvrService( 5931): Call resetTrackingThread in PvrServiceCore,mode=3, 0,1,0
E/PvrPlatform( 5931): Call resetTracking in platform:mode=3
E/PvrService( 5931): resetTrackingThread:release tracking lock mutex
I/UnityPlugin(10669): Pvr_OptionalResetSensor_ exit
I/Unity   (10669): PvrLog OptionalResetUnitySDKSensor OK!11
I/Unity   (10669): Pvr_UnitySDKSensor:OptionalResetUnitySDKSensor(Int32, Int32)
I/Unity   (10669): LauncherSceneManager:LoadScene(Int32)
I/Unity   (10669):  
I/Unity   (10669): (Filename: ./Runtime/Export/Debug.bindings.h Line: 45)
I/Unity   (10669): 
I/Unity   (10669): ??Navigation data ????
I/Unity   (10669): StartUpApp:GetOutSideNav_Data()
I/Unity   (10669): StartUpApp:Start()
I/Unity   (10669):  
I/Unity   (10669): (Filename: ./Runtime/Export/Debug.bindings.h Line: 45)
I/Unity   (10669): 
E/CHIUSECASE(  755): chxutils.cpp:1055 FillCameraId() FillCameraId 1 
D/NtpTrustedTime( 1294): currentTimeMillis() cache hit
E/CHIUSECASE(  755): chxutils.cpp:1055 FillCameraId() FillCameraId 1 
E/OMX-VDEC-1080P( 1018): Unable to convey fps info to driver,                             performance might be affected
W/[ALVR NATIVE-RUST]( 9527): Video frame queue overflow!
E/CHIUSECASE(  755): chxutils.cpp:1055 FillCameraId() FillCameraId 1 
I/TimeWarp(  798): Frame 386181 Side 1 latency 0.006
D/NtpTrustedTime( 1294): currentTimeMillis() cache hit
E/OMX-VDEC-1080P( 1018): Unable to convey fps info to driver,                             performance might be affected
W/[ALVR NATIVE-RUST]( 9527): Video frame queue overflow!
I/Binder:622_2(  622): type=1400 audit(0.0:3940): avc: denied { add_name } for name="globalAlert" scontext=u:r:netd:s0 tcontext=u:object_r:proc_net:s0 tclass=dir permissive=1
I/Binder:622_2(  622): type=1400 audit(0.0:3941): avc: denied { create } for name="globalAlert" scontext=u:r:netd:s0 tcontext=u:object_r:proc_net:s0 tclass=file permissive=1
I/Binder:622_2(  622): type=1400 audit(0.0:3942): avc: denied { associate } for name="globalAlert" scontext=u:object_r:proc_net:s0 tcontext=u:object_r:proc:s0 tclass=filesystem permissive=1
E/CHIUSECASE(  755): chxutils.cpp:1055 FillCameraId() FillCameraId 1 
E/OMX-VDEC-1080P( 1018): Unable to convey fps info to driver,                             performance might be affected
W/[ALVR NATIVE-RUST]( 9527): Video frame queue overflow!
E/CHIUSECASE(  755): chxutils.cpp:1055 FillCameraId() FillCameraId 1 
E/OMX-VDEC-1080P( 1018): Unable to convey fps info to driver,                             performance might be affected
W/[ALVR NATIVE-RUST]( 9527): Video frame queue overflow!
I/FrameAnimation(10669): mBitmap.recycle
E/CHIUSECASE(  755): chxutils.cpp:1055 FillCameraId() FillCameraId 1 
E/OMX-VDEC-1080P( 1018): Unable to convey fps info to driver,                             performance might be affected
W/[ALVR NATIVE-RUST]( 9527): Video frame queue overflow!
E/CHIUSECASE(  755): chxutils.cpp:1055 FillCameraId() FillCameraId 1 
E/OMX-VDEC-1080P( 1018): Unable to convey fps info to driver,                             performance might be affected
W/[ALVR NATIVE-RUST]( 9527): Video frame queue overflow!
E/CHIUSECASE(  755): chxutils.cpp:1055 FillCameraId() FillCameraId 1 
E/OMX-VDEC-1080P( 1018): Unable to convey fps info to driver,                             performance might be affected
W/[ALVR NATIVE-RUST]( 9527): Video frame queue overflow!
D/SurfaceFlinger(  798): Vsync watchDog is alive
D/SurfaceFlinger(  798): WatchDog:Not sync with hareware reach 1.3 seconds.
E/CHIUSECASE(  755): chxutils.cpp:1055 FillCameraId() FillCameraId 1 
I/TimeWarp(  798): Frame 386186 Side 1 latency 0.010
E/OMX-VDEC-1080P( 1018): Unable to convey fps info to driver,                             performance might be affected
E/CHIUSECASE(  755): chxutils.cpp:1055 FillCameraId() FillCameraId 1 
W/[ALVR NATIVE-RUST]( 9527): Video frame queue overflow!
E/CHIUSECASE(  755): chxutils.cpp:1055 FillCameraId() FillCameraId 1 
I/FrameAnimation(10669): mBitmap.recycle
E/OMX-VDEC-1080P( 1018): Unable to convey fps info to driver,                             performance might be affected
W/[ALVR NATIVE-RUST]( 9527): Video frame queue overflow!
E/CHIUSECASE(  755): chxutils.cpp:1055 FillCameraId() FillCameraId 1 
E/CHIUSECASE(  755): chxutils.cpp:1055 FillCameraId() FillCameraId 1 
E/OMX-VDEC-1080P( 1018): Unable to convey fps info to driver,                             performance might be affected
W/[ALVR NATIVE-RUST]( 9527): Video frame queue overflow!
E/CHIUSECASE(  755): chxutils.cpp:1055 FillCameraId() FillCameraId 1 
E/OMX-VDEC-1080P( 1018): Unable to convey fps info to driver,                             performance might be affected
W/[ALVR NATIVE-RUST]( 9527): Video frame queue overflow!
E/OMX-VDEC-1080P( 1018): Unable to convey fps info to driver,                             performance might be affected
E/CHIUSECASE(  755): chxutils.cpp:1055 FillCameraId() FillCameraId 1 
W/[ALVR NATIVE-RUST]( 9527): Video frame queue overflow!
E/CHIUSECASE(  755): chxutils.cpp:1055 FillCameraId() FillCameraId 1 
I/FrameAnimation(10669): mBitmap.recycle
E/OMX-VDEC-1080P( 1018): Unable to convey fps info to driver,                             performance might be affected
W/[ALVR NATIVE-RUST]( 9527): Video frame queue overflow!
E/CHIUSECASE(  755): chxutils.cpp:1055 FillCameraId() FillCameraId 1 
E/OMX-VDEC-1080P( 1018): Unable to convey fps info to driver,                             performance might be affected
W/[ALVR NATIVE-RUST]( 9527): Video frame queue overflow!
E/CHIUSECASE(  755): chxutils.cpp:1055 FillCameraId() FillCameraId 1 
E/OMX-VDEC-1080P( 1018): Unable to convey fps info to driver,                             performance might be affected
W/[ALVR NATIVE-RUST]( 9527): Video frame queue overflow!
E/CHIUSECASE(  755): chxutils.cpp:1055 FillCameraId() FillCameraId 1 
E/CHIUSECASE(  755): chxutils.cpp:1055 FillCameraId() FillCameraId 1 
E/OMX-VDEC-1080P( 1018): Unable to convey fps info to driver,                             performance might be affected
W/[ALVR NATIVE-RUST]( 9527): Video frame queue overflow!
E/CHIUSECASE(  755): chxutils.cpp:1055 FillCameraId() FillCameraId 1 
I/FrameAnimation(10669): mBitmap.recycle
E/OMX-VDEC-1080P( 1018): Unable to convey fps info to driver,                             performance might be affected
W/[ALVR NATIVE-RUST]( 9527): Video frame queue overflow!
E/CHIUSECASE(  755): chxutils.cpp:1055 FillCameraId() FillCameraId 1 
I/Unity   (10669): [{"packageName":"com.pvr.home","className":"com.pvr.home.RecActivity","actionName":"pvr.intent.action.HOME_REC","showName":"Recommend","iconUrl":"Image/ic_recommend"},{"packageName":"com.pvr.home","className":"com.pvr.home.AllAppActivity","actionName":"pvr.intent.action.HOME_APP","showName":"All_App","iconUrl":"Image/ic_allapp"},{"packageName":"com.picovr.store","className":"","actionName":"","showName":"Store","iconUrl":"Image/ic_store"},
I/Unity   (10669): {"packageName":"com.pvr.filemanager","className":"","actionName":"","showName":"File_Management","iconUrl":"Image/ic_files"},{"packageName":"com.picovr.settings","className":"","actionName":"pui.settings.action.SETTINGS","showName":"Settings","iconUrl":"Image/ic_setting"}]
I/Unity   (10669): StartUpApp:Start()
I/Unity   (10669):  
I/Unity   (10669): (Filename: ./Runtime/Export/Debug.bindings.h Line: 45)
I/Unity   (10669): 
E/OMX-VDEC-1080P( 1018): Unable to convey fps info to driver,                             performance might be affected
W/[ALVR NATIVE-RUST]( 9527): Video frame queue overflow!
E/CHIUSECASE(  755): chxutils.cpp:1055 FillCameraId() FillCameraId 1 
I/Unity   (10669): 6
I/Unity   (10669): NavigationManager:InitDataList(List`1)
I/Unity   (10669):  
I/Unity   (10669): (Filename: ./Runtime/Export/Debug.bindings.h Line: 45)
I/Unity   (10669): 
I/Unity   (10669): xxxxxxxxxxxxx
I/Unity   (10669): NavigationManager:InitDataList(List`1)
I/Unity   (10669):  
I/Unity   (10669): (Filename: ./Runtime/Export/Debug.bindings.h Line: 45)
I/Unity   (10669): 
E/OMX-VDEC-1080P( 1018): Unable to convey fps info to driver,                             performance might be affected
E/CHIUSECASE(  755): chxutils.cpp:1055 FillCameraId() FillCameraId 1 
W/[ALVR NATIVE-RUST]( 9527): Video frame queue overflow!
I/Unity   (10669): PUI--------------ro.pvr.product.name = FalconCV2
I/Unity   (10669): PUI_UnityAPI:GetDeviceMode()
I/Unity   (10669): StatusBarView:SetUIPos()
I/Unity   (10669): StatusBarView:Start()
I/Unity   (10669):  
I/Unity   (10669): (Filename: ./Runtime/Export/Debug.bindings.h Line: 45)
I/Unity   (10669): 
I/Unity   (10669): ime create
I/Unity   (10669): SGIme:Create(ImeDelegateBase)
I/Unity   (10669): ImeManager:Start()
I/Unity   (10669):  
I/Unity   (10669): (Filename: ./Runtime/Export/Debug.bindings.h Line: 45)
I/Unity   (10669): 
W/ContextImpl(10669): Calling a method in the system process without a qualified user: android.app.ContextImpl.bindService:1556 android.content.ContextWrapper.bindService:684 com.sohu.inputmethod.sogou.sgrenderproxy.RenderProxy.start:54 com.sohu.inputmethod.sogou.sgrenderproxy.RenderProxyUnity.<init>:23 com.unity3d.player.UnityPlayer.nativeRender:-2 
W/ActivityManager( 1294): Unable to start service Intent { cmp=com.sohu.inputmethod.sogou.car/.RenderService } U=0: not found
E/CHIUSECASE(  755): chxutils.cpp:1055 FillCameraId() FillCameraId 1 
I/Unity   (10669): ime hide
I/Unity   (10669): SGIme:Hide()
I/Unity   (10669): ImeManager:Hide()
I/Unity   (10669):  
I/Unity   (10669): (Filename: ./Runtime/Export/Debug.bindings.h Line: 45)
I/Unity   (10669): 
I/Unity   (10669): OnIMEHide
I/Unity   (10669): ImeDelegateImpl_kbd:OnIMEHide()
I/Unity   (10669):  
I/Unity   (10669): (Filename: ./Runtime/Export/Debug.bindings.h Line: 45)
I/Unity   (10669): 
E/OMX-VDEC-1080P( 1018): Unable to convey fps info to driver,                             performance might be affected
E/UnityPlugin(10669): Get sensor failed. Render thread not initialized.
W/[ALVR NATIVE-RUST]( 9527): Video frame queue overflow!
I/PvrVirtualInputClient(10669): pvrVirtualInputCreate 0x7b2d0b3070
E/CHIUSECASE(  755): chxutils.cpp:1055 FillCameraId() FillCameraId 1 
E/OMX-VDEC-1080P( 1018): Unable to convey fps info to driver,                             performance might be affected
W/[ALVR NATIVE-RUST]( 9527): Video frame queue overflow!
E/CHIUSECASE(  755): chxutils.cpp:1055 FillCameraId() FillCameraId 1 
I/FrameAnimation(10669): mBitmap.recycle
E/OMX-VDEC-1080P( 1018): Unable to convey fps info to driver,                             performance might be affected
W/[ALVR NATIVE-RUST]( 9527): Video frame queue overflow!
E/CHIUSECASE(  755): chxutils.cpp:1055 FillCameraId() FillCameraId 1 
E/OMX-VDEC-1080P( 1018): Unable to convey fps info to driver,                             performance might be affected
W/[ALVR NATIVE-RUST]( 9527): Video frame queue overflow!
E/CHIUSECASE(  755): chxutils.cpp:1055 FillCameraId() FillCameraId 1 
I/WifiService( 1294): getConnectionInfo uid=1000
I/WifiService( 1294): getWifiEnabledState uid=1000
I/WifiService( 1294): getConnectionInfo uid=1000
I/WifiService( 1294): getWifiEnabledState uid=1000
I/WifiService( 1294): getConnectionInfo uid=1000
I/WifiService( 1294): getWifiEnabledState uid=1000
I/CVControllerService( 2550): SetUnityVersion 2 8 6 9 unityVersion 2.8.6.9
D/CVControllerService( 2550): handleMessage=====
D/CVControllerService( 2550): MSG_SET_UNITY_VERSION unityVersion = 2.8.6.9
I/Unity   (10669): PvrLog SetUnityVersionToJar2.8.6.9
I/Unity   (10669): Pvr_ControllerManager:setControllerServiceBindState(String)
I/Unity   (10669):  
I/Unity   (10669): (Filename: ./Runtime/Export/Debug.bindings.h Line: 45)
I/Unity   (10669): 
I/VrApi   ( 2550): current version is 2869
D/ControllerClient(10669): call client startControllerThread(1,1)
D/CVControllerService( 2550): startCVControllerThread headSensorState = 1,handSensorState = 1
D/CVControllerService( 2550): handleMessage=====
D/CVControllerService( 2550): handleMessage===== MSG_START_SPI_THREAD  isSpiThreadStart
I/VrApi   ( 2550): PVR_SERVICE_QUATERNION_MODE StopSensor GlobalTracking
E/PvrService( 5931): VRModeStateClient::stopVRMode pid=2550
I/PvrService( 5931): mPrevTrackingMode 7, trackingMode 7
I/CvSvcJNI( 2550): Stopped Head Sensor.
I/CvSvcJNI( 2550): Track Mode: Head=1, Hand=1.
D/cvcontrollerService( 2550): CallbackControllerFirstFrame
D/CVControllerService( 2550): MSG_CONTROLLER_THREAD_READY
I/CvDataProcess( 2550): Set Head Track Mode to 1
I/CvDataProcess( 2550): Set Controller Track Mode to 1
I/VrApi   ( 2550): this is a Main Sensor
I/VrApi   ( 2550): PVR_SERVICE_QUATERNION_MODE Start GlobalTracking = 2
I/VrServiceApi( 2550): SetTrackingMode entry trackingMode = 2
I/PvrServiceClient( 2550): Call setTrackingMode in PvrServiceClient,mode=2
E/PvrService( 5931): VRModeStateClient::setTrackingMode pid=2550, trackingMode=2
I/PvrService( 5931): mPrevTrackingMode 7, trackingMode 7
D/PvrService( 5931): setParameter:name(ShowSafetyTip), value(false)
D/PvrService( 5931): Do not show safety tip
E/PvrService( 5931): VRModeStateClient::setClientSafetyTipStatus pid=2550, status=0
E/PvrService( 5931): VRModeStateClient::startVRMode pid=2550
I/PvrService( 5931): mPrevTrackingMode 7, trackingMode 7
D/PvrService( 5931): ---------------------No safety tip for pid:2550
I/CvSvcJNI( 2550): Controller has already been started, return.
D/CVControllerService( 2550): handleMessage=====
D/CVControllerService( 2550): MSG_CONTROLLER_THREAD_READY
I/Unity   (10669): PvrLog StartControllerThread11
I/Unity   (10669): Pvr_ControllerLink:StartControllerThread(Int32, Int32)
I/Unity   (10669): Pvr_ControllerManager:setControllerServiceBindState(String)
I/Unity   (10669):  
I/Unity   (10669): (Filename: ./Runtime/Export/Debug.bindings.h Line: 45)
I/Unity   (10669): 
D/ControllerClient( 2244): feedbackControllerThreadStarted unityObjectName == null
E/CHIUSECASE(  755): chxutils.cpp:1055 FillCameraId() FillCameraId 1 
I/ControllerClient(10669): feedbackControllerThreadStarted
E/OMX-VDEC-1080P( 1018): Unable to convey fps info to driver,                             performance might be affected
D/ControllerClient( 3002): feedbackControllerThreadStarted unityObjectName == null
D/ControllerClient( 9527): feedbackControllerThreadStarted unityObjectName == null
W/[ALVR NATIVE-RUST]( 9527): Video frame queue overflow!
E/CHIUSECASE(  755): chxutils.cpp:1055 FillCameraId() FillCameraId 1 
I/TimeWarp(  798): Frame 386203 Side 1 latency 0.006
E/OMX-VDEC-1080P( 1018): Unable to convey fps info to driver,                             performance might be affected
W/[ALVR NATIVE-RUST]( 9527): Video frame queue overflow!
I/UnityPlugin(10669): FOVEA up.focused == false!
E/CHIUSECASE(  755): chxutils.cpp:1055 FillCameraId() FillCameraId 1 
I/UnityPlugin(10669): FOVEA up.focused == false!
I/chatty  (10669): uid=1000(system) UnityMain identical 1 line
I/UnityPlugin(10669): FOVEA up.focused == false!
E/OMX-VDEC-1080P( 1018): Unable to convey fps info to driver,                             performance might be affected
E/CHIUSECASE(  755): chxutils.cpp:1055 FillCameraId() FillCameraId 1 
W/[ALVR NATIVE-RUST]( 9527): Video frame queue overflow!
E/OMX-VDEC-1080P( 1018): Unable to convey fps info to driver,                             performance might be affected
W/[ALVR NATIVE-RUST]( 9527): Video frame queue overflow!
E/CHIUSECASE(  755): chxutils.cpp:1055 FillCameraId() FillCameraId 1 
I/FrameAnimation(10669): mBitmap.recycle
E/UnityPlugin(10669): Get sensor failed. Render thread not initialized.
E/CHIUSECASE(  755): chxutils.cpp:1055 FillCameraId() FillCameraId 1 
E/OMX-VDEC-1080P( 1018): Unable to convey fps info to driver,                             performance might be affected
I/CVControllerService( 2550): persist.pvrcon.main.controller callunityversion is false and allcontrollerconnected is falseis 1
I/CVControllerService( 2550): getPvrMainController 1
W/[ALVR NATIVE-RUST]( 9527): Video frame queue overflow!
I/Unity   (10669): CursorManager-------????????????????
I/Unity   (10669): CursorManager:<Awake>b__7_2()
I/Unity   (10669): PvrServiceStartSuccess:Invoke()
I/Unity   (10669):  
I/Unity   (10669): (Filename: ./Runtime/Export/Debug.bindings.h Line: 45)
I/Unity   (10669): 
E/CHIUSECASE(  755): chxutils.cpp:1055 FillCameraId() FillCameraId 1 
I/Unity   (10669): CursorManager-------????:1
I/Unity   (10669): CursorManager:LoadController()
I/Unity   (10669): CursorManager:OnControllerStateChange()
I/Unity   (10669): PvrServiceStartSuccess:Invoke()
I/Unity   (10669):  
I/Unity   (10669): (Filename: ./Runtime/Export/Debug.bindings.h Line: 45)
I/Unity   (10669): 
I/Unity   (10669): CursorManager-------??0??,??1??
I/Unity   (10669): CursorManager:LoadController()
I/Unity   (10669): CursorManager:OnControllerStateChange()
I/Unity   (10669): PvrServiceStartSuccess:Invoke()
I/Unity   (10669):  
I/Unity   (10669): (Filename: ./Runtime/Export/Debug.bindings.h Line: 45)
I/Unity   (10669): 
E/OMX-VDEC-1080P( 1018): Unable to convey fps info to driver,                             performance might be affected
E/Unity   (10669): CursorManager-------ControlCVRayShow---RayController is null!!!
E/Unity   (10669): CursorManager:ControlCVRayShow(GameObject, Boolean)
E/Unity   (10669): CursorManager:LoadController()
E/Unity   (10669): CursorManager:OnControllerStateChange()
E/Unity   (10669): PvrServiceStartSuccess:Invoke()
E/Unity   (10669):  
E/Unity   (10669): (Filename: ./Runtime/Export/Debug.bindings.h Line: 45)
E/Unity   (10669): 
W/[ALVR NATIVE-RUST]( 9527): Video frame queue overflow!
E/CHIUSECASE(  755): chxutils.cpp:1055 FillCameraId() FillCameraId 1 
I/Unity   (10669): PUI------- DOT is not null
I/Unity   (10669): RayController:Init()
I/Unity   (10669): CursorManager:ControlCVRayShow(GameObject, Boolean)
I/Unity   (10669): CursorManager:LoadController()
I/Unity   (10669): CursorManager:OnControllerStateChange()
I/Unity   (10669): PvrServiceStartSuccess:Invoke()
I/Unity   (10669):  
I/Unity   (10669): (Filename: ./Runtime/Export/Debug.bindings.h Line: 45)
I/Unity   (10669): 
I/Unity   (10669): PUI------- start is not null
I/Unity   (10669): RayController:Init()
I/Unity   (10669): CursorManager:ControlCVRayShow(GameObject, Boolean)
I/Unity   (10669): CursorManager:LoadController()
I/Unity   (10669): CursorManager:OnControllerStateChange()
I/Unity   (10669): PvrServiceStartSuccess:Invoke()
I/Unity   (10669):  
I/Unity   (10669): (Filename: ./Runtime/Export/Debug.bindings.h Line: 45)
I/Unity   (10669): 
I/Unity   (10669): PUI------- point is not null
I/Unity   (10669): RayController:Init()
I/Unity   (10669): CursorManager:ControlCVRayShow(GameObject, Boolean)
I/Unity   (10669): CursorManager:LoadController()
I/Unity   (10669): CursorManager:OnControllerStateChange()
I/Unity   (10669): PvrServiceStartSuccess:Invoke()
I/Unity   (10669):  
I/Unity   (10669): (Filename: ./Runtime/Export/Debug.bindings.h Line: 45)
I/Unity   (10669): 
E/OMX-VDEC-1080P( 1018): Unable to convey fps info to driver,                             performance might be affected
W/[ALVR NATIVE-RUST]( 9527): Video frame queue overflow!
I/Unity   (10669): CursorManager-------ControlCVRayShow : PvrController0 True
I/Unity   (10669): CursorManager:ControlCVRayShow(GameObject, Boolean)
I/Unity   (10669): CursorManager:LoadController()
I/Unity   (10669): CursorManager:OnControllerStateChange()
I/Unity   (10669): PvrServiceStartSuccess:Invoke()
I/Unity   (10669):  
I/Unity   (10669): (Filename: ./Runtime/Export/Debug.bindings.h Line: 45)
I/Unity   (10669): 
E/CHIUSECASE(  755): chxutils.cpp:1055 FillCameraId() FillCameraId 1 
E/Unity   (10669): CursorManager-------ControlCVRayShow---RayController is null!!!
E/Unity   (10669): CursorManager:ControlCVRayShow(GameObject, Boolean)
E/Unity   (10669): CursorManager:LoadController()
E/Unity   (10669): CursorManager:OnControllerStateChange()
E/Unity   (10669): PvrServiceStartSuccess:Invoke()
E/Unity   (10669):  
E/Unity   (10669): (Filename: ./Runtime/Export/Debug.bindings.h Line: 45)
E/Unity   (10669): 
I/TimeWarp(  798): Frame 386209 Side 1 latency 0.006
I/Unity   (10669): PUI------- DOT is not null
I/Unity   (10669): RayController:Init()
I/Unity   (10669): CursorManager:ControlCVRayShow(GameObject, Boolean)
I/Unity   (10669): CursorManager:LoadController()
I/Unity   (10669): CursorManager:OnControllerStateChange()
I/Unity   (10669): PvrServiceStartSuccess:Invoke()
I/Unity   (10669):  
I/Unity   (10669): (Filename: ./Runtime/Export/Debug.bindings.h Line: 45)
I/Unity   (10669): 
I/Unity   (10669): PUI------- start is not null
I/Unity   (10669): RayController:Init()
I/Unity   (10669): CursorManager:ControlCVRayShow(GameObject, Boolean)
I/Unity   (10669): CursorManager:LoadController()
I/Unity   (10669): CursorManager:OnControllerStateChange()
I/Unity   (10669): PvrServiceStartSuccess:Invoke()
I/Unity   (10669):  
I/Unity   (10669): (Filename: ./Runtime/Export/Debug.bindings.h Line: 45)
I/Unity   (10669): 
I/Unity   (10669): PUI------- point is not null
I/Unity   (10669): RayController:Init()
I/Unity   (10669): CursorManager:ControlCVRayShow(GameObject, Boolean)
I/Unity   (10669): CursorManager:LoadController()
I/Unity   (10669): CursorManager:OnControllerStateChange()
I/Unity   (10669): PvrServiceStartSuccess:Invoke()
I/Unity   (10669):  
I/Unity   (10669): (Filename: ./Runtime/Export/Debug.bindings.h Line: 45)
I/Unity   (10669): 
E/OMX-VDEC-1080P( 1018): Unable to convey fps info to driver,                             performance might be affected
E/CHIUSECASE(  755): chxutils.cpp:1055 FillCameraId() FillCameraId 1 
W/[ALVR NATIVE-RUST]( 9527): Video frame queue overflow!
I/Unity   (10669): CursorManager-------ControlCVRayShow : PvrController1 True
I/Unity   (10669): CursorManager:ControlCVRayShow(GameObject, Boolean)
I/Unity   (10669): CursorManager:LoadController()
I/Unity   (10669): CursorManager:OnControllerStateChange()
I/Unity   (10669): PvrServiceStartSuccess:Invoke()
I/Unity   (10669):  
I/Unity   (10669): (Filename: ./Runtime/Export/Debug.bindings.h Line: 45)
I/Unity   (10669): 
I/Unity   (10669): CursorManager-------ControlCVRayShow : PvrController1 True
I/Unity   (10669): CursorManager:ControlCVRayShow(GameObject, Boolean)
I/Unity   (10669): CursorManager:LoadController()
I/Unity   (10669): CursorManager:OnControllerStateChange()
I/Unity   (10669): PvrServiceStartSuccess:Invoke()
I/Unity   (10669):  
I/Unity   (10669): (Filename: ./Runtime/Export/Debug.bindings.h Line: 45)
I/Unity   (10669): 
I/TimeWarp(  798): Frame 386210 Side 1 latency 0.007
E/CHIUSECASE(  755): chxutils.cpp:1055 FillCameraId() FillCameraId 1 
I/UnityPlugin(10669): FOVEA up.focused == false!
E/OMX-VDEC-1080P( 1018): Unable to convey fps info to driver,                             performance might be affected
W/[ALVR NATIVE-RUST]( 9527): Video frame queue overflow!
I/UnityPlugin(10669): FOVEA up.focused == false!
I/chatty  (10669): uid=1000(system) UnityMain identical 1 line
I/UnityPlugin(10669): FOVEA up.focused == false!
E/CHIUSECASE(  755): chxutils.cpp:1055 FillCameraId() FillCameraId 1 
I/Unity   (10669): ?????:06
I/Unity   (10669): SkyBoxManager:LoadSkyBox(String)
I/Unity   (10669):  
I/Unity   (10669): (Filename: ./Runtime/Export/Debug.bindings.h Line: 45)
I/Unity   (10669): 
E/OMX-VDEC-1080P( 1018): Unable to convey fps info to driver,                             performance might be affected
W/[ALVR NATIVE-RUST]( 9527): Video frame queue overflow!
I/FrameAnimation(10669): mBitmap.recycle
I/TimeWarp(  798): Frame 386212 Side 1 latency 0.005
E/CHIUSECASE(  755): chxutils.cpp:1055 FillCameraId() FillCameraId 1 
I/P2ALVR-native( 9527): REAL_TIME_CONFIG: no foveation change
E/OMX-VDEC-1080P( 1018): Unable to convey fps info to driver,                             performance might be affected
D/2DToVR  (  798): ++++++++2D FPS:68.7++++++++
E/CHIUSECASE(  755): chxutils.cpp:1055 FillCameraId() FillCameraId 1 
W/[ALVR NATIVE-RUST]( 9527): Video frame queue overflow!
E/CHIUSECASE(  755): chxutils.cpp:1055 FillCameraId() FillCameraId 1 
E/OMX-VDEC-1080P( 1018): Unable to convey fps info to driver,                             performance might be affected
W/[ALVR NATIVE-RUST]( 9527): Video frame queue overflow!
E/CHIUSECASE(  755): chxutils.cpp:1055 FillCameraId() FillCameraId 1 
E/OMX-VDEC-1080P( 1018): Unable to convey fps info to driver,                             performance might be affected
W/[ALVR NATIVE-RUST]( 9527): Video frame queue overflow!
E/CHIUSECASE(  755): chxutils.cpp:1055 FillCameraId() FillCameraId 1 
I/TimeWarp(  798): Warp GPU time: 0.0000000000 ms
E/OMX-VDEC-1080P( 1018): Unable to convey fps info to driver,                             performance might be affected
W/[ALVR NATIVE-RUST]( 9527): Video frame queue overflow!
E/CHIUSECASE(  755): chxutils.cpp:1055 FillCameraId() FillCameraId 1 
E/OMX-VDEC-1080P( 1018): Unable to convey fps info to driver,                             performance might be affected
W/[ALVR NATIVE-RUST]( 9527): Video frame queue overflow!
E/CHIUSECASE(  755): chxutils.cpp:1055 FillCameraId() FillCameraId 1 
I/FrameAnimation(10669): mBitmap.recycle
W/Unity   (10669): The loaded level has a different lightmaps mode than the current one. Current: Directional. Loaded: Non-Directional. Will use: Directional.
W/Unity   (10669):  
W/Unity   (10669): (Filename:  Line: 258)
W/Unity   (10669): 
E/UnityPlugin(10669): Get sensor failed. Render thread not initialized.
E/OMX-VDEC-1080P( 1018): Unable to convey fps info to driver,                             performance might be affected
E/CHIUSECASE(  755): chxutils.cpp:1055 FillCameraId() FillCameraId 1 
I/Unity   (10669): InitRenderThreadRoutine after a wait
I/Unity   (10669): <InitRenderThreadRoutine>d__111:MoveNext()
I/Unity   (10669): UnityEngine.SetupCoroutine:InvokeMoveNext(IEnumerator, IntPtr)
I/Unity   (10669):  
I/Unity   (10669): (Filename: ./Runtime/Export/Debug.bindings.h Line: 45)
I/Unity   (10669): 
I/UnityPlugin(10669): DIATW Unity Main Thread unityMainThreadTid: 10701
I/UnityPlugin(10669): DIATW Unity Main Thread SetThreadAffinity Default
I/UnityPlugin(10669): DIATW Unity Main Thread SetThreadPriority Default
I/UnityPlugin(10669): OnRenderEvent EVENT_INIT_RENDERTHREAD
D/PvrService( 5931): setParameter:name(ShowSafetyTip), value(false)
D/PvrService( 5931): Do not show safety tip
E/PvrService( 5931): VRModeStateClient::setClientSafetyTipStatus pid=10669, status=0
I/UnityPlugin(10669): OnRenderEvent EVENT_INIT_RENDERTHREAD ShowSafetyTip false
E/PvrService( 5931): VRModeStateClient::startVRMode pid=10669
I/PvrService( 5931): mPrevTrackingMode 7, trackingMode 7
D/PvrService( 5931): ---------------------No safety tip for pid:10669
I/UnityPlugin(10669): PVR_setPerformanceLevels 0 , 0
I/UnityPlugin(10669): PVR_SetCpuLevel  level 0
I/PvrPlatform( 5931): setCPULevel:0 1
W/[ALVR NATIVE-RUST]( 9527): Video frame queue overflow!
E/CHIUSECASE(  755): chxutils.cpp:1055 FillCameraId() FillCameraId 1 
E/OMX-VDEC-1080P( 1018): Unable to convey fps info to driver,                             performance might be affected
W/[ALVR NATIVE-RUST]( 9527): Video frame queue overflow!
E/CHIUSECASE(  755): chxutils.cpp:1055 FillCameraId() FillCameraId 1 
E/OMX-VDEC-1080P( 1018): Unable to convey fps info to driver,                             performance might be affected
W/[ALVR NATIVE-RUST]( 9527): Video frame queue overflow!
E/CHIUSECASE(  755): chxutils.cpp:1055 FillCameraId() FillCameraId 1 
E/CHIUSECASE(  755): chxutils.cpp:1055 FillCameraId() FillCameraId 1 
E/OMX-VDEC-1080P( 1018): Unable to convey fps info to driver,                             performance might be affected
W/[ALVR NATIVE-RUST]( 9527): Video frame queue overflow!
E/OMX-VDEC-1080P( 1018): Unable to convey fps info to driver,                             performance might be affected
E/CHIUSECASE(  755): chxutils.cpp:1055 FillCameraId() FillCameraId 1 
W/[ALVR NATIVE-RUST]( 9527): Video frame queue overflow!
I/FrameAnimation(10669): mBitmap.recycle
E/CHIUSECASE(  755): chxutils.cpp:1055 FillCameraId() FillCameraId 1 
E/OMX-VDEC-1080P( 1018): Unable to convey fps info to driver,                             performance might be affected
W/[ALVR NATIVE-RUST]( 9527): Video frame queue overflow!
E/CHIUSECASE(  755): chxutils.cpp:1055 FillCameraId() FillCameraId 1 
E/OMX-VDEC-1080P( 1018): Unable to convey fps info to driver,                             performance might be affected
E/CHIUSECASE(  755): chxutils.cpp:1055 FillCameraId() FillCameraId 1 
W/[ALVR NATIVE-RUST]( 9527): Video frame queue overflow!
E/OMX-VDEC-1080P( 1018): Unable to convey fps info to driver,                             performance might be affected
W/[ALVR NATIVE-RUST]( 9527): Video frame queue overflow!
E/CHIUSECASE(  755): chxutils.cpp:1055 FillCameraId() FillCameraId 1 
E/OMX-VDEC-1080P( 1018): Unable to convey fps info to driver,                             performance might be affected
W/[ALVR NATIVE-RUST]( 9527): Video frame queue overflow!
E/CHIUSECASE(  755): chxutils.cpp:1055 FillCameraId() FillCameraId 1 
I/FrameAnimation(10669): mBitmap.recycle
I/PvrPlatform( 5931): svrSetPerformanceLevels CPU level[0] B[2803200] done
I/UnityPlugin(10669): PVR_SetGpuLevel_ level 0
I/PvrPlatform( 5931): setGPULevel:0 1
E/CHIUSECASE(  755): chxutils.cpp:1055 FillCameraId() FillCameraId 1 
I/sh      (10803): type=1400 audit(0.0:3943): avc: denied { search } for name="kgsl-3d0" dev="sysfs" ino=49019 scontext=u:r:pvrservice:s0 tcontext=u:object_r:sysfs_kgsl:s0 tclass=dir permissive=1
I/sh      (10803): type=1400 audit(0.0:3944): avc: denied { read } for name="devfreq" dev="sysfs" ino=49330 scontext=u:r:pvrservice:s0 tcontext=u:object_r:sysfs_kgsl:s0 tclass=lnk_file permissive=1
I/sh      (10803): type=1400 audit(0.0:3945): avc: denied { write } for name="governor" dev="sysfs" ino=49168 scontext=u:r:pvrservice:s0 tcontext=u:object_r:sysfs_kgsl:s0 tclass=file permissive=1
I/sh      (10803): type=1400 audit(0.0:3946): avc: denied { open } for path="/sys/devices/platform/soc/5000000.qcom,kgsl-3d0/devfreq/5000000.qcom,kgsl-3d0/governor" dev="sysfs" ino=49168 scontext=u:r:pvrservice:s0 tcontext=u:object_r:sysfs_kgsl:s0 tclass=file permissive=1
E/OMX-VDEC-1080P( 1018): Unable to convey fps info to driver,                             performance might be affected
W/[ALVR NATIVE-RUST]( 9527): Video frame queue overflow!
I/PvrPlatform( 5931): svrSetPerformanceLevels GPU level[0] Freq[710000000] done
I/UnityPlugin(10669): PVR_InitRenderThread()
I/GlUtils (10669): GL_FindExtensions()--------------------------0
I/GlUtils (10669): GL_FindExtensions()--------------------------1
I/GlUtils (10669): GL_EXTENSIONS:
I/GlUtils (10669): es3 = TRUE
I/GlUtils (10669): GL_MAX_TEXTURE_SIZE = 16384
I/GlUtils (10669): GL_MAX_VERTEX_UNIFORM_VECTORS = 256
I/GlUtils (10669): GL_MAX_FRAGMENT_UNIFORM_VECTORS = 256
I/UnityPlugin(10669): FOVEA Checking for glTextureFoveationParametersEXT support...
I/UnityPlugin(10669): FOVEA glTextureFoveationParametersQCOM SUPPORTED
I/UnityPlugin(10669): Mode Parms CpuLevel 2 GpuLevel 2
I/UnityPlugin(10669): DIATW Unity Render Thread up.renderThreadTid: 10701
I/UnityPlugin(10669): DIATW Unity Render Thread SetThreadAffinity Default
I/UnityPlugin(10669): DIATW Unity Render Thread SetThreadPriority Default
I/UnityPlugin(10669): ENABLE_CHROMATIC    true
I/UnityPlugin(10669): ExternalSurface: create layer 0 oes texture id 116
I/UnityPlugin(10669): ExternalSurface: create layer 1 oes texture id 117
I/UnityPlugin(10669): ExternalSurface: create layer 2 oes texture id 118
I/UnityPlugin(10669): ExternalSurface: create layer 3 oes texture id 119
I/UnityPlugin(10669): ExternalSurface: create layer 4 oes texture id 120
I/UnityPlugin(10669): ExternalSurface: create layer 5 oes texture id 121
I/UnityPlugin(10669): ExternalSurface: create layer 6 oes texture id 122
I/UnityPlugin(10669): ExternalSurface: create layer 7 oes texture id 123
I/UnityPlugin(10669): ExternalSurface: create layer 8 oes texture id 124
I/UnityPlugin(10669): ExternalSurface: create layer 9 oes texture id 125
I/UnityPlugin(10669): ExternalSurface: create layer 10 oes texture id 126
I/UnityPlugin(10669): ExternalSurface: create layer 11 oes texture id 127
I/UnityPlugin(10669): ExternalSurface: create layer 12 oes texture id 128
I/UnityPlugin(10669): ExternalSurface: create layer 13 oes texture id 129
I/UnityPlugin(10669): ExternalSurface: create layer 14 oes texture id 130
I/UnityPlugin(10669): ExternalSurface: create layer 15 oes texture id 131
I/UnityPlugin(10669): ExternalSurface: updateTexImage=1900231304, getTimestamp=1900230872
I/UnityPlugin(10669): unityPredict = 2.000000
I/UnityPlugin(10669): PVR_Resume()
I/UnityPlugin(10669): Pvr_GetTrackingOriginFloorHeight start get property ret 10
I/UnityPlugin(10669): Pvr_GetTrackingOriginFloorHeight end g_fDeltaY -0.528610
I/UnityPlugin(10669): PVR_Resume UNITY/NATIVE floor level getHeight -0.528610
I/VrApi   (10669): ---------- pvr_EnterVrMode ----------
I/GlUtils (10669): GL_FindExtensions()--------------------------0
I/GlUtils (10669): GL_FindExtensions()--------------------------1
I/GlUtils (10669): GL_EXTENSIONS:
I/GlUtils (10669): es3 = TRUE
I/GlUtils (10669): GL_MAX_TEXTURE_SIZE = 16384
I/GlUtils (10669): GL_MAX_VERTEX_UNIFORM_VECTORS = 256
I/GlUtils (10669): GL_MAX_FRAGMENT_UNIFORM_VECTORS = 256
I/VrApi   (10669): hmdInfo.lensSeparation = 0.062000
I/VrApi   (10669): hmdInfo.widthMeters = 0.129600
I/VrApi   (10669): hmdInfo.heightMeters = 0.072000
I/VrApi   (10669): hmdInfo.widthPixels = 3840
I/VrApi   (10669): hmdInfo.heightPixels = 2160
I/VrApi   (10669): hmdInfo.eyeTextureResolution[0] = 1080
I/VrApi   (10669): hmdInfo.eyeTextureResolution[1] = 1200
I/VrApi   (10669): hmdInfo.eyeTextureFov[0] = 80.000000
I/VrApi   (10669): hmdInfo.eyeTextureFov[1] = 80.000000
E/OMX-VDEC-1080P( 1018): Unable to convey fps info to driver,                             performance might be affected
I/VrApi   (10669): Cleared JNI exception
E/CHIUSECASE(  755): chxutils.cpp:1055 FillCameraId() FillCameraId 1 
I/TimeWarp(10669): -------------------- Instantiate TimeWarp --------------------
I/TimeWarp(10669): BuildPresentationGraphics len > 0
I/TimeWarp(10669): BuildPresentationGraphics ret0 = 128, ret1 = 0
I/TimeWarp(10669): DISFT Stencil = 0 TilingQCOM = 0
I/TimeWarp(10669): Read VrViewer Surface Size: [3840x2160]
I/TimeWarp(10669): 	 eglMainThreadWindowSurface : 0x7b0ebcd7c0
I/GlUtils (10669): glRendererString Adreno (TM) 630
I/TimeWarp(10669): config: ASYNC  = 1
I/TimeWarp(10669): Aysnc, with SINGLE_BUFFER = 1
I/TimeWarp(10669): Requesting EGL_CONTEXT_PRIORITY_HIGH_IMG
I/TimeWarp(10669): WarpThreadInit enableBack = 1
I/TimeWarp(10669): WarpThreadInit forceRenderAngle = 0
I/TimeWarp(10669): WarpThreadInit() miniVsyncBackStep = 2 ,forceRenderAngle =  0
W/[ALVR NATIVE-RUST]( 9527): Video frame queue overflow!
I/Vsync   (10669): DIATW UpdateVSync deltaCount !=1, delta 427621, 5939174257081   -   0.000 = 5939174257081.000
I/PvrService( 5931): Set Thread Affinity: tid=10805, coreId=6, exclusive=1
I/PVR_VsyncListen( 5931): type=1400 audit(0.0:3947): avc: denied { call } for scontext=u:r:pvrservice:s0 tcontext=u:r:system_app:s0 tclass=binder permissive=1
I/Binder:5931_3( 5931): type=1400 audit(0.0:3948): avc: denied { setsched } for scontext=u:r:pvrservice:s0 tcontext=u:r:system_app:s0 tclass=process permissive=1
I/TimeWarp(10669): DIATW SetThreadAffinity core: 6, res 0
I/TimeWarp(10669): SINGLE_BUFFER
I/TimeWarp(10669): DIATW GPUTYPE = 0x1000
I/TimeWarp(10669): DIATW GPUTYPE Adereno
I/TimeWarp(10669): DIATW CreateWarpContext: context has high priority
E/CHIUSECASE(  755): chxutils.cpp:1055 FillCameraId() FillCameraId 1 
E/OMX-VDEC-1080P( 1018): Unable to convey fps info to driver,                             performance might be affected
W/[ALVR NATIVE-RUST]( 9527): Video frame queue overflow!
E/CHIUSECASE(  755): chxutils.cpp:1055 FillCameraId() FillCameraId 1 
I/TimeWarp(10669): CreateWarpContext: Requested mutable EGL_BACK_BUFFER
I/TimeWarp(10669): DIATW CreateWarpContext: Got EGL_SINGLE_BUFFER
I/TimeWarp(10669): CreateWarpContext: Warp Surface Dimensions ( 3840 x 2160 )
I/TimeWarp(10669): CreateWarpContext: Timewarp context successfully created
I/DirectRender(10669): SetFrontBufferStatus to true
I/DirectRender(10669): eglGetCurrentSurface 0x7b0bb98f80
I/DirectRender(10669): surface size: 3840 x 2160
I/DirectRender(10669): InitForCurrentSurface gpuType = 0x1000
E/CHIUSECASE(  755): chxutils.cpp:1055 FillCameraId() FillCameraId 1 
I/FrameAnimation(10669): mBitmap.recycle
E/OMX-VDEC-1080P( 1018): Unable to convey fps info to driver,                             performance might be affected
W/[ALVR NATIVE-RUST]( 9527): Video frame queue overflow!
I/Display (10669): EEEE Generating Spherical Warp Mesh:
I/Display (10669): EEEE 	 Sphere Radius: 2.00
I/Display (10669): EEEE    Left Theta: [-50.5000, 50.5000]
I/Display (10669): EEEE    Left Phi: [-50.5000, 50.5000]
I/Display (10669): EEEE    Right Theta: [-50.5000, 50.5000]
I/Display (10669): EEEE    Right Phi: [-50.5000, 50.5000]
E/CHIUSECASE(  755): chxutils.cpp:1055 FillCameraId() FillCameraId 1 
E/OMX-VDEC-1080P( 1018): Unable to convey fps info to driver,                             performance might be affected
W/[ALVR NATIVE-RUST]( 9527): Video frame queue overflow!
E/CHIUSECASE(  755): chxutils.cpp:1055 FillCameraId() FillCameraId 1 
E/OMX-VDEC-1080P( 1018): Unable to convey fps info to driver,                             performance might be affected
W/[ALVR NATIVE-RUST]( 9527): Video frame queue overflow!
E/CHIUSECASE(  755): chxutils.cpp:1055 FillCameraId() FillCameraId 1 
E/OMX-VDEC-1080P( 1018): Unable to convey fps info to driver,                             performance might be affected
W/[ALVR NATIVE-RUST]( 9527): Video frame queue overflow!
E/CHIUSECASE(  755): chxutils.cpp:1055 FillCameraId() FillCameraId 1 
I/TimeWarp(10669): EEEE2 CreateFrameworkGraphics EYE_TEXTURE_RESOLUTION = 1664, 1664 WIDTH_PIXELS = 3840, HEIGHT_PIXELS = 2160
I/TimeWarp(10669): EEEE2 CreateFrameworkGraphics creating eye render target 0, 2160 : 2160
I/TimeWarp(10669): EEEE2 CreateFrameworkGraphics creating eye render target 1, 2160 : 2160
I/TimeWarp(10669): EEEE BuildEyeTargetGraphics
I/TimeWarp(10669): EEEE BuildEyeTargetGraphics end
I/PvrService( 5931): Set Thread Priority: tid=10805, policy=1, priority=98
I/TimeWarp(10669): DIATW SetThreadPriority priority: 98, res 0
I/TimeWarp(10669): Current thread, sched_getscheduler = 1
I/TimeWarp(10669): WarpThreadInit() - End
I/TimeWarp(10669): WarpThread Loop start
I/TimeWarp(10669): WarpThread Changing vsync from 0.000000 to 427627.000000
I/TimeWarp(10669): MiraCastThreadInit
I/TimeWarp(10669): -----------------  Instantiate TimeWarp End ------------------
I/UnityPlugin(10669): Pvr_GetTrackingOriginFloorHeight start get property ret 10
I/UnityPlugin(10669): Pvr_GetTrackingOriginFloorHeight end g_fDeltaY -0.528610
I/TimeWarp(10669): eglChooseConfig success numConfigs = 12
I/TimeWarp(10669): Context is EGL_CONTEXT_PRIORITY_MEDIUM_IMG
E/TimeWarp(10669): try presentationViewObj object not found!
D/AIRClient(10669): [AIRClient]
I/TimeWarp(10669): mSurfaceObjB = NULL, Miracast thread will enter wait status
D/AIRService(  794): AddServiceListener: Add listener 0x7ccb23fd40, 10669
I/GsCameraClient(10669): GsCameraClient finished init.
I/GsGuardianSystem(10669): GuardianSystem::Camera init successfully.
E/OMX-VDEC-1080P( 1018): Unable to convey fps info to driver,                             performance might be affected
E/CHIUSECASE(  755): chxutils.cpp:1055 FillCameraId() FillCameraId 1 
W/[ALVR NATIVE-RUST]( 9527): Video frame queue overflow!
I/TimeWarp(10669): DIATW SelectRT WarpToScreen: No valid Eye Buffers 0
I/TimeWarp(10669): DIATW SelectRT Nothing to draw, draw black!
D/PvrServiceClient(10669): Client share memory is not ready!
D/PvrServiceClient(10669): call PvrServiceClient::getShareMemoryFD
D/PvrServiceClient(10669): call getShareMemoryFD() before binder
D/PvrServiceClient( 5931): handle GET_SHARE_MEMORY_FD in pvrservice
D/PvrService( 5931): call PvrService::getShareMemoryFD()
D/PvrService( 5931): call PvrServiceCore::getShareMemoryFD()
D/PvrService( 5931): newTracker: getShareMemoryFD return 3
D/PvrServiceClient( 5931): Get share memory fd in service:3
D/PvrServiceClient(10669): client get share memory fd:106
I/PvrServiceClient(10669): mmap success
D/PvrServiceClient(10669): Client share memory fd is 107
E/VrApi   (10669): DIATW Global tracking GetTrackingData 2 failed tryTimes=1
I/Binder:5931_3( 5931): type=1400 audit(0.0:3949): avc: denied { use } for path="/dev/ashmem" dev="tmpfs" ino=26821 scontext=u:r:system_app:s0 tcontext=u:r:pvrservice:s0 tclass=fd permissive=1
E/OMX-VDEC-1080P( 1018): Unable to convey fps info to driver,                             performance might be affected
W/[ALVR NATIVE-RUST]( 9527): Video frame queue overflow!
I/FrameAnimation(10669): mBitmap.recycle
E/CHIUSECASE(  755): chxutils.cpp:1055 FillCameraId() FillCameraId 1 
I/TimeWarp(10669): DIATW SelectRT WarpToScreen: No valid Eye Buffers 0
I/TimeWarp(10669): DIATW SelectRT Nothing to draw, draw black!
E/OMX-VDEC-1080P( 1018): Unable to convey fps info to driver,                             performance might be affected
E/CHIUSECASE(  755): chxutils.cpp:1055 FillCameraId() FillCameraId 1 
W/[ALVR NATIVE-RUST]( 9527): Video frame queue overflow!
I/TimeWarp(10669): DIATW SelectRT WarpToScreen: No valid Eye Buffers 0
I/TimeWarp(10669): DIATW SelectRT Nothing to draw, draw black!
E/CHIUSECASE(  755): chxutils.cpp:1055 FillCameraId() FillCameraId 1 
E/OMX-VDEC-1080P( 1018): Unable to convey fps info to driver,                             performance might be affected
W/[ALVR NATIVE-RUST]( 9527): Video frame queue overflow!
E/CHIUSECASE(  755): chxutils.cpp:1055 FillCameraId() FillCameraId 1 
I/TimeWarp(10669): DIATW SelectRT WarpToScreen: No valid Eye Buffers 0
I/TimeWarp(10669): DIATW SelectRT Nothing to draw, draw black!
E/OMX-VDEC-1080P( 1018): Unable to convey fps info to driver,                             performance might be affected
I/GsShader(10669): Loaded Shader (99): DialogVs <=> DialogFs
I/GsDialog(10669): Boundary::Profiler::Dialog is successfully initialized!
I/GsGuardianSystem(10669): GuardianSystem::SeeTrough init successfully.
W/[ALVR NATIVE-RUST]( 9527): Video frame queue overflow!
E/CHIUSECASE(  755): chxutils.cpp:1055 FillCameraId() FillCameraId 1 
I/GsShader(10669): Loaded Shader (102): SeeThroughVs <=> SeeThroughFs
I/GsGuardianSystem(10669): GuardianSystem::SeeTrough init successfully.
E/SafetyArea(10669): GSALoadSafetyArea: Success, Input Data Size: 73
E/SafetyArea(10669): GSALoadSafetyArea2: Success, Input irregular Data Size: 73
I/TimeWarp(10669): DIATW SelectRT WarpToScreen: No valid Eye Buffers 0
I/TimeWarp(10669): DIATW SelectRT Nothing to draw, draw black!
E/OMX-VDEC-1080P( 1018): Unable to convey fps info to driver,                             performance might be affected
E/CHIUSECASE(  755): chxutils.cpp:1055 FillCameraId() FillCameraId 1 
W/[ALVR NATIVE-RUST]( 9527): Video frame queue overflow!
I/TimeWarp(10669): DIATW SelectRT WarpToScreen: No valid Eye Buffers 0
I/TimeWarp(10669): DIATW SelectRT Nothing to draw, draw black!
I/TimeWarp(  798): Frame 386239 Side 1 latency 0.006
I/FrameAnimation(10669): mBitmap.recycle
E/CHIUSECASE(  755): chxutils.cpp:1055 FillCameraId() FillCameraId 1 
I/GsShader(10669): Loaded Shader (105): BoundaryVs <=> BoundaryFs
I/GsGuardianSystem(10669): GuardianSystem::Boundary init successfully.
E/OMX-VDEC-1080P( 1018): Unable to convey fps info to driver,                             performance might be affected
I/Unity   (10669): PvrLog IssueRenderThread end
I/Unity   (10669): <InitRenderThreadRoutine>d__111:MoveNext()
I/Unity   (10669): UnityEngine.SetupCoroutine:InvokeMoveNext(IEnumerator, IntPtr)
I/Unity   (10669):  
I/Unity   (10669): (Filename: ./Runtime/Export/Debug.bindings.h Line: 45)
I/Unity   (10669): 
I/Unity   (10669): InitRenderThreadRoutine end
I/Unity   (10669): <InitRenderThreadRoutine>d__111:MoveNext()
I/Unity   (10669): UnityEngine.SetupCoroutine:InvokeMoveNext(IEnumerator, IntPtr)
I/Unity   (10669):  
I/Unity   (10669): (Filename: ./Runtime/Export/Debug.bindings.h Line: 45)
I/Unity   (10669): 
W/[ALVR NATIVE-RUST]( 9527): Video frame queue overflow!
I/TimeWarp(10669): DIATW SelectRT WarpToScreen: No valid Eye Buffers 0
I/TimeWarp(10669): DIATW SelectRT Nothing to draw, draw black!
E/CHIUSECASE(  755): chxutils.cpp:1055 FillCameraId() FillCameraId 1 
E/OMX-VDEC-1080P( 1018): Unable to convey fps info to driver,                             performance might be affected
E/CHIUSECASE(  755): chxutils.cpp:1055 FillCameraId() FillCameraId 1 
W/[ALVR NATIVE-RUST]( 9527): Video frame queue overflow!
E/ANDR-PERF-OPTSHANDLER(  779): perf_lock_rel: updated /sys/class/scsi_host/host0/../../../clkscale_enable with 1
E/ANDR-PERF-OPTSHANDLER(  779):  return value 2
I/TimeWarp(10669): DIATW SelectRT WarpToScreen: No valid Eye Buffers 0
I/TimeWarp(10669): DIATW SelectRT Nothing to draw, draw black!
E/CHIUSECASE(  755): chxutils.cpp:1055 FillCameraId() FillCameraId 1 
I/TimeWarp(  798): Frame 386242 Side 1 latency 0.006
I/TimeWarp(10669): DIATW SelectRT WarpToScreen: No valid Eye Buffers 0
I/TimeWarp(10669): DIATW SelectRT Nothing to draw, draw black!
E/CHIUSECASE(  755): chxutils.cpp:1055 FillCameraId() FillCameraId 1 
E/OMX-VDEC-1080P( 1018): Unable to convey fps info to driver,                             performance might be affected
W/[ALVR NATIVE-RUST]( 9527): Video frame queue overflow!
I/TimeWarp(10669): DIATW SelectRT WarpToScreen: No valid Eye Buffers 0
I/TimeWarp(10669): DIATW SelectRT Nothing to draw, draw black!
E/CHIUSECASE(  755): chxutils.cpp:1055 FillCameraId() FillCameraId 1 
E/OMX-VDEC-1080P( 1018): Unable to convey fps info to driver,                             performance might be affected
I/FrameAnimation(10669): mBitmap.recycle
W/[ALVR NATIVE-RUST]( 9527): Video frame queue overflow!
E/OMX-VDEC-1080P( 1018): Unable to convey fps info to driver,                             performance might be affected
W/[ALVR NATIVE-RUST]( 9527): Video frame queue overflow!
E/CHIUSECASE(  755): chxutils.cpp:1055 FillCameraId() FillCameraId 1 
I/TimeWarp(10669): DIATW SelectRT WarpToScreen: No valid Eye Buffers 0
I/TimeWarp(10669): DIATW SelectRT Nothing to draw, draw black!
E/OMX-VDEC-1080P( 1018): Unable to convey fps info to driver,                             performance might be affected
W/[ALVR NATIVE-RUST]( 9527): Video frame queue overflow!
I/UnityPlugin(10669): PVR_SetCpuLevel  level 0
I/PvrPlatform( 5931): setCPULevel:0 1
D/NtpTrustedTime( 1294): currentTimeMillis() cache hit
I/TimeWarp(10669): DIATW SelectRT WarpToScreen: No valid Eye Buffers 0
I/TimeWarp(10669): DIATW SelectRT Nothing to draw, draw black!
E/CHIUSECASE(  755): chxutils.cpp:1055 FillCameraId() FillCameraId 1 
E/CHIUSECASE(  755): chxutils.cpp:1055 FillCameraId() FillCameraId 1 
E/OMX-VDEC-1080P( 1018): Unable to convey fps info to driver,                             performance might be affected
W/[ALVR NATIVE-RUST]( 9527): Video frame queue overflow!
I/TimeWarp(10669): DIATW SelectRT WarpToScreen: No valid Eye Buffers 0
I/TimeWarp(10669): DIATW SelectRT Nothing to draw, draw black!
E/CHIUSECASE(  755): chxutils.cpp:1055 FillCameraId() FillCameraId 1 
E/OMX-VDEC-1080P( 1018): Unable to convey fps info to driver,                             performance might be affected
W/[ALVR NATIVE-RUST]( 9527): Video frame queue overflow!
I/TimeWarp(10669): DIATW SelectRT WarpToScreen: No valid Eye Buffers 0
I/TimeWarp(10669): DIATW SelectRT Nothing to draw, draw black!
E/CHIUSECASE(  755): chxutils.cpp:1055 FillCameraId() FillCameraId 1 
I/FrameAnimation(10669): mBitmap.recycle
E/OMX-VDEC-1080P( 1018): Unable to convey fps info to driver,                             performance might be affected
W/[ALVR NATIVE-RUST]( 9527): Video frame queue overflow!
D/NtpTrustedTime( 1294): currentTimeMillis() cache hit
E/CHIUSECASE(  755): chxutils.cpp:1055 FillCameraId() FillCameraId 1 
I/TimeWarp(10669): DIATW SelectRT WarpToScreen: No valid Eye Buffers 0
I/TimeWarp(10669): DIATW SelectRT Nothing to draw, draw black!
E/OMX-VDEC-1080P( 1018): Unable to convey fps info to driver,                             performance might be affected
W/[ALVR NATIVE-RUST]( 9527): Video frame queue overflow!
E/CHIUSECASE(  755): chxutils.cpp:1055 FillCameraId() FillCameraId 1 
I/TimeWarp(10669): DIATW SelectRT WarpToScreen: No valid Eye Buffers 0
I/TimeWarp(10669): DIATW SelectRT Nothing to draw, draw black!
E/OMX-VDEC-1080P( 1018): Unable to convey fps info to driver,                             performance might be affected
E/CHIUSECASE(  755): chxutils.cpp:1055 FillCameraId() FillCameraId 1 
W/[ALVR NATIVE-RUST]( 9527): Video frame queue overflow!
I/TimeWarp(10669): DIATW SelectRT WarpToScreen: No valid Eye Buffers 0
I/TimeWarp(10669): DIATW SelectRT Nothing to draw, draw black!
E/OMX-VDEC-1080P( 1018): Unable to convey fps info to driver,                             performance might be affected
I/Thread-2( 9527): type=1400 audit(0.0:3950): avc: denied { read } for name="capacity" dev="sysfs" ino=54432 scontext=u:r:untrusted_app:s0:c512,c768 tcontext=u:object_r:sysfs_battery_supply:s0 tclass=file permissive=1
E/CHIUSECASE(  755): chxutils.cpp:1055 FillCameraId() FillCameraId 1 
I/Thread-2( 9527): type=1400 audit(0.0:3951): avc: denied { open } for path="/sys/devices/platform/soc/c440000.qcom,spmi/spmi-0/spmi0-02/c440000.qcom,spmi:qcom,pmi8998@2:qcom,qpnp-smb2/power_supply/battery/capacity" dev="sysfs" ino=54432 scontext=u:r:untrusted_app:s0:c512,c768 tcontext=u:object_r:sysfs_battery_supply:s0 tclass=file permissive=1
I/Thread-2( 9527): type=1400 audit(0.0:3952): avc: denied { getattr } for path="/sys/devices/platform/soc/c440000.qcom,spmi/spmi-0/spmi0-02/c440000.qcom,spmi:qcom,pmi8998@2:qcom,qpnp-smb2/power_supply/battery/capacity" dev="sysfs" ino=54432 scontext=u:r:untrusted_app:s0:c512,c768 tcontext=u:object_r:sysfs_battery_supply:s0 tclass=file permissive=1
W/[ALVR NATIVE-RUST]( 9527): Video frame queue overflow!
I/TimeWarp(10669): DIATW SelectRT WarpToScreen: No valid Eye Buffers 0
I/TimeWarp(10669): DIATW SelectRT Nothing to draw, draw black!
E/CHIUSECASE(  755): chxutils.cpp:1055 FillCameraId() FillCameraId 1 
I/FrameAnimation(10669): mBitmap.recycle
E/OMX-VDEC-1080P( 1018): Unable to convey fps info to driver,                             performance might be affected
W/[ALVR NATIVE-RUST]( 9527): Video frame queue overflow!
E/CHIUSECASE(  755): chxutils.cpp:1055 FillCameraId() FillCameraId 1 
I/TimeWarp(10669): DIATW SelectRT WarpToScreen: No valid Eye Buffers 0
I/TimeWarp(10669): DIATW SelectRT Nothing to draw, draw black!
E/OMX-VDEC-1080P( 1018): Unable to convey fps info to driver,                             performance might be affected
W/[ALVR NATIVE-RUST]( 9527): Video frame queue overflow!
E/CHIUSECASE(  755): chxutils.cpp:1055 FillCameraId() FillCameraId 1 
I/TimeWarp(10669): DIATW SelectRT WarpToScreen: No valid Eye Buffers 0
I/TimeWarp(10669): DIATW SelectRT Nothing to draw, draw black!
E/CHIUSECASE(  755): chxutils.cpp:1055 FillCameraId() FillCameraId 1 
E/OMX-VDEC-1080P( 1018): Unable to convey fps info to driver,                             performance might be affected
W/[ALVR NATIVE-RUST]( 9527): Video frame queue overflow!
I/TimeWarp(10669): DIATW SelectRT WarpToScreen: No valid Eye Buffers 0
I/TimeWarp(10669): DIATW SelectRT Nothing to draw, draw black!
E/CHIUSECASE(  755): chxutils.cpp:1055 FillCameraId() FillCameraId 1 
E/OMX-VDEC-1080P( 1018): Unable to convey fps info to driver,                             performance might be affected
W/[ALVR NATIVE-RUST]( 9527): Video frame queue overflow!
I/TimeWarp(10669): DIATW SelectRT WarpToScreen: No valid Eye Buffers 0
I/TimeWarp(10669): DIATW SelectRT Nothing to draw, draw black!
E/CHIUSECASE(  755): chxutils.cpp:1055 FillCameraId() FillCameraId 1 
E/OMX-VDEC-1080P( 1018): Unable to convey fps info to driver,                             performance might be affected
W/[ALVR NATIVE-RUST]( 9527): Video frame queue overflow!
I/PvrPlatform( 5931): svrSetPerformanceLevels CPU level[0] B[2803200] done
I/FrameAnimation(10669): mBitmap.recycle
E/CHIUSECASE(  755): chxutils.cpp:1055 FillCameraId() FillCameraId 1 
I/TimeWarp(10669): DIATW SelectRT WarpToScreen: No valid Eye Buffers 0
I/TimeWarp(10669): DIATW SelectRT Nothing to draw, draw black!
E/OMX-VDEC-1080P( 1018): Unable to convey fps info to driver,                             performance might be affected
W/[ALVR NATIVE-RUST]( 9527): Video frame queue overflow!
E/CHIUSECASE(  755): chxutils.cpp:1055 FillCameraId() FillCameraId 1 
E/OMX-VDEC-1080P( 1018): Unable to convey fps info to driver,                             performance might be affected
E/CHIUSECASE(  755): chxutils.cpp:1055 FillCameraId() FillCameraId 1 
W/[ALVR NATIVE-RUST]( 9527): Video frame queue overflow!
I/PVRShell(10669): ----------switchApp----------
E/PVRShell(10669): VirtualDisplay is null
I/Unity   (10669): VRShell------->OnMaskShow = false
I/Unity   (10669): MainScreen:OnMaskShow(String)
I/Unity   (10669): <SwitchApp>d__23:MoveNext()
I/Unity   (10669): UnityEngine.SetupCoroutine:InvokeMoveNext(IEnumerator, IntPtr)
I/Unity   (10669):  
I/Unity   (10669): (Filename: ./Runtime/Export/Debug.bindings.h Line: 45)
I/Unity   (10669): 
E/OMX-VDEC-1080P( 1018): Unable to convey fps info to driver,                             performance might be affected
W/[ALVR NATIVE-RUST]( 9527): Video frame queue overflow!
E/CHIUSECASE(  755): chxutils.cpp:1055 FillCameraId() FillCameraId 1 
E/CHIUSECASE(  755): chxutils.cpp:1055 FillCameraId() FillCameraId 1 
E/OMX-VDEC-1080P( 1018): Unable to convey fps info to driver,                             performance might be affected
W/[ALVR NATIVE-RUST]( 9527): Video frame queue overflow!
E/VrActivity(10669): removePlatformLogo, Send msg 1!
E/CHIUSECASE(  755): chxutils.cpp:1055 FillCameraId() FillCameraId 1 
I/Unity   (10669): Reset Tracker OnLoad
I/Unity   (10669): <EndOfFrame>d__45:MoveNext()
I/Unity   (10669): UnityEngine.SetupCoroutine:InvokeMoveNext(IEnumerator, IntPtr)
I/Unity   (10669):  
I/Unity   (10669): (Filename: ./Runtime/Export/Debug.bindings.h Line: 45)
I/Unity   (10669): 
I/UnityPlugin(10669): Pvr_OptionalResetSensor_ enter
I/VrApi   (10669): PVR_SERVICE_QUATERNION_MODE ResetSensor
I/PvrServiceClient(10669): Call resetTracking in PvrServiceClient,mode=3
E/Paul    ( 5931): track_flag:1,6,1
E/Paul    ( 5931): Yaw:-1.173833
E/Paul    ( 5931): pose_offset_reset:1,-0.000000,0.057398,-0.000000,0.998351,-0.249977,0.000000,0.481799
E/Paul    ( 5931): Reset
E/Paul    ( 5931): fix-no-smooth
E/Paul    ( 5931): new-struct
D/PvrService( 5931): newTracker resetTracking mode=[6] pose_offset [-0.000000,0.057398,-0.000000,0.998351,-0.249977,0.000000,0.481799] flag=[1]
I/PvrService( 5931): alg_reset successfully: 0
E/PvrService( 5931): Call resetTracking in PvrServiceCore,mode=3, 0,1,0
E/PvrService( 5931): resetTracking:Try to get tracking lock mutex
E/PvrService( 5931): resetTracking:Get tracking lock mutex
I/PvrService( 5931): Call resetTrackingThread in PvrServiceCore,mode=3, 0,1,0
E/PvrPlatform( 5931): Call resetTracking in platform:mode=3
E/PvrService( 5931): resetTrackingThread:release tracking lock mutex
I/UnityPlugin(10669): Pvr_OptionalResetSensor_ exit
I/Unity   (10669): PvrLog OptionalResetUnitySDKSensor OK!11
I/Unity   (10669): Pvr_UnitySDKSensor:OptionalResetUnitySDKSensor(Int32, Int32)
I/Unity   (10669): <EndOfFrame>d__45:MoveNext()
I/Unity   (10669): UnityEngine.SetupCoroutine:InvokeMoveNext(IEnumerator, IntPtr)
I/Unity   (10669):  
I/Unity   (10669): (Filename: ./Runtime/Export/Debug.bindings.h Line: 45)
I/Unity   (10669): 
E/OMX-VDEC-1080P( 1018): Unable to convey fps info to driver,                             performance might be affected
W/[ALVR NATIVE-RUST]( 9527): Video frame queue overflow!
E/CHIUSECASE(  755): chxutils.cpp:1055 FillCameraId() FillCameraId 1 
I/FrameAnimation(10669): mBitmap.recycle
E/OMX-VDEC-1080P( 1018): Unable to convey fps info to driver,                             performance might be affected
E/CHIUSECASE(  755): chxutils.cpp:1055 FillCameraId() FillCameraId 1 
W/[ALVR NATIVE-RUST]( 9527): Video frame queue overflow!
E/CHIUSECASE(  755): chxutils.cpp:1055 FillCameraId() FillCameraId 1 
I/P2ALVR-native( 9527): frame 17280 q=(0.050,0.000,0.003,-0.999) p=(0.073,0.243,0.012) vr=1 surf=0
E/OMX-VDEC-1080P( 1018): Unable to convey fps info to driver,                             performance might be affected
I/Unity   (10669): VRShell------->InitSurface
I/Unity   (10669): <InitSurface>d__20:MoveNext()
I/Unity   (10669): UnityEngine.SetupCoroutine:InvokeMoveNext(IEnumerator, IntPtr)
I/Unity   (10669):  
I/Unity   (10669): (Filename: ./Runtime/Export/Debug.bindings.h Line: 45)
I/Unity   (10669): 
W/[ALVR NATIVE-RUST]( 9527): Video frame queue overflow!
E/CHIUSECASE(  755): chxutils.cpp:1055 FillCameraId() FillCameraId 1 
E/OMX-VDEC-1080P( 1018): Unable to convey fps info to driver,                             performance might be affected
W/[ALVR NATIVE-RUST]( 9527): Video frame queue overflow!
E/CHIUSECASE(  755): chxutils.cpp:1055 FillCameraId() FillCameraId 1 
I/PVRShell(10669): initSurface, width = 1600, height = 2880, dpi = 560
I/DisplayManagerService( 1294): Display device added: DisplayDeviceInfo{"PvrShellDisplay": uniqueId="virtual:com.pvr.vrshell:277f1a09-b88d-4d1e-8716-796f114d09cd", 1600 x 2880, modeId 9, defaultModeId 9, supportedModes [{id=9, width=1600, height=2880, fps=60.0}], colorMode 0, supportedColorModes [0], HdrCapabilities null, density 560, 560.0 x 560.0 dpi, appVsyncOff 0, presDeadline 16666666, touch VIRTUAL, rotation 0, type VIRTUAL, state OFF, owner com.pvr.vrshell (uid 1000), FLAG_ROTATES_WITH_CONTENT, FLAG_OWN_CONTENT_ONLY}
I/PVRShell(10669): onDisplayAdded, displayId = 5
I/UnityNativeActivityPico(10669): onDisplayAdded displayId = 5
I/UnityNativeActivityPico(10669): Unity Pvr_setMonoPresentation begin
I/UnityNativeActivityPico(10669): Unity presentationDisplays.length = 0
I/UnityNativeActivityPico(10669): DISFT MonoPresentation = Disable
I/UnityNativeActivityPico(10669): Unity Pvr_setMonoPresentation failed
I/UnityNativeActivityPico(10669): Unity Pvr_setMonoPresentation end
I/PVRShell(10669): onDisplayChanged, displayId = 5
I/UnityNativeActivityPico(10669): onDisplayChanged displayId = 5
I/PVRShell(10669): ++++++++++VirtualDisplay create complete++++++++++
I/ActivityManager( 1294): Override config changes=5df8 {0.0 ?mcc?mnc ?localeList ?layoutDir sw457dp w457dp h822dp 560dpi nrml long port ?uimode ?night finger -keyb/v/h dpad/v appBounds=Rect(0, 0 - 1600, 2880)} for displayId=5
I/PVRShell(10669): VirtualDisplay id = 5
E/CHIUSECASE(  755): chxutils.cpp:1055 FillCameraId() FillCameraId 1 
E/OMX-VDEC-1080P( 1018): Unable to convey fps info to driver,                             performance might be affected
I/TimeWarp(  798): Frame 386265 Side 0 latency 0.010
W/[ALVR NATIVE-RUST]( 9527): Video frame queue overflow!
E/CHIUSECASE(  755): chxutils.cpp:1055 FillCameraId() FillCameraId 1 
E/FrameEvents(  798): Source mDeltas not empty.
E/FrameEvents(  798): Source mDeltas not empty.
E/DisplayDevice(  798): VR mode display is 0
E/OMX-VDEC-1080P( 1018): Unable to convey fps info to driver,                             performance might be affected
I/DisplayManagerService( 1294): Display device changed state: "PvrShellDisplay", ON
I/PVRShell(10669): onDisplayChanged, displayId = 5
I/InputManager-JNI( 1294): Viewport [1] to add: virtual:com.pvr.vrshell:277f1a09-b88d-4d1e-8716-796f114d09cd
I/PVRShell(10669): pre rotation = 0, cur rotation = 0
I/InputReader( 1294): Reconfiguring input devices.  changes=0x00000004
I/InputReader( 1294): Device reconfigured: id=7, name='pvr-virtual-input-1', size 1600x2880, orientation 0, mode 1, display id 5
I/InputReader( 1294):   Touch device 'pvr-virtual-input-2' could not query the properties of its associated display.  The device will be inoperable until the display size becomes available.
I/UnityNativeActivityPico(10669): onDisplayChanged displayId = 5
W/[ALVR NATIVE-RUST]( 9527): Video frame queue overflow!
I/PVRShell(10669): onDisplayChanged, displayId = 5
I/PVRShell(10669): pre rotation = 0, cur rotation = 0
I/UnityNativeActivityPico(10669): onDisplayChanged displayId = 5
E/CHIUSECASE(  755): chxutils.cpp:1055 FillCameraId() FillCameraId 1 
I/InputManager-JNI( 1294): Viewport [1] to add: virtual:com.pvr.vrshell:277f1a09-b88d-4d1e-8716-796f114d09cd
I/InputReader( 1294): Reconfiguring input devices.  changes=0x00000004
I/InputReader( 1294):   Touch device 'pvr-virtual-input-2' could not query the properties of its associated display.  The device will be inoperable until the display size becomes available.
E/OMX-VDEC-1080P( 1018): Unable to convey fps info to driver,                             performance might be affected
W/[ALVR NATIVE-RUST]( 9527): Video frame queue overflow!
E/CHIUSECASE(  755): chxutils.cpp:1055 FillCameraId() FillCameraId 1 
I/FrameAnimation(10669): mBitmap.recycle
I/Thread-2( 9527): type=1400 audit(0.0:3953): avc: denied { call } for scontext=u:r:untrusted_app:s0:c512,c768 tcontext=u:r:pvrservice:s0 tclass=binder permissive=1
E/OMX-VDEC-1080P( 1018): Unable to convey fps info to driver,                             performance might be affected
W/[ALVR NATIVE-RUST]( 9527): Video frame queue overflow!
E/CHIUSECASE(  755): chxutils.cpp:1055 FillCameraId() FillCameraId 1 
E/CHIUSECASE(  755): chxutils.cpp:1055 FillCameraId() FillCameraId 1 
E/OMX-VDEC-1080P( 1018): Unable to convey fps info to driver,                             performance might be affected
W/[ALVR NATIVE-RUST]( 9527): Video frame queue overflow!
E/CHIUSECASE(  755): chxutils.cpp:1055 FillCameraId() FillCameraId 1 
E/CHIUSECASE(  755): chxutils.cpp:1055 FillCameraId() FillCameraId 1 
E/OMX-VDEC-1080P( 1018): Unable to convey fps info to driver,                             performance might be affected
E/CHIUSECASE(  755): chxutils.cpp:1055 FillCameraId() FillCameraId 1 
W/[ALVR NATIVE-RUST]( 9527): Video frame queue overflow!
E/OMX-VDEC-1080P( 1018): Unable to convey fps info to driver,                             performance might be affected
W/[ALVR NATIVE-RUST]( 9527): Video frame queue overflow!
I/FrameAnimation(10669): mBitmap.recycle
I/PVRShell(10669): checkIntent
I/PVRShell(10669): Intent { way=-1 args=null intent=null }
I/PVRShell(10669): handler, IsValidIntent = false, IsFromAdapter = false
E/OMX-VDEC-1080P( 1018): Unable to convey fps info to driver,                             performance might be affected
E/CHIUSECASE(  755): chxutils.cpp:1055 FillCameraId() FillCameraId 1 
W/[ALVR NATIVE-RUST]( 9527): Video frame queue overflow!
I/Unity   (10669): Reset Tracker OnLoad
I/Unity   (10669): <OnResume>d__124:MoveNext()
I/Unity   (10669): UnityEngine.SetupCoroutine:InvokeMoveNext(IEnumerator, IntPtr)
I/Unity   (10669):  
I/Unity   (10669): (Filename: ./Runtime/Export/Debug.bindings.h Line: 45)
I/Unity   (10669): 
I/UnityPlugin(10669): Pvr_OptionalResetSensor_ enter
I/VrApi   (10669): PVR_SERVICE_QUATERNION_MODE ResetSensor
I/PvrServiceClient(10669): Call resetTracking in PvrServiceClient,mode=3
I/UnityMain(10669): type=1400 audit(0.0:3954): avc: denied { call } for scontext=u:r:system_app:s0 tcontext=u:r:pvrservice:s0 tclass=binder permissive=1
E/Paul    ( 5931): track_flag:1,6,1
E/Paul    ( 5931): Yaw:-1.173865
E/Paul    ( 5931): pose_offset_reset:1,-0.000000,0.060540,-0.000000,0.998166,-0.246011,0.000000,0.484060
E/Paul    ( 5931): Reset
E/Paul    ( 5931): fix-no-smooth
E/Paul    ( 5931): new-struct
D/PvrService( 5931): newTracker resetTracking mode=[6] pose_offset [-0.000000,0.060540,-0.000000,0.998166,-0.246011,0.000000,0.484060] flag=[1]
I/PvrService( 5931): alg_reset successfully: 0
E/PvrService( 5931): Call resetTracking in PvrServiceCore,mode=3, 0,1,0
E/PvrService( 5931): resetTracking:Try to get tracking lock mutex
E/PvrService( 5931): resetTracking:Get tracking lock mutex
I/PvrService( 5931): Call resetTrackingThread in PvrServiceCore,mode=3, 0,1,0
E/PvrPlatform( 5931): Call resetTracking in platform:mode=3
E/PvrService( 5931): resetTrackingThread:release tracking lock mutex
I/UnityPlugin(10669): Pvr_OptionalResetSensor_ exit
E/OMX-VDEC-1080P( 1018): Unable to convey fps info to driver,                             performance might be affected
I/Unity   (10669): PvrLog OptionalResetUnitySDKSensor OK!11
I/Unity   (10669): Pvr_UnitySDKSensor:OptionalResetUnitySDKSensor(Int32, Int32)
I/Unity   (10669): <OnResume>d__124:MoveNext()
I/Unity   (10669): UnityEngine.SetupCoroutine:InvokeMoveNext(IEnumerator, IntPtr)
I/Unity   (10669):  
I/Unity   (10669): (Filename: ./Runtime/Export/Debug.bindings.h Line: 45)
I/Unity   (10669): 
E/CHIUSECASE(  755): chxutils.cpp:1055 FillCameraId() FillCameraId 1 
W/[ALVR NATIVE-RUST]( 9527): Video frame queue overflow!
E/OMX-VDEC-1080P( 1018): Unable to convey fps info to driver,                             performance might be affected
W/[ALVR NATIVE-RUST]( 9527): Video frame queue overflow!
E/CHIUSECASE(  755): chxutils.cpp:1055 FillCameraId() FillCameraId 1 
E/CHIUSECASE(  755): chxutils.cpp:1055 FillCameraId() FillCameraId 1 
I/GlUtils (10669): DIATW GL_Finish EGL_TIMEOUT_EXPIRED_KHR
I/UnityNativeActivityPico(10669):  start setting vrmode VR 
D/PvrManagerService( 1294): setSystemFeatures featureId is 0 featureValue is 1,com.pvr.vrshell/com.pvr.vrshell.MainActivity
I/TimeWarp(  798): Frame 386275 Side 0 latency 0.006
D/SurfaceFlinger(  798): SetLayerVRFlag:name = com.pvr.vrshell/com.pvr.vrshell.MainActivity, type = 1)
D/SurfaceFlinger(  798): SetLayerVRFlag:Set com.pvr.vrshell/com.pvr.vrshell.MainActivity's vr flag is success)
D/SurfaceFlinger(  798): SetLayerVRFlag:Set com.pvr.vrshell/com.pvr.vrshell.MainActivity's vr flag is success)
D/SurfaceFlinger(  798): addVRInfo:name=com.pvr.vrshell/com.pvr.vrshell.MainActivity isVR=1 isOrientation180=-1 background=-1 backgroundPath=
I/UnityNativeActivityPico(10669): start seting  ORIENTATION  0
D/PvrManagerService( 1294): setSystemFeatures featureId is 1 featureValue is 0,SurfaceView--com.pvr.vrshell/com.pvr.vrshell.MainActivity
D/SurfaceFlinger(  798): SetLayerOrientationFlag:name = SurfaceView--com.pvr.vrshell/com.pvr.vrshell.MainActivity, type = 0)
D/SurfaceFlinger(  798): SetLayerVRFlag:Set SurfaceView--com.pvr.vrshell/com.pvr.vrshell.MainActivity's orientation flag is success)
D/SurfaceFlinger(  798): SetLayerVRFlag:Set SurfaceView--com.pvr.vrshell/com.pvr.vrshell.MainActivity's orientation flag is success)
D/SurfaceFlinger(  798): addVRInfo:name=SurfaceView--com.pvr.vrshell/com.pvr.vrshell.MainActivity isVR=-1 isOrientation180=0 background=-1 backgroundPath=
E/OMX-VDEC-1080P( 1018): Unable to convey fps info to driver,                             performance might be affected
D/PvrManagerService( 1294): setSystemFeatures featureId is 0 featureValue is 1,SurfaceView--com.pvr.vrshell/com.pvr.vrshell.MainActivity
D/SurfaceFlinger(  798): SetLayerVRFlag:name = SurfaceView--com.pvr.vrshell/com.pvr.vrshell.MainActivity, type = 1)
D/SurfaceFlinger(  798): SetLayerVRFlag:Set SurfaceView--com.pvr.vrshell/com.pvr.vrshell.MainActivity's vr flag is success)
D/SurfaceFlinger(  798): SetLayerVRFlag:Set SurfaceView--com.pvr.vrshell/com.pvr.vrshell.MainActivity's vr flag is success)
D/SurfaceFlinger(  798): addVRInfo:name=SurfaceView--com.pvr.vrshell/com.pvr.vrshell.MainActivity isVR=1 isOrientation180=-1 background=-1 backgroundPath=
I/UnityNativeActivityPico(10669):  end setting vrmode VR and ORIENTATION 0
W/[ALVR NATIVE-RUST]( 9527): Video frame queue overflow!
E/CHIUSECASE(  755): chxutils.cpp:1055 FillCameraId() FillCameraId 1 
E/OMX-VDEC-1080P( 1018): Unable to convey fps info to driver,                             performance might be affected
I/TimeWarp(  798): WarpToScreen: Skip as EGL_TIMEOUT_EXPIRED_KHR
E/CHIUSECASE(  755): chxutils.cpp:1055 FillCameraId() FillCameraId 1 
W/[ALVR NATIVE-RUST]( 9527): Video frame queue overflow!
D/2DToVR  (  798): Leave vr mode
D/2DToVR  (  798): NewMode is set to 0, ModeSwitchTimeCounter is set to 90
D/2DToVR  (  798): SingleBufferRender thread stop
I/FrameAnimation(10669): mBitmap.recycle
I/FrameAnimation(10669): Surface is destroy
E/CHIUSECASE(  755): chxutils.cpp:1055 FillCameraId() FillCameraId 1 
E/OMX-VDEC-1080P( 1018): Unable to convey fps info to driver,                             performance might be affected
W/[ALVR NATIVE-RUST]( 9527): Video frame queue overflow!
E/CHIUSECASE(  755): chxutils.cpp:1055 FillCameraId() FillCameraId 1 
E/OMX-VDEC-1080P( 1018): Unable to convey fps info to driver,                             performance might be affected
W/[ALVR NATIVE-RUST]( 9527): Video frame queue overflow!
E/CHIUSECASE(  755): chxutils.cpp:1055 FillCameraId() FillCameraId 1 
I/UnityPlugin(10669): OnRenderEvent EVENT_RESUME
I/UnityPlugin(10669): PVR_Resume()
I/UnityPlugin(10669): Already focused, skipping
E/OMX-VDEC-1080P( 1018): Unable to convey fps info to driver,                             performance might be affected
I/UnityPlugin(10669): UnityPlugin GetTrackingMode trackingMode = 7
W/[ALVR NATIVE-RUST]( 9527): Video frame queue overflow!
I/Unity   (10669): SetEyeTrackingMode EyeTracking False supportEyeTracking True result False
I/Unity   (10669): Pvr_UnitySDKEyeManager:SetEyeTrackingMode()
I/Unity   (10669): <OnResume>d__124:MoveNext()
I/Unity   (10669): UnityEngine.SetupCoroutine:InvokeMoveNext(IEnumerator, IntPtr)
I/Unity   (10669):  
I/Unity   (10669): (Filename: ./Runtime/Export/Debug.bindings.h Line: 45)
I/Unity   (10669): 
E/SurfaceFlinger(  798): Failed to find layer (SurfaceView - com.pvr.vrshell/com.pvr.vrshell.MainActivity#1) in layer parent (no-parent).
E/BufferQueueProducer(  798): [SurfaceView - com.pvr.vrshell/com.pvr.vrshell.MainActivity#1] disconnect: not connected (req=2)
E/SurfaceFlinger(  798): Failed to find layer (Background for - SurfaceView - com.pvr.vrshell/com.pvr.vrshell.MainActivity#1) in layer parent (no-parent).
I/UnityPlugin(10669): PVR_SetCpuLevel  level 0
I/PvrPlatform( 5931): setCPULevel:0 1
E/CHIUSECASE(  755): chxutils.cpp:1055 FillCameraId() FillCameraId 1 
E/OMX-VDEC-1080P( 1018): Unable to convey fps info to driver,                             performance might be affected
W/[ALVR NATIVE-RUST]( 9527): Video frame queue overflow!
E/CHIUSECASE(  755): chxutils.cpp:1055 FillCameraId() FillCameraId 1 
D/BatteryService( 1294): battery checkBatteryStatus temp is 320 hasShowBatteryShut is false hasShowBatteryLimit is false
D/PowerManagerService( 1294): battery change is 4
I/PVRShell(10669): android.intent.action.BATTERY_CHANGED, percent = 73, status = 4
D/KeyguardUpdateMonitor( 1540): received broadcast android.intent.action.BATTERY_CHANGED
D/HeadsetStateMachine( 1513): Disconnected process message: 10, size: 0
D/HeadsetStateMachine( 1513): Enter processIntentBatteryChanged()
D/HeadsetStateMachine( 1513): Exit processIntentBatteryChanged()
D/HeadsetStateMachine( 1513): Exit Disconnected processMessage() 
D/KeyguardUpdateMonitor( 1540): handleBatteryUpdate
E/OMX-VDEC-1080P( 1018): Unable to convey fps info to driver,                             performance might be affected
W/[ALVR NATIVE-RUST]( 9527): Video frame queue overflow!
E/CHIUSECASE(  755): chxutils.cpp:1055 FillCameraId() FillCameraId 1 
E/CHIUSECASE(  755): chxutils.cpp:1055 FillCameraId() FillCameraId 1 
E/OMX-VDEC-1080P( 1018): Unable to convey fps info to driver,                             performance might be affected
W/[ALVR NATIVE-RUST]( 9527): Video frame queue overflow!
E/CHIUSECASE(  755): chxutils.cpp:1055 FillCameraId() FillCameraId 1 
E/OMX-VDEC-1080P( 1018): Unable to convey fps info to driver,                             performance might be affected
W/[ALVR NATIVE-RUST]( 9527): Video frame queue overflow!
E/CHIUSECASE(  755): chxutils.cpp:1055 FillCameraId() FillCameraId 1 
E/OMX-VDEC-1080P( 1018): Unable to convey fps info to driver,                             performance might be affected
W/[ALVR NATIVE-RUST]( 9527): Video frame queue overflow!
E/CHIUSECASE(  755): chxutils.cpp:1055 FillCameraId() FillCameraId 1 
E/OMX-VDEC-1080P( 1018): Unable to convey fps info to driver,                             performance might be affected
W/[ALVR NATIVE-RUST]( 9527): Video frame queue overflow!
E/CHIUSECASE(  755): chxutils.cpp:1055 FillCameraId() FillCameraId 1 
I/P2ALVR-native( 9527): REAL_TIME_CONFIG: no foveation change
E/OMX-VDEC-1080P( 1018): Unable to convey fps info to driver,                             performance might be affected
W/[ALVR NATIVE-RUST]( 9527): Video frame queue overflow!
D/2DToVR  (  798): ++++++++2D FPS:71.1++++++++
E/CHIUSECASE(  755): chxutils.cpp:1055 FillCameraId() FillCameraId 1 
I/PvrPlatform( 5931): svrSetPerformanceLevels CPU level[0] B[2803200] done
E/CHIUSECASE(  755): chxutils.cpp:1055 FillCameraId() FillCameraId 1 
E/OMX-VDEC-1080P( 1018): Unable to convey fps info to driver,                             performance might be affected
W/[ALVR NATIVE-RUST]( 9527): Video frame queue overflow!
E/PvrService( 5931): PvrService getTrackingDataExt ret(0)
E/PvrService( 5931): PvrService getTrackingDataExt rotation(-0.311657, 0.303335, -0.433708, 0.000000)
E/PvrService( 5931): PvrService getTrackingDataExt position(-0.002290, 0.035535, 0.089239)
E/CHIUSECASE(  755): chxutils.cpp:1055 FillCameraId() FillCameraId 1 
E/OMX-VDEC-1080P( 1018): Unable to convey fps info to driver,                             performance might be affected
W/[ALVR NATIVE-RUST]( 9527): Video frame queue overflow!
I/TimeWarp(  798): Warp GPU time: 0.0000000000 ms
E/CHIUSECASE(  755): chxutils.cpp:1055 FillCameraId() FillCameraId 1 
E/OMX-VDEC-1080P( 1018): Unable to convey fps info to driver,                             performance might be affected
W/[ALVR NATIVE-RUST]( 9527): Video frame queue overflow!
E/CHIUSECASE(  755): chxutils.cpp:1055 FillCameraId() FillCameraId 1 
V/A4wpService( 1513): onWbcEventUpdate rcvd: 5, 1, 0
V/A4wpService( 1513): sendPruAlert. Value: 4
V/A4wpService( 1513): sendPruAlert. PRU Alerts are Disabled
V/WipowerManager( 1513): enablePowerApply: enable: false on: false time_flag:false
V/WipowerService( 1513): enablePowerApply: binder
E/OMX-VDEC-1080P( 1018): Unable to convey fps info to driver,                             performance might be affected
W/[ALVR NATIVE-RUST]( 9527): Video frame queue overflow!
V/WipowerService( 1513): enablePowerApply: Calling Native enablei: false on: false
E/CHIUSECASE(  755): chxutils.cpp:1055 FillCameraId() FillCameraId 1 
E/CHIUSECASE(  755): chxutils.cpp:1055 FillCameraId() FillCameraId 1 
I/        ( 1513): enable_power_apply:0
V/WipowerManager( 1513): enablePowerApply: enable: true on: true time_flag:true
I/vendor.qti.bluetooth@1.0-ibs_handler(  754): SerialClockVote: vote for UART CLK ON
V/WipowerService( 1513): enablePowerApply: binder
D/vendor.qti.bluetooth@1.0-wake_lock(  754): Acquire wakelock is acquired 
I/vendor.qti.bluetooth@1.0-ibs_handler(  754): DeviceWakeUp: Writing IBS_WAKE_IND
E/OMX-VDEC-1080P( 1018): Unable to convey fps info to driver,                             performance might be affected
V/WipowerService( 1513): enablePowerApply: Calling Native enablei: true on: true
I/        ( 1513): enable_power_apply:0
W/[ALVR NATIVE-RUST]( 9527): Video frame queue overflow!
I/vendor.qti.bluetooth@1.0-ibs_handler(  754): ProcessIbsCmd: Received IBS_WAKE_ACK: 0xFC
I/vendor.qti.bluetooth@1.0-ibs_handler(  754): ProcessIbsCmd: Received IBS_WAKE_IND: 0xFD
I/vendor.qti.bluetooth@1.0-ibs_handler(  754): ProcessIbsCmd: Writing IBS_WAKE_ACK
E/CHIUSECASE(  755): chxutils.cpp:1055 FillCameraId() FillCameraId 1 
E/OMX-VDEC-1080P( 1018): Unable to convey fps info to driver,                             performance might be affected
W/[ALVR NATIVE-RUST]( 9527): Video frame queue overflow!
E/CHIUSECASE(  755): chxutils.cpp:1055 FillCameraId() FillCameraId 1 
E/OMX-VDEC-1080P( 1018): Unable to convey fps info to driver,                             performance might be affected
W/[ALVR NATIVE-RUST]( 9527): Video frame queue overflow!
E/CHIUSECASE(  755): chxutils.cpp:1055 FillCameraId() FillCameraId 1 
E/OMX-VDEC-1080P( 1018): Unable to convey fps info to driver,                             performance might be affected
I/vendor.qti.bluetooth@1.0-ibs_handler(  754): ProcessIbsCmd: Received IBS_SLEEP_IND: 0xFE
E/CHIUSECASE(  755): chxutils.cpp:1055 FillCameraId() FillCameraId 1 
W/[ALVR NATIVE-RUST]( 9527): Video frame queue overflow!
E/OMX-VDEC-1080P( 1018): Unable to convey fps info to driver,                             performance might be affected
E/CHIUSECASE(  755): chxutils.cpp:1055 FillCameraId() FillCameraId 1 
W/[ALVR NATIVE-RUST]( 9527): Video frame queue overflow!
E/CHIUSECASE(  755): chxutils.cpp:1055 FillCameraId() FillCameraId 1 
E/OMX-VDEC-1080P( 1018): Unable to convey fps info to driver,                             performance might be affected
W/[ALVR NATIVE-RUST]( 9527): Video frame queue overflow!
E/CHIUSECASE(  755): chxutils.cpp:1055 FillCameraId() FillCameraId 1 
E/OMX-VDEC-1080P( 1018): Unable to convey fps info to driver,                             performance might be affected
W/[ALVR NATIVE-RUST]( 9527): Video frame queue overflow!
E/CHIUSECASE(  755): chxutils.cpp:1055 FillCameraId() FillCameraId 1 
E/CHIUSECASE(  755): chxutils.cpp:1055 FillCameraId() FillCameraId 1 
E/OMX-VDEC-1080P( 1018): Unable to convey fps info to driver,                             performance might be affected
W/[ALVR NATIVE-RUST]( 9527): Video frame queue overflow!
E/CHIUSECASE(  755): chxutils.cpp:1055 FillCameraId() FillCameraId 1 
E/OMX-VDEC-1080P( 1018): Unable to convey fps info to driver,                             performance might be affected
W/[ALVR NATIVE-RUST]( 9527): Video frame queue overflow!
E/CHIUSECASE(  755): chxutils.cpp:1055 FillCameraId() FillCameraId 1 
E/OMX-VDEC-1080P( 1018): Unable to convey fps info to driver,                             performance might be affected
W/[ALVR NATIVE-RUST]( 9527): Video frame queue overflow!
E/CHIUSECASE(  755): chxutils.cpp:1055 FillCameraId() FillCameraId 1 
E/OMX-VDEC-1080P( 1018): Unable to convey fps info to driver,                             performance might be affected
W/[ALVR NATIVE-RUST]( 9527): Video frame queue overflow!
E/CHIUSECASE(  755): chxutils.cpp:1055 FillCameraId() FillCameraId 1 
E/OMX-VDEC-1080P( 1018): Unable to convey fps info to driver,                             performance might be affected
W/[ALVR NATIVE-RUST]( 9527): Video frame queue overflow!
E/CHIUSECASE(  755): chxutils.cpp:1055 FillCameraId() FillCameraId 1 
E/OMX-VDEC-1080P( 1018): Unable to convey fps info to driver,                             performance might be affected
W/[ALVR NATIVE-RUST]( 9527): Video frame queue overflow!
E/CHIUSECASE(  755): chxutils.cpp:1055 FillCameraId() FillCameraId 1 
E/CHIUSECASE(  755): chxutils.cpp:1055 FillCameraId() FillCameraId 1 
E/OMX-VDEC-1080P( 1018): Unable to convey fps info to driver,                             performance might be affected
W/[ALVR NATIVE-RUST]( 9527): Video frame queue overflow!
E/CHIUSECASE(  755): chxutils.cpp:1055 FillCameraId() FillCameraId 1 
E/OMX-VDEC-1080P( 1018): Unable to convey fps info to driver,                             performance might be affected
W/[ALVR NATIVE-RUST]( 9527): Video frame queue overflow!
E/CHIUSECASE(  755): chxutils.cpp:1055 FillCameraId() FillCameraId 1 
E/CHIUSECASE(  755): chxutils.cpp:1055 FillCameraId() FillCameraId 1 
E/OMX-VDEC-1080P( 1018): Unable to convey fps info to driver,                             performance might be affected
W/[ALVR NATIVE-RUST]( 9527): Video frame queue overflow!
E/CHIUSECASE(  755): chxutils.cpp:1055 FillCameraId() FillCameraId 1 
E/OMX-VDEC-1080P( 1018): Unable to convey fps info to driver,                             performance might be affected
W/[ALVR NATIVE-RUST]( 9527): Video frame queue overflow!
D/NtpTrustedTime( 1294): currentTimeMillis() cache hit
E/CHIUSECASE(  755): chxutils.cpp:1055 FillCameraId() FillCameraId 1 
E/OMX-VDEC-1080P( 1018): Unable to convey fps info to driver,                             performance might be affected
W/[ALVR NATIVE-RUST]( 9527): Video frame queue overflow!
E/CHIUSECASE(  755): chxutils.cpp:1055 FillCameraId() FillCameraId 1 
D/NtpTrustedTime( 1294): currentTimeMillis() cache hit
E/OMX-VDEC-1080P( 1018): Unable to convey fps info to driver,                             performance might be affected
W/[ALVR NATIVE-RUST]( 9527): Video frame queue overflow!
E/CHIUSECASE(  755): chxutils.cpp:1055 FillCameraId() FillCameraId 1 
E/OMX-VDEC-1080P( 1018): Unable to convey fps info to driver,                             performance might be affected
E/CHIUSECASE(  755): chxutils.cpp:1055 FillCameraId() FillCameraId 1 
W/[ALVR NATIVE-RUST]( 9527): Video frame queue overflow!
E/MSM-irqbalance( 1146): IRQ 76 not found in internal structure or should be ignored
E/CHIUSECASE(  755): chxutils.cpp:1055 FillCameraId() FillCameraId 1 
E/OMX-VDEC-1080P( 1018): Unable to convey fps info to driver,                             performance might be affected
W/[ALVR NATIVE-RUST]( 9527): Video frame queue overflow!
E/CHIUSECASE(  755): chxutils.cpp:1055 FillCameraId() FillCameraId 1 
E/OMX-VDEC-1080P( 1018): Unable to convey fps info to driver,                             performance might be affected
W/[ALVR NATIVE-RUST]( 9527): Video frame queue overflow!
E/CHIUSECASE(  755): chxutils.cpp:1055 FillCameraId() FillCameraId 1 
E/OMX-VDEC-1080P( 1018): Unable to convey fps info to driver,                             performance might be affected
E/CHIUSECASE(  755): chxutils.cpp:1055 FillCameraId() FillCameraId 1 
W/[ALVR NATIVE-RUST]( 9527): Video frame queue overflow!
E/CHIUSECASE(  755): chxutils.cpp:1055 FillCameraId() FillCameraId 1 
E/OMX-VDEC-1080P( 1018): Unable to convey fps info to driver,                             performance might be affected
W/[ALVR NATIVE-RUST]( 9527): Video frame queue overflow!
E/CHIUSECASE(  755): chxutils.cpp:1055 FillCameraId() FillCameraId 1 
V//vendor/bin/cdsprpcd( 1003): vendor/qcom/proprietary/adsprpc/src/sysmon_cdsp_imp.c:45: Got L3 frequency request from CDSP for 576000KHz
E/OMX-VDEC-1080P( 1018): Unable to convey fps info to driver,                             performance might be affected
W/[ALVR NATIVE-RUST]( 9527): Video frame queue overflow!
E/CHIUSECASE(  755): chxutils.cpp:1055 FillCameraId() FillCameraId 1 
E/OMX-VDEC-1080P( 1018): Unable to convey fps info to driver,                             performance might be affected
W/[ALVR NATIVE-RUST]( 9527): Video frame queue overflow!
D/BatteryService( 1294): battery checkBatteryStatus temp is 320 hasShowBatteryShut is false hasShowBatteryLimit is false
D/BatteryService( 1294): battery checkBatteryStatus temp is 320 hasShowBatteryShut is false hasShowBatteryLimit is false
E/LightsService( 1294): Invalid flash parameter 15.
E/LightsService( 1294): light native  setLight_native return for validate false
D/PowerManagerService( 1294): battery change is 2
I/pvrservice( 5931): type=1400 audit(0.0:3955): avc: denied { read } for scontext=u:r:pvrservice:s0 tcontext=u:r:system_server:s0 tclass=unix_stream_socket permissive=1
D/KeyguardUpdateMonitor( 1540): received broadcast android.intent.action.BATTERY_CHANGED
I/PVRShell(10669): android.intent.action.BATTERY_CHANGED, percent = 73, status = 2
E/CHIUSECASE(  755): chxutils.cpp:1055 FillCameraId() FillCameraId 1 
D/HeadsetStateMachine( 1513): Disconnected process message: 10, size: 0
D/HeadsetStateMachine( 1513): Enter processIntentBatteryChanged()
D/HeadsetStateMachine( 1513): Exit processIntentBatteryChanged()
D/HeadsetStateMachine( 1513): Exit Disconnected processMessage() 
I/callBackThread( 9527): type=1400 audit(0.0:3956): avc: denied { read } for scontext=u:r:untrusted_app:s0:c512,c768 tcontext=u:r:pvrservice:s0 tclass=unix_stream_socket permissive=1
D/KeyguardUpdateMonitor( 1540): handleBatteryUpdate
E/OMX-VDEC-1080P( 1018): Unable to convey fps info to driver,                             performance might be affected
W/[ALVR NATIVE-RUST]( 9527): Video frame queue overflow!
E/CHIUSECASE(  755): chxutils.cpp:1055 FillCameraId() FillCameraId 1 
I/callBackThread( 2550): type=1400 audit(0.0:3957): avc: denied { read } for scontext=u:r:system_app:s0 tcontext=u:r:pvrservice:s0 tclass=unix_stream_socket permissive=1
E/OMX-VDEC-1080P( 1018): Unable to convey fps info to driver,                             performance might be affected
W/[ALVR NATIVE-RUST]( 9527): Video frame queue overflow!
E/CHIUSECASE(  755): chxutils.cpp:1055 FillCameraId() FillCameraId 1 
E/CHIUSECASE(  755): chxutils.cpp:1055 FillCameraId() FillCameraId 1 
E/OMX-VDEC-1080P( 1018): Unable to convey fps info to driver,                             performance might be affected
W/[ALVR NATIVE-RUST]( 9527): Video frame queue overflow!
E/CHIUSECASE(  755): chxutils.cpp:1055 FillCameraId() FillCameraId 1 
E/OMX-VDEC-1080P( 1018): Unable to convey fps info to driver,                             performance might be affected
W/[ALVR NATIVE-RUST]( 9527): Video frame queue overflow!
E/CHIUSECASE(  755): chxutils.cpp:1055 FillCameraId() FillCameraId 1 
E/OMX-VDEC-1080P( 1018): Unable to convey fps info to driver,                             performance might be affected
W/[ALVR NATIVE-RUST]( 9527): Video frame queue overflow!
E/CHIUSECASE(  755): chxutils.cpp:1055 FillCameraId() FillCameraId 1 
E/OMX-VDEC-1080P( 1018): Unable to convey fps info to driver,                             performance might be affected
W/[ALVR NATIVE-RUST]( 9527): Video frame queue overflow!
E/CHIUSECASE(  755): chxutils.cpp:1055 FillCameraId() FillCameraId 1 
D/2DToVR  (  798): Mode switch from 1 to 0
E/CHIUSECASE(  755): chxutils.cpp:1055 FillCameraId() FillCameraId 1 
E/OMX-VDEC-1080P( 1018): Unable to convey fps info to driver,                             performance might be affected
W/[ALVR NATIVE-RUST]( 9527): Video frame queue overflow!
D/2DToVR  (  798): --- SingleBufferRender Thread Shutdown begin ---
I/TimeWarp(  798): ---------------- ~TimeWarpLocal() Start ----------------
I/TimeWarp(  798): pthread_join() called
E/CHIUSECASE(  755): chxutils.cpp:1055 FillCameraId() FillCameraId 1 
E/OMX-VDEC-1080P( 1018): Unable to convey fps info to driver,                             performance might be affected
I/WifiService( 1294): requestActivityInfo uid=1000
I/WifiService( 1294): reportActivityInfo uid=1000
I/WifiService( 1294): getSupportedFeatures uid=1000
W/[ALVR NATIVE-RUST]( 9527): Video frame queue overflow!
D/PowerManagerService( 1294): battery change is 2
D/BatteryService( 1294): battery checkBatteryStatus temp is 320 hasShowBatteryShut is false hasShowBatteryLimit is false
I/EntropyMixer( 1294): Writing entropy...
D/HeadsetStateMachine( 1513): Disconnected process message: 10, size: 0
D/HeadsetStateMachine( 1513): Enter processIntentBatteryChanged()
D/HeadsetStateMachine( 1513): Exit processIntentBatteryChanged()
D/HeadsetStateMachine( 1513): Exit Disconnected processMessage() 
I/PVRShell(10669): android.intent.action.BATTERY_CHANGED, percent = 73, status = 2
D/CompatibilityInfo( 1294): mCompatibilityFlags - 14
D/CompatibilityInfo( 1294): applicationDensity - 640
D/CompatibilityInfo( 1294): applicationScale - 1.0
E/CHIUSECASE(  755): chxutils.cpp:1055 FillCameraId() FillCameraId 1 
I/TimeWarp(  798): ShutdownRequest received
I/TimeWarp(  798): WarpThreadShutdown()
I/DirectRender(  798): 0x76be16c7e0 DirectRender::Shutdown
I/vendor.qti.bluetooth@1.0-ibs_handler(  754): ProcessIbsCmd: Received IBS_WAKE_IND: 0xFD
I/vendor.qti.bluetooth@1.0-ibs_handler(  754): ProcessIbsCmd: Writing IBS_WAKE_ACK
E/PhoneInterfaceManager( 1664): [PhoneIntfMgr] queryModemActivityInfo: Empty response
I/TimeWarp(  798): WarpThreadShutdown() - End
I/TimeWarp(  798): Exiting WarpThreadLoop()
E/KernelCpuSpeedReader( 1294): Failed to read cpu-freq: /sys/devices/system/cpu/cpu0/cpufreq/stats/time_in_state (No such file or directory)
D/PicoVRIoTService:(PowerBroadcastReceiver.java:4)( 7389): android.intent.action.ACTION_POWER_CONNECTED
E/OMX-VDEC-1080P( 1018): Unable to convey fps info to driver,                             performance might be affected
E/CHIUSECASE(  755): chxutils.cpp:1055 FillCameraId() FillCameraId 1 
D/PicoVRIoTService:(PowerBroadcastReceiver.java:17)( 7389): ?????
W/[ALVR NATIVE-RUST]( 9527): Video frame queue overflow!
W/BroadcastQueue( 1294): Background execution not allowed: receiving Intent { act=android.intent.action.ACTION_POWER_CONNECTED flg=0x4000010 (has extras) } to com.qualcomm.qti.biometrics.fingerprint.service/.PowerConnectionReceiver
E/BatteryExternalStatsWorker( 1294): modem info is invalid: ModemActivityInfo{ mTimestamp=0 mSleepTimeMs=0 mIdleTimeMs=0 mTxTimeMs[]=[0, 0, 0, 0, 0] mRxTimeMs=0 mEnergyUsed=0}
I/TimeWarp(  798): pthread_join() returned
E/KernelCpuSpeedReader( 1294): Failed to read cpu-freq: /sys/devices/system/cpu/cpu0/cpufreq/stats/time_in_state (No such file or directory)
E/OMX-VDEC-1080P( 1018): Unable to convey fps info to driver,                             performance might be affected
E/CHIUSECASE(  755): chxutils.cpp:1055 FillCameraId() FillCameraId 1 
W/[ALVR NATIVE-RUST]( 9527): Video frame queue overflow!
I/TimeWarp(  798): Destroyed pbuffer.
I/TimeWarp(  798): ---------------- ~TimeWarpLocal() End ----------------
D/2DToVR  (  798): --- SingleBufferRender Thread Shutdown end ---
E/PvrService( 5931): VRModeStateClient::stopVRMode pid=798
I/PvrService( 5931): mPrevTrackingMode 7, trackingMode 7
I/surfaceflinger(  798): type=1400 audit(0.0:3958): avc: denied { call } for scontext=u:r:surfaceflinger:s0 tcontext=u:r:pvrservice:s0 tclass=binder permissive=1
E/CHIUSECASE(  755): chxutils.cpp:1055 FillCameraId() FillCameraId 1 
E/OMX-VDEC-1080P( 1018): Unable to convey fps info to driver,                             performance might be affected
I/callBackThread(  798): type=1400 audit(0.0:3959): avc: denied { read } for scontext=u:r:surfaceflinger:s0 tcontext=u:r:pvrservice:s0 tclass=unix_stream_socket permissive=1
I/callBackThread(  794): type=1400 audit(0.0:3960): avc: denied { read } for scontext=u:r:airservice:s0 tcontext=u:r:pvrservice:s0 tclass=unix_stream_socket permissive=1
W/[ALVR NATIVE-RUST]( 9527): Video frame queue overflow!
I/PVR_VsyncListen( 5931): type=1400 audit(0.0:3961): avc: denied { read } for scontext=u:r:pvrservice:s0 tcontext=u:r:surfaceflinger:s0 tclass=unix_stream_socket permissive=1
I/emSLPIThread( 2550): type=1400 audit(0.0:3962): avc: denied { read } for scontext=u:r:system_app:s0 tcontext=u:r:system_app:s0 tclass=socket permissive=1
E/CHIUSECASE(  755): chxutils.cpp:1055 FillCameraId() FillCameraId 1 
I/vendor.qti.bluetooth@1.0-ibs_handler(  754): ProcessIbsCmd: Received IBS_SLEEP_IND: 0xFE
W/ProcessCpuTracker( 1294): Skipping unknown process pid 10822
E/OMX-VDEC-1080P( 1018): Unable to convey fps info to driver,                             performance might be affected
I/PVR_VsyncListen( 5931): type=1400 audit(0.0:3963): avc: denied { call } for scontext=u:r:pvrservice:s0 tcontext=u:r:system_app:s0 tclass=binder permissive=1
D/KeyguardUpdateMonitor( 1540): received broadcast android.intent.action.BATTERY_CHANGED
D/KeyguardUpdateMonitor( 1540): handleBatteryUpdate
W/[ALVR NATIVE-RUST]( 9527): Video frame queue overflow!
E/CHIUSECASE(  755): chxutils.cpp:1055 FillCameraId() FillCameraId 1 
E/CHIUSECASE(  755): chxutils.cpp:1055 FillCameraId() FillCameraId 1 
E/OMX-VDEC-1080P( 1018): Unable to convey fps info to driver,                             performance might be affected
W/[ALVR NATIVE-RUST]( 9527): Video frame queue overflow!
E/OMX-VDEC-1080P( 1018): Unable to convey fps info to driver,                             performance might be affected
W/[ALVR NATIVE-RUST]( 9527): Video frame queue overflow!
D/SurfaceFlinger(  798): Vsync watchDog is alive
D/SurfaceFlinger(  798): WatchDog:Not sync with hareware reach 3.3 seconds.Begin resync.
E/CHIUSECASE(  755): chxutils.cpp:1055 FillCameraId() FillCameraId 1 
E/CHIUSECASE(  755): chxutils.cpp:1055 FillCameraId() FillCameraId 1 
E/OMX-VDEC-1080P( 1018): Unable to convey fps info to driver,                             performance might be affected
W/[ALVR NATIVE-RUST]( 9527): Video frame queue overflow!
E/CHIUSECASE(  755): chxutils.cpp:1055 FillCameraId() FillCameraId 1 
E/OMX-VDEC-1080P( 1018): Unable to convey fps info to driver,                             performance might be affected
W/[ALVR NATIVE-RUST]( 9527): Video frame queue overflow!
D/BatteryService( 1294): battery checkBatteryStatus temp is 320 hasShowBatteryShut is false hasShowBatteryLimit is false
D/PowerManagerService( 1294): battery change is 2
D/HeadsetStateMachine( 1513): Disconnected process message: 10, size: 0
I/PVRShell(10669): android.intent.action.BATTERY_CHANGED, percent = 73, status = 2
D/KeyguardUpdateMonitor( 1540): received broadcast android.intent.action.BATTERY_CHANGED
D/HeadsetStateMachine( 1513): Enter processIntentBatteryChanged()
D/HeadsetStateMachine( 1513): Exit processIntentBatteryChanged()
D/HeadsetStateMachine( 1513): Exit Disconnected processMessage() 
D/KeyguardUpdateMonitor( 1540): handleBatteryUpdate
E/CHIUSECASE(  755): chxutils.cpp:1055 FillCameraId() FillCameraId 1 
E/OMX-VDEC-1080P( 1018): Unable to convey fps info to driver,                             performance might be affected
W/[ALVR NATIVE-RUST]( 9527): Video frame queue overflow!
E/CHIUSECASE(  755): chxutils.cpp:1055 FillCameraId() FillCameraId 1 
E/DispSync(  798): Duration <27.847000 ms> is out of range, resync
E/CHIUSECASE(  755): chxutils.cpp:1055 FillCameraId() FillCameraId 1 
E/OMX-VDEC-1080P( 1018): Unable to convey fps info to driver,                             performance might be affected
W/[ALVR NATIVE-RUST]( 9527): Video frame queue overflow!
E/CHIUSECASE(  755): chxutils.cpp:1055 FillCameraId() FillCameraId 1 
E/OMX-VDEC-1080P( 1018): Unable to convey fps info to driver,                             performance might be affected
W/[ALVR NATIVE-RUST]( 9527): Video frame queue overflow!
E/CHIUSECASE(  755): chxutils.cpp:1055 FillCameraId() FillCameraId 1 
E/OMX-VDEC-1080P( 1018): Unable to convey fps info to driver,                             performance might be affected
W/[ALVR NATIVE-RUST]( 9527): Video frame queue overflow!
E/CHIUSECASE(  755): chxutils.cpp:1055 FillCameraId() FillCameraId 1 
E/OMX-VDEC-1080P( 1018): Unable to convey fps info to driver,                             performance might be affected
W/[ALVR NATIVE-RUST]( 9527): Video frame queue overflow!
E/DispSync(  798): Duration <27.849001 ms> is out of range, resync
E/CHIUSECASE(  755): chxutils.cpp:1055 FillCameraId() FillCameraId 1 
E/OMX-VDEC-1080P( 1018): Unable to convey fps info to driver,                             performance might be affected
W/[ALVR NATIVE-RUST]( 9527): Video frame queue overflow!
E/CHIUSECASE(  755): chxutils.cpp:1055 FillCameraId() FillCameraId 1 
E/OMX-VDEC-1080P( 1018): Unable to convey fps info to driver,                             performance might be affected
W/[ALVR NATIVE-RUST]( 9527): Video frame queue overflow!
E/CHIUSECASE(  755): chxutils.cpp:1055 FillCameraId() FillCameraId 1 
E/CHIUSECASE(  755): chxutils.cpp:1055 FillCameraId() FillCameraId 1 
E/DispSync(  798): Duration <27.856001 ms> is out of range, resync
E/OMX-VDEC-1080P( 1018): Unable to convey fps info to driver,                             performance might be affected
W/[ALVR NATIVE-RUST]( 9527): Video frame queue overflow!
E/CHIUSECASE(  755): chxutils.cpp:1055 FillCameraId() FillCameraId 1 
E/OMX-VDEC-1080P( 1018): Unable to convey fps info to driver,                             performance might be affected
W/[ALVR NATIVE-RUST]( 9527): Video frame queue overflow!
D/SurfaceFlinger(  798): Not sync with hareware vsync reach 0.0 seconds. --In handleMessageRefresh(), dislayactive=1, noSyncCnt=0
E/CHIUSECASE(  755): chxutils.cpp:1055 FillCameraId() FillCameraId 1 
E/OMX-VDEC-1080P( 1018): Unable to convey fps info to driver,                             performance might be affected
W/[ALVR NATIVE-RUST]( 9527): Video frame queue overflow!
E/CHIUSECASE(  755): chxutils.cpp:1055 FillCameraId() FillCameraId 1 
E/CHIUSECASE(  755): chxutils.cpp:1055 FillCameraId() FillCameraId 1 
E/OMX-VDEC-1080P( 1018): Unable to convey fps info to driver,                             performance might be affected
W/[ALVR NATIVE-RUST]( 9527): Video frame queue overflow!
E/CHIUSECASE(  755): chxutils.cpp:1055 FillCameraId() FillCameraId 1 
E/OMX-VDEC-1080P( 1018): Unable to convey fps info to driver,                             performance might be affected
W/[ALVR NATIVE-RUST]( 9527): Video frame queue overflow!
E/CHIUSECASE(  755): chxutils.cpp:1055 FillCameraId() FillCameraId 1 
E/OMX-VDEC-1080P( 1018): Unable to convey fps info to driver,                             performance might be affected
W/[ALVR NATIVE-RUST]( 9527): Video frame queue overflow!
E/CHIUSECASE(  755): chxutils.cpp:1055 FillCameraId() FillCameraId 1 
E/OMX-VDEC-1080P( 1018): Unable to convey fps info to driver,                             performance might be affected
W/[ALVR NATIVE-RUST]( 9527): Video frame queue overflow!
E/DispSync(  798): Duration <27.840000 ms> is out of range, resync
E/CHIUSECASE(  755): chxutils.cpp:1055 FillCameraId() FillCameraId 1 
E/CHIUSECASE(  755): chxutils.cpp:1055 FillCameraId() FillCameraId 1 
E/OMX-VDEC-1080P( 1018): Unable to convey fps info to driver,                             performance might be affected
W/[ALVR NATIVE-RUST]( 9527): Video frame queue overflow!
E/CHIUSECASE(  755): chxutils.cpp:1055 FillCameraId() FillCameraId 1 
E/OMX-VDEC-1080P( 1018): Unable to convey fps info to driver,                             performance might be affected
W/[ALVR NATIVE-RUST]( 9527): Video frame queue overflow!
E/CHIUSECASE(  755): chxutils.cpp:1055 FillCameraId() FillCameraId 1 
E/OMX-VDEC-1080P( 1018): Unable to convey fps info to driver,                             performance might be affected
W/[ALVR NATIVE-RUST]( 9527): Video frame queue overflow!
E/CHIUSECASE(  755): chxutils.cpp:1055 FillCameraId() FillCameraId 1 
E/CHIUSECASE(  755): chxutils.cpp:1055 FillCameraId() FillCameraId 1 
E/DispSync(  798): Duration <27.864000 ms> is out of range, resync
E/OMX-VDEC-1080P( 1018): Unable to convey fps info to driver,                             performance might be affected
W/[ALVR NATIVE-RUST]( 9527): Video frame queue overflow!
E/CHIUSECASE(  755): chxutils.cpp:1055 FillCameraId() FillCameraId 1 
E/OMX-VDEC-1080P( 1018): Unable to convey fps info to driver,                             performance might be affected
W/[ALVR NATIVE-RUST]( 9527): Video frame queue overflow!
E/CHIUSECASE(  755): chxutils.cpp:1055 FillCameraId() FillCameraId 1 
E/OMX-VDEC-1080P( 1018): Unable to convey fps info to driver,                             performance might be affected
W/[ALVR NATIVE-RUST]( 9527): Video frame queue overflow!
E/CHIUSECASE(  755): chxutils.cpp:1055 FillCameraId() FillCameraId 1 
E/OMX-VDEC-1080P( 1018): Unable to convey fps info to driver,                             performance might be affected
W/[ALVR NATIVE-RUST]( 9527): Video frame queue overflow!
E/CHIUSECASE(  755): chxutils.cpp:1055 FillCameraId() FillCameraId 1 
E/OMX-VDEC-1080P( 1018): Unable to convey fps info to driver,                             performance might be affected
W/[ALVR NATIVE-RUST]( 9527): Video frame queue overflow!
E/CHIUSECASE(  755): chxutils.cpp:1055 FillCameraId() FillCameraId 1 
E/CHIUSECASE(  755): chxutils.cpp:1055 FillCameraId() FillCameraId 1 
E/OMX-VDEC-1080P( 1018): Unable to convey fps info to driver,                             performance might be affected
W/[ALVR NATIVE-RUST]( 9527): Video frame queue overflow!
E/DispSync(  798): Duration <27.834999 ms> is out of range, resync
E/CHIUSECASE(  755): chxutils.cpp:1055 FillCameraId() FillCameraId 1 
E/OMX-VDEC-1080P( 1018): Unable to convey fps info to driver,                             performance might be affected
W/[ALVR NATIVE-RUST]( 9527): Video frame queue overflow!
E/CHIUSECASE(  755): chxutils.cpp:1055 FillCameraId() FillCameraId 1 
E/OMX-VDEC-1080P( 1018): Unable to convey fps info to driver,                             performance might be affected
W/[ALVR NATIVE-RUST]( 9527): Video frame queue overflow!
I/txIMURead( 2550): type=1400 audit(0.0:3964): avc: denied { ioctl } for path="/dev/spidev1.0" dev="tmpfs" ino=26182 ioctlcmd=0x6b07 scontext=u:r:system_app:s0 tcontext=u:object_r:device:s0 tclass=chr_file permissive=1
E/CHIUSECASE(  755): chxutils.cpp:1055 FillCameraId() FillCameraId 1 
E/OMX-VDEC-1080P( 1018): Unable to convey fps info to driver,                             performance might be affected
W/[ALVR NATIVE-RUST]( 9527): Video frame queue overflow!
E/CHIUSECASE(  755): chxutils.cpp:1055 FillCameraId() FillCameraId 1 
E/CHIUSECASE(  755): chxutils.cpp:1055 FillCameraId() FillCameraId 1 
E/OMX-VDEC-1080P( 1018): Unable to convey fps info to driver,                             performance might be affected
W/[ALVR NATIVE-RUST]( 9527): Video frame queue overflow!
E/DispSync(  798): Duration <27.816000 ms> is out of range, resync
I/P2ALVR-native( 9527): REAL_TIME_CONFIG: no foveation change
E/CHIUSECASE(  755): chxutils.cpp:1055 FillCameraId() FillCameraId 1 
E/OMX-VDEC-1080P( 1018): Unable to convey fps info to driver,                             performance might be affected
W/[ALVR NATIVE-RUST]( 9527): Video frame queue overflow!
E/CHIUSECASE(  755): chxutils.cpp:1055 FillCameraId() FillCameraId 1 
E/OMX-VDEC-1080P( 1018): Unable to convey fps info to driver,                             performance might be affected
W/[ALVR NATIVE-RUST]( 9527): Video frame queue overflow!
E/CHIUSECASE(  755): chxutils.cpp:1055 FillCameraId() FillCameraId 1 
E/OMX-VDEC-1080P( 1018): Unable to convey fps info to driver,                             performance might be affected
W/[ALVR NATIVE-RUST]( 9527): Video frame queue overflow!
E/CHIUSECASE(  755): chxutils.cpp:1055 FillCameraId() FillCameraId 1 
E/CHIUSECASE(  755): chxutils.cpp:1055 FillCameraId() FillCameraId 1 
E/OMX-VDEC-1080P( 1018): Unable to convey fps info to driver,                             performance might be affected
W/[ALVR NATIVE-RUST]( 9527): Video frame queue overflow!
E/DispSync(  798): Duration <27.840000 ms> is out of range, resync
E/CHIUSECASE(  755): chxutils.cpp:1055 FillCameraId() FillCameraId 1 
E/OMX-VDEC-1080P( 1018): Unable to convey fps info to driver,                             performance might be affected
W/[ALVR NATIVE-RUST]( 9527): Video frame queue overflow!
E/CHIUSECASE(  755): chxutils.cpp:1055 FillCameraId() FillCameraId 1 
E/OMX-VDEC-1080P( 1018): Unable to convey fps info to driver,                             performance might be affected
W/[ALVR NATIVE-RUST]( 9527): Video frame queue overflow!
E/CHIUSECASE(  755): chxutils.cpp:1055 FillCameraId() FillCameraId 1 
E/OMX-VDEC-1080P( 1018): Unable to convey fps info to driver,                             performance might be affected
W/[ALVR NATIVE-RUST]( 9527): Video frame queue overflow!
E/CHIUSECASE(  755): chxutils.cpp:1055 FillCameraId() FillCameraId 1 
E/DispSync(  798): Duration <27.891001 ms> is out of range, resync
E/CHIUSECASE(  755): chxutils.cpp:1055 FillCameraId() FillCameraId 1 
E/OMX-VDEC-1080P( 1018): Unable to convey fps info to driver,                             performance might be affected
W/[ALVR NATIVE-RUST]( 9527): Video frame queue overflow!
E/CHIUSECASE(  755): chxutils.cpp:1055 FillCameraId() FillCameraId 1 
E/OMX-VDEC-1080P( 1018): Unable to convey fps info to driver,                             performance might be affected
W/[ALVR NATIVE-RUST]( 9527): Video frame queue overflow!
E/CHIUSECASE(  755): chxutils.cpp:1055 FillCameraId() FillCameraId 1 
E/OMX-VDEC-1080P( 1018): Unable to convey fps info to driver,                             performance might be affected
W/[ALVR NATIVE-RUST]( 9527): Video frame queue overflow!
E/CHIUSECASE(  755): chxutils.cpp:1055 FillCameraId() FillCameraId 1 
E/OMX-VDEC-1080P( 1018): Unable to convey fps info to driver,                             performance might be affected
W/[ALVR NATIVE-RUST]( 9527): Video frame queue overflow!
E/CHIUSECASE(  755): chxutils.cpp:1055 FillCameraId() FillCameraId 1 
E/DispSync(  798): Duration <27.827999 ms> is out of range, resync
E/CHIUSECASE(  755): chxutils.cpp:1055 FillCameraId() FillCameraId 1 
E/OMX-VDEC-1080P( 1018): Unable to convey fps info to driver,                             performance might be affected
W/[ALVR NATIVE-RUST]( 9527): Video frame queue overflow!
E/CHIUSECASE(  755): chxutils.cpp:1055 FillCameraId() FillCameraId 1 
E/OMX-VDEC-1080P( 1018): Unable to convey fps info to driver,                             performance might be affected
W/[ALVR NATIVE-RUST]( 9527): Video frame queue overflow!
E/CHIUSECASE(  755): chxutils.cpp:1055 FillCameraId() FillCameraId 1 
E/OMX-VDEC-1080P( 1018): Unable to convey fps info to driver,                             performance might be affected
W/[ALVR NATIVE-RUST]( 9527): Video frame queue overflow!
E/CHIUSECASE(  755): chxutils.cpp:1055 FillCameraId() FillCameraId 1 
E/OMX-VDEC-1080P( 1018): Unable to convey fps info to driver,                             performance might be affected
W/[ALVR NATIVE-RUST]( 9527): Video frame queue overflow!
E/CHIUSECASE(  755): chxutils.cpp:1055 FillCameraId() FillCameraId 1 
E/DispSync(  798): Duration <27.865000 ms> is out of range, resync
E/CHIUSECASE(  755): chxutils.cpp:1055 FillCameraId() FillCameraId 1 
E/OMX-VDEC-1080P( 1018): Unable to convey fps info to driver,                             performance might be affected
W/[ALVR NATIVE-RUST]( 9527): Video frame queue overflow!
E/CHIUSECASE(  755): chxutils.cpp:1055 FillCameraId() FillCameraId 1 
E/OMX-VDEC-1080P( 1018): Unable to convey fps info to driver,                             performance might be affected
W/[ALVR NATIVE-RUST]( 9527): Video frame queue overflow!
E/CHIUSECASE(  755): chxutils.cpp:1055 FillCameraId() FillCameraId 1 
E/OMX-VDEC-1080P( 1018): Unable to convey fps info to driver,                             performance might be affected
E/CHIUSECASE(  755): chxutils.cpp:1055 FillCameraId() FillCameraId 1 
W/[ALVR NATIVE-RUST]( 9527): Video frame queue overflow!
D/NtpTrustedTime( 1294): currentTimeMillis() cache hit
E/OMX-VDEC-1080P( 1018): Unable to convey fps info to driver,                             performance might be affected
E/CHIUSECASE(  755): chxutils.cpp:1055 FillCameraId() FillCameraId 1 
W/[ALVR NATIVE-RUST]( 9527): Video frame queue overflow!
E/DispSync(  798): Duration <27.833000 ms> is out of range, resync
D/NtpTrustedTime( 1294): currentTimeMillis() cache hit
I/Binder:622_2(  622): type=1400 audit(0.0:3965): avc: denied { add_name } for name="globalAlert" scontext=u:r:netd:s0 tcontext=u:object_r:proc_net:s0 tclass=dir permissive=1
I/Binder:622_2(  622): type=1400 audit(0.0:3966): avc: denied { create } for name="globalAlert" scontext=u:r:netd:s0 tcontext=u:object_r:proc_net:s0 tclass=file permissive=1
I/Binder:622_2(  622): type=1400 audit(0.0:3967): avc: denied { associate } for name="globalAlert" scontext=u:object_r:proc_net:s0 tcontext=u:object_r:proc:s0 tclass=filesystem permissive=1
E/OMX-VDEC-1080P( 1018): Unable to convey fps info to driver,                             performance might be affected
W/[ALVR NATIVE-RUST]( 9527): Video frame queue overflow!
E/CHIUSECASE(  755): chxutils.cpp:1055 FillCameraId() FillCameraId 1 
E/CHIUSECASE(  755): chxutils.cpp:1055 FillCameraId() FillCameraId 1 
E/OMX-VDEC-1080P( 1018): Unable to convey fps info to driver,                             performance might be affected
W/[ALVR NATIVE-RUST]( 9527): Video frame queue overflow!
E/CHIUSECASE(  755): chxutils.cpp:1055 FillCameraId() FillCameraId 1 
E/OMX-VDEC-1080P( 1018): Unable to convey fps info to driver,                             performance might be affected
W/[ALVR NATIVE-RUST]( 9527): Video frame queue overflow!
E/CHIUSECASE(  755): chxutils.cpp:1055 FillCameraId() FillCameraId 1 
E/OMX-VDEC-1080P( 1018): Unable to convey fps info to driver,                             performance might be affected
W/[ALVR NATIVE-RUST]( 9527): Video frame queue overflow!
E/CHIUSECASE(  755): chxutils.cpp:1055 FillCameraId() FillCameraId 1 
E/DispSync(  798): Duration <27.848000 ms> is out of range, resync
E/OMX-VDEC-1080P( 1018): Unable to convey fps info to driver,                             performance might be affected
E/CHIUSECASE(  755): chxutils.cpp:1055 FillCameraId() FillCameraId 1 
W/[ALVR NATIVE-RUST]( 9527): Video frame queue overflow!
E/CHIUSECASE(  755): chxutils.cpp:1055 FillCameraId() FillCameraId 1 
E/OMX-VDEC-1080P( 1018): Unable to convey fps info to driver,                             performance might be affected
W/[ALVR NATIVE-RUST]( 9527): Video frame queue overflow!
E/CHIUSECASE(  755): chxutils.cpp:1055 FillCameraId() FillCameraId 1 
E/OMX-VDEC-1080P( 1018): Unable to convey fps info to driver,                             performance might be affected
W/[ALVR NATIVE-RUST]( 9527): Video frame queue overflow!
E/CHIUSECASE(  755): chxutils.cpp:1055 FillCameraId() FillCameraId 1 
D/PowerManagerService( 1294): battery change is 2
D/HeadsetStateMachine( 1513): Disconnected process message: 10, size: 0
D/HeadsetStateMachine( 1513): Enter processIntentBatteryChanged()
D/HeadsetStateMachine( 1513): Exit processIntentBatteryChanged()
D/HeadsetStateMachine( 1513): Exit Disconnected processMessage() 
D/KeyguardUpdateMonitor( 1540): received broadcast android.intent.action.BATTERY_CHANGED
I/PVRShell(10669): android.intent.action.BATTERY_CHANGED, percent = 73, status = 2
D/KeyguardUpdateMonitor( 1540): handleBatteryUpdate
E/CHIUSECASE(  755): chxutils.cpp:1055 FillCameraId() FillCameraId 1 
E/CHIUSECASE(  755): chxutils.cpp:1055 FillCameraId() FillCameraId 1 
E/OMX-VDEC-1080P( 1018): Unable to convey fps info to driver,                             performance might be affected
W/[ALVR NATIVE-RUST]( 9527): Video frame queue overflow!
E/DispSync(  798): Duration <27.850000 ms> is out of range, resync
E/OMX-VDEC-1080P( 1018): Unable to convey fps info to driver,                             performance might be affected
E/CHIUSECASE(  755): chxutils.cpp:1055 FillCameraId() FillCameraId 1 
W/[ALVR NATIVE-RUST]( 9527): Video frame queue overflow!
E/OMX-VDEC-1080P( 1018): Unable to convey fps info to driver,                             performance might be affected
W/[ALVR NATIVE-RUST]( 9527): Video frame queue overflow!
E/CHIUSECASE(  755): chxutils.cpp:1055 FillCameraId() FillCameraId 1 
E/OMX-VDEC-1080P( 1018): Unable to convey fps info to driver,                             performance might be affected
W/[ALVR NATIVE-RUST]( 9527): Video frame queue overflow!
E/CHIUSECASE(  755): chxutils.cpp:1055 FillCameraId() FillCameraId 1 
E/CHIUSECASE(  755): chxutils.cpp:1055 FillCameraId() FillCameraId 1 
E/OMX-VDEC-1080P( 1018): Unable to convey fps info to driver,                             performance might be affected
W/[ALVR NATIVE-RUST]( 9527): Video frame queue overflow!
E/CHIUSECASE(  755): chxutils.cpp:1055 FillCameraId() FillCameraId 1 
E/OMX-VDEC-1080P( 1018): Unable to convey fps info to driver,                             performance might be affected
W/[ALVR NATIVE-RUST]( 9527): Video frame queue overflow!
E/CHIUSECASE(  755): chxutils.cpp:1055 FillCameraId() FillCameraId 1 
E/OMX-VDEC-1080P( 1018): Unable to convey fps info to driver,                             performance might be affected
W/[ALVR NATIVE-RUST]( 9527): Video frame queue overflow!
E/DispSync(  798): Duration <27.829000 ms> is out of range, resync
E/CHIUSECASE(  755): chxutils.cpp:1055 FillCameraId() FillCameraId 1 
E/OMX-VDEC-1080P( 1018): Unable to convey fps info to driver,                             performance might be affected
W/[ALVR NATIVE-RUST]( 9527): Video frame queue overflow!
E/CHIUSECASE(  755): chxutils.cpp:1055 FillCameraId() FillCameraId 1 
E/OMX-VDEC-1080P( 1018): Unable to convey fps info to driver,                             performance might be affected
W/[ALVR NATIVE-RUST]( 9527): Video frame queue overflow!
E/CHIUSECASE(  755): chxutils.cpp:1055 FillCameraId() FillCameraId 1 
E/CHIUSECASE(  755): chxutils.cpp:1055 FillCameraId() FillCameraId 1 
E/OMX-VDEC-1080P( 1018): Unable to convey fps info to driver,                             performance might be affected
W/[ALVR NATIVE-RUST]( 9527): Video frame queue overflow!
E/CHIUSECASE(  755): chxutils.cpp:1055 FillCameraId() FillCameraId 1 
E/OMX-VDEC-1080P( 1018): Unable to convey fps info to driver,                             performance might be affected
W/[ALVR NATIVE-RUST]( 9527): Video frame queue overflow!
E/DispSync(  798): Duration <27.863001 ms> is out of range, resync
E/CHIUSECASE(  755): chxutils.cpp:1055 FillCameraId() FillCameraId 1 
I/vendor.qti.bluetooth@1.0-ibs_handler(  754): DeviceSleep: TX Awake, Sending SLEEP_IND
I/vendor.qti.bluetooth@1.0-ibs_handler(  754): SerialClockVote: vote for UART CLK OFF
E/OMX-VDEC-1080P( 1018): Unable to convey fps info to driver,                             performance might be affected
W/[ALVR NATIVE-RUST]( 9527): Video frame queue overflow!
E/CHIUSECASE(  755): chxutils.cpp:1055 FillCameraId() FillCameraId 1 
E/CHIUSECASE(  755): chxutils.cpp:1055 FillCameraId() FillCameraId 1 
E/OMX-VDEC-1080P( 1018): Unable to convey fps info to driver,                             performance might be affected
W/[ALVR NATIVE-RUST]( 9527): Video frame queue overflow!
E/CHIUSECASE(  755): chxutils.cpp:1055 FillCameraId() FillCameraId 1 
E/OMX-VDEC-1080P( 1018): Unable to convey fps info to driver,                             performance might be affected
W/[ALVR NATIVE-RUST]( 9527): Video frame queue overflow!
E/DispSync(  798): Duration <27.854000 ms> is out of range, resync
E/CHIUSECASE(  755): chxutils.cpp:1055 FillCameraId() FillCameraId 1 
E/OMX-VDEC-1080P( 1018): Unable to convey fps info to driver,                             performance might be affected
W/[ALVR NATIVE-RUST]( 9527): Video frame queue overflow!
E/CHIUSECASE(  755): chxutils.cpp:1055 FillCameraId() FillCameraId 1 
E/CHIUSECASE(  755): chxutils.cpp:1055 FillCameraId() FillCameraId 1 
E/OMX-VDEC-1080P( 1018): Unable to convey fps info to driver,                             performance might be affected
W/[ALVR NATIVE-RUST]( 9527): Video frame queue overflow!
E/CHIUSECASE(  755): chxutils.cpp:1055 FillCameraId() FillCameraId 1 
E/OMX-VDEC-1080P( 1018): Unable to convey fps info to driver,                             performance might be affected
W/[ALVR NATIVE-RUST]( 9527): Video frame queue overflow!
E/CHIUSECASE(  755): chxutils.cpp:1055 FillCameraId() FillCameraId 1 
E/OMX-VDEC-1080P( 1018): Unable to convey fps info to driver,                             performance might be affected
E/DispSync(  798): Duration <27.833000 ms> is out of range, resync
W/[ALVR NATIVE-RUST]( 9527): Video frame queue overflow!
E/CHIUSECASE(  755): chxutils.cpp:1055 FillCameraId() FillCameraId 1 
E/OMX-VDEC-1080P( 1018): Unable to convey fps info to driver,                             performance might be affected
W/[ALVR NATIVE-RUST]( 9527): Video frame queue overflow!
E/CHIUSECASE(  755): chxutils.cpp:1055 FillCameraId() FillCameraId 1 
E/OMX-VDEC-1080P( 1018): Unable to convey fps info to driver,                             performance might be affected
W/[ALVR NATIVE-RUST]( 9527): Video frame queue overflow!
E/CHIUSECASE(  755): chxutils.cpp:1055 FillCameraId() FillCameraId 1 
E/OMX-VDEC-1080P( 1018): Unable to convey fps info to driver,                             performance might be affected
E/CHIUSECASE(  755): chxutils.cpp:1055 FillCameraId() FillCameraId 1 
W/[ALVR NATIVE-RUST]( 9527): Video frame queue overflow!
E/DispSync(  798): Duration <27.872000 ms> is out of range, resync
E/CHIUSECASE(  755): chxutils.cpp:1055 FillCameraId() FillCameraId 1 
E/OMX-VDEC-1080P( 1018): Unable to convey fps info to driver,                             performance might be affected
W/[ALVR NATIVE-RUST]( 9527): Video frame queue overflow!
E/vendor.qti.bluetooth@1.0-wake_lock(  754): Release wakelock is released 
E/CHIUSECASE(  755): chxutils.cpp:1055 FillCameraId() FillCameraId 1 
E/OMX-VDEC-1080P( 1018): Unable to convey fps info to driver,                             performance might be affected
W/[ALVR NATIVE-RUST]( 9527): Video frame queue overflow!
E/CHIUSECASE(  755): chxutils.cpp:1055 FillCameraId() FillCameraId 1 
E/CHIUSECASE(  755): chxutils.cpp:1055 FillCameraId() FillCameraId 1 
E/OMX-VDEC-1080P( 1018): Unable to convey fps info to driver,                             performance might be affected
W/[ALVR NATIVE-RUST]( 9527): Video frame queue overflow!
E/OMX-VDEC-1080P( 1018): Unable to convey fps info to driver,                             performance might be affected
E/CHIUSECASE(  755): chxutils.cpp:1055 FillCameraId() FillCameraId 1 
W/[ALVR NATIVE-RUST]( 9527): Video frame queue overflow!
E/DispSync(  798): Duration <27.853001 ms> is out of range, resync
E/OMX-VDEC-1080P( 1018): Unable to convey fps info to driver,                             performance might be affected
E/CHIUSECASE(  755): chxutils.cpp:1055 FillCameraId() FillCameraId 1 
W/[ALVR NATIVE-RUST]( 9527): Video frame queue overflow!
E/CHIUSECASE(  755): chxutils.cpp:1055 FillCameraId() FillCameraId 1 
E/OMX-VDEC-1080P( 1018): Unable to convey fps info to driver,                             performance might be affected
E/CHIUSECASE(  755): chxutils.cpp:1055 FillCameraId() FillCameraId 1 
W/[ALVR NATIVE-RUST]( 9527): Video frame queue overflow!
E/CHIUSECASE(  755): chxutils.cpp:1055 FillCameraId() FillCameraId 1 
W/[ALVR NATIVE-RUST]( 9527): Video frame queue overflow!
E/CHIUSECASE(  755): chxutils.cpp:1055 FillCameraId() FillCameraId 1 
E/DispSync(  798): Duration <27.837999 ms> is out of range, resync
E/OMX-VDEC-1080P( 1018): Unable to convey fps info to driver,                             performance might be affected
W/[ALVR NATIVE-RUST]( 9527): Video frame queue overflow!
E/CHIUSECASE(  755): chxutils.cpp:1055 FillCameraId() FillCameraId 1 
E/OMX-VDEC-1080P( 1018): Unable to convey fps info to driver,                             performance might be affected
W/[ALVR NATIVE-RUST]( 9527): Video frame queue overflow!
E/CHIUSECASE(  755): chxutils.cpp:1055 FillCameraId() FillCameraId 1 
E/OMX-VDEC-1080P( 1018): Unable to convey fps info to driver,                             performance might be affected
W/[ALVR NATIVE-RUST]( 9527): Video frame queue overflow!
E/CHIUSECASE(  755): chxutils.cpp:1055 FillCameraId() FillCameraId 1 
E/OMX-VDEC-1080P( 1018): Unable to convey fps info to driver,                             performance might be affected
W/[ALVR NATIVE-RUST]( 9527): Video frame queue overflow!
E/CHIUSECASE(  755): chxutils.cpp:1055 FillCameraId() FillCameraId 1 
E/CHIUSECASE(  755): chxutils.cpp:1055 FillCameraId() FillCameraId 1 
E/OMX-VDEC-1080P( 1018): Unable to convey fps info to driver,                             performance might be affected
W/[ALVR NATIVE-RUST]( 9527): Video frame queue overflow!
E/CHIUSECASE(  755): chxutils.cpp:1055 FillCameraId() FillCameraId 1 
E/OMX-VDEC-1080P( 1018): Unable to convey fps info to driver,                             performance might be affected
W/[ALVR NATIVE-RUST]( 9527): Video frame queue overflow!
E/DispSync(  798): Duration <27.854000 ms> is out of range, resync
E/CHIUSECASE(  755): chxutils.cpp:1055 FillCameraId() FillCameraId 1 
E/OMX-VDEC-1080P( 1018): Unable to convey fps info to driver,                             performance might be affected
W/[ALVR NATIVE-RUST]( 9527): Video frame queue overflow!
E/CHIUSECASE(  755): chxutils.cpp:1055 FillCameraId() FillCameraId 1 
E/OMX-VDEC-1080P( 1018): Unable to convey fps info to driver,                             performance might be affected
W/[ALVR NATIVE-RUST]( 9527): Video frame queue overflow!
E/CHIUSECASE(  755): chxutils.cpp:1055 FillCameraId() FillCameraId 1 
E/OMX-VDEC-1080P( 1018): Unable to convey fps info to driver,                             performance might be affected
W/[ALVR NATIVE-RUST]( 9527): Video frame queue overflow!
E/CHIUSECASE(  755): chxutils.cpp:1055 FillCameraId() FillCameraId 1 
E/DispSync(  798): Duration <27.840000 ms> is out of range, resync
E/CHIUSECASE(  755): chxutils.cpp:1055 FillCameraId() FillCameraId 1 
E/OMX-VDEC-1080P( 1018): Unable to convey fps info to driver,                             performance might be affected
W/[ALVR NATIVE-RUST]( 9527): Video frame queue overflow!
E/CHIUSECASE(  755): chxutils.cpp:1055 FillCameraId() FillCameraId 1 
E/OMX-VDEC-1080P( 1018): Unable to convey fps info to driver,                             performance might be affected
W/[ALVR NATIVE-RUST]( 9527): Video frame queue overflow!
E/CHIUSECASE(  755): chxutils.cpp:1055 FillCameraId() FillCameraId 1 
E/OMX-VDEC-1080P( 1018): Unable to convey fps info to driver,                             performance might be affected
W/[ALVR NATIVE-RUST]( 9527): Video frame queue overflow!
E/CHIUSECASE(  755): chxutils.cpp:1055 FillCameraId() FillCameraId 1 
E/DispSync(  798): Duration <27.844999 ms> is out of range, resync
E/OMX-VDEC-1080P( 1018): Unable to convey fps info to driver,                             performance might be affected
E/CHIUSECASE(  755): chxutils.cpp:1055 FillCameraId() FillCameraId 1 
W/[ALVR NATIVE-RUST]( 9527): Video frame queue overflow!
E/CHIUSECASE(  755): chxutils.cpp:1055 FillCameraId() FillCameraId 1 
E/OMX-VDEC-1080P( 1018): Unable to convey fps info to driver,                             performance might be affected
W/[ALVR NATIVE-RUST]( 9527): Video frame queue overflow!
E/CHIUSECASE(  755): chxutils.cpp:1055 FillCameraId() FillCameraId 1 
E/OMX-VDEC-1080P( 1018): Unable to convey fps info to driver,                             performance might be affected
W/[ALVR NATIVE-RUST]( 9527): Video frame queue overflow!
E/CHIUSECASE(  755): chxutils.cpp:1055 FillCameraId() FillCameraId 1 
I/P2ALVR-native( 9527): REAL_TIME_CONFIG: no foveation change
E/OMX-VDEC-1080P( 1018): Unable to convey fps info to driver,                             performance might be affected
W/[ALVR NATIVE-RUST]( 9527): Video frame queue overflow!
E/CHIUSECASE(  755): chxutils.cpp:1055 FillCameraId() FillCameraId 1 
E/CHIUSECASE(  755): chxutils.cpp:1055 FillCameraId() FillCameraId 1 
E/OMX-VDEC-1080P( 1018): Unable to convey fps info to driver,                             performance might be affected
W/[ALVR NATIVE-RUST]( 9527): Video frame queue overflow!
E/DispSync(  798): Duration <27.860001 ms> is out of range, resync
E/CHIUSECASE(  755): chxutils.cpp:1055 FillCameraId() FillCameraId 1 
E/OMX-VDEC-1080P( 1018): Unable to convey fps info to driver,                             performance might be affected
W/[ALVR NATIVE-RUST]( 9527): Video frame queue overflow!
E/CHIUSECASE(  755): chxutils.cpp:1055 FillCameraId() FillCameraId 1 
E/OMX-VDEC-1080P( 1018): Unable to convey fps info to driver,                             performance might be affected
W/[ALVR NATIVE-RUST]( 9527): Video frame queue overflow!
E/CHIUSECASE(  755): chxutils.cpp:1055 FillCameraId() FillCameraId 1 
E/OMX-VDEC-1080P( 1018): Unable to convey fps info to driver,                             performance might be affected
W/[ALVR NATIVE-RUST]( 9527): Video frame queue overflow!
E/CHIUSECASE(  755): chxutils.cpp:1055 FillCameraId() FillCameraId 1 
E/OMX-VDEC-1080P( 1018): Unable to convey fps info to driver,                             performance might be affected
E/CHIUSECASE(  755): chxutils.cpp:1055 FillCameraId() FillCameraId 1 
E/DispSync(  798): Duration <27.858999 ms> is out of range, resync
W/[ALVR NATIVE-RUST]( 9527): Video frame queue overflow!
E/CHIUSECASE(  755): chxutils.cpp:1055 FillCameraId() FillCameraId 1 
E/OMX-VDEC-1080P( 1018): Unable to convey fps info to driver,                             performance might be affected
W/[ALVR NATIVE-RUST]( 9527): Video frame queue overflow!
E/CHIUSECASE(  755): chxutils.cpp:1055 FillCameraId() FillCameraId 1 
E/OMX-VDEC-1080P( 1018): Unable to convey fps info to driver,                             performance might be affected
W/[ALVR NATIVE-RUST]( 9527): Video frame queue overflow!
E/CHIUSECASE(  755): chxutils.cpp:1055 FillCameraId() FillCameraId 1 
E/OMX-VDEC-1080P( 1018): Unable to convey fps info to driver,                             performance might be affected
W/[ALVR NATIVE-RUST]( 9527): Video frame queue overflow!
E/CHIUSECASE(  755): chxutils.cpp:1055 FillCameraId() FillCameraId 1 
E/OMX-VDEC-1080P( 1018): Unable to convey fps info to driver,                             performance might be affected
W/[ALVR NATIVE-RUST]( 9527): Video frame queue overflow!
E/CHIUSECASE(  755): chxutils.cpp:1055 FillCameraId() FillCameraId 1 
E/DispSync(  798): Duration <27.840000 ms> is out of range, resync
E/PvrService( 5931): PvrService getTrackingDataExt ret(0)
E/PvrService( 5931): PvrService getTrackingDataExt rotation(-0.309984, 0.306778, -0.447360, 0.000000)
E/PvrService( 5931): PvrService getTrackingDataExt position(-0.010046, -0.010699, -0.043798)
E/CHIUSECASE(  755): chxutils.cpp:1055 FillCameraId() FillCameraId 1 
E/OMX-VDEC-1080P( 1018): Unable to convey fps info to driver,                             performance might be affected
W/[ALVR NATIVE-RUST]( 9527): Video frame queue overflow!
E/OMX-VDEC-1080P( 1018): Unable to convey fps info to driver,                             performance might be affected
E/CHIUSECASE(  755): chxutils.cpp:1055 FillCameraId() FillCameraId 1 
W/[ALVR NATIVE-RUST]( 9527): Video frame queue overflow!
E/CHIUSECASE(  755): chxutils.cpp:1055 FillCameraId() FillCameraId 1 
E/OMX-VDEC-1080P( 1018): Unable to convey fps info to driver,                             performance might be affected
W/[ALVR NATIVE-RUST]( 9527): Video frame queue overflow!
E/CHIUSECASE(  755): chxutils.cpp:1055 FillCameraId() FillCameraId 1 
E/DispSync(  798): Duration <27.819000 ms> is out of range, resync
E/CHIUSECASE(  755): chxutils.cpp:1055 FillCameraId() FillCameraId 1 
E/OMX-VDEC-1080P( 1018): Unable to convey fps info to driver,                             performance might be affected
W/[ALVR NATIVE-RUST]( 9527): Video frame queue overflow!
D/NtpTrustedTime( 1294): currentTimeMillis() cache hit
E/CHIUSECASE(  755): chxutils.cpp:1055 FillCameraId() FillCameraId 1 
E/OMX-VDEC-1080P( 1018): Unable to convey fps info to driver,                             performance might be affected
W/[ALVR NATIVE-RUST]( 9527): Video frame queue overflow!
E/CHIUSECASE(  755): chxutils.cpp:1055 FillCameraId() FillCameraId 1 
D/NtpTrustedTime( 1294): currentTimeMillis() cache hit
E/OMX-VDEC-1080P( 1018): Unable to convey fps info to driver,                             performance might be affected
W/[ALVR NATIVE-RUST]( 9527): Video frame queue overflow!
E/CHIUSECASE(  755): chxutils.cpp:1055 FillCameraId() FillCameraId 1 
E/OMX-VDEC-1080P( 1018): Unable to convey fps info to driver,                             performance might be affected
W/[ALVR NATIVE-RUST]( 9527): Video frame queue overflow!
E/CHIUSECASE(  755): chxutils.cpp:1055 FillCameraId() FillCameraId 1 
E/DispSync(  798): Duration <27.849001 ms> is out of range, resync
E/OMX-VDEC-1080P( 1018): Unable to convey fps info to driver,                             performance might be affected
E/CHIUSECASE(  755): chxutils.cpp:1055 FillCameraId() FillCameraId 1 
W/[ALVR NATIVE-RUST]( 9527): Video frame queue overflow!
E/CHIUSECASE(  755): chxutils.cpp:1055 FillCameraId() FillCameraId 1 
E/OMX-VDEC-1080P( 1018): Unable to convey fps info to driver,                             performance might be affected
W/[ALVR NATIVE-RUST]( 9527): Video frame queue overflow!
E/OMX-VDEC-1080P( 1018): Unable to convey fps info to driver,                             performance might be affected
E/CHIUSECASE(  755): chxutils.cpp:1055 FillCameraId() FillCameraId 1 
W/[ALVR NATIVE-RUST]( 9527): Video frame queue overflow!
E/CHIUSECASE(  755): chxutils.cpp:1055 FillCameraId() FillCameraId 1 
E/OMX-VDEC-1080P( 1018): Unable to convey fps info to driver,                             performance might be affected
W/[ALVR NATIVE-RUST]( 9527): Video frame queue overflow!
E/CHIUSECASE(  755): chxutils.cpp:1055 FillCameraId() FillCameraId 1 
E/DispSync(  798): Duration <27.841999 ms> is out of range, resync
E/OMX-VDEC-1080P( 1018): Unable to convey fps info to driver,                             performance might be affected
W/[ALVR NATIVE-RUST]( 9527): Video frame queue overflow!
E/CHIUSECASE(  755): chxutils.cpp:1055 FillCameraId() FillCameraId 1 
E/OMX-VDEC-1080P( 1018): Unable to convey fps info to driver,                             performance might be affected
W/[ALVR NATIVE-RUST]( 9527): Video frame queue overflow!
E/CHIUSECASE(  755): chxutils.cpp:1055 FillCameraId() FillCameraId 1 
E/CHIUSECASE(  755): chxutils.cpp:1055 FillCameraId() FillCameraId 1 
E/OMX-VDEC-1080P( 1018): Unable to convey fps info to driver,                             performance might be affected
W/[ALVR NATIVE-RUST]( 9527): Video frame queue overflow!
E/CHIUSECASE(  755): chxutils.cpp:1055 FillCameraId() FillCameraId 1 
E/android.hardware.usb@1.0-service(  768): uevent received SUBSYSTEM=dual_role_usb
E/OMX-VDEC-1080P( 1018): Unable to convey fps info to driver,                             performance might be affected
I/android.hardware.usb@1.0-service(  768): otg_default
D/BatteryService( 1294): battery checkBatteryStatus temp is 320 hasShowBatteryShut is false hasShowBatteryLimit is false
D/BatteryService( 1294): battery checkBatteryStatus temp is 310 hasShowBatteryShut is false hasShowBatteryLimit is false
D/PowerManagerService( 1294): battery change is 2
D/KeyguardUpdateMonitor( 1540): received broadcast android.intent.action.BATTERY_CHANGED
D/HeadsetStateMachine( 1513): Disconnected process message: 10, size: 0
E/CHIUSECASE(  755): chxutils.cpp:1055 FillCameraId() FillCameraId 1 
D/HeadsetStateMachine( 1513): Enter processIntentBatteryChanged()
D/HeadsetStateMachine( 1513): Exit processIntentBatteryChanged()
D/HeadsetStateMachine( 1513): Exit Disconnected processMessage() 
I/PVRShell(10669): android.intent.action.BATTERY_CHANGED, percent = 73, status = 2
D/KeyguardUpdateMonitor( 1540): handleBatteryUpdate
W/[ALVR NATIVE-RUST]( 9527): Video frame queue overflow!
I/android.hardware.usb@1.0-service(  768): canChangeMode: 1 canChagedata: 0 canChangePower:0
I/usb@1.0-service(  768): type=1400 audit(0.0:3968): avc: denied { dac_override } for capability=1 scontext=u:r:hal_usb_default:s0 tcontext=u:r:hal_usb_default:s0 tclass=capability permissive=1
I/UsbPortManager( 1294): ClientCallback: otg_default
I/UsbPortManager( 1294): USB port changed: port=UsbPort{id=otg_default, supportedModes=dual}, status=UsbPortStatus{connected=true, currentMode=ufp, currentPowerRole=sink, currentDataRole=device, supportedRoleCombinations=[source:host, sink:device]}, canChangeMode=true, canChangePowerRole=false, canChangeDataRole=false
E/CHIUSECASE(  755): chxutils.cpp:1055 FillCameraId() FillCameraId 1 
E/OMX-VDEC-1080P( 1018): Unable to convey fps info to driver,                             performance might be affected
W/[ALVR NATIVE-RUST]( 9527): Video frame queue overflow!
E/CHIUSECASE(  755): chxutils.cpp:1055 FillCameraId() FillCameraId 1 
E/OMX-VDEC-1080P( 1018): Unable to convey fps info to driver,                             performance might be affected
W/[ALVR NATIVE-RUST]( 9527): Video frame queue overflow!
E/DispSync(  798): Duration <27.783001 ms> is out of range, resync
E/CHIUSECASE(  755): chxutils.cpp:1055 FillCameraId() FillCameraId 1 
E/OMX-VDEC-1080P( 1018): Unable to convey fps info to driver,                             performance might be affected
W/[ALVR NATIVE-RUST]( 9527): Video frame queue overflow!
E/CHIUSECASE(  755): chxutils.cpp:1055 FillCameraId() FillCameraId 1 
E/OMX-VDEC-1080P( 1018): Unable to convey fps info to driver,                             performance might be affected
W/[ALVR NATIVE-RUST]( 9527): Video frame queue overflow!
E/CHIUSECASE(  755): chxutils.cpp:1055 FillCameraId() FillCameraId 1 
I/chatty  (  755): uid=1047(cameraserver) HwBinder:755_2 identical 1 line
E/CHIUSECASE(  755): chxutils.cpp:1055 FillCameraId() FillCameraId 1 
E/OMX-VDEC-1080P( 1018): Unable to convey fps info to driver,                             performance might be affected
W/[ALVR NATIVE-RUST]( 9527): Video frame queue overflow!
E/DispSync(  798): Duration <27.823999 ms> is out of range, resync
E/OMX-VDEC-1080P( 1018): Unable to convey fps info to driver,                             performance might be affected
E/CHIUSECASE(  755): chxutils.cpp:1055 FillCameraId() FillCameraId 1 
W/[ALVR NATIVE-RUST]( 9527): Video frame queue overflow!
E/OMX-VDEC-1080P( 1018): Unable to convey fps info to driver,                             performance might be affected
W/[ALVR NATIVE-RUST]( 9527): Video frame queue overflow!
E/CHIUSECASE(  755): chxutils.cpp:1055 FillCameraId() FillCameraId 1 
E/OMX-VDEC-1080P( 1018): Unable to convey fps info to driver,                             performance might be affected
W/[ALVR NATIVE-RUST]( 9527): Video frame queue overflow!
D/BatteryService( 1294): battery checkBatteryStatus temp is 320 hasShowBatteryShut is false hasShowBatteryLimit is false
D/PowerManagerService( 1294): battery change is 2
I/PVRShell(10669): android.intent.action.BATTERY_CHANGED, percent = 73, status = 2
D/KeyguardUpdateMonitor( 1540): received broadcast android.intent.action.BATTERY_CHANGED
D/HeadsetStateMachine( 1513): Disconnected process message: 10, size: 0
D/HeadsetStateMachine( 1513): Enter processIntentBatteryChanged()
D/HeadsetStateMachine( 1513): Exit processIntentBatteryChanged()
D/HeadsetStateMachine( 1513): Exit Disconnected processMessage() 
E/CHIUSECASE(  755): chxutils.cpp:1055 FillCameraId() FillCameraId 1 
D/KeyguardUpdateMonitor( 1540): handleBatteryUpdate
E/OMX-VDEC-1080P( 1018): Unable to convey fps info to driver,                             performance might be affected
W/[ALVR NATIVE-RUST]( 9527): Video frame queue overflow!
E/CHIUSECASE(  755): chxutils.cpp:1055 FillCameraId() FillCameraId 1 
E/CHIUSECASE(  755): chxutils.cpp:1055 FillCameraId() FillCameraId 1 
E/OMX-VDEC-1080P( 1018): Unable to convey fps info to driver,                             performance might be affected
W/[ALVR NATIVE-RUST]( 9527): Video frame queue overflow!
E/DispSync(  798): Duration <27.841000 ms> is out of range, resync
E/CHIUSECASE(  755): chxutils.cpp:1055 FillCameraId() FillCameraId 1 
E/OMX-VDEC-1080P( 1018): Unable to convey fps info to driver,                             performance might be affected
W/[ALVR NATIVE-RUST]( 9527): Video frame queue overflow!
E/CHIUSECASE(  755): chxutils.cpp:1055 FillCameraId() FillCameraId 1 
E/CHIUSECASE(  755): chxutils.cpp:1055 FillCameraId() FillCameraId 1 
E/OMX-VDEC-1080P( 1018): Unable to convey fps info to driver,                             performance might be affected
W/[ALVR NATIVE-RUST]( 9527): Video frame queue overflow!
E/OMX-VDEC-1080P( 1018): Unable to convey fps info to driver,                             performance might be affected
E/CHIUSECASE(  755): chxutils.cpp:1055 FillCameraId() FillCameraId 1 
W/[ALVR NATIVE-RUST]( 9527): Video frame queue overflow!
E/DispSync(  798): Duration <27.819000 ms> is out of range, resync
E/CHIUSECASE(  755): chxutils.cpp:1055 FillCameraId() FillCameraId 1 
E/OMX-VDEC-1080P( 1018): Unable to convey fps info to driver,                             performance might be affected
W/[ALVR NATIVE-RUST]( 9527): Video frame queue overflow!
E/CHIUSECASE(  755): chxutils.cpp:1055 FillCameraId() FillCameraId 1 
E/OMX-VDEC-1080P( 1018): Unable to convey fps info to driver,                             performance might be affected
W/[ALVR NATIVE-RUST]( 9527): Video frame queue overflow!
E/CHIUSECASE(  755): chxutils.cpp:1055 FillCameraId() FillCameraId 1 
E/OMX-VDEC-1080P( 1018): Unable to convey fps info to driver,                             performance might be affected
W/[ALVR NATIVE-RUST]( 9527): Video frame queue overflow!
E/CHIUSECASE(  755): chxutils.cpp:1055 FillCameraId() FillCameraId 1 
E/CHIUSECASE(  755): chxutils.cpp:1055 FillCameraId() FillCameraId 1 
E/OMX-VDEC-1080P( 1018): Unable to convey fps info to driver,                             performance might be affected
W/[ALVR NATIVE-RUST]( 9527): Video frame queue overflow!
E/CHIUSECASE(  755): chxutils.cpp:1055 FillCameraId() FillCameraId 1 
E/OMX-VDEC-1080P( 1018): Unable to convey fps info to driver,                             performance might be affected
W/[ALVR NATIVE-RUST]( 9527): Video frame queue overflow!
E/DispSync(  798): Duration <27.849001 ms> is out of range, resync
E/CHIUSECASE(  755): chxutils.cpp:1055 FillCameraId() FillCameraId 1 
E/OMX-VDEC-1080P( 1018): Unable to convey fps info to driver,                             performance might be affected
W/[ALVR NATIVE-RUST]( 9527): Video frame queue overflow!
E/CHIUSECASE(  755): chxutils.cpp:1055 FillCameraId() FillCameraId 1 
E/CHIUSECASE(  755): chxutils.cpp:1055 FillCameraId() FillCameraId 1 
E/OMX-VDEC-1080P( 1018): Unable to convey fps info to driver,                             performance might be affected
D/PvrServiceClient( 2550): newTrackerClient getTrackingResultExt svrHeadPoseStateOutput[3] 0.065458,-0.095262,-0.018053,-0.993134,0.082418,-0.284586,-0.002695	[5942576077956]	[6.159150]
W/[ALVR NATIVE-RUST]( 9527): Video frame queue overflow!
E/OMX-VDEC-1080P( 1018): Unable to convey fps info to driver,                             performance might be affected
E/CHIUSECASE(  755): chxutils.cpp:1055 FillCameraId() FillCameraId 1 
W/[ALVR NATIVE-RUST]( 9527): Video frame queue overflow!
D/SurfaceFlinger(  798): Vsync watchDog is alive
D/SurfaceFlinger(  798): WatchDog:Not sync with hareware reach 0.0 seconds.
E/android.hardware.usb@1.0-service(  768): uevent received SUBSYSTEM=dual_role_usb
I/android.hardware.usb@1.0-service(  768): otg_default
I/android.hardware.usb@1.0-service(  768): canChangeMode: 1 canChagedata: 1 canChangePower:1
D/BatteryService( 1294): battery checkBatteryStatus temp is 320 hasShowBatteryShut is false hasShowBatteryLimit is false
I/UsbPortManager( 1294): ClientCallback: otg_default
I/UsbPortManager( 1294): USB port changed: port=UsbPort{id=otg_default, supportedModes=dual}, status=UsbPortStatus{connected=true, currentMode=ufp, currentPowerRole=sink, currentDataRole=device, supportedRoleCombinations=[source:host, source:device, sink:host, sink:device]}, canChangeMode=true, canChangePowerRole=true, canChangeDataRole=true
D/BatteryService( 1294): battery checkBatteryStatus temp is 320 hasShowBatteryShut is false hasShowBatteryLimit is false
E/DispSync(  798): Duration <27.885000 ms> is out of range, resync
E/OMX-VDEC-1080P( 1018): Unable to convey fps info to driver,                             performance might be affected
W/[ALVR NATIVE-RUST]( 9527): Video frame queue overflow!
E/CHIUSECASE(  755): chxutils.cpp:1055 FillCameraId() FillCameraId 1 
E/CHIUSECASE(  755): chxutils.cpp:1055 FillCameraId() FillCameraId 1 
E/OMX-VDEC-1080P( 1018): Unable to convey fps info to driver,                             performance might be affected
W/[ALVR NATIVE-RUST]( 9527): Video frame queue overflow!
E/CHIUSECASE(  755): chxutils.cpp:1055 FillCameraId() FillCameraId 1 
E/OMX-VDEC-1080P( 1018): Unable to convey fps info to driver,                             performance might be affected
E/CHIUSECASE(  755): chxutils.cpp:1055 FillCameraId() FillCameraId 1 
W/[ALVR NATIVE-RUST]( 9527): Video frame queue overflow!
E/OMX-VDEC-1080P( 1018): Unable to convey fps info to driver,                             performance might be affected
W/[ALVR NATIVE-RUST]( 9527): Video frame queue overflow!
E/CHIUSECASE(  755): chxutils.cpp:1055 FillCameraId() FillCameraId 1 
E/DispSync(  798): Duration <27.837000 ms> is out of range, resync
E/CHIUSECASE(  755): chxutils.cpp:1055 FillCameraId() FillCameraId 1 
E/OMX-VDEC-1080P( 1018): Unable to convey fps info to driver,                             performance might be affected
W/[ALVR NATIVE-RUST]( 9527): Video frame queue overflow!
E/CHIUSECASE(  755): chxutils.cpp:1055 FillCameraId() FillCameraId 1 
E/OMX-VDEC-1080P( 1018): Unable to convey fps info to driver,                             performance might be affected
W/[ALVR NATIVE-RUST]( 9527): Video frame queue overflow!
E/CHIUSECASE(  755): chxutils.cpp:1055 FillCameraId() FillCameraId 1 
E/OMX-VDEC-1080P( 1018): Unable to convey fps info to driver,                             performance might be affected
W/[ALVR NATIVE-RUST]( 9527): Video frame queue overflow!
E/CHIUSECASE(  755): chxutils.cpp:1055 FillCameraId() FillCameraId 1 
E/OMX-VDEC-1080P( 1018): Unable to convey fps info to driver,                             performance might be affected
W/[ALVR NATIVE-RUST]( 9527): Video frame queue overflow!
E/CHIUSECASE(  755): chxutils.cpp:1055 FillCameraId() FillCameraId 1 
E/DispSync(  798): Duration <27.829000 ms> is out of range, resync
E/CHIUSECASE(  755): chxutils.cpp:1055 FillCameraId() FillCameraId 1 
E/OMX-VDEC-1080P( 1018): Unable to convey fps info to driver,                             performance might be affected
W/[ALVR NATIVE-RUST]( 9527): Video frame queue overflow!
E/CHIUSECASE(  755): chxutils.cpp:1055 FillCameraId() FillCameraId 1 
E/OMX-VDEC-1080P( 1018): Unable to convey fps info to driver,                             performance might be affected
W/[ALVR NATIVE-RUST]( 9527): Video frame queue overflow!
E/CHIUSECASE(  755): chxutils.cpp:1055 FillCameraId() FillCameraId 1 
E/CHIUSECASE(  755): chxutils.cpp:1055 FillCameraId() FillCameraId 1 
E/OMX-VDEC-1080P( 1018): Unable to convey fps info to driver,                             performance might be affected
W/[ALVR NATIVE-RUST]( 9527): Video frame queue overflow!
E/DispSync(  798): Duration <27.823000 ms> is out of range, resync
E/OMX-VDEC-1080P( 1018): Unable to convey fps info to driver,                             performance might be affected
W/[ALVR NATIVE-RUST]( 9527): Video frame queue overflow!
E/CHIUSECASE(  755): chxutils.cpp:1055 FillCameraId() FillCameraId 1 
E/CHIUSECASE(  755): chxutils.cpp:1055 FillCameraId() FillCameraId 1 
E/OMX-VDEC-1080P( 1018): Unable to convey fps info to driver,                             performance might be affected
W/[ALVR NATIVE-RUST]( 9527): Video frame queue overflow!
E/CHIUSECASE(  755): chxutils.cpp:1055 FillCameraId() FillCameraId 1 
E/OMX-VDEC-1080P( 1018): Unable to convey fps info to driver,                             performance might be affected
W/[ALVR NATIVE-RUST]( 9527): Video frame queue overflow!
E/CHIUSECASE(  755): chxutils.cpp:1055 FillCameraId() FillCameraId 1 
E/DispSync(  798): Duration <27.854000 ms> is out of range, resync
E/OMX-VDEC-1080P( 1018): Unable to convey fps info to driver,                             performance might be affected
W/[ALVR NATIVE-RUST]( 9527): Video frame queue overflow!
E/CHIUSECASE(  755): chxutils.cpp:1055 FillCameraId() FillCameraId 1 
E/OMX-VDEC-1080P( 1018): Unable to convey fps info to driver,                             performance might be affected
W/[ALVR NATIVE-RUST]( 9527): Video frame queue overflow!
E/CHIUSECASE(  755): chxutils.cpp:1055 FillCameraId() FillCameraId 1 
E/CHIUSECASE(  755): chxutils.cpp:1055 FillCameraId() FillCameraId 1 
E/OMX-VDEC-1080P( 1018): Unable to convey fps info to driver,                             performance might be affected
W/[ALVR NATIVE-RUST]( 9527): Video frame queue overflow!
E/DispSync(  798): Duration <27.850000 ms> is out of range, resync
E/CHIUSECASE(  755): chxutils.cpp:1055 FillCameraId() FillCameraId 1 
E/OMX-VDEC-1080P( 1018): Unable to convey fps info to driver,                             performance might be affected
W/[ALVR NATIVE-RUST]( 9527): Video frame queue overflow!
E/CHIUSECASE(  755): chxutils.cpp:1055 FillCameraId() FillCameraId 1 
E/OMX-VDEC-1080P( 1018): Unable to convey fps info to driver,                             performance might be affected
W/[ALVR NATIVE-RUST]( 9527): Video frame queue overflow!
E/CHIUSECASE(  755): chxutils.cpp:1055 FillCameraId() FillCameraId 1 
E/CHIUSECASE(  755): chxutils.cpp:1055 FillCameraId() FillCameraId 1 
E/OMX-VDEC-1080P( 1018): Unable to convey fps info to driver,                             performance might be affected
W/[ALVR NATIVE-RUST]( 9527): Video frame queue overflow!
E/CHIUSECASE(  755): chxutils.cpp:1055 FillCameraId() FillCameraId 1 
E/OMX-VDEC-1080P( 1018): Unable to convey fps info to driver,                             performance might be affected
W/[ALVR NATIVE-RUST]( 9527): Video frame queue overflow!
E/CHIUSECASE(  755): chxutils.cpp:1055 FillCameraId() FillCameraId 1 
E/DispSync(  798): Duration <27.865000 ms> is out of range, resync
E/OMX-VDEC-1080P( 1018): Unable to convey fps info to driver,                             performance might be affected
W/[ALVR NATIVE-RUST]( 9527): Video frame queue overflow!
E/CHIUSECASE(  755): chxutils.cpp:1055 FillCameraId() FillCameraId 1 
E/OMX-VDEC-1080P( 1018): Unable to convey fps info to driver,                             performance might be affected
W/[ALVR NATIVE-RUST]( 9527): Video frame queue overflow!
E/CHIUSECASE(  755): chxutils.cpp:1055 FillCameraId() FillCameraId 1 
E/CHIUSECASE(  755): chxutils.cpp:1055 FillCameraId() FillCameraId 1 
E/OMX-VDEC-1080P( 1018): Unable to convey fps info to driver,                             performance might be affected
W/[ALVR NATIVE-RUST]( 9527): Video frame queue overflow!
E/OMX-VDEC-1080P( 1018): Unable to convey fps info to driver,                             performance might be affected
E/CHIUSECASE(  755): chxutils.cpp:1055 FillCameraId() FillCameraId 1 
W/[ALVR NATIVE-RUST]( 9527): Video frame queue overflow!
E/DispSync(  798): Duration <27.910999 ms> is out of range, resync
E/CHIUSECASE(  755): chxutils.cpp:1055 FillCameraId() FillCameraId 1 
E/OMX-VDEC-1080P( 1018): Unable to convey fps info to driver,                             performance might be affected
W/[ALVR NATIVE-RUST]( 9527): Video frame queue overflow!
E/CHIUSECASE(  755): chxutils.cpp:1055 FillCameraId() FillCameraId 1 
E/OMX-VDEC-1080P( 1018): Unable to convey fps info to driver,                             performance might be affected
W/[ALVR NATIVE-RUST]( 9527): Video frame queue overflow!
E/CHIUSECASE(  755): chxutils.cpp:1055 FillCameraId() FillCameraId 1 
E/OMX-VDEC-1080P( 1018): Unable to convey fps info to driver,                             performance might be affected
I/P2ALVR-native( 9527): REAL_TIME_CONFIG: no foveation change
W/[ALVR NATIVE-RUST]( 9527): Video frame queue overflow!
E/CHIUSECASE(  755): chxutils.cpp:1055 FillCameraId() FillCameraId 1 
E/OMX-VDEC-1080P( 1018): Unable to convey fps info to driver,                             performance might be affected
W/[ALVR NATIVE-RUST]( 9527): Video frame queue overflow!
E/CHIUSECASE(  755): chxutils.cpp:1055 FillCameraId() FillCameraId 1 
E/DispSync(  798): Duration <27.847000 ms> is out of range, resync
E/CHIUSECASE(  755): chxutils.cpp:1055 FillCameraId() FillCameraId 1 
E/OMX-VDEC-1080P( 1018): Unable to convey fps info to driver,                             performance might be affected
W/[ALVR NATIVE-RUST]( 9527): Video frame queue overflow!
E/CHIUSECASE(  755): chxutils.cpp:1055 FillCameraId() FillCameraId 1 
E/OMX-VDEC-1080P( 1018): Unable to convey fps info to driver,                             performance might be affected
W/[ALVR NATIVE-RUST]( 9527): Video frame queue overflow!
E/CHIUSECASE(  755): chxutils.cpp:1055 FillCameraId() FillCameraId 1 
D/NtpTrustedTime( 1294): currentTimeMillis() cache hit
E/OMX-VDEC-1080P( 1018): Unable to convey fps info to driver,                             performance might be affected
W/[ALVR NATIVE-RUST]( 9527): Video frame queue overflow!
E/CHIUSECASE(  755): chxutils.cpp:1055 FillCameraId() FillCameraId 1 
D/NtpTrustedTime( 1294): currentTimeMillis() cache hit
E/DispSync(  798): Duration <27.849001 ms> is out of range, resync
E/CHIUSECASE(  755): chxutils.cpp:1055 FillCameraId() FillCameraId 1 
E/OMX-VDEC-1080P( 1018): Unable to convey fps info to driver,                             performance might be affected
W/[ALVR NATIVE-RUST]( 9527): Video frame queue overflow!
E/CHIUSECASE(  755): chxutils.cpp:1055 FillCameraId() FillCameraId 1 
E/OMX-VDEC-1080P( 1018): Unable to convey fps info to driver,                             performance might be affected
W/[ALVR NATIVE-RUST]( 9527): Video frame queue overflow!
E/CHIUSECASE(  755): chxutils.cpp:1055 FillCameraId() FillCameraId 1 
E/OMX-VDEC-1080P( 1018): Unable to convey fps info to driver,                             performance might be affected
W/[ALVR NATIVE-RUST]( 9527): Video frame queue overflow!
E/CHIUSECASE(  755): chxutils.cpp:1055 FillCameraId() FillCameraId 1 
E/OMX-VDEC-1080P( 1018): Unable to convey fps info to driver,                             performance might be affected
E/CHIUSECASE(  755): chxutils.cpp:1055 FillCameraId() FillCameraId 1 
W/[ALVR NATIVE-RUST]( 9527): Video frame queue overflow!
E/OMX-VDEC-1080P( 1018): Unable to convey fps info to driver,                             performance might be affected
W/[ALVR NATIVE-RUST]( 9527): Video frame queue overflow!
E/CHIUSECASE(  755): chxutils.cpp:1055 FillCameraId() FillCameraId 1 
D/PvrServiceClient( 9527): newTrackerClient getTrackingResultExt svrHeadPoseStateOutput[3] 0.065737,-0.020127,-0.007753,-0.997604,0.093102,-0.283638,-0.004367	[5943104799310]	[5.713448]
E/CHIUSECASE(  755): chxutils.cpp:1055 FillCameraId() FillCameraId 1 
E/OMX-VDEC-1080P( 1018): Unable to convey fps info to driver,                             performance might be affected
W/[ALVR NATIVE-RUST]( 9527): Video frame queue overflow!
E/CHIUSECASE(  755): chxutils.cpp:1055 FillCameraId() FillCameraId 1 
E/DispSync(  798): Duration <27.862000 ms> is out of range, resync
E/OMX-VDEC-1080P( 1018): Unable to convey fps info to driver,                             performance might be affected
W/[ALVR NATIVE-RUST]( 9527): Video frame queue overflow!
E/CHIUSECASE(  755): chxutils.cpp:1055 FillCameraId() FillCameraId 1 
E/OMX-VDEC-1080P( 1018): Unable to convey fps info to driver,                             performance might be affected
W/[ALVR NATIVE-RUST]( 9527): Video frame queue overflow!
E/CHIUSECASE(  755): chxutils.cpp:1055 FillCameraId() FillCameraId 1 
E/OMX-VDEC-1080P( 1018): Unable to convey fps info to driver,                             performance might be affected
E/CHIUSECASE(  755): chxutils.cpp:1055 FillCameraId() FillCameraId 1 
W/[ALVR NATIVE-RUST]( 9527): Video frame queue overflow!
D/PvrService( 5931): threadLoop continue: 1
E/CHIUSECASE(  755): chxutils.cpp:1055 FillCameraId() FillCameraId 1 
E/OMX-VDEC-1080P( 1018): Unable to convey fps info to driver,                             performance might be affected
W/[ALVR NATIVE-RUST]( 9527): Video frame queue overflow!
E/CHIUSECASE(  755): chxutils.cpp:1055 FillCameraId() FillCameraId 1 
E/DispSync(  798): Duration <27.836000 ms> is out of range, resync
E/OMX-VDEC-1080P( 1018): Unable to convey fps info to driver,                             performance might be affected
W/[ALVR NATIVE-RUST]( 9527): Video frame queue overflow!
E/CHIUSECASE(  755): chxutils.cpp:1055 FillCameraId() FillCameraId 1 
E/OMX-VDEC-1080P( 1018): Unable to convey fps info to driver,                             performance might be affected
E/CHIUSECASE(  755): chxutils.cpp:1055 FillCameraId() FillCameraId 1 
W/[ALVR NATIVE-RUST]( 9527): Video frame queue overflow!
E/CHIUSECASE(  755): chxutils.cpp:1055 FillCameraId() FillCameraId 1 
E/OMX-VDEC-1080P( 1018): Unable to convey fps info to driver,                             performance might be affected
W/[ALVR NATIVE-RUST]( 9527): Video frame queue overflow!
E/DispSync(  798): Duration <27.857000 ms> is out of range, resync
E/CHIUSECASE(  755): chxutils.cpp:1055 FillCameraId() FillCameraId 1 
E/OMX-VDEC-1080P( 1018): Unable to convey fps info to driver,                             performance might be affected
W/[ALVR NATIVE-RUST]( 9527): Video frame queue overflow!
E/CHIUSECASE(  755): chxutils.cpp:1055 FillCameraId() FillCameraId 1 
E/OMX-VDEC-1080P( 1018): Unable to convey fps info to driver,                             performance might be affected
W/[ALVR NATIVE-RUST]( 9527): Video frame queue overflow!
E/CHIUSECASE(  755): chxutils.cpp:1055 FillCameraId() FillCameraId 1 
E/CHIUSECASE(  755): chxutils.cpp:1055 FillCameraId() FillCameraId 1 
E/OMX-VDEC-1080P( 1018): Unable to convey fps info to driver,                             performance might be affected
W/[ALVR NATIVE-RUST]( 9527): Video frame queue overflow!
E/CHIUSECASE(  755): chxutils.cpp:1055 FillCameraId() FillCameraId 1 
E/OMX-VDEC-1080P( 1018): Unable to convey fps info to driver,                             performance might be affected
W/[ALVR NATIVE-RUST]( 9527): Video frame queue overflow!
E/CHIUSECASE(  755): chxutils.cpp:1055 FillCameraId() FillCameraId 1 
E/DispSync(  798): Duration <27.808001 ms> is out of range, resync
E/OMX-VDEC-1080P( 1018): Unable to convey fps info to driver,                             performance might be affected
W/[ALVR NATIVE-RUST]( 9527): Video frame queue overflow!
E/CHIUSECASE(  755): chxutils.cpp:1055 FillCameraId() FillCameraId 1 
E/CHIUSECASE(  755): chxutils.cpp:1055 FillCameraId() FillCameraId 1 
E/OMX-VDEC-1080P( 1018): Unable to convey fps info to driver,                             performance might be affected
W/[ALVR NATIVE-RUST]( 9527): Video frame queue overflow!
E/OMX-VDEC-1080P( 1018): Unable to convey fps info to driver,                             performance might be affected
E/CHIUSECASE(  755): chxutils.cpp:1055 FillCameraId() FillCameraId 1 
W/[ALVR NATIVE-RUST]( 9527): Video frame queue overflow!
E/OMX-VDEC-1080P( 1018): Unable to convey fps info to driver,                             performance might be affected
E/CHIUSECASE(  755): chxutils.cpp:1055 FillCameraId() FillCameraId 1 
W/[ALVR NATIVE-RUST]( 9527): Video frame queue overflow!
E/CHIUSECASE(  755): chxutils.cpp:1055 FillCameraId() FillCameraId 1 
E/OMX-VDEC-1080P( 1018): Unable to convey fps info to driver,                             performance might be affected
W/[ALVR NATIVE-RUST]( 9527): Video frame queue overflow!
E/CHIUSECASE(  755): chxutils.cpp:1055 FillCameraId() FillCameraId 1 
E/DispSync(  798): Duration <27.834999 ms> is out of range, resync
E/CHIUSECASE(  755): chxutils.cpp:1055 FillCameraId() FillCameraId 1 
E/OMX-VDEC-1080P( 1018): Unable to convey fps info to driver,                             performance might be affected
W/[ALVR NATIVE-RUST]( 9527): Video frame queue overflow!
E/CHIUSECASE(  755): chxutils.cpp:1055 FillCameraId() FillCameraId 1 
E/OMX-VDEC-1080P( 1018): Unable to convey fps info to driver,                             performance might be affected
W/[ALVR NATIVE-RUST]( 9527): Video frame queue overflow!
E/CHIUSECASE(  755): chxutils.cpp:1055 FillCameraId() FillCameraId 1 
E/OMX-VDEC-1080P( 1018): Unable to convey fps info to driver,                             performance might be affected
W/[ALVR NATIVE-RUST]( 9527): Video frame queue overflow!
E/CHIUSECASE(  755): chxutils.cpp:1055 FillCameraId() FillCameraId 1 
D/PowerManagerService( 1294): battery change is 2
D/KeyguardUpdateMonitor( 1540): received broadcast android.intent.action.BATTERY_CHANGED
I/PVRShell(10669): android.intent.action.BATTERY_CHANGED, percent = 73, status = 2
D/HeadsetStateMachine( 1513): Disconnected process message: 10, size: 0
E/OMX-VDEC-1080P( 1018): Unable to convey fps info to driver,                             performance might be affected
D/HeadsetStateMachine( 1513): Enter processIntentBatteryChanged()
D/HeadsetStateMachine( 1513): Exit processIntentBatteryChanged()
D/HeadsetStateMachine( 1513): Exit Disconnected processMessage() 
W/[ALVR NATIVE-RUST]( 9527): Video frame queue overflow!
D/KeyguardUpdateMonitor( 1540): handleBatteryUpdate
E/CHIUSECASE(  755): chxutils.cpp:1055 FillCameraId() FillCameraId 1 
E/CHIUSECASE(  755): chxutils.cpp:1055 FillCameraId() FillCameraId 1 
E/OMX-VDEC-1080P( 1018): Unable to convey fps info to driver,                             performance might be affected
W/[ALVR NATIVE-RUST]( 9527): Video frame queue overflow!
E/CHIUSECASE(  755): chxutils.cpp:1055 FillCameraId() FillCameraId 1 
E/OMX-VDEC-1080P( 1018): Unable to convey fps info to driver,                             performance might be affected
W/[ALVR NATIVE-RUST]( 9527): Video frame queue overflow!
E/DispSync(  798): Duration <27.853001 ms> is out of range, resync
E/OMX-VDEC-1080P( 1018): Unable to convey fps info to driver,                             performance might be affected
E/CHIUSECASE(  755): chxutils.cpp:1055 FillCameraId() FillCameraId 1 
W/[ALVR NATIVE-RUST]( 9527): Video frame queue overflow!
E/CHIUSECASE(  755): chxutils.cpp:1055 FillCameraId() FillCameraId 1 
E/OMX-VDEC-1080P( 1018): Unable to convey fps info to driver,                             performance might be affected
W/[ALVR NATIVE-RUST]( 9527): Video frame queue overflow!
E/CHIUSECASE(  755): chxutils.cpp:1055 FillCameraId() FillCameraId 1 
E/OMX-VDEC-1080P( 1018): Unable to convey fps info to driver,                             performance might be affected
W/[ALVR NATIVE-RUST]( 9527): Video frame queue overflow!
E/CHIUSECASE(  755): chxutils.cpp:1055 FillCameraId() FillCameraId 1 
E/OMX-VDEC-1080P( 1018): Unable to convey fps info to driver,                             performance might be affected
E/CHIUSECASE(  755): chxutils.cpp:1055 FillCameraId() FillCameraId 1 
W/[ALVR NATIVE-RUST]( 9527): Video frame queue overflow!
E/DispSync(  798): Duration <27.834999 ms> is out of range, resync
E/CHIUSECASE(  755): chxutils.cpp:1055 FillCameraId() FillCameraId 1 
E/OMX-VDEC-1080P( 1018): Unable to convey fps info to driver,                             performance might be affected
W/[ALVR NATIVE-RUST]( 9527): Video frame queue overflow!
E/CHIUSECASE(  755): chxutils.cpp:1055 FillCameraId() FillCameraId 1 
E/OMX-VDEC-1080P( 1018): Unable to convey fps info to driver,                             performance might be affected
W/[ALVR NATIVE-RUST]( 9527): Video frame queue overflow!
E/CHIUSECASE(  755): chxutils.cpp:1055 FillCameraId() FillCameraId 1 
E/OMX-VDEC-1080P( 1018): Unable to convey fps info to driver,                             performance might be affected
W/[ALVR NATIVE-RUST]( 9527): Video frame queue overflow!
E/CHIUSECASE(  755): chxutils.cpp:1055 FillCameraId() FillCameraId 1 
E/OMX-VDEC-1080P( 1018): Unable to convey fps info to driver,                             performance might be affected
W/[ALVR NATIVE-RUST]( 9527): Video frame queue overflow!
E/CHIUSECASE(  755): chxutils.cpp:1055 FillCameraId() FillCameraId 1 
E/DispSync(  798): Duration <27.858999 ms> is out of range, resync
E/CHIUSECASE(  755): chxutils.cpp:1055 FillCameraId() FillCameraId 1 
E/OMX-VDEC-1080P( 1018): Unable to convey fps info to driver,                             performance might be affected
W/[ALVR NATIVE-RUST]( 9527): Video frame queue overflow!
E/CHIUSECASE(  755): chxutils.cpp:1055 FillCameraId() FillCameraId 1 
E/OMX-VDEC-1080P( 1018): Unable to convey fps info to driver,                             performance might be affected
W/[ALVR NATIVE-RUST]( 9527): Video frame queue overflow!
E/CHIUSECASE(  755): chxutils.cpp:1055 FillCameraId() FillCameraId 1 
E/OMX-VDEC-1080P( 1018): Unable to convey fps info to driver,                             performance might be affected
W/[ALVR NATIVE-RUST]( 9527): Video frame queue overflow!
E/CHIUSECASE(  755): chxutils.cpp:1055 FillCameraId() FillCameraId 1 
E/CHIUSECASE(  755): chxutils.cpp:1055 FillCameraId() FillCameraId 1 
E/OMX-VDEC-1080P( 1018): Unable to convey fps info to driver,                             performance might be affected
W/[ALVR NATIVE-RUST]( 9527): Video frame queue overflow!
E/OMX-VDEC-1080P( 1018): Unable to convey fps info to driver,                             performance might be affected
W/[ALVR NATIVE-RUST]( 9527): Video frame queue overflow!
E/CHIUSECASE(  755): chxutils.cpp:1055 FillCameraId() FillCameraId 1 
E/DispSync(  798): Duration <27.833000 ms> is out of range, resync
E/OMX-VDEC-1080P( 1018): Unable to convey fps info to driver,                             performance might be affected
W/[ALVR NATIVE-RUST]( 9527): Video frame queue overflow!
E/CHIUSECASE(  755): chxutils.cpp:1055 FillCameraId() FillCameraId 1 
E/CHIUSECASE(  755): chxutils.cpp:1055 FillCameraId() FillCameraId 1 
E/OMX-VDEC-1080P( 1018): Unable to convey fps info to driver,                             performance might be affected
W/[ALVR NATIVE-RUST]( 9527): Video frame queue overflow!
E/CHIUSECASE(  755): chxutils.cpp:1055 FillCameraId() FillCameraId 1 
E/OMX-VDEC-1080P( 1018): Unable to convey fps info to driver,                             performance might be affected
W/[ALVR NATIVE-RUST]( 9527): Video frame queue overflow!
E/CHIUSECASE(  755): chxutils.cpp:1055 FillCameraId() FillCameraId 1 
E/DispSync(  798): Duration <27.858000 ms> is out of range, resync
E/CHIUSECASE(  755): chxutils.cpp:1055 FillCameraId() FillCameraId 1 
E/OMX-VDEC-1080P( 1018): Unable to convey fps info to driver,                             performance might be affected
W/[ALVR NATIVE-RUST]( 9527): Video frame queue overflow!
E/CHIUSECASE(  755): chxutils.cpp:1055 FillCameraId() FillCameraId 1 
E/OMX-VDEC-1080P( 1018): Unable to convey fps info to driver,                             performance might be affected
W/[ALVR NATIVE-RUST]( 9527): Video frame queue overflow!
E/CHIUSECASE(  755): chxutils.cpp:1055 FillCameraId() FillCameraId 1 
E/OMX-VDEC-1080P( 1018): Unable to convey fps info to driver,                             performance might be affected
W/[ALVR NATIVE-RUST]( 9527): Video frame queue overflow!
E/CHIUSECASE(  755): chxutils.cpp:1055 FillCameraId() FillCameraId 1 
E/OMX-VDEC-1080P( 1018): Unable to convey fps info to driver,                             performance might be affected
E/CHIUSECASE(  755): chxutils.cpp:1055 FillCameraId() FillCameraId 1 
W/[ALVR NATIVE-RUST]( 9527): Video frame queue overflow!
E/CHIUSECASE(  755): chxutils.cpp:1055 FillCameraId() FillCameraId 1 
E/OMX-VDEC-1080P( 1018): Unable to convey fps info to driver,                             performance might be affected
W/[ALVR NATIVE-RUST]( 9527): Video frame queue overflow!
E/CHIUSECASE(  755): chxutils.cpp:1055 FillCameraId() FillCameraId 1 
E/DispSync(  798): Duration <27.855000 ms> is out of range, resync
E/OMX-VDEC-1080P( 1018): Unable to convey fps info to driver,                             performance might be affected
W/[ALVR NATIVE-RUST]( 9527): Video frame queue overflow!
E/CHIUSECASE(  755): chxutils.cpp:1055 FillCameraId() FillCameraId 1 
E/OMX-VDEC-1080P( 1018): Unable to convey fps info to driver,                             performance might be affected
V//vendor/bin/cdsprpcd( 1003): vendor/qcom/proprietary/adsprpc/src/sysmon_cdsp_imp.c:45: Got L3 frequency request from CDSP for 0KHz
W/[ALVR NATIVE-RUST]( 9527): Video frame queue overflow!
E/CHIUSECASE(  755): chxutils.cpp:1055 FillCameraId() FillCameraId 1 
E/OMX-VDEC-1080P( 1018): Unable to convey fps info to driver,                             performance might be affected
W/[ALVR NATIVE-RUST]( 9527): Video frame queue overflow!
E/CHIUSECASE(  755): chxutils.cpp:1055 FillCameraId() FillCameraId 1 
E/DispSync(  798): Duration <27.861000 ms> is out of range, resync
E/CHIUSECASE(  755): chxutils.cpp:1055 FillCameraId() FillCameraId 1 
E/OMX-VDEC-1080P( 1018): Unable to convey fps info to driver,                             performance might be affected
W/[ALVR NATIVE-RUST]( 9527): Video frame queue overflow!
E/CHIUSECASE(  755): chxutils.cpp:1055 FillCameraId() FillCameraId 1 
E/OMX-VDEC-1080P( 1018): Unable to convey fps info to driver,                             performance might be affected
W/[ALVR NATIVE-RUST]( 9527): Video frame queue overflow!
E/CHIUSECASE(  755): chxutils.cpp:1055 FillCameraId() FillCameraId 1 
E/OMX-VDEC-1080P( 1018): Unable to convey fps info to driver,                             performance might be affected
W/[ALVR NATIVE-RUST]( 9527): Video frame queue overflow!
E/CHIUSECASE(  755): chxutils.cpp:1055 FillCameraId() FillCameraId 1 
E/DispSync(  798): Duration <27.843000 ms> is out of range, resync
E/CHIUSECASE(  755): chxutils.cpp:1055 FillCameraId() FillCameraId 1 
E/OMX-VDEC-1080P( 1018): Unable to convey fps info to driver,                             performance might be affected
W/[ALVR NATIVE-RUST]( 9527): Video frame queue overflow!
E/OMX-VDEC-1080P( 1018): Unable to convey fps info to driver,                             performance might be affected
E/CHIUSECASE(  755): chxutils.cpp:1055 FillCameraId() FillCameraId 1 
W/[ALVR NATIVE-RUST]( 9527): Video frame queue overflow!
E/CHIUSECASE(  755): chxutils.cpp:1055 FillCameraId() FillCameraId 1 
E/OMX-VDEC-1080P( 1018): Unable to convey fps info to driver,                             performance might be affected
W/[ALVR NATIVE-RUST]( 9527): Video frame queue overflow!
E/CHIUSECASE(  755): chxutils.cpp:1055 FillCameraId() FillCameraId 1 
E/OMX-VDEC-1080P( 1018): Unable to convey fps info to driver,                             performance might be affected
W/[ALVR NATIVE-RUST]( 9527): Video frame queue overflow!
E/CHIUSECASE(  755): chxutils.cpp:1055 FillCameraId() FillCameraId 1 
E/CHIUSECASE(  755): chxutils.cpp:1055 FillCameraId() FillCameraId 1 
E/OMX-VDEC-1080P( 1018): Unable to convey fps info to driver,                             performance might be affected
W/[ALVR NATIVE-RUST]( 9527): Video frame queue overflow!
E/CHIUSECASE(  755): chxutils.cpp:1055 FillCameraId() FillCameraId 1 
W/[ALVR NATIVE-RUST]( 9527): Video frame queue overflow!
E/CHIUSECASE(  755): chxutils.cpp:1055 FillCameraId() FillCameraId 1 
E/DispSync(  798): Duration <27.832001 ms> is out of range, resync
E/OMX-VDEC-1080P( 1018): Unable to convey fps info to driver,                             performance might be affected
W/[ALVR NATIVE-RUST]( 9527): Video frame queue overflow!
E/CHIUSECASE(  755): chxutils.cpp:1055 FillCameraId() FillCameraId 1 
E/OMX-VDEC-1080P( 1018): Unable to convey fps info to driver,                             performance might be affected
E/CHIUSECASE(  755): chxutils.cpp:1055 FillCameraId() FillCameraId 1 
W/[ALVR NATIVE-RUST]( 9527): Video frame queue overflow!
E/OMX-VDEC-1080P( 1018): Unable to convey fps info to driver,                             performance might be affected
E/CHIUSECASE(  755): chxutils.cpp:1055 FillCameraId() FillCameraId 1 
W/[ALVR NATIVE-RUST]( 9527): Video frame queue overflow!
E/CHIUSECASE(  755): chxutils.cpp:1055 FillCameraId() FillCameraId 1 
E/OMX-VDEC-1080P( 1018): Unable to convey fps info to driver,                             performance might be affected
W/[ALVR NATIVE-RUST]( 9527): Video frame queue overflow!
E/CHIUSECASE(  755): chxutils.cpp:1055 FillCameraId() FillCameraId 1 
E/CHIUSECASE(  755): chxutils.cpp:1055 FillCameraId() FillCameraId 1 
E/OMX-VDEC-1080P( 1018): Unable to convey fps info to driver,                             performance might be affected
W/[ALVR NATIVE-RUST]( 9527): Video frame queue overflow!
E/DispSync(  798): Duration <27.847000 ms> is out of range, resync
E/OMX-VDEC-1080P( 1018): Unable to convey fps info to driver,                             performance might be affected
W/[ALVR NATIVE-RUST]( 9527): Video frame queue overflow!
E/CHIUSECASE(  755): chxutils.cpp:1055 FillCameraId() FillCameraId 1 
E/OMX-VDEC-1080P( 1018): Unable to convey fps info to driver,                             performance might be affected
W/[ALVR NATIVE-RUST]( 9527): Video frame queue overflow!
E/CHIUSECASE(  755): chxutils.cpp:1055 FillCameraId() FillCameraId 1 
D/NtpTrustedTime( 1294): currentTimeMillis() cache hit
E/CHIUSECASE(  755): chxutils.cpp:1055 FillCameraId() FillCameraId 1 
I/P2ALVR-native( 9527): REAL_TIME_CONFIG: no foveation change
E/OMX-VDEC-1080P( 1018): Unable to convey fps info to driver,                             performance might be affected
W/[ALVR NATIVE-RUST]( 9527): Video frame queue overflow!
E/CHIUSECASE(  755): chxutils.cpp:1055 FillCameraId() FillCameraId 1 
D/NtpTrustedTime( 1294): currentTimeMillis() cache hit
E/OMX-VDEC-1080P( 1018): Unable to convey fps info to driver,                             performance might be affected
W/[ALVR NATIVE-RUST]( 9527): Video frame queue overflow!
E/CHIUSECASE(  755): chxutils.cpp:1055 FillCameraId() FillCameraId 1 
E/DispSync(  798): Duration <27.840000 ms> is out of range, resync
E/OMX-VDEC-1080P( 1018): Unable to convey fps info to driver,                             performance might be affected
W/[ALVR NATIVE-RUST]( 9527): Video frame queue overflow!
E/CHIUSECASE(  755): chxutils.cpp:1055 FillCameraId() FillCameraId 1 
E/CHIUSECASE(  755): chxutils.cpp:1055 FillCameraId() FillCameraId 1 
E/OMX-VDEC-1080P( 1018): Unable to convey fps info to driver,                             performance might be affected
W/[ALVR NATIVE-RUST]( 9527): Video frame queue overflow!
E/CHIUSECASE(  755): chxutils.cpp:1055 FillCameraId() FillCameraId 1 
E/OMX-VDEC-1080P( 1018): Unable to convey fps info to driver,                             performance might be affected
W/[ALVR NATIVE-RUST]( 9527): Video frame queue overflow!
E/DispSync(  798): Duration <27.834999 ms> is out of range, resync
E/CHIUSECASE(  755): chxutils.cpp:1055 FillCameraId() FillCameraId 1 
E/OMX-VDEC-1080P( 1018): Unable to convey fps info to driver,                             performance might be affected
W/[ALVR NATIVE-RUST]( 9527): Video frame queue overflow!
E/CHIUSECASE(  755): chxutils.cpp:1055 FillCameraId() FillCameraId 1 
E/OMX-VDEC-1080P( 1018): Unable to convey fps info to driver,                             performance might be affected
E/CHIUSECASE(  755): chxutils.cpp:1055 FillCameraId() FillCameraId 1 
W/[ALVR NATIVE-RUST]( 9527): Video frame queue overflow!
E/OMX-VDEC-1080P( 1018): Unable to convey fps info to driver,                             performance might be affected
W/[ALVR NATIVE-RUST]( 9527): Video frame queue overflow!
E/CHIUSECASE(  755): chxutils.cpp:1055 FillCameraId() FillCameraId 1 
E/CHIUSECASE(  755): chxutils.cpp:1055 FillCameraId() FillCameraId 1 
E/OMX-VDEC-1080P( 1018): Unable to convey fps info to driver,                             performance might be affected
W/[ALVR NATIVE-RUST]( 9527): Video frame queue overflow!
E/CHIUSECASE(  755): chxutils.cpp:1055 FillCameraId() FillCameraId 1 
E/DispSync(  798): Duration <27.839001 ms> is out of range, resync
E/OMX-VDEC-1080P( 1018): Unable to convey fps info to driver,                             performance might be affected
W/[ALVR NATIVE-RUST]( 9527): Video frame queue overflow!
E/CHIUSECASE(  755): chxutils.cpp:1055 FillCameraId() FillCameraId 1 
E/OMX-VDEC-1080P( 1018): Unable to convey fps info to driver,                             performance might be affected
W/[ALVR NATIVE-RUST]( 9527): Video frame queue overflow!
E/CHIUSECASE(  755): chxutils.cpp:1055 FillCameraId() FillCameraId 1 
E/OMX-VDEC-1080P( 1018): Unable to convey fps info to driver,                             performance might be affected
E/CHIUSECASE(  755): chxutils.cpp:1055 FillCameraId() FillCameraId 1 
W/[ALVR NATIVE-RUST]( 9527): Video frame queue overflow!
E/CHIUSECASE(  755): chxutils.cpp:1055 FillCameraId() FillCameraId 1 
E/OMX-VDEC-1080P( 1018): Unable to convey fps info to driver,                             performance might be affected
W/[ALVR NATIVE-RUST]( 9527): Video frame queue overflow!
E/CHIUSECASE(  755): chxutils.cpp:1055 FillCameraId() FillCameraId 1 
E/OMX-VDEC-1080P( 1018): Unable to convey fps info to driver,                             performance might be affected
W/[ALVR NATIVE-RUST]( 9527): Video frame queue overflow!
E/CHIUSECASE(  755): chxutils.cpp:1055 FillCameraId() FillCameraId 1 
E/DispSync(  798): Duration <27.837999 ms> is out of range, resync
E/OMX-VDEC-1080P( 1018): Unable to convey fps info to driver,                             performance might be affected
W/[ALVR NATIVE-RUST]( 9527): Video frame queue overflow!
E/CHIUSECASE(  755): chxutils.cpp:1055 FillCameraId() FillCameraId 1 
E/OMX-VDEC-1080P( 1018): Unable to convey fps info to driver,                             performance might be affected
W/[ALVR NATIVE-RUST]( 9527): Video frame queue overflow!
E/CHIUSECASE(  755): chxutils.cpp:1055 FillCameraId() FillCameraId 1 
E/PvrService( 5931): PvrService getTrackingDataExt ret(0)
E/PvrService( 5931): PvrService getTrackingDataExt rotation(-0.310289, 0.307567, -0.476167, 0.000000)
E/PvrService( 5931): PvrService getTrackingDataExt position(0.000517, 0.006188, 0.001165)
E/CHIUSECASE(  755): chxutils.cpp:1055 FillCameraId() FillCameraId 1 
E/OMX-VDEC-1080P( 1018): Unable to convey fps info to driver,                             performance might be affected
W/[ALVR NATIVE-RUST]( 9527): Video frame queue overflow!
E/CHIUSECASE(  755): chxutils.cpp:1055 FillCameraId() FillCameraId 1 
E/OMX-VDEC-1080P( 1018): Unable to convey fps info to driver,                             performance might be affected
W/[ALVR NATIVE-RUST]( 9527): Video frame queue overflow!
E/CHIUSECASE(  755): chxutils.cpp:1055 FillCameraId() FillCameraId 1 
E/DispSync(  798): Duration <27.843000 ms> is out of range, resync
E/OMX-VDEC-1080P( 1018): Unable to convey fps info to driver,                             performance might be affected
W/[ALVR NATIVE-RUST]( 9527): Video frame queue overflow!
E/CHIUSECASE(  755): chxutils.cpp:1055 FillCameraId() FillCameraId 1 
E/OMX-VDEC-1080P( 1018): Unable to convey fps info to driver,                             performance might be affected
W/[ALVR NATIVE-RUST]( 9527): Video frame queue overflow!
E/CHIUSECASE(  755): chxutils.cpp:1055 FillCameraId() FillCameraId 1 
E/OMX-VDEC-1080P( 1018): Unable to convey fps info to driver,                             performance might be affected
W/[ALVR NATIVE-RUST]( 9527): Video frame queue overflow!
E/CHIUSECASE(  755): chxutils.cpp:1055 FillCameraId() FillCameraId 1 
E/DispSync(  798): Duration <27.802999 ms> is out of range, resync
E/CHIUSECASE(  755): chxutils.cpp:1055 FillCameraId() FillCameraId 1 
E/OMX-VDEC-1080P( 1018): Unable to convey fps info to driver,                             performance might be affected
W/[ALVR NATIVE-RUST]( 9527): Video frame queue overflow!
E/CHIUSECASE(  755): chxutils.cpp:1055 FillCameraId() FillCameraId 1 
E/OMX-VDEC-1080P( 1018): Unable to convey fps info to driver,                             performance might be affected
W/[ALVR NATIVE-RUST]( 9527): Video frame queue overflow!
E/CHIUSECASE(  755): chxutils.cpp:1055 FillCameraId() FillCameraId 1 
E/OMX-VDEC-1080P( 1018): Unable to convey fps info to driver,                             performance might be affected
W/[ALVR NATIVE-RUST]( 9527): Video frame queue overflow!
E/CHIUSECASE(  755): chxutils.cpp:1055 FillCameraId() FillCameraId 1 
E/OMX-VDEC-1080P( 1018): Unable to convey fps info to driver,                             performance might be affected
E/CHIUSECASE(  755): chxutils.cpp:1055 FillCameraId() FillCameraId 1 
W/[ALVR NATIVE-RUST]( 9527): Video frame queue overflow!
E/CHIUSECASE(  755): chxutils.cpp:1055 FillCameraId() FillCameraId 1 
E/DispSync(  798): Duration <27.844999 ms> is out of range, resync
E/OMX-VDEC-1080P( 1018): Unable to convey fps info to driver,                             performance might be affected
W/[ALVR NATIVE-RUST]( 9527): Video frame queue overflow!
E/CHIUSECASE(  755): chxutils.cpp:1055 FillCameraId() FillCameraId 1 
E/OMX-VDEC-1080P( 1018): Unable to convey fps info to driver,                             performance might be affected
E/CHIUSECASE(  755): chxutils.cpp:1055 FillCameraId() FillCameraId 1 
W/[ALVR NATIVE-RUST]( 9527): Video frame queue overflow!
E/OMX-VDEC-1080P( 1018): Unable to convey fps info to driver,                             performance might be affected
W/[ALVR NATIVE-RUST]( 9527): Video frame queue overflow!
E/CHIUSECASE(  755): chxutils.cpp:1055 FillCameraId() FillCameraId 1 
E/CHIUSECASE(  755): chxutils.cpp:1055 FillCameraId() FillCameraId 1 
E/OMX-VDEC-1080P( 1018): Unable to convey fps info to driver,                             performance might be affected
W/[ALVR NATIVE-RUST]( 9527): Video frame queue overflow!
E/CHIUSECASE(  755): chxutils.cpp:1055 FillCameraId() FillCameraId 1 
E/DispSync(  798): Duration <27.853001 ms> is out of range, resync
E/OMX-VDEC-1080P( 1018): Unable to convey fps info to driver,                             performance might be affected
W/[ALVR NATIVE-RUST]( 9527): Video frame queue overflow!
E/CHIUSECASE(  755): chxutils.cpp:1055 FillCameraId() FillCameraId 1 
E/OMX-VDEC-1080P( 1018): Unable to convey fps info to driver,                             performance might be affected
W/[ALVR NATIVE-RUST]( 9527): Video frame queue overflow!
E/CHIUSECASE(  755): chxutils.cpp:1055 FillCameraId() FillCameraId 1 
E/CHIUSECASE(  755): chxutils.cpp:1055 FillCameraId() FillCameraId 1 
E/OMX-VDEC-1080P( 1018): Unable to convey fps info to driver,                             performance might be affected
W/[ALVR NATIVE-RUST]( 9527): Video frame queue overflow!
E/CHIUSECASE(  755): chxutils.cpp:1055 FillCameraId() FillCameraId 1 
E/OMX-VDEC-1080P( 1018): Unable to convey fps info to driver,                             performance might be affected
W/[ALVR NATIVE-RUST]( 9527): Video frame queue overflow!
E/CHIUSECASE(  755): chxutils.cpp:1055 FillCameraId() FillCameraId 1 
E/OMX-VDEC-1080P( 1018): Unable to convey fps info to driver,                             performance might be affected
W/[ALVR NATIVE-RUST]( 9527): Video frame queue overflow!
E/CHIUSECASE(  755): chxutils.cpp:1055 FillCameraId() FillCameraId 1 
E/DispSync(  798): Duration <27.853001 ms> is out of range, resync
E/OMX-VDEC-1080P( 1018): Unable to convey fps info to driver,                             performance might be affected
W/[ALVR NATIVE-RUST]( 9527): Video frame queue overflow!
E/CHIUSECASE(  755): chxutils.cpp:1055 FillCameraId() FillCameraId 1 
E/OMX-VDEC-1080P( 1018): Unable to convey fps info to driver,                             performance might be affected
W/[ALVR NATIVE-RUST]( 9527): Video frame queue overflow!
E/CHIUSECASE(  755): chxutils.cpp:1055 FillCameraId() FillCameraId 1 
E/OMX-VDEC-1080P( 1018): Unable to convey fps info to driver,                             performance might be affected
W/[ALVR NATIVE-RUST]( 9527): Video frame queue overflow!
E/CHIUSECASE(  755): chxutils.cpp:1055 FillCameraId() FillCameraId 1 
E/CHIUSECASE(  755): chxutils.cpp:1055 FillCameraId() FillCameraId 1 
E/OMX-VDEC-1080P( 1018): Unable to convey fps info to driver,                             performance might be affected
W/[ALVR NATIVE-RUST]( 9527): Video frame queue overflow!
E/CHIUSECASE(  755): chxutils.cpp:1055 FillCameraId() FillCameraId 1 
E/DispSync(  798): Duration <27.849001 ms> is out of range, resync
E/OMX-VDEC-1080P( 1018): Unable to convey fps info to driver,                             performance might be affected
W/[ALVR NATIVE-RUST]( 9527): Video frame queue overflow!
E/CHIUSECASE(  755): chxutils.cpp:1055 FillCameraId() FillCameraId 1 
E/OMX-VDEC-1080P( 1018): Unable to convey fps info to driver,                             performance might be affected
W/[ALVR NATIVE-RUST]( 9527): Video frame queue overflow!
E/CHIUSECASE(  755): chxutils.cpp:1055 FillCameraId() FillCameraId 1 
E/CHIUSECASE(  755): chxutils.cpp:1055 FillCameraId() FillCameraId 1 
E/OMX-VDEC-1080P( 1018): Unable to convey fps info to driver,                             performance might be affected
W/[ALVR NATIVE-RUST]( 9527): Video frame queue overflow!
E/CHIUSECASE(  755): chxutils.cpp:1055 FillCameraId() FillCameraId 1 
E/DispSync(  798): Duration <27.857000 ms> is out of range, resync
E/CHIUSECASE(  755): chxutils.cpp:1055 FillCameraId() FillCameraId 1 
E/OMX-VDEC-1080P( 1018): Unable to convey fps info to driver,                             performance might be affected
W/[ALVR NATIVE-RUST]( 9527): Video frame queue overflow!
I/Thread-2( 9527): type=1400 audit(0.0:3969): avc: denied { search } for name="battery" dev="sysfs" ino=54415 scontext=u:r:untrusted_app:s0:c512,c768 tcontext=u:object_r:sysfs_battery_supply:s0 tclass=dir permissive=1
E/CHIUSECASE(  755): chxutils.cpp:1055 FillCameraId() FillCameraId 1 
E/OMX-VDEC-1080P( 1018): Unable to convey fps info to driver,                             performance might be affected
W/[ALVR NATIVE-RUST]( 9527): Video frame queue overflow!
E/OMX-VDEC-1080P( 1018): Unable to convey fps info to driver,                             performance might be affected
E/CHIUSECASE(  755): chxutils.cpp:1055 FillCameraId() FillCameraId 1 
W/[ALVR NATIVE-RUST]( 9527): Video frame queue overflow!
D/SurfaceFlinger(  798): Vsync watchDog is alive
D/SurfaceFlinger(  798): WatchDog:Not sync with hareware reach 0.0 seconds.
E/CHIUSECASE(  755): chxutils.cpp:1055 FillCameraId() FillCameraId 1 
E/OMX-VDEC-1080P( 1018): Unable to convey fps info to driver,                             performance might be affected
W/[ALVR NATIVE-RUST]( 9527): Video frame queue overflow!
E/CHIUSECASE(  755): chxutils.cpp:1055 FillCameraId() FillCameraId 1 
E/OMX-VDEC-1080P( 1018): Unable to convey fps info to driver,                             performance might be affected
W/[ALVR NATIVE-RUST]( 9527): Video frame queue overflow!
E/DispSync(  798): Duration <27.874001 ms> is out of range, resync
E/CHIUSECASE(  755): chxutils.cpp:1055 FillCameraId() FillCameraId 1 
E/OMX-VDEC-1080P( 1018): Unable to convey fps info to driver,                             performance might be affected
W/[ALVR NATIVE-RUST]( 9527): Video frame queue overflow!
E/CHIUSECASE(  755): chxutils.cpp:1055 FillCameraId() FillCameraId 1 
E/OMX-VDEC-1080P( 1018): Unable to convey fps info to driver,                             performance might be affected
W/[ALVR NATIVE-RUST]( 9527): Video frame queue overflow!
E/CHIUSECASE(  755): chxutils.cpp:1055 FillCameraId() FillCameraId 1 
E/OMX-VDEC-1080P( 1018): Unable to convey fps info to driver,                             performance might be affected
W/[ALVR NATIVE-RUST]( 9527): Video frame queue overflow!
E/CHIUSECASE(  755): chxutils.cpp:1055 FillCameraId() FillCameraId 1 
E/CHIUSECASE(  755): chxutils.cpp:1055 FillCameraId() FillCameraId 1 
E/DispSync(  798): Duration <27.844999 ms> is out of range, resync
E/OMX-VDEC-1080P( 1018): Unable to convey fps info to driver,                             performance might be affected
W/[ALVR NATIVE-RUST]( 9527): Video frame queue overflow!
E/CHIUSECASE(  755): chxutils.cpp:1055 FillCameraId() FillCameraId 1 
E/OMX-VDEC-1080P( 1018): Unable to convey fps info to driver,                             performance might be affected
W/[ALVR NATIVE-RUST]( 9527): Video frame queue overflow!
E/CHIUSECASE(  755): chxutils.cpp:1055 FillCameraId() FillCameraId 1 
E/OMX-VDEC-1080P( 1018): Unable to convey fps info to driver,                             performance might be affected
W/[ALVR NATIVE-RUST]( 9527): Video frame queue overflow!
E/CHIUSECASE(  755): chxutils.cpp:1055 FillCameraId() FillCameraId 1 
E/OMX-VDEC-1080P( 1018): Unable to convey fps info to driver,                             performance might be affected
E/CHIUSECASE(  755): chxutils.cpp:1055 FillCameraId() FillCameraId 1 
E/DispSync(  798): Duration <27.820000 ms> is out of range, resync
W/[ALVR NATIVE-RUST]( 9527): Video frame queue overflow!
E/CHIUSECASE(  755): chxutils.cpp:1055 FillCameraId() FillCameraId 1 
E/OMX-VDEC-1080P( 1018): Unable to convey fps info to driver,                             performance might be affected
W/[ALVR NATIVE-RUST]( 9527): Video frame queue overflow!
E/CHIUSECASE(  755): chxutils.cpp:1055 FillCameraId() FillCameraId 1 
E/OMX-VDEC-1080P( 1018): Unable to convey fps info to driver,                             performance might be affected
W/[ALVR NATIVE-RUST]( 9527): Video frame queue overflow!
E/CHIUSECASE(  755): chxutils.cpp:1055 FillCameraId() FillCameraId 1 
E/CHIUSECASE(  755): chxutils.cpp:1055 FillCameraId() FillCameraId 1 
E/OMX-VDEC-1080P( 1018): Unable to convey fps info to driver,                             performance might be affected
W/[ALVR NATIVE-RUST]( 9527): Video frame queue overflow!
E/OMX-VDEC-1080P( 1018): Unable to convey fps info to driver,                             performance might be affected
E/DispSync(  798): Duration <27.850000 ms> is out of range, resync
E/CHIUSECASE(  755): chxutils.cpp:1055 FillCameraId() FillCameraId 1 
W/[ALVR NATIVE-RUST]( 9527): Video frame queue overflow!
E/OMX-VDEC-1080P( 1018): Unable to convey fps info to driver,                             performance might be affected
E/CHIUSECASE(  755): chxutils.cpp:1055 FillCameraId() FillCameraId 1 
W/[ALVR NATIVE-RUST]( 9527): Video frame queue overflow!
E/CHIUSECASE(  755): chxutils.cpp:1055 FillCameraId() FillCameraId 1 
E/OMX-VDEC-1080P( 1018): Unable to convey fps info to driver,                             performance might be affected
W/[ALVR NATIVE-RUST]( 9527): Video frame queue overflow!
E/CHIUSECASE(  755): chxutils.cpp:1055 FillCameraId() FillCameraId 1 
E/OMX-VDEC-1080P( 1018): Unable to convey fps info to driver,                             performance might be affected
W/[ALVR NATIVE-RUST]( 9527): Video frame queue overflow!
E/CHIUSECASE(  755): chxutils.cpp:1055 FillCameraId() FillCameraId 1 
E/DispSync(  798): Duration <27.912001 ms> is out of range, resync
E/CHIUSECASE(  755): chxutils.cpp:1055 FillCameraId() FillCameraId 1 
E/OMX-VDEC-1080P( 1018): Unable to convey fps info to driver,                             performance might be affected
I/WindowManager( 1294): sendDatatoSurfaceFligner transactId: 2001 mode : 0
E/SurfaceFlinger(  798): Get Key code:26
D/2DToVR  (  798): VRScene::onKeyPressed: 26, 0, 1.
W/[ALVR NATIVE-RUST]( 9527): Video frame queue overflow!
I/factorytest( 1294): KeyEvent.KEYCODE_POWER press
I/Unity   (10669): VRShell------->OnEventChanged = 0|26
I/Unity   (10669): MainScreen:OnEventChanged(String)
I/Unity   (10669):  
I/Unity   (10669): (Filename: ./Runtime/Export/Debug.bindings.h Line: 45)
I/Unity   (10669): 
E/CHIUSECASE(  755): chxutils.cpp:1055 FillCameraId() FillCameraId 1 
E/OMX-VDEC-1080P( 1018): Unable to convey fps info to driver,                             performance might be affected
W/[ALVR NATIVE-RUST]( 9527): Video frame queue overflow!
E/CHIUSECASE(  755): chxutils.cpp:1055 FillCameraId() FillCameraId 1 
E/OMX-VDEC-1080P( 1018): Unable to convey fps info to driver,                             performance might be affected
W/[ALVR NATIVE-RUST]( 9527): Video frame queue overflow!
E/CHIUSECASE(  755): chxutils.cpp:1055 FillCameraId() FillCameraId 1 
E/CHIUSECASE(  755): chxutils.cpp:1055 FillCameraId() FillCameraId 1 
E/OMX-VDEC-1080P( 1018): Unable to convey fps info to driver,                             performance might be affected
W/[ALVR NATIVE-RUST]( 9527): Video frame queue overflow!
E/CHIUSECASE(  755): chxutils.cpp:1055 FillCameraId() FillCameraId 1 
E/DispSync(  798): Duration <27.848000 ms> is out of range, resync
E/OMX-VDEC-1080P( 1018): Unable to convey fps info to driver,                             performance might be affected
W/[ALVR NATIVE-RUST]( 9527): Video frame queue overflow!
E/CHIUSECASE(  755): chxutils.cpp:1055 FillCameraId() FillCameraId 1 
E/OMX-VDEC-1080P( 1018): Unable to convey fps info to driver,                             performance might be affected
W/[ALVR NATIVE-RUST]( 9527): Video frame queue overflow!
E/CHIUSECASE(  755): chxutils.cpp:1055 FillCameraId() FillCameraId 1 
E/OMX-VDEC-1080P( 1018): Unable to convey fps info to driver,                             performance might be affected
W/[ALVR NATIVE-RUST]( 9527): Video frame queue overflow!
E/CHIUSECASE(  755): chxutils.cpp:1055 FillCameraId() FillCameraId 1 
E/OMX-VDEC-1080P( 1018): Unable to convey fps info to driver,                             performance might be affected
W/[ALVR NATIVE-RUST]( 9527): Video frame queue overflow!
E/CHIUSECASE(  755): chxutils.cpp:1055 FillCameraId() FillCameraId 1 
D/PvrServiceClient(10669): newTrackerClient getTrackingResultExt svrHeadPoseStateOutput[3] 0.056946,-0.005840,-0.001172,-0.998359,0.090049,-0.285026,-0.015320	[5944933457591]	[26.052050]
E/DispSync(  798): Duration <27.823999 ms> is out of range, resync
E/CHIUSECASE(  755): chxutils.cpp:1055 FillCameraId() FillCameraId 1 
E/OMX-VDEC-1080P( 1018): Unable to convey fps info to driver,                             performance might be affected
W/[ALVR NATIVE-RUST]( 9527): Video frame queue overflow!
E/CHIUSECASE(  755): chxutils.cpp:1055 FillCameraId() FillCameraId 1 
E/OMX-VDEC-1080P( 1018): Unable to convey fps info to driver,                             performance might be affected
W/[ALVR NATIVE-RUST]( 9527): Video frame queue overflow!
D/NtpTrustedTime( 1294): currentTimeMillis() cache hit
E/CHIUSECASE(  755): chxutils.cpp:1055 FillCameraId() FillCameraId 1 
E/OMX-VDEC-1080P( 1018): Unable to convey fps info to driver,                             performance might be affected
W/[ALVR NATIVE-RUST]( 9527): Video frame queue overflow!
D/NtpTrustedTime( 1294): currentTimeMillis() cache hit
E/CHIUSECASE(  755): chxutils.cpp:1055 FillCameraId() FillCameraId 1 
I/WindowManager( 1294): sendDatatoSurfaceFligner transactId: 2001 mode : 1
E/SurfaceFlinger(  798): Get Key code:26
D/2DToVR  (  798): VRScene::onKeyPressed: 26, 0, 0.
I/factorytest( 1294): KeyEvent.KEYCODE_POWER press
I/VRBoundary(10669): handleKeyUpEvent KeyCode = 26 dialogShow = -1
I/UnityNativeActivityPico(10669): Shell clickPowerkey
I/chatty  ( 1294): uid=1000(system) Binder:1294_12 identical 1 line
D/BatteryService( 1294): battery checkBatteryStatus temp is 320 hasShowBatteryShut is false hasShowBatteryLimit is false
I/PowerManagerService( 1294): Going to sleep due to power button (uid 1000)...
I/WindowManager( 1294): sendDatatoSurfaceFligner transactId: 2001 mode : 0
D/KeyguardViewMediator( 1540): onStartedGoingToSleep(2)
I/InputReader( 1294): type=1400 audit(0.0:3970): avc: denied { call } for scontext=u:r:system_server:s0 tcontext=u:r:pvrservice:s0 tclass=binder permissive=1
I/PvrService( 5931): OnTransact:code=2002
E/PowerManagerService( 1294): notifyPvrservice sucessfully: 2002:3
E/SurfaceFlinger(  798): Get Key code:127
D/2DToVR  (  798): VRScene::onKeyPressed: 127, 0, 1.
I/PowerManagerService( 1294): Sleeping (uid 1000)...
I/DisplayPowerController( 1294): Blocking screen off
I/DisplayPowerController( 1294): Unblocked screen off after 0 ms
D/ActivityTrigger( 1294): ActivityTrigger activityPauseTrigger 
I/Unity   (10669): VRShell------->OnEventChanged = 1|26
I/Unity   (10669): MainScreen:OnEventChanged(String)
I/Unity   (10669):  
I/Unity   (10669): (Filename: ./Runtime/Export/Debug.bindings.h Line: 45)
I/Unity   (10669): 
I/Unity   (10669): VRShell------->OnEventChanged = 0|127
I/Unity   (10669): MainScreen:OnEventChanged(String)
I/Unity   (10669):  
I/Unity   (10669): (Filename: ./Runtime/Export/Debug.bindings.h Line: 45)
I/Unity   (10669): 
E/OMX-VDEC-1080P( 1018): Unable to convey fps info to driver,                             performance might be affected
I/sensors-hal(  766): activate:128, android.sensor.device_orientation/24 en=0
I/PvrService( 5931): OnTransact:code=2004
D/PvrService( 5931): Get key event:keyCode=127, keyStatus=1, repeatCount=0
I/sensors-hal(  766): activate:139, android.sensor.device_orientation/24 en=0 completed
I/PVRShell(10669): PVRShell.onKeyDown, keyCode = 127
I/DisplayManagerService( 1294): Display device changed state: "Built-in Screen", OFF
I/WindowManager( 1294): sendDatatoSurfaceFligner transactId: 2001 mode : 1
D/KeyguardViewMediator( 1540): notifyStartedGoingToSleep
I/PowerManagerSer( 1294): type=1400 audit(0.0:3971): avc: denied { write } for name="disable_chg" dev="debugfs" ino=15897 scontext=u:r:system_server:s0 tcontext=u:object_r:debugfs:s0 tclass=file permissive=1
D/UnityNativeActivityPico(10669): onPause
D/KeyguardViewMediator( 1540): notifyScreenTurnedOff
E/SurfaceFlinger(  798): Get Key code:127
D/2DToVR  (  798): VRScene::onKeyPressed: 127, 0, 0.
I/PvrPlatform( 5931): getCPULevel:0 0
I/PvrPlatform( 5931): getGPULevel:0 0
I/VRBoundary(10669): handleKeyUpEvent KeyCode = 127 dialogShow = -1
W/[ALVR NATIVE-RUST]( 9527): Video frame queue overflow!
D/VRConfigUtils(10669): save level 00
D/VRConfigUtils(10669): reset level
I/UnityPlugin(10669): PVR_SetCpuLevel  level 0
I/PvrPlatform( 5931): setCPULevel:0 1
I/WindowManager( 1294): sendDatatoSurfaceFligner transactId: 2001 mode : 0
I/PvrService( 5931): OnTransact:code=2004
D/PvrService( 5931): Get key event:keyCode=127, keyStatus=0, repeatCount=0
I/InputManager-JNI( 1294): Viewport [1] to add: virtual:com.pvr.vrshell:277f1a09-b88d-4d1e-8716-796f114d09cd
I/InputReader( 1294): Reconfiguring input devices.  changes=0x00000004
I/InputReader( 1294):   Touch device 'pvr-virtual-input-2' could not query the properties of its associated display.  The device will be inoperable until the display size becomes available.
E/SurfaceFlinger(  798): Get Key code:127
D/2DToVR  (  798): VRScene::onKeyPressed: 127, 0, 1.
I/PvrService( 5931): OnTransact:code=2004
D/PvrService( 5931): Get key event:keyCode=127, keyStatus=1, repeatCount=0
E/CHIUSECASE(  755): chxutils.cpp:1055 FillCameraId() FillCameraId 1 
E/DispSync(  798): Duration <27.833000 ms> is out of range, resync
D/SurfaceFlinger(  798): Set power mode=0, type=0 flinger=0x774585c000
V/KeyguardUpdateMonitor( 1540): startListeningForFingerprint()
D/KeyguardViewMediator( 1540): handleNotifyStartedGoingToSleep
D/KeyguardViewMediator( 1540): handleNotifyScreenTurnedOff
E/CHIUSECASE(  755): chxutils.cpp:1055 FillCameraId() FillCameraId 1 
E/OMX-VDEC-1080P( 1018): Unable to convey fps info to driver,                             performance might be affected
I/SDM     (  761): DisplayBase::SetDisplayState: Set state = 0, display 0
W/[ALVR NATIVE-RUST]( 9527): Video frame queue overflow!
I/P2ALVR-native( 9527): REAL_TIME_CONFIG: no foveation change
I/sh      (10839): type=1400 audit(0.0:3972): avc: denied { write } for name="scaling_governor" dev="sysfs" ino=43635 scontext=u:r:pvrservice:s0 tcontext=u:object_r:sysfs_devices_system_cpu:s0 tclass=file permissive=1
E/CHIUSECASE(  755): chxutils.cpp:1055 FillCameraId() FillCameraId 1 
I/Unity   (10669): VRShell------->OnEventChanged = 1|127
I/Unity   (10669): MainScreen:OnEventChanged(String)
I/Unity   (10669):  
I/Unity   (10669): (Filename: ./Runtime/Export/Debug.bindings.h Line: 45)
I/Unity   (10669): 
I/Unity   (10669): VRShell------->OnEventChanged = 0|127
I/Unity   (10669): MainScreen:OnEventChanged(String)
I/Unity   (10669):  
I/Unity   (10669): (Filename: ./Runtime/Export/Debug.bindings.h Line: 45)
I/Unity   (10669): 
E/OMX-VDEC-1080P( 1018): Unable to convey fps info to driver,                             performance might be affected
W/[ALVR NATIVE-RUST]( 9527): Video frame queue overflow!
E/CHIUSECASE(  755): chxutils.cpp:1055 FillCameraId() FillCameraId 1 
I/Thread-2( 9527): type=1400 audit(0.0:3973): avc: denied { call } for scontext=u:r:untrusted_app:s0:c512,c768 tcontext=u:r:pvrservice:s0 tclass=binder permissive=1
E/OMX-VDEC-1080P( 1018): Unable to convey fps info to driver,                             performance might be affected
W/[ALVR NATIVE-RUST]( 9527): Video frame queue overflow!
E/CHIUSECASE(  755): chxutils.cpp:1055 FillCameraId() FillCameraId 1 
I/GlUtils (10669): DIATW GL_Finish EGL_TIMEOUT_EXPIRED_KHR
E/OMX-VDEC-1080P( 1018): Unable to convey fps info to driver,                             performance might be affected
E/CHIUSECASE(  755): chxutils.cpp:1055 FillCameraId() FillCameraId 1 
W/[ALVR NATIVE-RUST]( 9527): Video frame queue overflow!
E/OMX-VDEC-1080P( 1018): Unable to convey fps info to driver,                             performance might be affected
W/[ALVR NATIVE-RUST]( 9527): Video frame queue overflow!
E/CHIUSECASE(  755): chxutils.cpp:1055 FillCameraId() FillCameraId 1 
E/CHIUSECASE(  755): chxutils.cpp:1055 FillCameraId() FillCameraId 1 
E/OMX-VDEC-1080P( 1018): Unable to convey fps info to driver,                             performance might be affected
W/[ALVR NATIVE-RUST]( 9527): Video frame queue overflow!
E/CHIUSECASE(  755): chxutils.cpp:1055 FillCameraId() FillCameraId 1 
E/OMX-VDEC-1080P( 1018): Unable to convey fps info to driver,                             performance might be affected
W/[ALVR NATIVE-RUST]( 9527): Video frame queue overflow!
E/CHIUSECASE(  755): chxutils.cpp:1055 FillCameraId() FillCameraId 1 
E/OMX-VDEC-1080P( 1018): Unable to convey fps info to driver,                             performance might be affected
W/[ALVR NATIVE-RUST]( 9527): Video frame queue overflow!
E/CHIUSECASE(  755): chxutils.cpp:1055 FillCameraId() FillCameraId 1 
E/CHIUSECASE(  755): chxutils.cpp:1055 FillCameraId() FillCameraId 1 
E/OMX-VDEC-1080P( 1018): Unable to convey fps info to driver,                             performance might be affected
W/[ALVR NATIVE-RUST]( 9527): Video frame queue overflow!
E/CHIUSECASE(  755): chxutils.cpp:1055 FillCameraId() FillCameraId 1 
E/OMX-VDEC-1080P( 1018): Unable to convey fps info to driver,                             performance might be affected
W/[ALVR NATIVE-RUST]( 9527): Video frame queue overflow!
E/CHIUSECASE(  755): chxutils.cpp:1055 FillCameraId() FillCameraId 1 
E/OMX-VDEC-1080P( 1018): Unable to convey fps info to driver,                             performance might be affected
W/[ALVR NATIVE-RUST]( 9527): Video frame queue overflow!
E/CHIUSECASE(  755): chxutils.cpp:1055 FillCameraId() FillCameraId 1 
E/CHIUSECASE(  755): chxutils.cpp:1055 FillCameraId() FillCameraId 1 
E/OMX-VDEC-1080P( 1018): Unable to convey fps info to driver,                             performance might be affected
W/[ALVR NATIVE-RUST]( 9527): Video frame queue overflow!
E/CHIUSECASE(  755): chxutils.cpp:1055 FillCameraId() FillCameraId 1 
E/OMX-VDEC-1080P( 1018): Unable to convey fps info to driver,                             performance might be affected
W/[ALVR NATIVE-RUST]( 9527): Video frame queue overflow!
I/PvrPlatform( 5931): svrSetPerformanceLevels CPU level[0] B[2803200] done
I/UnityPlugin(10669): PVR_SetGpuLevel_ level 0
I/PvrPlatform( 5931): setGPULevel:0 1
I/com.pvr.vrshell(10669): type=1400 audit(0.0:3974): avc: denied { call } for scontext=u:r:system_app:s0 tcontext=u:r:pvrservice:s0 tclass=binder permissive=1
E/CHIUSECASE(  755): chxutils.cpp:1055 FillCameraId() FillCameraId 1 
E/OMX-VDEC-1080P( 1018): Unable to convey fps info to driver,                             performance might be affected
W/[ALVR NATIVE-RUST]( 9527): Video frame queue overflow!
I/callBackThread( 9527): type=1400 audit(0.0:3975): avc: denied { read } for scontext=u:r:untrusted_app:s0:c512,c768 tcontext=u:r:pvrservice:s0 tclass=unix_stream_socket permissive=1
I/sh      (10851): type=1400 audit(0.0:3976): avc: denied { search } for name="kgsl-3d0" dev="sysfs" ino=49019 scontext=u:r:pvrservice:s0 tcontext=u:object_r:sysfs_kgsl:s0 tclass=dir permissive=1
I/sh      (10851): type=1400 audit(0.0:3977): avc: denied { read } for name="devfreq" dev="sysfs" ino=49330 scontext=u:r:pvrservice:s0 tcontext=u:object_r:sysfs_kgsl:s0 tclass=lnk_file permissive=1
I/sh      (10851): type=1400 audit(0.0:3978): avc: denied { write } for name="governor" dev="sysfs" ino=49168 scontext=u:r:pvrservice:s0 tcontext=u:object_r:sysfs_kgsl:s0 tclass=file permissive=1
I/sh      (10851): type=1400 audit(0.0:3979): avc: denied { open } for path="/sys/devices/platform/soc/5000000.qcom,kgsl-3d0/devfreq/5000000.qcom,kgsl-3d0/governor" dev="sysfs" ino=49168 scontext=u:r:pvrservice:s0 tcontext=u:object_r:sysfs_kgsl:s0 tclass=file permissive=1
E/CHIUSECASE(  755): chxutils.cpp:1055 FillCameraId() FillCameraId 1 
E/OMX-VDEC-1080P( 1018): Unable to convey fps info to driver,                             performance might be affected
W/[ALVR NATIVE-RUST]( 9527): Video frame queue overflow!
E/CHIUSECASE(  755): chxutils.cpp:1055 FillCameraId() FillCameraId 1 
I/PvrPlatform( 5931): svrSetPerformanceLevels GPU level[0] Freq[710000000] done
I/UnityNativeActivityPico(10669): onPause set cpu 0
I/UnityPlugin(10669): PVR_SetCpuLevel  level 0
I/PvrPlatform( 5931): setCPULevel:0 1
I/callBackThread( 2550): type=1400 audit(0.0:3980): avc: denied { read } for scontext=u:r:system_app:s0 tcontext=u:r:pvrservice:s0 tclass=unix_stream_socket permissive=1
E/CHIUSECASE(  755): chxutils.cpp:1055 FillCameraId() FillCameraId 1 
E/OMX-VDEC-1080P( 1018): Unable to convey fps info to driver,                             performance might be affected
W/[ALVR NATIVE-RUST]( 9527): Video frame queue overflow!
I/sh      (10853): type=1400 audit(0.0:3981): avc: denied { write } for name="scaling_governor" dev="sysfs" ino=43635 scontext=u:r:pvrservice:s0 tcontext=u:object_r:sysfs_devices_system_cpu:s0 tclass=file permissive=1
E/CHIUSECASE(  755): chxutils.cpp:1055 FillCameraId() FillCameraId 1 
E/OMX-VDEC-1080P( 1018): Unable to convey fps info to driver,                             performance might be affected
W/[ALVR NATIVE-RUST]( 9527): Video frame queue overflow!
E/CHIUSECASE(  755): chxutils.cpp:1055 FillCameraId() FillCameraId 1 
E/OMX-VDEC-1080P( 1018): Unable to convey fps info to driver,                             performance might be affected
W/[ALVR NATIVE-RUST]( 9527): Video frame queue overflow!
E/CHIUSECASE(  755): chxutils.cpp:1055 FillCameraId() FillCameraId 1 
E/OMX-VDEC-1080P( 1018): Unable to convey fps info to driver,                             performance might be affected
W/[ALVR NATIVE-RUST]( 9527): Video frame queue overflow!
E/CHIUSECASE(  755): chxutils.cpp:1055 FillCameraId() FillCameraId 1 
E/OMX-VDEC-1080P( 1018): Unable to convey fps info to driver,                             performance might be affected
E/CHIUSECASE(  755): chxutils.cpp:1055 FillCameraId() FillCameraId 1 
W/[ALVR NATIVE-RUST]( 9527): Video frame queue overflow!
E/OMX-VDEC-1080P( 1018): Unable to convey fps info to driver,                             performance might be affected
E/CHIUSECASE(  755): chxutils.cpp:1055 FillCameraId() FillCameraId 1 
W/[ALVR NATIVE-RUST]( 9527): Video frame queue overflow!
E/CHIUSECASE(  755): chxutils.cpp:1055 FillCameraId() FillCameraId 1 
E/OMX-VDEC-1080P( 1018): Unable to convey fps info to driver,                             performance might be affected
W/[ALVR NATIVE-RUST]( 9527): Video frame queue overflow!
E/CHIUSECASE(  755): chxutils.cpp:1055 FillCameraId() FillCameraId 1 
D/SurfaceControl( 1294): Excessive delay in setPowerMode()
E/HWComposer(  798): getPresentFence failed for invalid display 1
E/OMX-VDEC-1080P( 1018): Unable to convey fps info to driver,                             performance might be affected
W/[ALVR NATIVE-RUST]( 9527): Video frame queue overflow!
I/QTI PowerHAL(  765): Got set_interactive hint on= 0, count= 4
E/QTI PowerHAL(  765): Error opening /sys/kernel/hbtp/display_pwr: No such file or directory
E/CHIUSECASE(  755): chxutils.cpp:1055 FillCameraId() FillCameraId 1 
D/KeyguardViewMediator( 1540): onFinishedGoingToSleep(2)
D/KeyguardViewMediator( 1540): notifyFinishedGoingToSleep
D/KeyguardViewMediator( 1540): handleNotifyFinishedGoingToSleep
V/KeyguardStatusView( 1540): Schedule setEnableMarquee: Disable
V/KeyguardStatusView( 1540): Disable transport text marquee
V/KeyguardUpdateMonitor( 1540): startListeningForFingerprint()
E/OMX-VDEC-1080P( 1018): Unable to convey fps info to driver,                             performance might be affected
E/HWComposer(  798): getPresentFence failed for invalid display 1
W/[ALVR NATIVE-RUST]( 9527): Video frame queue overflow!
E/CHIUSECASE(  755): chxutils.cpp:1055 FillCameraId() FillCameraId 1 
E/MSM-irqbalance( 1146): IRQ 76 not found in internal structure or should be ignored
E/OMX-VDEC-1080P( 1018): Unable to convey fps info to driver,                             performance might be affected
W/[ALVR NATIVE-RUST]( 9527): Video frame queue overflow!
E/CHIUSECASE(  755): chxutils.cpp:1055 FillCameraId() FillCameraId 1 
E/HWComposer(  798): getPresentFence failed for invalid display 1
E/CHIUSECASE(  755): chxutils.cpp:1055 FillCameraId() FillCameraId 1 
D/CVControllerService( 2550): persist.psensor.sleep.delay = 86400
D/CVControllerService( 2550): persist.psensor.sleep.delay is not null
E/OMX-VDEC-1080P( 1018): Unable to convey fps info to driver,                             performance might be affected
W/[ALVR NATIVE-RUST]( 9527): Video frame queue overflow!
E/HWComposer(  798): getPresentFence failed for invalid display 1
E/CHIUSECASE(  755): chxutils.cpp:1055 FillCameraId() FillCameraId 1 
E/OMX-VDEC-1080P( 1018): Unable to convey fps info to driver,                             performance might be affected
W/[ALVR NATIVE-RUST]( 9527): Video frame queue overflow!
E/HWComposer(  798): getPresentFence failed for invalid display 1
D/CVControllerService( 2550): persist.psensor.screenoff.delay = 86400
D/CVControllerService( 2550): persist.psensor.screenoff.delay is not null
D/CVControllerService( 2550): SCREEN_OFF, Delay=5000
D/CVControllerService( 2550): GO_TO_SLEEP message send to handler
D/CVControllerService( 2550): GO_TO_CLOSESTATION message send to handler
D/CVControllerService( 2550): MSG_FIRST_CONTROLLER_SHUTDOWN message send to handler
D/CVControllerService( 2550): MSG_SECOND_CONTROLLER_SHUTDOWN message send to handler
D/CVControllerService( 2550): handleMessage=====
D/CVControllerService( 2550): MSG_FIRST_CONTROLLER_SHUTDOWN received.
I/VrApi   ( 2550): SetControllerShutdown, stationStatus=0
I/VrApi   ( 2550): Controller shutting down status set 6.
D/CVControllerService( 2550): callbackControlStatus : 6
I/VrApi   ( 2550): Controller shutting down status set block.
D/CVControllerService( 2550): callbackControlStatus : 0
D/CVControllerService( 2550): handleMessage=====
D/CVControllerService( 2550): MSG_CONTROLLER_STATUS
D/ControllerClient( 2244): feedbackControllerStatus unityObjectName == null
I/ControllerClient(10669): feedbackControllerStatus
D/ControllerClient( 3002): feedbackControllerStatus unityObjectName == null
D/ControllerClient( 9527): feedbackControllerStatus unityObjectName == null
D/CVControllerService( 2550): handleMessage=====
D/CVControllerService( 2550): MSG_CONTROLLER_STATUS
D/ControllerClient( 2244): feedbackControllerStatus unityObjectName == null
I/ControllerClient(10669): feedbackControllerStatus
D/ControllerClient( 3002): feedbackControllerStatus unityObjectName == null
E/CHIUSECASE(  755): chxutils.cpp:1055 FillCameraId() FillCameraId 1 
D/ControllerClient( 9527): feedbackControllerStatus unityObjectName == null
D/WigigStateMachine( 1294): handleMessage: E msg.what=14221407
D/WigigStateMachine( 1294): processMsg: InitialState
D/WigigStateMachine( 1294):  InitialState CMD_SCREEN_STATE_CHANGED
D/WigigStateMachine( 1294): processMsg: DefaultState
D/WigigStateMachine( 1294):  DefaultState CMD_SCREEN_STATE_CHANGED
E/WigigStateMachine( 1294): Error! unhandled message{ when=0 what=14221407 target=com.android.internal.util.StateMachine$SmHandler }
D/WigigStateMachine( 1294): handleMessage: X
E/HWComposer(  798): getPresentFence failed for invalid display 1
D/audio_hw_primary(  753): adev_set_parameters: enter: screen_state=off
D/audio_hw_extn(  753): audio_extn_set_anc_parameters: anc_enabled:0
D/audio_hw_spkr_prot(  753): audio_extn_fbsp_set_parameters: Speaker protection disabled
E/CHIUSECASE(  755): chxutils.cpp:1055 FillCameraId() FillCameraId 1 
E/OMX-VDEC-1080P( 1018): Unable to convey fps info to driver,                             performance might be affected
W/[ALVR NATIVE-RUST]( 9527): Video frame queue overflow!
E/CHIUSECASE(  755): chxutils.cpp:1055 FillCameraId() FillCameraId 1 
E/HWComposer(  798): getPresentFence failed for invalid display 1
I/PvrPlatform( 5931): svrSetPerformanceLevels CPU level[0] B[2803200] done
D/UnityNativeActivityPico(10669): onPause break-point
I/PVRShell(10669): ==========onPause
D/ActivityTrigger( 1294): ActivityTrigger activityStopTrigger 
I/PVRShell(10669): onDisplayChanged, displayId = 0
I/UnityNativeActivityPico(10669): onDisplayChanged displayId = 0
I/callBackThread(  798): type=1400 audit(0.0:3982): avc: denied { read } for scontext=u:r:surfaceflinger:s0 tcontext=u:r:pvrservice:s0 tclass=unix_stream_socket permissive=1
I/PVRShell(10669): PVRShell.onKeyUp, keyCode = 127
E/OMX-VDEC-1080P( 1018): Unable to convey fps info to driver,                             performance might be affected
I/VRBoundary(10669): handleKeyUpEvent KeyCode = 127 dialogShow = -1
I/PVRShell(10669): ==========onSaveInstanceState
W/[ALVR NATIVE-RUST]( 9527): Video frame queue overflow!
E/CHIUSECASE(  755): chxutils.cpp:1055 FillCameraId() FillCameraId 1 
I/UnityNativeActivityPico(10669): onStop
I/UnityNativeActivityPico(10669): Shell onStop shell_mode mUnityPlayer.pause()
E/HWComposer(  798): getPresentFence failed for invalid display 1
I/callBackThread(  794): type=1400 audit(0.0:3983): avc: denied { read } for scontext=u:r:airservice:s0 tcontext=u:r:pvrservice:s0 tclass=unix_stream_socket permissive=1
I/Unity   (10669): VRShell------->OnApplicationPause = True
I/Unity   (10669): MainScreen:OnApplicationPause(Boolean)
I/Unity   (10669):  
I/Unity   (10669): (Filename: ./Runtime/Export/Debug.bindings.h Line: 45)
I/Unity   (10669): 
E/OMX-VDEC-1080P( 1018): Unable to convey fps info to driver,                             performance might be affected
W/[ALVR NATIVE-RUST]( 9527): Video frame queue overflow!
I/Unity   (10669): PvrLog SetGameObjectToJar 
I/Unity   (10669): Pvr_ControllerLink:SetGameObjectToJar(String)
I/Unity   (10669): Pvr_ControllerManager:OnApplicationPause(Boolean)
I/Unity   (10669):  
I/Unity   (10669): (Filename: ./Runtime/Export/Debug.bindings.h Line: 45)
I/Unity   (10669): 
D/ControllerClient(10669): unityObjectName = 
D/ControllerClient(10669): call client stopControllerThread(1,1)
E/BufferQueueProducer(  798): [SurfaceView - com.pvr.vrshell/com.pvr.vrshell.MainActivity#0] dequeueBuffer: BufferQueue has no connected producer
D/CVControllerService( 2550): stopCVControllerThread headSensorState = 1,handSensorState = 1
I/Adreno  (10669): DequeueBuffer: dequeueBuffer failed
D/CVControllerService( 2550): handleMessage=====
D/CVControllerService( 2550): need stop spi thread cause mode 0
I/VrApi   ( 2550): PVR_SERVICE_QUATERNION_MODE StopSensor GlobalTracking
E/PvrService( 5931): VRModeStateClient::stopVRMode pid=2550
I/PvrService( 5931): mPrevTrackingMode 7, trackingMode 7
I/CvSvcJNI( 2550): Stopped Head Sensor.
E/CHIUSECASE(  755): chxutils.cpp:1055 FillCameraId() FillCameraId 1 
I/Unity   (10669): PvrLog StopControllerThread11
I/Unity   (10669): Pvr_ControllerLink:StopControllerThread(Int32, Int32)
I/Unity   (10669): Pvr_ControllerManager:OnApplicationPause(Boolean)
I/Unity   (10669):  
I/Unity   (10669): (Filename: ./Runtime/Export/Debug.bindings.h Line: 45)
I/Unity   (10669): 
I/Unity   (10669): OnApplicationPause-------------------------true
I/Unity   (10669): Pvr_UnitySDKManager:OnApplicationPause(Boolean)
I/Unity   (10669):  
I/Unity   (10669): (Filename: ./Runtime/Export/Debug.bindings.h Line: 45)
I/Unity   (10669): 
I/UnityPlugin(10669): OnRenderEvent EVENT_PAUSE
I/UnityPlugin(10669): PVR_Pause()
I/VrApi   (10669): ---------- pvr_LeaveVrMode ----------
I/TimeWarp(10669): ---------------- Destruct MiraCast Start miraShutdownRequest=1----------------
I/TimeWarp(10669): wake VirScreen Thread to Exit
I/TimeWarp(10669): miraCast pthread_join() called
I/TimeWarp(10669): mSurfaceObjB received signal, Miracast thread continue
I/TimeWarp(10669): App is destorying, curr Thread will exit
I/TimeWarp(10669): LLLL nativeWindow = NULL
I/TimeWarp(10669): LLLL eglCreateWindowSurface failed
I/TimeWarp(10669): miraCastThread Loop start miraCastVirScreenPause = 0
I/TimeWarp(10669): eglPresentationSurface = EGL_NO_SURFACE
I/TimeWarp(10669):  Destroyed eglMiraCastContext.
I/TimeWarp(10669): MiraCastThreadShutdown() - End
I/TimeWarp(10669): miraCast pthread_join() returned
I/TimeWarp(10669): miraCast presentationWindowANativeWindow =  null
I/TimeWarp(10669): ---------------- Destruct MiraCast End -----------------
I/TimeWarp(10669): ---------------- Destruct TimeWarp Start ShutdownRequest=2 ----------------
I/TimeWarp(10669): timeWarp pthread_join() called
E/OMX-VDEC-1080P( 1018): Unable to convey fps info to driver,                             performance might be affected
E/BufferQueueProducer(  798): [SurfaceView - com.pvr.vrshell/com.pvr.vrshell.MainActivity#0] dequeueBuffer: BufferQueue has no connected producer
I/Adreno  (10669): DequeueBuffer: dequeueBuffer failed
W/[ALVR NATIVE-RUST]( 9527): Video frame queue overflow!
I/TimeWarp(10669): WarpThread ShutdownRequest received
E/HWComposer(  798): getPresentFence failed for invalid display 1
E/CHIUSECASE(  755): chxutils.cpp:1055 FillCameraId() FillCameraId 1 
E/BufferQueueProducer(  798): [SurfaceView - com.pvr.vrshell/com.pvr.vrshell.MainActivity#0] dequeueBuffer: BufferQueue has no connected producer
I/Adreno  (10669): DequeueBuffer: dequeueBuffer failed
E/OMX-VDEC-1080P( 1018): Unable to convey fps info to driver,                             performance might be affected
W/[ALVR NATIVE-RUST]( 9527): Video frame queue overflow!
E/BufferQueueProducer(  798): [SurfaceView - com.pvr.vrshell/com.pvr.vrshell.MainActivity#0] dequeueBuffer: BufferQueue has no connected producer
I/Adreno  (10669): DequeueBuffer: dequeueBuffer failed
I/TimeWarp(10669): WarpThreadShutdown()
E/BufferQueueProducer(  798): [SurfaceView - com.pvr.vrshell/com.pvr.vrshell.MainActivity#0] dequeueBuffer: BufferQueue has no connected producer
I/Adreno  (10669): DequeueBuffer: dequeueBuffer failed
I/TimeWarp(10669): EEEE DestroyFrameworkGraphics destroying eye render target 0
I/TimeWarp(10669): EEEE DestroyFrameworkGraphics destroying eye render target 1
I/TimeWarp(10669): EEEE DestroyEyeTargetGraphics
I/TimeWarp(10669): EEEE DestroyEyeTargetGraphics end
E/HWComposer(  798): getPresentFence failed for invalid display 1
E/BufferQueueProducer(  798): [SurfaceView - com.pvr.vrshell/com.pvr.vrshell.MainActivity#0] dequeueBuffer: BufferQueue has no connected producer
I/Adreno  (10669): DequeueBuffer: dequeueBuffer failed
E/CHIUSECASE(  755): chxutils.cpp:1055 FillCameraId() FillCameraId 1 
E/BufferQueueProducer(  798): [SurfaceView - com.pvr.vrshell/com.pvr.vrshell.MainActivity#0] disconnect: not connected (req=1)
W/libEGL  (10669): EGLNativeWindowType 0x7b26dde010 disconnect failed
I/TimeWarp(10669): WarpThreadShutdown() - End
I/TimeWarp(10669): Exiting WarpThreadLoop()
I/TimeWarp(10669): timeWarp pthread_join() returned
I/TimeWarp(10669): ---------------- Destruct TimeWarp End ----------------
E/CHIUSECASE(  755): chxutils.cpp:1055 FillCameraId() FillCameraId 1 
E/OMX-VDEC-1080P( 1018): Unable to convey fps info to driver,                             performance might be affected
I/UnityPlugin(10669): Pvr_StopSensor_ enter
I/VrApi   (10669): PVR_SERVICE_QUATERNION_MODE StopSensor GlobalTracking
E/PvrService( 5931): VRModeStateClient::stopVRMode pid=10669
I/PvrService( 5931): mPrevTrackingMode 7, trackingMode 7
I/UnityPlugin(10669): Pvr_StopSensor_ exit
E/HWComposer(  798): getPresentFence failed for invalid display 1
W/[ALVR NATIVE-RUST]( 9527): Video frame queue overflow!
E/CHIUSECASE(  755): chxutils.cpp:1055 FillCameraId() FillCameraId 1 
E/OMX-VDEC-1080P( 1018): Unable to convey fps info to driver,                             performance might be affected
W/[ALVR NATIVE-RUST]( 9527): Video frame queue overflow!
E/HWComposer(  798): getPresentFence failed for invalid display 1
D/CVControllerService( 2550): handleMessage=====
D/CVControllerService( 2550): MSG_SECOND_CONTROLLER_SHUTDOWN received.
I/VrApi   ( 2550): SetControllerShutdown, stationStatus=0
I/VrApi   ( 2550): Controller shutting down status set 6.
D/CVControllerService( 2550): callbackControlStatus : 6
I/VrApi   ( 2550): Controller shutting down status set block.
D/CVControllerService( 2550): callbackControlStatus : 0
D/CVControllerService( 2550): handleMessage=====
D/CVControllerService( 2550): MSG_CONTROLLER_STATUS
E/CHIUSECASE(  755): chxutils.cpp:1055 FillCameraId() FillCameraId 1 
D/ControllerClient( 2244): feedbackControllerStatus unityObjectName == null
D/ControllerClient(10669): feedbackControllerStatus unityObjectName == null
D/ControllerClient( 3002): feedbackControllerStatus unityObjectName == null
D/ControllerClient( 9527): feedbackControllerStatus unityObjectName == null
D/CVControllerService( 2550): handleMessage=====
D/CVControllerService( 2550): MSG_CONTROLLER_STATUS
D/ControllerClient( 2244): feedbackControllerStatus unityObjectName == null
D/ControllerClient(10669): feedbackControllerStatus unityObjectName == null
D/ControllerClient( 3002): feedbackControllerStatus unityObjectName == null
D/ControllerClient( 9527): feedbackControllerStatus unityObjectName == null
E/OMX-VDEC-1080P( 1018): Unable to convey fps info to driver,                             performance might be affected
W/[ALVR NATIVE-RUST]( 9527): Video frame queue overflow!
E/HWComposer(  798): getPresentFence failed for invalid display 1
E/CHIUSECASE(  755): chxutils.cpp:1055 FillCameraId() FillCameraId 1 
E/OMX-VDEC-1080P( 1018): Unable to convey fps info to driver,                             performance might be affected
W/[ALVR NATIVE-RUST]( 9527): Video frame queue overflow!
E/CHIUSECASE(  755): chxutils.cpp:1055 FillCameraId() FillCameraId 1 
E/HWComposer(  798): getPresentFence failed for invalid display 1
E/CHIUSECASE(  755): chxutils.cpp:1055 FillCameraId() FillCameraId 1 
E/HWComposer(  798): getPresentFence failed for invalid display 1
E/OMX-VDEC-1080P( 1018): Unable to convey fps info to driver,                             performance might be affected
W/[ALVR NATIVE-RUST]( 9527): Video frame queue overflow!
E/CHIUSECASE(  755): chxutils.cpp:1055 FillCameraId() FillCameraId 1 
E/OMX-VDEC-1080P( 1018): Unable to convey fps info to driver,                             performance might be affected
W/[ALVR NATIVE-RUST]( 9527): Video frame queue overflow!
E/HWComposer(  798): getPresentFence failed for invalid display 1
E/CHIUSECASE(  755): chxutils.cpp:1055 FillCameraId() FillCameraId 1 
E/OMX-VDEC-1080P( 1018): Unable to convey fps info to driver,                             performance might be affected
W/[ALVR NATIVE-RUST]( 9527): Video frame queue overflow!
E/HWComposer(  798): getPresentFence failed for invalid display 1
E/CHIUSECASE(  755): chxutils.cpp:1055 FillCameraId() FillCameraId 1 
E/OMX-VDEC-1080P( 1018): Unable to convey fps info to driver,                             performance might be affected
W/[ALVR NATIVE-RUST]( 9527): Video frame queue overflow!
E/CHIUSECASE(  755): chxutils.cpp:1055 FillCameraId() FillCameraId 1 
E/HWComposer(  798): getPresentFence failed for invalid display 1
D/AudioTrack(10669): stop() called with 184832 frames delivered
V/MediaRouterService( 1294): restoreBluetoothA2dp(false)
I/sensors-hal(  766): batch:161, android.sensor.accelerometer/34, period=2000000, max_latency=0
I/sensors-hal(  766): batch:170, android.sensor.accelerometer/34, period=2000000, max_latency=0 request completed
D/AudioPolicyManagerCustom( 1007): setForceUse() usage 1, config 10, mPhoneState 0
D/Avrcp   ( 1513): AudioManager Player: ID:23 -- type:android.media.SoundPool -- u/pid:10027/1540 -- state:idle -- attr:AudioAttributes: usage=USAGE_ASSISTANCE_SONIFICATION content=CONTENT_TYPE_SONIFICATION flags=0x0 tags= bundle=null
D/Avrcp   ( 1513): AudioManager Player: ID:215 -- type:android.media.MediaPlayer -- u/pid:10069/6530 -- state:idle -- attr:AudioAttributes: usage=USAGE_UNKNOWN content=CONTENT_TYPE_UNKNOWN flags=0x0 tags= bundle=null
D/Avrcp   ( 1513): AudioManager Player: ID:231 -- type:android.media.AudioTrack -- u/pid:1000/10669 -- state:stopped -- attr:AudioAttributes: usage=USAGE_MEDIA content=CONTENT_TYPE_MUSIC flags=0x0 tags= bundle=null
D/Avrcp   ( 1513): AudioManager Player: ID:15 -- type:android.media.SoundPool -- u/pid:1000/1294 -- state:idle -- attr:AudioAttributes: usage=USAGE_ASSISTANCE_SONIFICATION content=CONTENT_TYPE_SONIFICATION flags=0x0 tags= bundle=null
D/Avrcp   ( 1513): AudioManager Player: ID:175 -- type:android.media.MediaPlayer -- u/pid:1000/9146 -- state:stopped -- attr:AudioAttributes: usage=USAGE_UNKNOWN content=CONTENT_TYPE_UNKNOWN flags=0x0 tags= bundle=null
D/Avrcp   ( 1513): AudioManager isPlaying: false
V/Avrcp   ( 1513): updateCurrentMediaState: mMediaController: MediaController (github.daneren2005.dsub@f05ce23) null
V/Avrcp   ( 1513): isMusicActive: true getBluetoothPlayState: 2
D/Avrcp   ( 1513): updateCurrentMediaState: playState is null, mAudioManagerIsPlaying=false, isMusicActive=true
I/UnityPlugin(10669): PVR_Pause()
D/UnityNativeActivityPico(10669): Unity DismissPresentation enter
E/CHIUSECASE(  755): chxutils.cpp:1055 FillCameraId() FillCameraId 1 
I/UnityNativeActivityPico(10669): unregisterDisplayListener
I/PVRShell(10669): ==========onStop
I/PVRShell(10669): default ime is com.android.inputmethod.latin/.LatinIME
I/PVRShell(10669): set ime com.android.inputmethod.latin/.LatinIME
V/Avrcp   ( 1513): updateCurrentMediaState: get media attributes: 
W/Avrcp   ( 1513): playState object null, sending STOPPED
I/Avrcp   ( 1513): Skipping update due to invalid playback state
V/Avrcp   ( 1513): updatePlaybackState, state: null device: null
V/Avrcp   ( 1513): Device: no name: 
V/Avrcp   ( 1513): updatePlayerStateAndPosition, old=PlaybackState {state=2, position=-1, buffered position=0, speed=0.0, updated=5929361, actions=0, custom actions=[], active item id=-1, error=null}, state=null
I/Avrcp   ( 1513): updatePlayerStateAndPosition: device: state = null
E/OMX-VDEC-1080P( 1018): Unable to convey fps info to driver,                             performance might be affected
W/ViewRootImpl[MainActivity](10669): Dropping event due to no window focus: KeyEvent { action=ACTION_DOWN, keyCode=KEYCODE_MEDIA_PAUSE, scanCode=0, metaState=0, flags=0x8, repeatCount=0, eventTime=5944987, downTime=5944987, deviceId=-1, source=0x101 }
I/InputDispatcher( 1294): type=1400 audit(0.0:3984): avc: denied { call } for scontext=u:r:system_server:s0 tcontext=u:r:pvrservice:s0 tclass=binder permissive=1
I/WindowManager( 1294): sendDatatoSurfaceFligner transactId: 2001 mode : 1
E/SurfaceFlinger(  798): Get Key code:127
D/2DToVR  (  798): VRScene::onKeyPressed: 127, 0, 0.
I/PvrService( 5931): OnTransact:code=2004
D/PvrService( 5931): Get key event:keyCode=127, keyStatus=0, repeatCount=0
E/HWComposer(  798): getPresentFence failed for invalid display 1
W/ViewRootImpl[MainActivity](10669): Cancelling event due to no window focus: KeyEvent { action=ACTION_UP, keyCode=KEYCODE_MEDIA_PAUSE, scanCode=0, metaState=0, flags=0x28, repeatCount=0, eventTime=5945551, downTime=5945551, deviceId=-1, source=0x101 }
I/PVRShell(10669): PVRShell.onKeyUp, keyCode = 127
I/VRBoundary(10669): handleKeyUpEvent KeyCode = 127 dialogShow = -1
W/[ALVR NATIVE-RUST]( 9527): Video frame queue overflow!
E/CHIUSECASE(  755): chxutils.cpp:1055 FillCameraId() FillCameraId 1 
E/OMX-VDEC-1080P( 1018): Unable to convey fps info to driver,                             performance might be affected
W/[ALVR NATIVE-RUST]( 9527): Video frame queue overflow!
E/HWComposer(  798): getPresentFence failed for invalid display 1
E/CHIUSECASE(  755): chxutils.cpp:1055 FillCameraId() FillCameraId 1 
E/OMX-VDEC-1080P( 1018): Unable to convey fps info to driver,                             performance might be affected
W/[ALVR NATIVE-RUST]( 9527): Video frame queue overflow!
E/HWComposer(  798): getPresentFence failed for invalid display 1
E/CHIUSECASE(  755): chxutils.cpp:1055 FillCameraId() FillCameraId 1 
I/Thread-2( 9527): type=1400 audit(0.0:3985): avc: denied { read } for name="capacity" dev="sysfs" ino=54432 scontext=u:r:untrusted_app:s0:c512,c768 tcontext=u:object_r:sysfs_battery_supply:s0 tclass=file permissive=1
I/Thread-2( 9527): type=1400 audit(0.0:3986): avc: denied { open } for path="/sys/devices/platform/soc/c440000.qcom,spmi/spmi-0/spmi0-02/c440000.qcom,spmi:qcom,pmi8998@2:qcom,qpnp-smb2/power_supply/battery/capacity" dev="sysfs" ino=54432 scontext=u:r:untrusted_app:s0:c512,c768 tcontext=u:object_r:sysfs_battery_supply:s0 tclass=file permissive=1
I/Thread-2( 9527): type=1400 audit(0.0:3987): avc: denied { getattr } for path="/sys/devices/platform/soc/c440000.qcom,spmi/spmi-0/spmi0-02/c440000.qcom,spmi:qcom,pmi8998@2:qcom,qpnp-smb2/power_supply/battery/capacity" dev="sysfs" ino=54432 scontext=u:r:untrusted_app:s0:c512,c768 tcontext=u:object_r:sysfs_battery_supply:s0 tclass=file permissive=1
E/OMX-VDEC-1080P( 1018): Unable to convey fps info to driver,                             performance might be affected
W/[ALVR NATIVE-RUST]( 9527): Video frame queue overflow!
E/HWComposer(  798): getPresentFence failed for invalid display 1
E/CHIUSECASE(  755): chxutils.cpp:1055 FillCameraId() FillCameraId 1 
E/CHIUSECASE(  755): chxutils.cpp:1055 FillCameraId() FillCameraId 1 
E/HWComposer(  798): getPresentFence failed for invalid display 1
E/OMX-VDEC-1080P( 1018): Unable to convey fps info to driver,                             performance might be affected
W/[ALVR NATIVE-RUST]( 9527): Video frame queue overflow!
E/CHIUSECASE(  755): chxutils.cpp:1055 FillCameraId() FillCameraId 1 
E/OMX-VDEC-1080P( 1018): Unable to convey fps info to driver,                             performance might be affected
W/[ALVR NATIVE-RUST]( 9527): Video frame queue overflow!
E/HWComposer(  798): getPresentFence failed for invalid display 1
D/audio_hw_utils(  753): audio_extn_utils_compress_get_dsp_latency:: Using Fix DSP delay
D/audio_hw_utils(  753): audio_extn_utils_compress_get_dsp_latency:: delay in ms is 50
E/CHIUSECASE(  755): chxutils.cpp:1055 FillCameraId() FillCameraId 1 
E/OMX-VDEC-1080P( 1018): Unable to convey fps info to driver,                             performance might be affected
W/[ALVR NATIVE-RUST]( 9527): Video frame queue overflow!
E/HWComposer(  798): getPresentFence failed for invalid display 1
E/CHIUSECASE(  755): chxutils.cpp:1055 FillCameraId() FillCameraId 1 
E/CHIUSECASE(  755): chxutils.cpp:1055 FillCameraId() FillCameraId 1 
E/OMX-VDEC-1080P( 1018): Unable to convey fps info to driver,                             performance might be affected
E/HWComposer(  798): getPresentFence failed for invalid display 1
W/[ALVR NATIVE-RUST]( 9527): Video frame queue overflow!
E/CHIUSECASE(  755): chxutils.cpp:1055 FillCameraId() FillCameraId 1 
E/OMX-VDEC-1080P( 1018): Unable to convey fps info to driver,                             performance might be affected
W/[ALVR NATIVE-RUST]( 9527): Video frame queue overflow!
E/HWComposer(  798): getPresentFence failed for invalid display 1
D/audio_hw_utils(  753): audio_extn_utils_compress_get_dsp_latency:: Using Fix DSP delay
D/audio_hw_utils(  753): audio_extn_utils_compress_get_dsp_latency:: delay in ms is 50
E/CHIUSECASE(  755): chxutils.cpp:1055 FillCameraId() FillCameraId 1 
E/HWComposer(  798): getPresentFence failed for invalid display 1
E/CHIUSECASE(  755): chxutils.cpp:1055 FillCameraId() FillCameraId 1 
E/OMX-VDEC-1080P( 1018): Unable to convey fps info to driver,                             performance might be affected
W/[ALVR NATIVE-RUST]( 9527): Video frame queue overflow!
E/CHIUSECASE(  755): chxutils.cpp:1055 FillCameraId() FillCameraId 1 
E/HWComposer(  798): getPresentFence failed for invalid display 1
E/OMX-VDEC-1080P( 1018): Unable to convey fps info to driver,                             performance might be affected
W/[ALVR NATIVE-RUST]( 9527): Video frame queue overflow!
D/audio_hw_utils(  753): audio_extn_utils_compress_get_dsp_latency:: Using Fix DSP delay
D/audio_hw_utils(  753): audio_extn_utils_compress_get_dsp_latency:: delay in ms is 50
D/audio_hw_primary(  753): copl(0xf3476800):pause compress driver
D/audio_hw_primary(  753): copl(0xf3476800):calling compress flush
E/HWComposer(  798): getPresentFence failed for invalid display 1
E/CHIUSECASE(  755): chxutils.cpp:1055 FillCameraId() FillCameraId 1 
W/[ALVR NATIVE-RUST]( 9527): Video frame queue overflow!
E/OMX-VDEC-1080P( 1018): Unable to convey fps info to driver,                             performance might be affected
E/CHIUSECASE(  755): chxutils.cpp:1055 FillCameraId() FillCameraId 1 
W/[ALVR NATIVE-RUST]( 9527): Video frame queue overflow!
E/HWComposer(  798): getPresentFence failed for invalid display 1
E/CHIUSECASE(  755): chxutils.cpp:1055 FillCameraId() FillCameraId 1 
E/OMX-VDEC-1080P( 1018): Unable to convey fps info to driver,                             performance might be affected
W/[ALVR NATIVE-RUST]( 9527): Video frame queue overflow!
E/HWComposer(  798): getPresentFence failed for invalid display 1
E/CHIUSECASE(  755): chxutils.cpp:1055 FillCameraId() FillCameraId 1 
E/OMX-VDEC-1080P( 1018): Unable to convey fps info to driver,                             performance might be affected
W/[ALVR NATIVE-RUST]( 9527): Video frame queue overflow!
E/HWComposer(  798): getPresentFence failed for invalid display 1
E/CHIUSECASE(  755): chxutils.cpp:1055 FillCameraId() FillCameraId 1 
E/CHIUSECASE(  755): chxutils.cpp:1055 FillCameraId() FillCameraId 1 
D/audio_hw_primary(  753): copl(0xf3476800):out of compress flush
E/HWComposer(  798): getPresentFence failed for invalid display 1
D/SurfaceFlinger(  798): Not sync with hareware vsync reach 0.8 seconds. --In handleMessageRefresh(), dislayactive=0, noSyncCnt=0
E/OMX-VDEC-1080P( 1018): Unable to convey fps info to driver,                             performance might be affected
W/[ALVR NATIVE-RUST]( 9527): Video frame queue overflow!
E/CHIUSECASE(  755): chxutils.cpp:1055 FillCameraId() FillCameraId 1 
E/HWComposer(  798): getPresentFence failed for invalid display 1
E/OMX-VDEC-1080P( 1018): Unable to convey fps info to driver,                             performance might be affected
W/[ALVR NATIVE-RUST]( 9527): Video frame queue overflow!
E/CHIUSECASE(  755): chxutils.cpp:1055 FillCameraId() FillCameraId 1 
E/OMX-VDEC-1080P( 1018): Unable to convey fps info to driver,                             performance might be affected
W/[ALVR NATIVE-RUST]( 9527): Video frame queue overflow!
E/HWComposer(  798): getPresentFence failed for invalid display 1
E/CHIUSECASE(  755): chxutils.cpp:1055 FillCameraId() FillCameraId 1 
E/OMX-VDEC-1080P( 1018): Unable to convey fps info to driver,                             performance might be affected
W/[ALVR NATIVE-RUST]( 9527): Video frame queue overflow!
D/audio_hw_primary(  753): copl(0xf3476800):send new gapless metadata
W/AudioFlinger( 1007): moveEffectChain_l() effect chain for session 0 not on source thread 0xef047000
E/HWComposer(  798): getPresentFence failed for invalid display 1
D/audio_hw_primary(  753): out_set_parameters: enter: usecase(4: compress-offload-playback2) kvpairs: routing=0
D/audio_hw_primary(  753): out_set_parameters: enter: usecase(4: compress-offload-playback2) kvpairs: closing=true
D/audio_hw_primary(  753): out_set_parameters: enter: usecase(4: compress-offload-playback2) kvpairs: exiting=1
I/QCNEJ/CndHalConnector( 1630): -> SND notifyScreenStateChanged(false)
D/audio_hw_primary(  753): out_standby: enter: stream (0xf3476800) usecase(4: compress-offload-playback2)
D/audio_hw_primary(  753): copl(0xf3476800):standby
E/CHIUSECASE(  755): chxutils.cpp:1055 FillCameraId() FillCameraId 1 
I/QCNEJ/CndHalConnector( 1630): -> SND notifyScreenStateChanged(true)
I/emSLPIThread( 2550): type=1400 audit(0.0:3988): avc: denied { read } for scontext=u:r:system_app:s0 tcontext=u:r:system_app:s0 tclass=socket permissive=1
E/OMX-VDEC-1080P( 1018): Unable to convey fps info to driver,                             performance might be affected
W/[ALVR NATIVE-RUST]( 9527): Video frame queue overflow!
E/HWComposer(  798): getPresentFence failed for invalid display 1
E/CHIUSECASE(  755): chxutils.cpp:1055 FillCameraId() FillCameraId 1 
V/BtOppService( 1513): action : android.intent.action.SCREEN_OFF
E/OMX-VDEC-1080P( 1018): Unable to convey fps info to driver,                             performance might be affected
W/[ALVR NATIVE-RUST]( 9527): Video frame queue overflow!
E/CHIUSECASE(  755): chxutils.cpp:1055 FillCameraId() FillCameraId 1 
E/HWComposer(  798): getPresentFence failed for invalid display 1
E/CHIUSECASE(  755): chxutils.cpp:1055 FillCameraId() FillCameraId 1 
D/offload_visualizer(  753): thread exit
E/OMX-VDEC-1080P( 1018): Unable to convey fps info to driver,                             performance might be affected
D/audio_hw_primary(  753): disable_audio_route: reset and update mixer path: compress-offload-playback2
W/[ALVR NATIVE-RUST]( 9527): Video frame queue overflow!
D/soundtrigger(  753): audio_extn_sound_trigger_update_stream_status: uc_id 4 of type 0 for Event 2, with Raise=1
D/sound_trigger_platform(  753): platform_stdev_check_and_update_concurrency: concurrency active 0, tx 0, rx 0, concurrency session_allowed 1
D/hardware_info(  753): hw_info_append_hw_type : device_name = speaker
D/audio_hw_primary(  753): disable_snd_device: snd_device(2: speaker)
D/msm8974_platform(  753): platform_split_snd_device: snd_device(2) num devices(0) new_snd_devices(0)
I/soundtrigger(  753): audio_extn_sound_trigger_update_device_status: device 0x2 of type 0 for Event 0, with Raise=0
D/audio_hw_primary(  753): audio_enable_asm_bit_width_enforce_mode: DSP bitwidth feature is disabled.
D/audio_hw_primary(  753): out_standby: exit
E/HWComposer(  798): getPresentFence failed for invalid display 1
D/audio_hw_primary(  753): adev_close_output_stream: enter:stream_handle(compress-offload-playback2)
D/audio_hw_primary(  753): out_standby: enter: stream (0xf3476800) usecase(4: compress-offload-playback2)
D/audio_hw_primary(  753): out_standby: exit
E/LibSecureUISvc( 2114): svc_sock_send_message(suisvc): invalid remote socket suitch
E/LibSecureUISvc( 2114): svc_sock_send_message(suisvc): invalid remote socket suilst
E/CHIUSECASE(  755): chxutils.cpp:1055 FillCameraId() FillCameraId 1 
E/OMX-VDEC-1080P( 1018): Unable to convey fps info to driver,                             performance might be affected
W/[ALVR NATIVE-RUST]( 9527): Video frame queue overflow!
E/HWComposer(  798): getPresentFence failed for invalid display 1
E/CHIUSECASE(  755): chxutils.cpp:1055 FillCameraId() FillCameraId 1 
E/OMX-VDEC-1080P( 1018): Unable to convey fps info to driver,                             performance might be affected
W/[ALVR NATIVE-RUST]( 9527): Video frame queue overflow!
E/CHIUSECASE(  755): chxutils.cpp:1055 FillCameraId() FillCameraId 1 
E/HWComposer(  798): getPresentFence failed for invalid display 1
E/CHIUSECASE(  755): chxutils.cpp:1055 FillCameraId() FillCameraId 1 
E/OMX-VDEC-1080P( 1018): Unable to convey fps info to driver,                             performance might be affected
W/[ALVR NATIVE-RUST]( 9527): Video frame queue overflow!
D/AutoConnectService( 2106): persist.psensor.sleep.delay = 86400
D/AutoConnectService( 2106): persist.psensor.sleep.delay is not null
D/AutoConnectService( 2106): SCREEN_OFF, Timeout=86400000
E/HWComposer(  798): getPresentFence failed for invalid display 1
D/PvrPlatform( 5931): Already keep stationary state for 0 secend
I/chatty  ( 5931): uid=0(root) /system/bin/pvrservice identical 1 line
D/PvrPlatform( 5931): Already keep stationary state for 0 secend
E/CHIUSECASE(  755): chxutils.cpp:1055 FillCameraId() FillCameraId 1 
E/OMX-VDEC-1080P( 1018): Unable to convey fps info to driver,                             performance might be affected
W/[ALVR NATIVE-RUST]( 9527): Video frame queue overflow!
E/HWComposer(  798): getPresentFence failed for invalid display 1
E/CHIUSECASE(  755): chxutils.cpp:1055 FillCameraId() FillCameraId 1 
E/OMX-VDEC-1080P( 1018): Unable to convey fps info to driver,                             performance might be affected
W/[ALVR NATIVE-RUST]( 9527): Video frame queue overflow!
E/HWComposer(  798): getPresentFence failed for invalid display 1
D/NtpTrustedTime( 1294): currentTimeMillis() cache hit
E/CHIUSECASE(  755): chxutils.cpp:1055 FillCameraId() FillCameraId 1 
E/OMX-VDEC-1080P( 1018): Unable to convey fps info to driver,                             performance might be affected
E/HWComposer(  798): getPresentFence failed for invalid display 1
E/CHIUSECASE(  755): chxutils.cpp:1055 FillCameraId() FillCameraId 1 
W/[ALVR NATIVE-RUST]( 9527): Video frame queue overflow!
E/CHIUSECASE(  755): chxutils.cpp:1055 FillCameraId() FillCameraId 1 
E/OMX-VDEC-1080P( 1018): Unable to convey fps info to driver,                             performance might be affected
D/NtpTrustedTime( 1294): currentTimeMillis() cache hit
W/[ALVR NATIVE-RUST]( 9527): Video frame queue overflow!
E/HWComposer(  798): getPresentFence failed for invalid display 1
I/Binder:622_2(  622): type=1400 audit(0.0:3989): avc: denied { create } for name="globalAlert" scontext=u:r:netd:s0 tcontext=u:object_r:proc_net:s0 tclass=file permissive=1
I/Binder:622_2(  622): type=1400 audit(0.0:3990): avc: denied { associate } for name="globalAlert" scontext=u:object_r:proc_net:s0 tcontext=u:object_r:proc:s0 tclass=filesystem permissive=1
E/CHIUSECASE(  755): chxutils.cpp:1055 FillCameraId() FillCameraId 1 
E/OMX-VDEC-1080P( 1018): Unable to convey fps info to driver,                             performance might be affected
W/[ALVR NATIVE-RUST]( 9527): Video frame queue overflow!
E/HWComposer(  798): getPresentFence failed for invalid display 1
I/P2ALVR-native( 9527): REAL_TIME_CONFIG: no foveation change
E/CHIUSECASE(  755): chxutils.cpp:1055 FillCameraId() FillCameraId 1 
E/OMX-VDEC-1080P( 1018): Unable to convey fps info to driver,                             performance might be affected
E/HWComposer(  798): getPresentFence failed for invalid display 1
W/[ALVR NATIVE-RUST]( 9527): Video frame queue overflow!
E/CHIUSECASE(  755): chxutils.cpp:1055 FillCameraId() FillCameraId 1 
E/OMX-VDEC-1080P( 1018): Unable to convey fps info to driver,                             performance might be affected
W/[ALVR NATIVE-RUST]( 9527): Video frame queue overflow!
E/CHIUSECASE(  755): chxutils.cpp:1055 FillCameraId() FillCameraId 1 
E/HWComposer(  798): getPresentFence failed for invalid display 1
E/OMX-VDEC-1080P( 1018): Unable to convey fps info to driver,                             performance might be affected
W/[ALVR NATIVE-RUST]( 9527): Video frame queue overflow!
E/CHIUSECASE(  755): chxutils.cpp:1055 FillCameraId() FillCameraId 1 
E/HWComposer(  798): getPresentFence failed for invalid display 1
E/CHIUSECASE(  755): chxutils.cpp:1055 FillCameraId() FillCameraId 1 
E/OMX-VDEC-1080P( 1018): Unable to convey fps info to driver,                             performance might be affected
W/[ALVR NATIVE-RUST]( 9527): Video frame queue overflow!
E/HWComposer(  798): getPresentFence failed for invalid display 1
E/CHIUSECASE(  755): chxutils.cpp:1055 FillCameraId() FillCameraId 1 
E/OMX-VDEC-1080P( 1018): Unable to convey fps info to driver,                             performance might be affected
W/[ALVR NATIVE-RUST]( 9527): Video frame queue overflow!
E/CHIUSECASE(  755): chxutils.cpp:1055 FillCameraId() FillCameraId 1 
E/HWComposer(  798): getPresentFence failed for invalid display 1
E/CHIUSECASE(  755): chxutils.cpp:1055 FillCameraId() FillCameraId 1 
E/HWComposer(  798): getPresentFence failed for invalid display 1
E/OMX-VDEC-1080P( 1018): Unable to convey fps info to driver,                             performance might be affected
W/[ALVR NATIVE-RUST]( 9527): Video frame queue overflow!
E/CHIUSECASE(  755): chxutils.cpp:1055 FillCameraId() FillCameraId 1 
E/OMX-VDEC-1080P( 1018): Unable to convey fps info to driver,                             performance might be affected
E/HWComposer(  798): getPresentFence failed for invalid display 1
W/[ALVR NATIVE-RUST]( 9527): Video frame queue overflow!
E/CHIUSECASE(  755): chxutils.cpp:1055 FillCameraId() FillCameraId 1 
E/OMX-VDEC-1080P( 1018): Unable to convey fps info to driver,                             performance might be affected
I/P2ALVR-native( 9527): frame 17400 q=(0.065,-0.007,-0.011,-0.998) p=(0.086,0.245,-0.019) vr=1 surf=0
W/[ALVR NATIVE-RUST]( 9527): Video frame queue overflow!
E/HWComposer(  798): getPresentFence failed for invalid display 1
E/CHIUSECASE(  755): chxutils.cpp:1055 FillCameraId() FillCameraId 1 
E/OMX-VDEC-1080P( 1018): Unable to convey fps info to driver,                             performance might be affected
W/[ALVR NATIVE-RUST]( 9527): Video frame queue overflow!
E/HWComposer(  798): getPresentFence failed for invalid display 1
E/PvrService( 5931): Get status notifycation:status = 8
E/CHIUSECASE(  755): chxutils.cpp:1055 FillCameraId() FillCameraId 1 
E/OMX-VDEC-1080P( 1018): Unable to convey fps info to driver,                             performance might be affected
W/[ALVR NATIVE-RUST]( 9527): Video frame queue overflow!
E/CHIUSECASE(  755): chxutils.cpp:1055 FillCameraId() FillCameraId 1 
E/HWComposer(  798): getPresentFence failed for invalid display 1
E/CHIUSECASE(  755): chxutils.cpp:1055 FillCameraId() FillCameraId 1 
E/OMX-VDEC-1080P( 1018): Unable to convey fps info to driver,                             performance might be affected
W/[ALVR NATIVE-RUST]( 9527): Video frame queue overflow!
E/HWComposer(  798): getPresentFence failed for invalid display 1
E/CHIUSECASE(  755): chxutils.cpp:1055 FillCameraId() FillCameraId 1 
E/OMX-VDEC-1080P( 1018): Unable to convey fps info to driver,                             performance might be affected
W/[ALVR NATIVE-RUST]( 9527): Video frame queue overflow!
E/HWComposer(  798): getPresentFence failed for invalid display 1
E/CHIUSECASE(  755): chxutils.cpp:1055 FillCameraId() FillCameraId 1 
E/OMX-VDEC-1080P( 1018): Unable to convey fps info to driver,                             performance might be affected
W/[ALVR NATIVE-RUST]( 9527): Video frame queue overflow!
E/HWComposer(  798): getPresentFence failed for invalid display 1
E/CHIUSECASE(  755): chxutils.cpp:1055 FillCameraId() FillCameraId 1 
E/OMX-VDEC-1080P( 1018): Unable to convey fps info to driver,                             performance might be affected
W/[ALVR NATIVE-RUST]( 9527): Video frame queue overflow!
E/CHIUSECASE(  755): chxutils.cpp:1055 FillCameraId() FillCameraId 1 
E/HWComposer(  798): getPresentFence failed for invalid display 1
E/OMX-VDEC-1080P( 1018): Unable to convey fps info to driver,                             performance might be affected
W/[ALVR NATIVE-RUST]( 9527): Video frame queue overflow!
E/CHIUSECASE(  755): chxutils.cpp:1055 FillCameraId() FillCameraId 1 
E/HWComposer(  798): getPresentFence failed for invalid display 1
E/CHIUSECASE(  755): chxutils.cpp:1055 FillCameraId() FillCameraId 1 
E/OMX-VDEC-1080P( 1018): Unable to convey fps info to driver,                             performance might be affected
W/[ALVR NATIVE-RUST]( 9527): Video frame queue overflow!
E/HWComposer(  798): getPresentFence failed for invalid display 1
E/CHIUSECASE(  755): chxutils.cpp:1055 FillCameraId() FillCameraId 1 
E/OMX-VDEC-1080P( 1018): Unable to convey fps info to driver,                             performance might be affected
W/[ALVR NATIVE-RUST]( 9527): Video frame queue overflow!
E/CHIUSECASE(  755): chxutils.cpp:1055 FillCameraId() FillCameraId 1 
E/HWComposer(  798): getPresentFence failed for invalid display 1
E/OMX-VDEC-1080P( 1018): Unable to convey fps info to driver,                             performance might be affected
W/[ALVR NATIVE-RUST]( 9527): Video frame queue overflow!
E/CHIUSECASE(  755): chxutils.cpp:1055 FillCameraId() FillCameraId 1 
E/HWComposer(  798): getPresentFence failed for invalid display 1
E/CHIUSECASE(  755): chxutils.cpp:1055 FillCameraId() FillCameraId 1 
E/OMX-VDEC-1080P( 1018): Unable to convey fps info to driver,                             performance might be affected
W/[ALVR NATIVE-RUST]( 9527): Video frame queue overflow!
E/HWComposer(  798): getPresentFence failed for invalid display 1
E/CHIUSECASE(  755): chxutils.cpp:1055 FillCameraId() FillCameraId 1 
E/OMX-VDEC-1080P( 1018): Unable to convey fps info to driver,                             performance might be affected
W/[ALVR NATIVE-RUST]( 9527): Video frame queue overflow!
E/HWComposer(  798): getPresentFence failed for invalid display 1
E/CHIUSECASE(  755): chxutils.cpp:1055 FillCameraId() FillCameraId 1 
E/OMX-VDEC-1080P( 1018): Unable to convey fps info to driver,                             performance might be affected
W/[ALVR NATIVE-RUST]( 9527): Video frame queue overflow!
E/CHIUSECASE(  755): chxutils.cpp:1055 FillCameraId() FillCameraId 1 
E/HWComposer(  798): getPresentFence failed for invalid display 1
E/CHIUSECASE(  755): chxutils.cpp:1055 FillCameraId() FillCameraId 1 
E/OMX-VDEC-1080P( 1018): Unable to convey fps info to driver,                             performance might be affected
W/[ALVR NATIVE-RUST]( 9527): Video frame queue overflow!
E/HWComposer(  798): getPresentFence failed for invalid display 1
E/OMX-VDEC-1080P( 1018): Unable to convey fps info to driver,                             performance might be affected
W/[ALVR NATIVE-RUST]( 9527): Video frame queue overflow!
E/CHIUSECASE(  755): chxutils.cpp:1055 FillCameraId() FillCameraId 1 
E/HWComposer(  798): getPresentFence failed for invalid display 1
E/OMX-VDEC-1080P( 1018): Unable to convey fps info to driver,                             performance might be affected
W/[ALVR NATIVE-RUST]( 9527): Video frame queue overflow!
E/CHIUSECASE(  755): chxutils.cpp:1055 FillCameraId() FillCameraId 1 
E/HWComposer(  798): getPresentFence failed for invalid display 1
E/CHIUSECASE(  755): chxutils.cpp:1055 FillCameraId() FillCameraId 1 
E/OMX-VDEC-1080P( 1018): Unable to convey fps info to driver,                             performance might be affected
W/[ALVR NATIVE-RUST]( 9527): Video frame queue overflow!
E/HWComposer(  798): getPresentFence failed for invalid display 1
E/CHIUSECASE(  755): chxutils.cpp:1055 FillCameraId() FillCameraId 1 
E/OMX-VDEC-1080P( 1018): Unable to convey fps info to driver,                             performance might be affected
W/[ALVR NATIVE-RUST]( 9527): Video frame queue overflow!
E/CHIUSECASE(  755): chxutils.cpp:1055 FillCameraId() FillCameraId 1 
E/HWComposer(  798): getPresentFence failed for invalid display 1
E/CHIUSECASE(  755): chxutils.cpp:1055 FillCameraId() FillCameraId 1 
E/OMX-VDEC-1080P( 1018): Unable to convey fps info to driver,                             performance might be affected
W/[ALVR NATIVE-RUST]( 9527): Video frame queue overflow!
E/HWComposer(  798): getPresentFence failed for invalid display 1
E/CHIUSECASE(  755): chxutils.cpp:1055 FillCameraId() FillCameraId 1 
E/OMX-VDEC-1080P( 1018): Unable to convey fps info to driver,                             performance might be affected
W/[ALVR NATIVE-RUST]( 9527): Video frame queue overflow!
E/HWComposer(  798): getPresentFence failed for invalid display 1
E/CHIUSECASE(  755): chxutils.cpp:1055 FillCameraId() FillCameraId 1 
E/OMX-VDEC-1080P( 1018): Unable to convey fps info to driver,                             performance might be affected
E/CHIUSECASE(  755): chxutils.cpp:1055 FillCameraId() FillCameraId 1 
E/HWComposer(  798): getPresentFence failed for invalid display 1
W/[ALVR NATIVE-RUST]( 9527): Video frame queue overflow!
E/PvrService( 5931): PvrService getTrackingDataExt ret(0)
E/PvrService( 5931): PvrService getTrackingDataExt rotation(-0.309654, 0.313651, -0.473300, 0.000000)
E/PvrService( 5931): PvrService getTrackingDataExt position(-0.000200, -0.001523, -0.000804)
E/CHIUSECASE(  755): chxutils.cpp:1055 FillCameraId() FillCameraId 1 
E/HWComposer(  798): getPresentFence failed for invalid display 1
E/CHIUSECASE(  755): chxutils.cpp:1055 FillCameraId() FillCameraId 1 
E/OMX-VDEC-1080P( 1018): Unable to convey fps info to driver,                             performance might be affected
W/[ALVR NATIVE-RUST]( 9527): Video frame queue overflow!
E/HWComposer(  798): getPresentFence failed for invalid display 1
E/OMX-VDEC-1080P( 1018): Unable to convey fps info to driver,                             performance might be affected
E/CHIUSECASE(  755): chxutils.cpp:1055 FillCameraId() FillCameraId 1 
W/[ALVR NATIVE-RUST]( 9527): Video frame queue overflow!
E/OMX-VDEC-1080P( 1018): Unable to convey fps info to driver,                             performance might be affected
W/[ALVR NATIVE-RUST]( 9527): Video frame queue overflow!
E/HWComposer(  798): getPresentFence failed for invalid display 1
E/CHIUSECASE(  755): chxutils.cpp:1055 FillCameraId() FillCameraId 1 
E/OMX-VDEC-1080P( 1018): Unable to convey fps info to driver,                             performance might be affected
W/[ALVR NATIVE-RUST]( 9527): Video frame queue overflow!
E/CHIUSECASE(  755): chxutils.cpp:1055 FillCameraId() FillCameraId 1 
E/HWComposer(  798): getPresentFence failed for invalid display 1
E/OMX-VDEC-1080P( 1018): Unable to convey fps info to driver,                             performance might be affected
E/CHIUSECASE(  755): chxutils.cpp:1055 FillCameraId() FillCameraId 1 
W/[ALVR NATIVE-RUST]( 9527): Video frame queue overflow!
E/HWComposer(  798): getPresentFence failed for invalid display 1
E/CHIUSECASE(  755): chxutils.cpp:1055 FillCameraId() FillCameraId 1 
E/OMX-VDEC-1080P( 1018): Unable to convey fps info to driver,                             performance might be affected
W/[ALVR NATIVE-RUST]( 9527): Video frame queue overflow!
E/HWComposer(  798): getPresentFence failed for invalid display 1
E/CHIUSECASE(  755): chxutils.cpp:1055 FillCameraId() FillCameraId 1 
E/OMX-VDEC-1080P( 1018): Unable to convey fps info to driver,                             performance might be affected
W/[ALVR NATIVE-RUST]( 9527): Video frame queue overflow!
E/HWComposer(  798): getPresentFence failed for invalid display 1
E/CHIUSECASE(  755): chxutils.cpp:1055 FillCameraId() FillCameraId 1 
E/OMX-VDEC-1080P( 1018): Unable to convey fps info to driver,                             performance might be affected
W/[ALVR NATIVE-RUST]( 9527): Video frame queue overflow!
E/HWComposer(  798): getPresentFence failed for invalid display 1
E/CHIUSECASE(  755): chxutils.cpp:1055 FillCameraId() FillCameraId 1 
E/OMX-VDEC-1080P( 1018): Unable to convey fps info to driver,                             performance might be affected
W/[ALVR NATIVE-RUST]( 9527): Video frame queue overflow!
E/CHIUSECASE(  755): chxutils.cpp:1055 FillCameraId() FillCameraId 1 
E/HWComposer(  798): getPresentFence failed for invalid display 1
E/OMX-VDEC-1080P( 1018): Unable to convey fps info to driver,                             performance might be affected
W/[ALVR NATIVE-RUST]( 9527): Video frame queue overflow!
E/CHIUSECASE(  755): chxutils.cpp:1055 FillCameraId() FillCameraId 1 
E/HWComposer(  798): getPresentFence failed for invalid display 1
E/CHIUSECASE(  755): chxutils.cpp:1055 FillCameraId() FillCameraId 1 
E/HWComposer(  798): getPresentFence failed for invalid display 1
E/OMX-VDEC-1080P( 1018): Unable to convey fps info to driver,                             performance might be affected
W/[ALVR NATIVE-RUST]( 9527): Video frame queue overflow!
E/CHIUSECASE(  755): chxutils.cpp:1055 FillCameraId() FillCameraId 1 
E/OMX-VDEC-1080P( 1018): Unable to convey fps info to driver,                             performance might be affected
W/[ALVR NATIVE-RUST]( 9527): Video frame queue overflow!
E/HWComposer(  798): getPresentFence failed for invalid display 1
E/CHIUSECASE(  755): chxutils.cpp:1055 FillCameraId() FillCameraId 1 
E/OMX-VDEC-1080P( 1018): Unable to convey fps info to driver,                             performance might be affected
W/[ALVR NATIVE-RUST]( 9527): Video frame queue overflow!
E/CHIUSECASE(  755): chxutils.cpp:1055 FillCameraId() FillCameraId 1 
E/HWComposer(  798): getPresentFence failed for invalid display 1
E/CHIUSECASE(  755): chxutils.cpp:1055 FillCameraId() FillCameraId 1 
E/OMX-VDEC-1080P( 1018): Unable to convey fps info to driver,                             performance might be affected
W/[ALVR NATIVE-RUST]( 9527): Video frame queue overflow!
E/HWComposer(  798): getPresentFence failed for invalid display 1
E/CHIUSECASE(  755): chxutils.cpp:1055 FillCameraId() FillCameraId 1 
E/OMX-VDEC-1080P( 1018): Unable to convey fps info to driver,                             performance might be affected
W/[ALVR NATIVE-RUST]( 9527): Video frame queue overflow!
E/HWComposer(  798): getPresentFence failed for invalid display 1
E/CHIUSECASE(  755): chxutils.cpp:1055 FillCameraId() FillCameraId 1 
E/OMX-VDEC-1080P( 1018): Unable to convey fps info to driver,                             performance might be affected
W/[ALVR NATIVE-RUST]( 9527): Video frame queue overflow!
E/CHIUSECASE(  755): chxutils.cpp:1055 FillCameraId() FillCameraId 1 
E/HWComposer(  798): getPresentFence failed for invalid display 1
E/CHIUSECASE(  755): chxutils.cpp:1055 FillCameraId() FillCameraId 1 
D/SurfaceFlinger(  798): Vsync watchDog is alive
E/OMX-VDEC-1080P( 1018): Unable to convey fps info to driver,                             performance might be affected
W/[ALVR NATIVE-RUST]( 9527): Video frame queue overflow!
E/HWComposer(  798): getPresentFence failed for invalid display 1
E/CHIUSECASE(  755): chxutils.cpp:1055 FillCameraId() FillCameraId 1 
E/OMX-VDEC-1080P( 1018): Unable to convey fps info to driver,                             performance might be affected
W/[ALVR NATIVE-RUST]( 9527): Video frame queue overflow!
E/HWComposer(  798): getPresentFence failed for invalid display 1
E/OMX-VDEC-1080P( 1018): Unable to convey fps info to driver,                             performance might be affected
W/[ALVR NATIVE-RUST]( 9527): Video frame queue overflow!
E/CHIUSECASE(  755): chxutils.cpp:1055 FillCameraId() FillCameraId 1 
E/HWComposer(  798): getPresentFence failed for invalid display 1
E/CHIUSECASE(  755): chxutils.cpp:1055 FillCameraId() FillCameraId 1 
E/OMX-VDEC-1080P( 1018): Unable to convey fps info to driver,                             performance might be affected
W/[ALVR NATIVE-RUST]( 9527): Video frame queue overflow!
E/HWComposer(  798): getPresentFence failed for invalid display 1
E/CHIUSECASE(  755): chxutils.cpp:1055 FillCameraId() FillCameraId 1 
E/OMX-VDEC-1080P( 1018): Unable to convey fps info to driver,                             performance might be affected
W/[ALVR NATIVE-RUST]( 9527): Video frame queue overflow!
E/CHIUSECASE(  755): chxutils.cpp:1055 FillCameraId() FillCameraId 1 
E/HWComposer(  798): getPresentFence failed for invalid display 1
E/OMX-VDEC-1080P( 1018): Unable to convey fps info to driver,                             performance might be affected
W/[ALVR NATIVE-RUST]( 9527): Video frame queue overflow!
E/CHIUSECASE(  755): chxutils.cpp:1055 FillCameraId() FillCameraId 1 
E/HWComposer(  798): getPresentFence failed for invalid display 1
E/CHIUSECASE(  755): chxutils.cpp:1055 FillCameraId() FillCameraId 1 
E/OMX-VDEC-1080P( 1018): Unable to convey fps info to driver,                             performance might be affected
W/[ALVR NATIVE-RUST]( 9527): Video frame queue overflow!
E/HWComposer(  798): getPresentFence failed for invalid display 1
E/CHIUSECASE(  755): chxutils.cpp:1055 FillCameraId() FillCameraId 1 
E/OMX-VDEC-1080P( 1018): Unable to convey fps info to driver,                             performance might be affected
W/[ALVR NATIVE-RUST]( 9527): Video frame queue overflow!
E/HWComposer(  798): getPresentFence failed for invalid display 1
E/CHIUSECASE(  755): chxutils.cpp:1055 FillCameraId() FillCameraId 1 
E/OMX-VDEC-1080P( 1018): Unable to convey fps info to driver,                             performance might be affected
W/[ALVR NATIVE-RUST]( 9527): Video frame queue overflow!
E/CHIUSECASE(  755): chxutils.cpp:1055 FillCameraId() FillCameraId 1 
E/HWComposer(  798): getPresentFence failed for invalid display 1
E/OMX-VDEC-1080P( 1018): Unable to convey fps info to driver,                             performance might be affected
E/CHIUSECASE(  755): chxutils.cpp:1055 FillCameraId() FillCameraId 1 
W/[ALVR NATIVE-RUST]( 9527): Video frame queue overflow!
E/HWComposer(  798): getPresentFence failed for invalid display 1
E/CHIUSECASE(  755): chxutils.cpp:1055 FillCameraId() FillCameraId 1 
E/OMX-VDEC-1080P( 1018): Unable to convey fps info to driver,                             performance might be affected
W/[ALVR NATIVE-RUST]( 9527): Video frame queue overflow!
E/HWComposer(  798): getPresentFence failed for invalid display 1
E/CHIUSECASE(  755): chxutils.cpp:1055 FillCameraId() FillCameraId 1 
E/OMX-VDEC-1080P( 1018): Unable to convey fps info to driver,                             performance might be affected
W/[ALVR NATIVE-RUST]( 9527): Video frame queue overflow!
E/CHIUSECASE(  755): chxutils.cpp:1055 FillCameraId() FillCameraId 1 
E/HWComposer(  798): getPresentFence failed for invalid display 1
E/OMX-VDEC-1080P( 1018): Unable to convey fps info to driver,                             performance might be affected
W/[ALVR NATIVE-RUST]( 9527): Video frame queue overflow!
E/CHIUSECASE(  755): chxutils.cpp:1055 FillCameraId() FillCameraId 1 
E/HWComposer(  798): getPresentFence failed for invalid display 1
E/OMX-VDEC-1080P( 1018): Unable to convey fps info to driver,                             performance might be affected
E/CHIUSECASE(  755): chxutils.cpp:1055 FillCameraId() FillCameraId 1 
W/[ALVR NATIVE-RUST]( 9527): Video frame queue overflow!
E/HWComposer(  798): getPresentFence failed for invalid display 1
E/CHIUSECASE(  755): chxutils.cpp:1055 FillCameraId() FillCameraId 1 
E/OMX-VDEC-1080P( 1018): Unable to convey fps info to driver,                             performance might be affected
W/[ALVR NATIVE-RUST]( 9527): Video frame queue overflow!
E/HWComposer(  798): getPresentFence failed for invalid display 1
E/CHIUSECASE(  755): chxutils.cpp:1055 FillCameraId() FillCameraId 1 
E/OMX-VDEC-1080P( 1018): Unable to convey fps info to driver,                             performance might be affected
E/CHIUSECASE(  755): chxutils.cpp:1055 FillCameraId() FillCameraId 1 
W/[ALVR NATIVE-RUST]( 9527): Video frame queue overflow!
E/HWComposer(  798): getPresentFence failed for invalid display 1
E/OMX-VDEC-1080P( 1018): Unable to convey fps info to driver,                             performance might be affected
W/[ALVR NATIVE-RUST]( 9527): Video frame queue overflow!
E/CHIUSECASE(  755): chxutils.cpp:1055 FillCameraId() FillCameraId 1 
E/HWComposer(  798): getPresentFence failed for invalid display 1
E/CHIUSECASE(  755): chxutils.cpp:1055 FillCameraId() FillCameraId 1 
E/OMX-VDEC-1080P( 1018): Unable to convey fps info to driver,                             performance might be affected
W/[ALVR NATIVE-RUST]( 9527): Video frame queue overflow!
E/HWComposer(  798): getPresentFence failed for invalid display 1
E/CHIUSECASE(  755): chxutils.cpp:1055 FillCameraId() FillCameraId 1 
E/OMX-VDEC-1080P( 1018): Unable to convey fps info to driver,                             performance might be affected
W/[ALVR NATIVE-RUST]( 9527): Video frame queue overflow!
E/HWComposer(  798): getPresentFence failed for invalid display 1
E/OMX-VDEC-1080P( 1018): Unable to convey fps info to driver,                             performance might be affected
E/CHIUSECASE(  755): chxutils.cpp:1055 FillCameraId() FillCameraId 1 
W/[ALVR NATIVE-RUST]( 9527): Video frame queue overflow!
E/CHIUSECASE(  755): chxutils.cpp:1055 FillCameraId() FillCameraId 1 
E/HWComposer(  798): getPresentFence failed for invalid display 1
E/OMX-VDEC-1080P( 1018): Unable to convey fps info to driver,                             performance might be affected
E/CHIUSECASE(  755): chxutils.cpp:1055 FillCameraId() FillCameraId 1 
W/[ALVR NATIVE-RUST]( 9527): Video frame queue overflow!
E/HWComposer(  798): getPresentFence failed for invalid display 1
E/CHIUSECASE(  755): chxutils.cpp:1055 FillCameraId() FillCameraId 1 
E/OMX-VDEC-1080P( 1018): Unable to convey fps info to driver,                             performance might be affected
W/[ALVR NATIVE-RUST]( 9527): Video frame queue overflow!
D/PvrPlatform( 5931): Already keep stationary state for 1 secend
I/chatty  ( 5931): uid=0(root) /system/bin/pvrservice identical 1 line
D/PvrPlatform( 5931): Already keep stationary state for 1 secend
E/HWComposer(  798): getPresentFence failed for invalid display 1
E/CHIUSECASE(  755): chxutils.cpp:1055 FillCameraId() FillCameraId 1 
E/OMX-VDEC-1080P( 1018): Unable to convey fps info to driver,                             performance might be affected
W/[ALVR NATIVE-RUST]( 9527): Video frame queue overflow!
E/HWComposer(  798): getPresentFence failed for invalid display 1
E/CHIUSECASE(  755): chxutils.cpp:1055 FillCameraId() FillCameraId 1 
E/OMX-VDEC-1080P( 1018): Unable to convey fps info to driver,                             performance might be affected
W/[ALVR NATIVE-RUST]( 9527): Video frame queue overflow!
E/HWComposer(  798): getPresentFence failed for invalid display 1
E/CHIUSECASE(  755): chxutils.cpp:1055 FillCameraId() FillCameraId 1 
E/OMX-VDEC-1080P( 1018): Unable to convey fps info to driver,                             performance might be affected
W/[ALVR NATIVE-RUST]( 9527): Video frame queue overflow!
E/CHIUSECASE(  755): chxutils.cpp:1055 FillCameraId() FillCameraId 1 
E/HWComposer(  798): getPresentFence failed for invalid display 1
E/CHIUSECASE(  755): chxutils.cpp:1055 FillCameraId() FillCameraId 1 
E/OMX-VDEC-1080P( 1018): Unable to convey fps info to driver,                             performance might be affected
W/[ALVR NATIVE-RUST]( 9527): Video frame queue overflow!
E/HWComposer(  798): getPresentFence failed for invalid display 1
E/OMX-VDEC-1080P( 1018): Unable to convey fps info to driver,                             performance might be affected
E/CHIUSECASE(  755): chxutils.cpp:1055 FillCameraId() FillCameraId 1 
W/[ALVR NATIVE-RUST]( 9527): Video frame queue overflow!
E/HWComposer(  798): getPresentFence failed for invalid display 1
E/CHIUSECASE(  755): chxutils.cpp:1055 FillCameraId() FillCameraId 1 
E/OMX-VDEC-1080P( 1018): Unable to convey fps info to driver,                             performance might be affected
W/[ALVR NATIVE-RUST]( 9527): Video frame queue overflow!
E/HWComposer(  798): getPresentFence failed for invalid display 1
E/CHIUSECASE(  755): chxutils.cpp:1055 FillCameraId() FillCameraId 1 
E/OMX-VDEC-1080P( 1018): Unable to convey fps info to driver,                             performance might be affected
W/[ALVR NATIVE-RUST]( 9527): Video frame queue overflow!
E/CHIUSECASE(  755): chxutils.cpp:1055 FillCameraId() FillCameraId 1 
I/P2ALVR-native( 9527): REAL_TIME_CONFIG: no foveation change
E/HWComposer(  798): getPresentFence failed for invalid display 1
E/OMX-VDEC-1080P( 1018): Unable to convey fps info to driver,                             performance might be affected
W/[ALVR NATIVE-RUST]( 9527): Video frame queue overflow!
E/CHIUSECASE(  755): chxutils.cpp:1055 FillCameraId() FillCameraId 1 
E/HWComposer(  798): getPresentFence failed for invalid display 1
E/CHIUSECASE(  755): chxutils.cpp:1055 FillCameraId() FillCameraId 1 
E/OMX-VDEC-1080P( 1018): Unable to convey fps info to driver,                             performance might be affected
W/[ALVR NATIVE-RUST]( 9527): Video frame queue overflow!
E/HWComposer(  798): getPresentFence failed for invalid display 1
E/CHIUSECASE(  755): chxutils.cpp:1055 FillCameraId() FillCameraId 1 
E/OMX-VDEC-1080P( 1018): Unable to convey fps info to driver,                             performance might be affected
W/[ALVR NATIVE-RUST]( 9527): Video frame queue overflow!
E/CHIUSECASE(  755): chxutils.cpp:1055 FillCameraId() FillCameraId 1 
E/HWComposer(  798): getPresentFence failed for invalid display 1
E/OMX-VDEC-1080P( 1018): Unable to convey fps info to driver,                             performance might be affected
W/[ALVR NATIVE-RUST]( 9527): Video frame queue overflow!
E/CHIUSECASE(  755): chxutils.cpp:1055 FillCameraId() FillCameraId 1 
E/HWComposer(  798): getPresentFence failed for invalid display 1
E/OMX-VDEC-1080P( 1018): Unable to convey fps info to driver,                             performance might be affected
W/[ALVR NATIVE-RUST]( 9527): Video frame queue overflow!
E/CHIUSECASE(  755): chxutils.cpp:1055 FillCameraId() FillCameraId 1 
E/HWComposer(  798): getPresentFence failed for invalid display 1
E/CHIUSECASE(  755): chxutils.cpp:1055 FillCameraId() FillCameraId 1 
E/OMX-VDEC-1080P( 1018): Unable to convey fps info to driver,                             performance might be affected
W/[ALVR NATIVE-RUST]( 9527): Video frame queue overflow!
E/HWComposer(  798): getPresentFence failed for invalid display 1
E/CHIUSECASE(  755): chxutils.cpp:1055 FillCameraId() FillCameraId 1 
E/OMX-VDEC-1080P( 1018): Unable to convey fps info to driver,                             performance might be affected
W/[ALVR NATIVE-RUST]( 9527): Video frame queue overflow!
E/HWComposer(  798): getPresentFence failed for invalid display 1
E/CHIUSECASE(  755): chxutils.cpp:1055 FillCameraId() FillCameraId 1 
E/OMX-VDEC-1080P( 1018): Unable to convey fps info to driver,                             performance might be affected
W/[ALVR NATIVE-RUST]( 9527): Video frame queue overflow!
E/CHIUSECASE(  755): chxutils.cpp:1055 FillCameraId() FillCameraId 1 
E/HWComposer(  798): getPresentFence failed for invalid display 1
E/OMX-VDEC-1080P( 1018): Unable to convey fps info to driver,                             performance might be affected
W/[ALVR NATIVE-RUST]( 9527): Video frame queue overflow!
E/CHIUSECASE(  755): chxutils.cpp:1055 FillCameraId() FillCameraId 1 
E/HWComposer(  798): getPresentFence failed for invalid display 1
E/OMX-VDEC-1080P( 1018): Unable to convey fps info to driver,                             performance might be affected
W/[ALVR NATIVE-RUST]( 9527): Video frame queue overflow!
E/CHIUSECASE(  755): chxutils.cpp:1055 FillCameraId() FillCameraId 1 
E/HWComposer(  798): getPresentFence failed for invalid display 1
E/CHIUSECASE(  755): chxutils.cpp:1055 FillCameraId() FillCameraId 1 
E/OMX-VDEC-1080P( 1018): Unable to convey fps info to driver,                             performance might be affected
W/[ALVR NATIVE-RUST]( 9527): Video frame queue overflow!
E/HWComposer(  798): getPresentFence failed for invalid display 1
E/CHIUSECASE(  755): chxutils.cpp:1055 FillCameraId() FillCameraId 1 
E/OMX-VDEC-1080P( 1018): Unable to convey fps info to driver,                             performance might be affected
W/[ALVR NATIVE-RUST]( 9527): Video frame queue overflow!
E/CHIUSECASE(  755): chxutils.cpp:1055 FillCameraId() FillCameraId 1 
E/HWComposer(  798): getPresentFence failed for invalid display 1
E/OMX-VDEC-1080P( 1018): Unable to convey fps info to driver,                             performance might be affected
W/[ALVR NATIVE-RUST]( 9527): Video frame queue overflow!
E/CHIUSECASE(  755): chxutils.cpp:1055 FillCameraId() FillCameraId 1 
E/HWComposer(  798): getPresentFence failed for invalid display 1
E/CHIUSECASE(  755): chxutils.cpp:1055 FillCameraId() FillCameraId 1 
E/OMX-VDEC-1080P( 1018): Unable to convey fps info to driver,                             performance might be affected
W/[ALVR NATIVE-RUST]( 9527): Video frame queue overflow!
E/HWComposer(  798): getPresentFence failed for invalid display 1
E/CHIUSECASE(  755): chxutils.cpp:1055 FillCameraId() FillCameraId 1 
E/OMX-VDEC-1080P( 1018): Unable to convey fps info to driver,                             performance might be affected
W/[ALVR NATIVE-RUST]( 9527): Video frame queue overflow!
E/CHIUSECASE(  755): chxutils.cpp:1055 FillCameraId() FillCameraId 1 
E/HWComposer(  798): getPresentFence failed for invalid display 1
E/OMX-VDEC-1080P( 1018): Unable to convey fps info to driver,                             performance might be affected
W/[ALVR NATIVE-RUST]( 9527): Video frame queue overflow!
E/CHIUSECASE(  755): chxutils.cpp:1055 FillCameraId() FillCameraId 1 
E/HWComposer(  798): getPresentFence failed for invalid display 1
E/CHIUSECASE(  755): chxutils.cpp:1055 FillCameraId() FillCameraId 1 
E/OMX-VDEC-1080P( 1018): Unable to convey fps info to driver,                             performance might be affected
W/[ALVR NATIVE-RUST]( 9527): Video frame queue overflow!
E/HWComposer(  798): getPresentFence failed for invalid display 1
E/CHIUSECASE(  755): chxutils.cpp:1055 FillCameraId() FillCameraId 1 
E/OMX-VDEC-1080P( 1018): Unable to convey fps info to driver,                             performance might be affected
W/[ALVR NATIVE-RUST]( 9527): Video frame queue overflow!
E/CHIUSECASE(  755): chxutils.cpp:1055 FillCameraId() FillCameraId 1 
E/HWComposer(  798): getPresentFence failed for invalid display 1
E/OMX-VDEC-1080P( 1018): Unable to convey fps info to driver,                             performance might be affected
W/[ALVR NATIVE-RUST]( 9527): Video frame queue overflow!
E/CHIUSECASE(  755): chxutils.cpp:1055 FillCameraId() FillCameraId 1 
E/HWComposer(  798): getPresentFence failed for invalid display 1
E/OMX-VDEC-1080P( 1018): Unable to convey fps info to driver,                             performance might be affected
E/CHIUSECASE(  755): chxutils.cpp:1055 FillCameraId() FillCameraId 1 
W/[ALVR NATIVE-RUST]( 9527): Video frame queue overflow!
E/HWComposer(  798): getPresentFence failed for invalid display 1
E/OMX-VDEC-1080P( 1018): Unable to convey fps info to driver,                             performance might be affected
E/CHIUSECASE(  755): chxutils.cpp:1055 FillCameraId() FillCameraId 1 
W/[ALVR NATIVE-RUST]( 9527): Video frame queue overflow!
E/HWComposer(  798): getPresentFence failed for invalid display 1
E/OMX-VDEC-1080P( 1018): Unable to convey fps info to driver,                             performance might be affected
W/[ALVR NATIVE-RUST]( 9527): Video frame queue overflow!
E/CHIUSECASE(  755): chxutils.cpp:1055 FillCameraId() FillCameraId 1 
E/CHIUSECASE(  755): chxutils.cpp:1055 FillCameraId() FillCameraId 1 
E/HWComposer(  798): getPresentFence failed for invalid display 1
E/OMX-VDEC-1080P( 1018): Unable to convey fps info to driver,                             performance might be affected
W/[ALVR NATIVE-RUST]( 9527): Video frame queue overflow!
E/CHIUSECASE(  755): chxutils.cpp:1055 FillCameraId() FillCameraId 1 
E/HWComposer(  798): getPresentFence failed for invalid display 1
E/OMX-VDEC-1080P( 1018): Unable to convey fps info to driver,                             performance might be affected
W/[ALVR NATIVE-RUST]( 9527): Video frame queue overflow!
E/CHIUSECASE(  755): chxutils.cpp:1055 FillCameraId() FillCameraId 1 
E/HWComposer(  798): getPresentFence failed for invalid display 1
E/CHIUSECASE(  755): chxutils.cpp:1055 FillCameraId() FillCameraId 1 
E/OMX-VDEC-1080P( 1018): Unable to convey fps info to driver,                             performance might be affected
W/[ALVR NATIVE-RUST]( 9527): Video frame queue overflow!
D/NtpTrustedTime( 1294): currentTimeMillis() cache hit
E/HWComposer(  798): getPresentFence failed for invalid display 1
E/OMX-VDEC-1080P( 1018): Unable to convey fps info to driver,                             performance might be affected
W/[ALVR NATIVE-RUST]( 9527): Video frame queue overflow!
E/CHIUSECASE(  755): chxutils.cpp:1055 FillCameraId() FillCameraId 1 
D/NtpTrustedTime( 1294): currentTimeMillis() cache hit
E/CHIUSECASE(  755): chxutils.cpp:1055 FillCameraId() FillCameraId 1 
I/Binder:622_2(  622): type=1400 audit(0.0:3992): avc: denied { add_name } for name="globalAlert" scontext=u:r:netd:s0 tcontext=u:object_r:proc_net:s0 tclass=dir permissive=1
E/HWComposer(  798): getPresentFence failed for invalid display 1
E/OMX-VDEC-1080P( 1018): Unable to convey fps info to driver,                             performance might be affected
W/[ALVR NATIVE-RUST]( 9527): Video frame queue overflow!
D/CVControllerService( 2550): handleMessage=====
D/CVControllerService( 2550): handller GO_TO_CLOSESTATION
I/VrApi   ( 2550): closeStationPower start
I/r:RemoteService( 2550): type=1400 audit(0.0:3993): avc: denied { read write } for name="spidev1.0" dev="tmpfs" ino=26182 scontext=u:r:system_app:s0 tcontext=u:object_r:device:s0 tclass=chr_file permissive=1
I/em-decode-imu( 2550): ######setconnectState####  0
I/r:RemoteService( 2550): type=1400 audit(0.0:3994): avc: denied { open } for path="/dev/spidev1.0" dev="tmpfs" ino=26182 scontext=u:r:system_app:s0 tcontext=u:object_r:device:s0 tclass=chr_file permissive=1
D/cvcontrollerService( 2550): CallbackControllerConnectStatus
D/cvcontrollerService( 2550): Controller1ConnectStatus is changed:0
D/CVControllerService( 2550): MSG_CONTROLLER_CONNECT_STATE
I/em-decode-imu( 2550): ######setconnectState2####  0
D/cvcontrollerService( 2550): CallbackControllerConnectStatus
D/cvcontrollerService( 2550): Controller2ConnectStatus is changed:0
E/HWComposer(  798): getPresentFence failed for invalid display 1
D/CVControllerService( 2550): MSG_CONTROLLER_CONNECT_STATE
E/CHIUSECASE(  755): chxutils.cpp:1055 FillCameraId() FillCameraId 1 
D/HummingBirdControllerService( 2244): ControllerConnectionState change to 0
D/HummingBirdControllerService( 2244): Broadcast Update: com.picovr.wing.ble.picobroadcast.disconnected
D/HummingBirdControllerService( 2244): mIsDisconnectManually: false
I/chatty  (10669): uid=1000(system) com.pvr.vrshell identical 4 lines
W/ViewRootImpl[MainActivity](10669): Cancelling event due to no window focus: KeyEvent { action=ACTION_UP, keyCode=KEYCODE_MEDIA_PAUSE, scanCode=0, metaState=0, flags=0x28, repeatCount=0, eventTime=5945551, downTime=5945551, deviceId=-1, source=0x101 }
W/ContextImpl( 2244): Calling a method in the system process without a qualified user: android.app.ContextImpl.sendBroadcast:966 android.content.ContextWrapper.sendBroadcast:437 com.picovr.picovrlib.hummingbird.HummingBirdControllerService.broadCastUpdate:3741 com.picovr.picovrlib.hummingbird.HummingBirdControllerService.access$3900:65 com.picovr.picovrlib.hummingbird.HummingBirdControllerService$2$1.controllerConnectStateChanged:1220 
I/CVControllerService( 2550): persist.pvrcon.main.controller callunityversion is false and allcontrollerconnected is falseis 1
I/CVControllerService( 2550): getPvrMainController 1
D/CompatibilityInfo( 1294): mCompatibilityFlags - 14
D/CompatibilityInfo( 1294): applicationDensity - 640
D/CompatibilityInfo( 1294): applicationScale - 1.0
I/P2ALVR  ( 9527): controller 0 connect state -> 0
E/CHIUSECASE(  755): chxutils.cpp:1055 FillCameraId() FillCameraId 1 
D/HummingBirdControllerService( 2244): ControllerConnectionState change to 0
D/HummingBirdControllerService( 2244): Broadcast Update: com.picovr.wing.ble.picobroadcast.disconnected
D/HummingBirdControllerService( 2244): mIsDisconnectManually: false
E/HWComposer(  798): getPresentFence failed for invalid display 1
I/CVControllerService( 2550): persist.pvrcon.main.controller callunityversion is false and allcontrollerconnected is falseis 1
I/CVControllerService( 2550): getPvrMainController 1
D/HbServiceReceiver( 2106): Controller disconnected, begin to scan...
I/P2ALVR  ( 9527): controller 1 connect state -> 0
D/CVControllerService( 2550): handleMessage=====
I/CVControllerService( 2550): persist.pvrcon.main.controller callunityversion is false and allcontrollerconnected is falseis 1
I/CVControllerService( 2550): getPvrMainController 1
D/CVControllerService( 2550): controllerNum = 0,controllerStatus = 0,controller0StatusNow = 0,controller1StatusNow = 0,maincontrollerNow = 1
D/HummingBirdControllerService( 2244): ControllerConnectionState change to 0
D/HummingBirdControllerService( 2244): Broadcast Update: com.picovr.wing.ble.picobroadcast.disconnected
D/HummingBirdControllerService( 2244): mIsDisconnectManually: false
I/chatty  ( 2244): uid=1000(system) Binder:2244_2 identical 1 line
W/ContextImpl( 2244): Calling a method in the system process without a qualified user: android.app.ContextImpl.sendBroadcast:966 android.content.ContextWrapper.sendBroadcast:437 com.picovr.picovrlib.hummingbird.HummingBirdControllerService.broadCastUpdate:3741 com.picovr.picovrlib.hummingbird.HummingBirdControllerService.access$3900:65 com.picovr.picovrlib.hummingbird.HummingBirdControllerService$2$1.controllerConnectStateChanged:1220 
W/ContextImpl( 2106): Calling a method in the system process without a qualified user: android.app.ContextImpl.startService:1476 android.content.ContextWrapper.startService:650 android.content.ContextWrapper.startService:650 com.picovr.hummingbirdsvc.OnBootReceiver.onReceive:180 android.app.ActivityThread.handleReceiver:3343 
I/CVControllerService( 2550): persist.pvrcon.main.controller callunityversion is false and allcontrollerconnected is falseis 1
I/CVControllerService( 2550): getPvrMainController 1
I/P2ALVR  ( 9527): controller 0 connect state -> 0
I/CVControllerService( 2550): persist.pvrcon.main.controller callunityversion is false and allcontrollerconnected is falseis 1
D/CVControllerService( 2550): handleMessage=====
I/CVControllerService( 2550): persist.pvrcon.main.controller callunityversion is false and allcontrollerconnected is falseis 1
I/CVControllerService( 2550): getPvrMainController 1
D/CVControllerService( 2550): controllerNum = 1,controllerStatus = 0,controller0StatusNow = 0,controller1StatusNow = 0,maincontrollerNow = 1
D/CompatibilityInfo( 1294): mCompatibilityFlags - 14
D/CompatibilityInfo( 1294): applicationDensity - 640
D/CompatibilityInfo( 1294): applicationScale - 1.0
D/HummingBirdControllerService( 2244): ControllerConnectionState change to 0
D/HummingBirdControllerService( 2244): Broadcast Update: com.picovr.wing.ble.picobroadcast.disconnected
D/HummingBirdControllerService( 2244): mIsDisconnectManually: false
E/CHIUSECASE(  755): chxutils.cpp:1055 FillCameraId() FillCameraId 1 
W/ContextImpl( 2244): Calling a method in the system process without a qualified user: android.app.ContextImpl.sendBroadcast:966 android.content.ContextWrapper.sendBroadcast:437 com.picovr.picovrlib.hummingbird.HummingBirdControllerService.broadCastUpdate:3741 com.picovr.picovrlib.hummingbird.HummingBirdControllerService.access$3900:65 com.picovr.picovrlib.hummingbird.HummingBirdControllerService$2$1.controllerConnectStateChanged:1220 
I/CVControllerService( 2550): persist.pvrcon.main.controller callunityversion is false and allcontrollerconnected is falseis 1
I/CVControllerService( 2550): getPvrMainController 1
E/OMX-VDEC-1080P( 1018): Unable to convey fps info to driver,                             performance might be affected
I/P2ALVR  ( 9527): controller 1 connect state -> 0
I/CVControllerService( 2550): persist.pvrcon.main.controller callunityversion is false and allcontrollerconnected is falseis 1
W/[ALVR NATIVE-RUST]( 9527): Video frame queue overflow!
D/AutoConnectService( 2106): Scan Hb Device
D/HummingBirdControllerService( 2244): scanBleDevice remote
D/HummingBirdControllerService( 2244): Scan enable = true
W/HummingBirdControllerService( 2244): BluetoothAdapter or mLeScanCallback not initialized.
I/HummingBirdControllerService( 2244): sendMessage MSG_RESTART_SCAN
E/HWComposer(  798): getPresentFence failed for invalid display 1
D/HbServiceReceiver( 2106): Controller disconnected, begin to scan...
W/ContextImpl( 2106): Calling a method in the system process without a qualified user: android.app.ContextImpl.startService:1476 android.content.ContextWrapper.startService:650 android.content.ContextWrapper.startService:650 com.picovr.hummingbirdsvc.OnBootReceiver.onReceive:180 android.app.ActivityThread.handleReceiver:3343 
D/CompatibilityInfo( 1294): mCompatibilityFlags - 14
D/AutoConnectService( 2106): Scan Hb Device
D/CompatibilityInfo( 1294): applicationDensity - 640
D/CompatibilityInfo( 1294): applicationScale - 1.0
D/HummingBirdControllerService( 2244): scanBleDevice remote
D/HummingBirdControllerService( 2244): Scan enable = true
W/HummingBirdControllerService( 2244): BluetoothAdapter or mLeScanCallback not initialized.
I/HummingBirdControllerService( 2244): sendMessage MSG_RESTART_SCAN
E/OMX-VDEC-1080P( 1018): Unable to convey fps info to driver,                             performance might be affected
E/CHIUSECASE(  755): chxutils.cpp:1055 FillCameraId() FillCameraId 1 
D/HbServiceReceiver( 2106): Controller disconnected, begin to scan...
W/[ALVR NATIVE-RUST]( 9527): Video frame queue overflow!
D/AutoConnectService( 2106): Scan Hb Device
D/CompatibilityInfo( 1294): mCompatibilityFlags - 14
D/CompatibilityInfo( 1294): applicationDensity - 640
D/CompatibilityInfo( 1294): applicationScale - 1.0
D/HummingBirdControllerService( 2244): scanBleDevice remote
D/HummingBirdControllerService( 2244): Scan enable = true
W/HummingBirdControllerService( 2244): BluetoothAdapter or mLeScanCallback not initialized.
I/HummingBirdControllerService( 2244): sendMessage MSG_RESTART_SCAN
D/HbServiceReceiver( 2106): Controller disconnected, begin to scan...
E/OMX-VDEC-1080P( 1018): Unable to convey fps info to driver,                             performance might be affected
W/[ALVR NATIVE-RUST]( 9527): Video frame queue overflow!
I/PVR_VsyncListen( 5931): type=1400 audit(0.0:3995): avc: denied { call } for scontext=u:r:pvrservice:s0 tcontext=u:r:surfaceflinger:s0 tclass=binder permissive=1
E/HWComposer(  798): getPresentFence failed for invalid display 1
D/AutoConnectService( 2106): Scan Hb Device
D/HummingBirdControllerService( 2244): scanBleDevice remote
D/HummingBirdControllerService( 2244): Scan enable = true
W/HummingBirdControllerService( 2244): BluetoothAdapter or mLeScanCallback not initialized.
I/HummingBirdControllerService( 2244): sendMessage MSG_RESTART_SCAN
E/CHIUSECASE(  755): chxutils.cpp:1055 FillCameraId() FillCameraId 1 
E/OMX-VDEC-1080P( 1018): Unable to convey fps info to driver,                             performance might be affected
W/[ALVR NATIVE-RUST]( 9527): Video frame queue overflow!
E/CHIUSECASE(  755): chxutils.cpp:1055 FillCameraId() FillCameraId 1 
E/HWComposer(  798): getPresentFence failed for invalid display 1
E/OMX-VDEC-1080P( 1018): Unable to convey fps info to driver,                             performance might be affected
W/[ALVR NATIVE-RUST]( 9527): Video frame queue overflow!
E/CHIUSECASE(  755): chxutils.cpp:1055 FillCameraId() FillCameraId 1 
E/HWComposer(  798): getPresentFence failed for invalid display 1
E/OMX-VDEC-1080P( 1018): Unable to convey fps info to driver,                             performance might be affected
W/[ALVR NATIVE-RUST]( 9527): Video frame queue overflow!
E/CHIUSECASE(  755): chxutils.cpp:1055 FillCameraId() FillCameraId 1 
E/HWComposer(  798): getPresentFence failed for invalid display 1
E/CHIUSECASE(  755): chxutils.cpp:1055 FillCameraId() FillCameraId 1 
E/OMX-VDEC-1080P( 1018): Unable to convey fps info to driver,                             performance might be affected
W/[ALVR NATIVE-RUST]( 9527): Video frame queue overflow!
E/CHIUSECASE(  755): chxutils.cpp:1055 FillCameraId() FillCameraId 1 
E/HWComposer(  798): getPresentFence failed for invalid display 1
E/OMX-VDEC-1080P( 1018): Unable to convey fps info to driver,                             performance might be affected
W/[ALVR NATIVE-RUST]( 9527): Video frame queue overflow!
E/CHIUSECASE(  755): chxutils.cpp:1055 FillCameraId() FillCameraId 1 
E/HWComposer(  798): getPresentFence failed for invalid display 1
E/OMX-VDEC-1080P( 1018): Unable to convey fps info to driver,                             performance might be affected
W/[ALVR NATIVE-RUST]( 9527): Video frame queue overflow!
E/CHIUSECASE(  755): chxutils.cpp:1055 FillCameraId() FillCameraId 1 
E/HWComposer(  798): getPresentFence failed for invalid display 1
E/CHIUSECASE(  755): chxutils.cpp:1055 FillCameraId() FillCameraId 1 
E/OMX-VDEC-1080P( 1018): Unable to convey fps info to driver,                             performance might be affected
W/[ALVR NATIVE-RUST]( 9527): Video frame queue overflow!
E/HWComposer(  798): getPresentFence failed for invalid display 1
E/OMX-VDEC-1080P( 1018): Unable to convey fps info to driver,                             performance might be affected
W/[ALVR NATIVE-RUST]( 9527): Video frame queue overflow!
E/CHIUSECASE(  755): chxutils.cpp:1055 FillCameraId() FillCameraId 1 
E/HWComposer(  798): getPresentFence failed for invalid display 1
E/CHIUSECASE(  755): chxutils.cpp:1055 FillCameraId() FillCameraId 1 
E/OMX-VDEC-1080P( 1018): Unable to convey fps info to driver,                             performance might be affected
W/[ALVR NATIVE-RUST]( 9527): Video frame queue overflow!
E/CHIUSECASE(  755): chxutils.cpp:1055 FillCameraId() FillCameraId 1 
E/HWComposer(  798): getPresentFence failed for invalid display 1
E/OMX-VDEC-1080P( 1018): Unable to convey fps info to driver,                             performance might be affected
W/[ALVR NATIVE-RUST]( 9527): Video frame queue overflow!
E/CHIUSECASE(  755): chxutils.cpp:1055 FillCameraId() FillCameraId 1 
E/HWComposer(  798): getPresentFence failed for invalid display 1
E/OMX-VDEC-1080P( 1018): Unable to convey fps info to driver,                             performance might be affected
W/[ALVR NATIVE-RUST]( 9527): Video frame queue overflow!
E/CHIUSECASE(  755): chxutils.cpp:1055 FillCameraId() FillCameraId 1 
E/HWComposer(  798): getPresentFence failed for invalid display 1
E/CHIUSECASE(  755): chxutils.cpp:1055 FillCameraId() FillCameraId 1 
E/OMX-VDEC-1080P( 1018): Unable to convey fps info to driver,                             performance might be affected
W/[ALVR NATIVE-RUST]( 9527): Video frame queue overflow!
E/CHIUSECASE(  755): chxutils.cpp:1055 FillCameraId() FillCameraId 1 
E/HWComposer(  798): getPresentFence failed for invalid display 1
