--------- beginning of main
I/chatty  ( 1146): uid=0(root) /system/bin/pvrservice expire 1 line
D/PvrPlatform( 1146): Already keep stationary state for 12 secend
E/cmd     ( 4173): open() failed for /dev/cgroup_info/cgroup.rc: No such file or directory
E/libprocessgroup( 4173): CgroupMap::LoadRcFile called for [4173] failed
E/libprocessgroup( 4173): CgroupMap::FindController called for [4173] failed, RC file was not initialized properly
W/libprocessgroup( 4173): Controller cpuset is not found
E/libprocessgroup( 4173): CgroupMap::FindController called for [4173] failed, RC file was not initialized properly
W/libprocessgroup( 4173): Controller cpuset is not found
E/libprocessgroup( 4173): CgroupMap::FindController called for [4173] failed, RC file was not initialized properly
W/libprocessgroup( 4173): Controller cpuset is not found
E/libprocessgroup( 4173): CgroupMap::FindController called for [4173] failed, RC file was not initialized properly
W/libprocessgroup( 4173): Controller memory is not found
E/libprocessgroup( 4173): CgroupMap::FindController called for [4173] failed, RC file was not initialized properly
W/libprocessgroup( 4173): Controller memory is not found
E/libprocessgroup( 4173): CgroupMap::FindController called for [4173] failed, RC file was not initialized properly
W/libprocessgroup( 4173): Controller memory is not found
E/libprocessgroup( 4173): CgroupMap::FindController called for [4173] failed, RC file was not initialized properly
W/libprocessgroup( 4173): Controller schedtune is not found
E/libprocessgroup( 4173): CgroupMap::FindController called for [4173] failed, RC file was not initialized properly
W/libprocessgroup( 4173): Controller schedtune is not found
E/libprocessgroup( 4173): CgroupMap::FindController called for [4173] failed, RC file was not initialized properly
W/libprocessgroup( 4173): Controller cpu is not found
E/libprocessgroup( 4173): CgroupMap::FindController called for [4173] failed, RC file was not initialized properly
W/libprocessgroup( 4173): Controller cpu is not found
E/libprocessgroup( 4173): CgroupMap::FindController called for [4173] failed, RC file was not initialized properly
W/libprocessgroup( 4173): JoinCgroup: controller schedtune is not found
E/libprocessgroup( 4173): CgroupMap::FindController called for [4173] failed, RC file was not initialized properly
W/libprocessgroup( 4173): JoinCgroup: controller schedtune is not found
E/libprocessgroup( 4173): CgroupMap::FindController called for [4173] failed, RC file was not initialized properly
W/libprocessgroup( 4173): JoinCgroup: controller schedtune is not found
E/libprocessgroup( 4173): CgroupMap::FindController called for [4173] failed, RC file was not initialized properly
W/libprocessgroup( 4173): JoinCgroup: controller schedtune is not found
E/libprocessgroup( 4173): CgroupMap::FindController called for [4173] failed, RC file was not initialized properly
W/libprocessgroup( 4173): JoinCgroup: controller schedtune is not found
W/libprocessgroup( 4173): SetAttribute: unknown attribute: STunePreferIdle
W/libprocessgroup( 4173): SetAttribute: unknown attribute: STunePreferIdle
E/libprocessgroup( 4173): CgroupMap::FindController called for [4173] failed, RC file was not initialized properly
W/libprocessgroup( 4173): JoinCgroup: controller cpuset is not found
E/libprocessgroup( 4173): CgroupMap::FindController called for [4173] failed, RC file was not initialized properly
W/libprocessgroup( 4173): JoinCgroup: controller cpuset is not found
E/libprocessgroup( 4173): CgroupMap::FindController called for [4173] failed, RC file was not initialized properly
W/libprocessgroup( 4173): JoinCgroup: controller cpuset is not found
E/libprocessgroup( 4173): CgroupMap::FindController called for [4173] failed, RC file was not initialized properly
W/libprocessgroup( 4173): JoinCgroup: controller cpuset is not found
E/libprocessgroup( 4173): CgroupMap::FindController called for [4173] failed, RC file was not initialized properly
W/libprocessgroup( 4173): JoinCgroup: controller cpuset is not found
E/libprocessgroup( 4173): CgroupMap::FindController called for [4173] failed, RC file was not initialized properly
W/libprocessgroup( 4173): JoinCgroup: controller cpuset is not found
E/libprocessgroup( 4173): CgroupMap::FindController called for [4173] failed, RC file was not initialized properly
W/libprocessgroup( 4173): JoinCgroup: controller cpuset is not found
E/libprocessgroup( 4173): CgroupMap::FindController called for [4173] failed, RC file was not initialized properly
W/libprocessgroup( 4173): JoinCgroup: controller cpuset is not found
E/libprocessgroup( 4173): CgroupMap::FindController called for [4173] failed, RC file was not initialized properly
W/libprocessgroup( 4173): JoinCgroup: controller cpuset is not found
E/libprocessgroup( 4173): CgroupMap::FindController called for [4173] failed, RC file was not initialized properly
W/libprocessgroup( 4173): JoinCgroup: controller cpuset is not found
E/libprocessgroup( 4173): CgroupMap::FindController called for [4173] failed, RC file was not initialized properly
W/libprocessgroup( 4173): JoinCgroup: controller cpuset is not found
E/libprocessgroup( 4173): CgroupMap::FindController called for [4173] failed, RC file was not initialized properly
W/libprocessgroup( 4173): JoinCgroup: controller cpuset is not found
E/libprocessgroup( 4173): CgroupMap::FindController called for [4173] failed, RC file was not initialized properly
W/libprocessgroup( 4173): JoinCgroup: controller cpuset is not found
E/libprocessgroup( 4173): CgroupMap::FindController called for [4173] failed, RC file was not initialized properly
W/libprocessgroup( 4173): JoinCgroup: controller cpuset is not found
E/libprocessgroup( 4173): CgroupMap::FindController called for [4173] failed, RC file was not initialized properly
W/libprocessgroup( 4173): JoinCgroup: controller blkio is not found
E/libprocessgroup( 4173): CgroupMap::FindController called for [4173] failed, RC file was not initialized properly
W/libprocessgroup( 4173): JoinCgroup: controller blkio is not found
E/libprocessgroup( 4173): CgroupMap::FindController called for [4173] failed, RC file was not initialized properly
W/libprocessgroup( 4173): JoinCgroup: controller blkio is not found
--------- beginning of system
I/ActivityTaskManager( 1662): START u0 {flg=0x10000000 cmp=com.pvr.vrshell/.MainActivity} from uid 0
E/libprocessgroup( 4173): CgroupMap::FindController called for [4173] failed, RC file was not initialized properly
W/libprocessgroup( 4173): JoinCgroup: controller blkio is not found
W/libprocessgroup( 4173): SetAttribute: unknown attribute: MemSoftLimit
W/libprocessgroup( 4173): SetAttribute: unknown attribute: MemSwappiness
W/libprocessgroup( 4173): SetAttribute: unknown attribute: MemSoftLimit
W/libprocessgroup( 4173): SetAttribute: unknown attribute: MemSwappiness
E/libprocessgroup( 4173): CgroupMap::FindController called for [4173] failed, RC file was not initialized properly
W/libprocessgroup( 4173): JoinCgroup: controller memory is not found
E/system_server( 1662): Invalid ID 0x00000000.
D/Zygote  ( 1378): Forked child process 4176
E/libprocessgroup( 4176): CgroupMap::FindController called for [4176] failed, RC file was not initialized properly
E/libprocessgroup( 4176): CgroupMap::FindController called for [4176] failed, RC file was not initialized properly
E/libprocessgroup( 4176): Failed to make and chown /uid_1000: Read-only file system
W/Zygote  ( 4176): createProcessGroup failed, kernel missing CONFIG_CGROUP_CPUACCT?
I/Zygote  ( 4176): seccomp disabled by setenforce 0
E/libprocessgroup( 4176): CgroupMap::FindController called for [4176] failed, RC file was not initialized properly
I/ActivityManager( 1662): Start proc 4176:com.pvr.vrshell/1000 for pre-top-activity {com.pvr.vrshell/com.pvr.vrshell.MainActivity}
I/com.pvr.vrshell( 4176): type=1400 audit(0.0:737): avc: denied { getattr } for path="/system/priv-app/VRShell2/VRShell2.apk" dev="sda7" ino=6469 scontext=u:r:system_app:s0 tcontext=u:object_r:unlabeled:s0 tclass=file permissive=1
I/com.pvr.vrshell( 4176): type=1400 audit(0.0:738): avc: denied { getattr } for path="/system/priv-app/VRShell2" dev="sda7" ino=6251 scontext=u:r:system_app:s0 tcontext=u:object_r:unlabeled:s0 tclass=dir permissive=1
I/com.pvr.vrshell( 4176): type=1400 audit(0.0:739): avc: denied { read } for name="VRShell2.apk" dev="sda7" ino=6469 scontext=u:r:system_app:s0 tcontext=u:object_r:unlabeled:s0 tclass=file permissive=1
I/com.pvr.vrshell( 4176): type=1400 audit(0.0:740): avc: denied { open } for path="/system/priv-app/VRShell2/VRShell2.apk" dev="sda7" ino=6469 scontext=u:r:system_app:s0 tcontext=u:object_r:unlabeled:s0 tclass=file permissive=1
W/OomAdjuster( 1662): Fallback pre-set sched group to default: not expected top priority
W/com.pvr.vrshel( 4176): JIT profile information will not be recorded: profile file does not exits.
W/com.pvr.vrshel( 4176): resources.arsc in APK '/system/priv-app/VRShell2/VRShell2.apk' is compressed.
D/ImageWallpaper( 1924): wallpaper visibility changes to: false
E/GraphicsEnv( 4176): Failed to get gpu service
I/ashmem  ( 4176): memfd: device VNDK version (27) is < Q so using ashmem.
I/UnityNativeActivityPico( 4176): onCreate enter
D/PvrClient( 4176): android.content.pm.PackageManager$NameNotFoundException: com.pvr.pvrservice
D/HalDevMgr( 1662): onDebugRingBufferDataAvailable
I/chatty  ( 1662): uid=1000(system) HwBinder:1662_5 identical 4 lines
D/HalDevMgr( 1662): onDebugRingBufferDataAvailable
D/UnityNativeActivityPico( 4176): DISFT isJavaService =falseisPhoneHmdType = false
I/Binder:1392_2( 1392): type=1400 audit(0.0:741): avc: denied { sys_admin } for capability=21 scontext=u:r:netd:s0 tcontext=u:r:netd:s0 tclass=capability permissive=1
I/VrApi   ( 4176): open replaceable Scuccessed libPvr_UnitySDKExt11.so
I/VrApi   ( 4176): couldBeLoaded
I/VrApi   ( 4176): 0x78dc8f2c18
I/VrApi   ( 4176): open replaceable Scuccessed 2
I/VrApi   ( 4176): current version >=2.7.4.4
I/VrApi   ( 4176): APP version, 2, 8, 6, 16
I/VrApi   ( 4176): lib version, 2, 8, 6, 15
I/VrApi   ( 4176): open replaceable aborted
I/VrApi   ( 4176): pvr_OnLoad()
I/VrApi   ( 4176): Using caller's JNIEnv
I/VrApi   ( 4176): Get SdcardPath = /storage/emulated/0, 0x787b3c9110
I/VrApi   ( 4176): BuildVersionSDK 29
I/VrApi   ( 4176): pvr_Init
I/UnityNativeActivityPico( 4176): bypass_presentation = -1
W/ContextImpl( 4176): Calling a method in the system process without a qualified user: android.app.ContextImpl.bindService:1649 android.content.ContextWrapper.bindService:705 com.unity3d.player.UnityPlayerNativeActivityPico.PicoVRInit:115 com.unity3d.player.UnityPlayerNativeActivityPico.onCreate:14 com.pvr.vrshell.MainActivity.onCreate:0 
D/VRDataUtils( 4176): HMD not exist
D/PvrClient( 4176): mirroring or not lg return
I/c       ( 3999): check# change host url
I/initServerJar( 3999): ??DoGetUrlFromDBWithSuffix,uriStr=content://com.picovr.initserver.serverSetting/server_setting/store-AppStore3
I/InitServer( 3407): Porvider????query,projection = null***selection = null**selectionArgs = null
E/TrafficController( 1392): Failed to set the counterSet: Bad file descriptor, fd: -1
I/initServerJar( 3999): cursor::count=0
I/initServerJar( 3999): content=
I/initServerJar( 3999): urlViaSuffix=
I/initServerJar( 3999): ????,????DoGetUrlFromDBWithSuffix,uriCommon=content://com.picovr.initserver.serverSetting/server_setting/AppStore3
I/InitServer( 3407): Porvider????query,projection = null***selection = null**selectionArgs = null
I/initServerJar( 3999): cursor::count=1
I/initServerJar( 3999): content=https://us-appstore.picovr.com/api/
I/initServerJar( 3999): urlViaSuffix=https://us-appstore.picovr.com/api/
W/ContextImpl( 3999): Calling a method in the system process without a qualified user: android.app.ContextImpl.startForegroundService:1576 android.content.ContextWrapper.startForegroundService:674 com.pvr.verify.utils.CommonUtils.startService:6 com.pvr.verify.a.b.a:14 com.pvr.verify.VerifyService.onCreate:30 
W/ActivityManager( 1662): Unable to start service Intent { act=com.picovr.nest.sys.server pkg=com.picovr.nestserver } U=0: not found
W/ContextImpl( 3999): Calling a method in the system process without a qualified user: android.app.ContextImpl.bindService:1649 android.content.ContextWrapper.bindService:705 com.pvr.verify.a.b.a:20 com.pvr.verify.VerifyService.onCreate:30 android.app.ActivityThread.handleCreateService:3953 
W/ActivityManager( 1662): Unable to start service Intent { act=com.picovr.nest.sys.server pkg=com.picovr.nestserver } U=0: not found
I/b       ( 3999): check# bind: bind Verify Service
I/VerifyService( 3999): onCreate# 
I/VerifyService( 3999): onBind: ---
D/HalDevMgr( 1662): onDebugRingBufferDataAvailable
I/chatty  ( 1662): uid=1000(system) HwBinder:1662_1 identical 3 lines
D/HalDevMgr( 1662): onDebugRingBufferDataAvailable
I/hwservicemanager(  561): getTransport: Cannot find entry android.hardware.graphics.allocator@3.0::IAllocator/default in either framework or device manifest.
W/Gralloc3( 1662): allocator 3.x is not supported
I/Adreno  ( 1662): QUALCOMM build                   : 2d5c972, I8302e904d2
I/Adreno  ( 1662): Build Date                       : 03/29/19
I/Adreno  ( 1662): OpenGL ES Shader Compiler Version: EV031.26.03.00
I/Adreno  ( 1662): Local Branch                     : mybranche951d0e9-8bc7-f187-be97-5cb90179c3d8
I/Adreno  ( 1662): Remote Branch                    : quic/gfx-adreno.lnx.1.0.r65-rel
I/Adreno  ( 1662): Remote Branch                    : NONE
I/Adreno  ( 1662): Reconstruct Branch               : NOTHING
I/Adreno  ( 1662): Build Config                     : S L 4.0.10 AArch64
I/Adreno  ( 1662): PFP: 0x016ee183, ME: 0x00000000
E/ConfigApi( 4176): Not Initialize Global Configs
I/ConfigApi( 4176): Initialize Global Configs
I/ConfigApi( 4176): file is not exist: /sdcard/psmart/phoenix/psmvrapi_config.txt
I/psmvrConfig( 4176): Load file /system/etc/pvr/psmvrapi_config.txt, 1
I/com.pvr.vrshell( 4176): type=1400 audit(0.0:742): avc: denied { execute } for path="/system/lib64/libpxr_6dof_optimization.so" dev="sda7" ino=6402 scontext=u:r:system_app:s0 tcontext=u:object_r:unlabeled:s0 tclass=file permissive=1
I/com.pvr.vrshell( 4176): type=1400 audit(0.0:743): avc: denied { read } for name="IMUParams.txt" dev="sda2" ino=418 scontext=u:r:system_app:s0 tcontext=u:object_r:persist_file:s0 tclass=file permissive=1
E/psmvrConfig( 4176): Undefined variable -- iEnableStageLevel
E/psmvrConfig( 4176): Undefined variable -- fCylinderDistortionBoundThreshold
E/psmvrConfig( 4176): Undefined variable -- fCylinderDistortionBoundSetValue
I/ConfigApi( 4176): DIATW Update Config Parameters From VRService
E/VrServiceApi( 4176): InitServiceClient: priority native or java service : order = 0
I/VrServiceApi( 4176): load service priority default
I/VrServiceApi( 4176): dlopen ok
I/VrServiceApi( 4176): dlsym for getPVRModule ok
V/PvrService( 1146): registerClient() client 0x7db6769640, pid 4176
E/Paul    ( 4176): IsInitialized
E/HaveDir ( 4176): HaveDir
E/Paul    ( 4176): open_calib_file_ok
E/GyroMatrix( 4176): c:1.000000,0.000000,0.000000,0.000000,1.000000,0.000000,0.000000,0.000000,1.000000
E/SensorConstruct( 4176): SensorConstruct
E/PvrServiceClient( 4176): Open library<lib6DofReset.so> failed:(null)
E/PvrServiceClient( 4176): Get function<mUpdateOffsets> failed:undefined symbol: updateOffsets
E/PvrServiceClient( 4176): Get function<mGetResetPos> failed:undefined symbol: getResetPos
E/PvrPlatform( 1146): Override displayinfo:w=3840 h=2160 fps=72.000008
D/RefBase ( 1146): RefBase: Explicit destruction, weak count = 0 (in 0x7fc1778028)
W/RefBase ( 1146): CallStack::getCurrentInternal not linked, returning null
W/RefBase ( 1146): CallStack::logStackInternal not linked
I/ConfigApi( 4176): UpdateDisplayInfo predict=(0.000000,0.000000,0.000000,0.000000),0.000000,hasPredictInfo = 0
D/PvrPlatform( 1146): Falcon CV2.Use parameters - lensParameters_falconCV2_eu_us_mode1
I/PvrPlatform( 1146): Override configs by config file
I/PvrPlatform( 1146): Override fov value:101.000000
I/ConfigApi( 4176): psmvr_UpdateLensAndDisplayInfoFromVRService UpdateLensInfo
D/VRBoundary( 4176): mSTSettingExist = true
D/VRBoundary( 4176): globalBoundaryStatus = -1
D/VRBoundary( 4176): appBoundaryStatus = 1
D/VRBoundary( 4176): globalBoundaryStatusToC = 1
D/VRBoundary( 4176): globalBoundaryStatusToB = -1
I/UnityNativeActivityPico( 4176): Shell shell_mode = 1
I/UnityNativeActivityPico( 4176): force_cancel_unity_pause = -1
I/UnityNativeActivityPico( 4176): has android.permission.READ_EXTERNAL_STORAGE this
I/UnityNativeActivityPico( 4176): create enter
D/VRResUtils( 4176): sdPath /system/etc/pvr/res.json
D/VRResUtils( 4176): size = 127365
D/VRResUtils( 4176): locale = en
D/UnityNativeActivityPico( 4176): false = SCRN_BRIGHTNESS
I/UnityNativeActivityPico( 4176): EnableAppOverlayType = false
D/PvrClient( 4176): android.content.pm.PackageManager$NameNotFoundException: com.pvr.pvrservice
E/PvrClientJava( 4176): initNative end
E/PvrClientJava( 4176): status = 0,argCnt = 0
D/UnityNativeActivityPico( 4176): com.psmart.vrlib.PvrClient@a68df60 PvrClient created
I/LoadingUtils( 4176): 2D loading dir: system/media/LoadingRes
D/NetworkSecurityConfig( 4176): No Network Security Config specified, using platform default
E/ResolverController( 1392): No valid NAT64 prefix (100, <unspecified>/0)
D/HalDevMgr( 1662): onDebugRingBufferDataAvailable
I/chatty  ( 1662): uid=1000(system) HwBinder:1662_2 identical 3 lines
D/HalDevMgr( 1662): onDebugRingBufferDataAvailable
I/UnityPlugin( 4176): PVR_SetCpuLevel  level 9999
I/PvrPlatform( 1146): setCPULevel:9999 1
D/HalDevMgr( 1662): onDebugRingBufferDataAvailable
I/chatty  ( 1662): uid=1000(system) HwBinder:1662_4 identical 3 lines
D/HalDevMgr( 1662): onDebugRingBufferDataAvailable
E/PvrService( 1146): PvrService getTrackingDataExt ret(0)
E/PvrService( 1146): PvrService getTrackingDataExt rotation(-0.041747, -0.000654, -0.003819, 0.999121)
E/PvrService( 1146): PvrService getTrackingDataExt position(0.000656, -0.006979, -0.086476)
D/HalDevMgr( 1662): onDebugRingBufferDataAvailable
I/chatty  ( 1662): uid=1000(system) HwBinder:1662_4 identical 3 lines
D/HalDevMgr( 1662): onDebugRingBufferDataAvailable
I/LoadingUtils( 4176): file path is /system/media/LoadingRes/inside_background_img.png
I/LoadingUtils( 4176): calculateParams Text config 1080   720
I/LoadingUtils( 4176): Text config 1080   720
I/LoadingUtils( 4176): file path is /system/media/LoadingRes/img/loading_animation_00001.png
I/LoadingUtils( 4176): file path is /system/media/LoadingRes/img/loading_animation_00004.png
I/LoadingUtils( 4176): file path is /system/media/LoadingRes/img/loading_animation_00002.png
I/LoadingUtils( 4176): file path is /system/media/LoadingRes/img/loading_animation_00010.png
I/LoadingUtils( 4176): file path is /system/media/LoadingRes/img/loading_animation_00022.png
I/LoadingUtils( 4176): file path is /system/media/LoadingRes/img/loading_animation_00007.png
I/LoadingUtils( 4176): file path is /system/media/LoadingRes/img/loading_animation_00012.png
I/LoadingUtils( 4176): file path is /system/media/LoadingRes/img/loading_animation_00000.png
I/LoadingUtils( 4176): file path is /system/media/LoadingRes/img/loading_animation_00008.png
I/LoadingUtils( 4176): file path is /system/media/LoadingRes/img/loading_animation_00020.png
I/LoadingUtils( 4176): file path is /system/media/LoadingRes/img/loading_animation_00011.png
I/LoadingUtils( 4176): file path is /system/media/LoadingRes/img/loading_animation_00013.png
I/LoadingUtils( 4176): file path is /system/media/LoadingRes/img/loading_animation_00009.png
I/LoadingUtils( 4176): file path is /system/media/LoadingRes/img/loading_animation_00023.png
I/LoadingUtils( 4176): file path is /system/media/LoadingRes/img/loading_animation_00014.png
I/LoadingUtils( 4176): file path is /system/media/LoadingRes/img/loading_animation_00003.png
I/LoadingUtils( 4176): file path is /system/media/LoadingRes/img/loading_animation_00021.png
I/LoadingUtils( 4176): file path is /system/media/LoadingRes/img/loading_animation_00019.png
I/LoadingUtils( 4176): file path is /system/media/LoadingRes/img/loading_animation_00006.png
I/LoadingUtils( 4176): file path is /system/media/LoadingRes/img/loading_animation_00018.png
I/LoadingUtils( 4176): file path is /system/media/LoadingRes/img/loading_animation_00016.png
I/LoadingUtils( 4176): file path is /system/media/LoadingRes/img/loading_animation_00017.png
I/LoadingUtils( 4176): file path is /system/media/LoadingRes/img/loading_animation_00015.png
I/LoadingUtils( 4176): file path is /system/media/LoadingRes/img/loading_animation_00005.png
I/UnityNativeActivityPico( 4176): presentationDisplays.length 0
I/UnityNativeActivityPico( 4176): default
I/PVRShell( 4176): ==========onCreate
I/PVRShell( 4176): LanguageCountry = en-US
I/PVRShell( 4176): isDebug = false
I/PVRShell( 4176): default ime is com.android.inputmethod.latin/.LatinIME
I/PVRShell( 4176): sogou ime is , default ime is com.android.inputmethod.latin/.LatinIME
D/UnityNativeActivityPico( 4176): onStart
I/UnityNativeActivityPico( 4176): registerDisplayListener
I/PVRShell( 4176): ==========onStart
I/PVRShell( 4176): sogou ime is 
E/PvrManagerInternal( 4176): Could not instantiate PvrManagerService when construct PvrManagerInternal.
E/PvrManagerInternal( 4176): addPvrCallBack PvrManagerService dont instantiate properly,please check it.
D/HalDevMgr( 1662): onDebugRingBufferDataAvailable
I/UnityNativeActivityPico( 4176): onResume
D/HalDevMgr( 1662): onDebugRingBufferDataAvailable
I/chatty  ( 1662): uid=1000(system) HwBinder:1662_2 identical 7 lines
D/HalDevMgr( 1662): onDebugRingBufferDataAvailable
D/VRBoundary( 4176): head6dofReset = falseservice6dofStopped = false
D/VRDataUtils( 4176): finish the toast fore
D/VRDataUtils( 4176): finish the toast fore
W/ContextImpl( 4176): Calling a method in the system process without a qualified user: android.app.ContextImpl.startForegroundService:1576 android.content.ContextWrapper.startForegroundService:674 com.psmart.vrlib.VRDataUtils.finishToastActivity:86 com.unity3d.player.UnityPlayerNativeActivityPico.finishToastActivity:0 com.unity3d.player.UnityPlayerNativeActivityPico.onResume:108 
D/VRDataUtils( 4176): java.lang.IllegalArgumentException: Service Intent must be explicit: Intent { act=com.lg.uplus.agent.service_action (has extras) }
D/VRConfigUtils( 4176): restore level00
I/UnityPlugin( 4176): PVR_SetGpuLevel_ level 0
I/PvrPlatform( 1146): setGPULevel:0 1
D/PvrPlatform( 1146): Already keep stationary state for 13 secend
I/chatty  ( 1146): uid=0(root) /system/bin/pvrservice identical 1 line
D/PvrPlatform( 1146): Already keep stationary state for 13 secend
I/PvrPlatform( 1146): svrSetPerformanceLevels GPU level[0] Freq[710000000] done
I/UnityPlugin( 4176): PVR_SetCpuLevel  level 0
I/PvrPlatform( 1146): setCPULevel:0 1
D/HalDevMgr( 1662): onDebugRingBufferDataAvailable
I/chatty  ( 1662): uid=1000(system) HwBinder:1662_2 identical 3 lines
D/HalDevMgr( 1662): onDebugRingBufferDataAvailable
D/HalDevMgr( 1662): onDebugRingBufferDataAvailable
D/HalDevMgr( 1662): onDebugRingBufferDataAvailable
D/HalDevMgr( 1662): onDebugRingBufferDataAvailable
D/HalDevMgr( 1662): onDebugRingBufferDataAvailable
I/chatty  ( 1662): uid=1000(system) HwBinder:1662_5 identical 4 lines
D/HalDevMgr( 1662): onDebugRingBufferDataAvailable
D/HalDevMgr( 1662): onDebugRingBufferDataAvailable
E/TrafficController( 1392): Failed to delete the counterSet: Bad file descriptor
D/HalDevMgr( 1662): onDebugRingBufferDataAvailable
I/chatty  ( 1662): uid=1000(system) HwBinder:1662_5 identical 1 line
D/HalDevMgr( 1662): onDebugRingBufferDataAvailable
D/HalDevMgr( 1662): onDebugRingBufferDataAvailable
I/chatty  ( 1662): uid=1000(system) HwBinder:1662_2 identical 5 lines
D/HalDevMgr( 1662): onDebugRingBufferDataAvailable
D/HalDevMgr( 1662): onDebugRingBufferDataAvailable
I/chatty  ( 1662): uid=1000(system) HwBinder:1662_4 identical 3 lines
D/HalDevMgr( 1662): onDebugRingBufferDataAvailable
D/HalDevMgr( 1662): onDebugRingBufferDataAvailable
I/chatty  ( 1662): uid=1000(system) HwBinder:1662_2 identical 3 lines
D/HalDevMgr( 1662): onDebugRingBufferDataAvailable
D/HalDevMgr( 1662): onDebugRingBufferDataAvailable
I/chatty  ( 1662): uid=1000(system) HwBinder:1662_1 identical 1 line
D/HalDevMgr( 1662): onDebugRingBufferDataAvailable
D/HalDevMgr( 1662): onDebugRingBufferDataAvailable
D/HalDevMgr( 1662): onDebugRingBufferDataAvailable
D/HalDevMgr( 1662): onDebugRingBufferDataAvailable
D/HalDevMgr( 1662): onDebugRingBufferDataAvailable
D/HalDevMgr( 1662): onDebugRingBufferDataAvailable
D/HalDevMgr( 1662): onDebugRingBufferDataAvailable
D/HalDevMgr( 1662): onDebugRingBufferDataAvailable
I/PvrPlatform( 1146): svrSetPerformanceLevels CPU level[0] B[2803200] done
I/UnityNativeActivityPico( 4176): onResume   animation is not null 
I/UnityNativeActivityPico( 4176): Notify Unity resume
I/UnityNativeActivityPico( 4176): onResume test
I/LoadingUtils( 4176): start  setting vrmode 2d and ORIENTATION 0
I/PVRShell( 4176): ==========onResume
E/PVRShell( 4176): VirtualDisplay is null
I/PVRShell( 4176): ==========onTopResumedActivityChanged, isTopResumedActivity = true
D/UnityNativeActivityPico( 4176): connect ok
D/HalDevMgr( 1662): onDebugRingBufferDataAvailable
I/PVRShell( 4176): android.net.wifi.STATE_CHANGE, state = true
I/PVRShell( 4176): android.net.wifi.WIFI_STATE_CHANGED, state = 3
D/HalDevMgr( 1662): onDebugRingBufferDataAvailable
I/PVRShell( 4176): android.intent.action.BATTERY_CHANGED, percent = 77, status = 2
D/HalDevMgr( 1662): onDebugRingBufferDataAvailable
I/chatty  ( 1662): uid=1000(system) HwBinder:1662_1 identical 1 line
D/HalDevMgr( 1662): onDebugRingBufferDataAvailable
I/UnityNativeActivityPico( 4176): onAttachedToWindow!!!!!!!!!!!
I/LoadingUtils( 4176): start  setting vrmode 2d and ORIENTATION 0
E/PvrManagerInternal( 4176): PvrManagerService dont instantiate properly,please check it.
I/chatty  ( 4176): uid=1000(system) com.pvr.vrshell identical 4 lines
E/PvrManagerInternal( 4176): PvrManagerService dont instantiate properly,please check it.
I/LoadingUtils( 4176):  set vrmode 2d and ORIENTATION 0 end
I/LoadingUtils( 4176): width  3840  1968
I/Adreno  ( 4176): QUALCOMM build                   : 2d5c972, I8302e904d2
I/Adreno  ( 4176): Build Date                       : 03/29/19
I/Adreno  ( 4176): OpenGL ES Shader Compiler Version: EV031.26.03.00
I/Adreno  ( 4176): Local Branch                     : mybranche951d0e9-8bc7-f187-be97-5cb90179c3d8
I/Adreno  ( 4176): Remote Branch                    : quic/gfx-adreno.lnx.1.0.r65-rel
I/Adreno  ( 4176): Remote Branch                    : NONE
I/Adreno  ( 4176): Reconstruct Branch               : NOTHING
I/Adreno  ( 4176): Build Config                     : S L 4.0.10 AArch64
D/HalDevMgr( 1662): onDebugRingBufferDataAvailable
D/HalDevMgr( 1662): onDebugRingBufferDataAvailable
I/Adreno  ( 4176): PFP: 0x016ee183, ME: 0x00000000
I/FrameAnimation( 4176): surfacecreate success
I/LoadingUtils( 4176): start  setting vrmode 2d and ORIENTATION 0
E/PvrManagerInternal( 4176): PvrManagerService dont instantiate properly,please check it.
I/chatty  ( 4176): uid=1000(system) com.pvr.vrshell identical 4 lines
E/PvrManagerInternal( 4176): PvrManagerService dont instantiate properly,please check it.
I/LoadingUtils( 4176):  set vrmode 2d and ORIENTATION 0 end
I/LoadingUtils( 4176): width  3840  1968
D/HalDevMgr( 1662): onDebugRingBufferDataAvailable
I/chatty  ( 1662): uid=1000(system) HwBinder:1662_4 identical 1 line
D/HalDevMgr( 1662): onDebugRingBufferDataAvailable
I/hwservicemanager(  561): getTransport: Cannot find entry android.hardware.graphics.mapper@3.0::IMapper/default in either framework or device manifest.
W/Gralloc3( 4176): mapper 3.x is not supported
I/PVRShell( 4176): onWindowFocusChanged, hasFocus = true
I/ActivityTaskManager( 1662): Displayed com.pvr.vrshell/.MainActivity: +1s797ms
I/Unity   ( 4176): SystemInfo CPU = ARM64 FP ASIMD AES, Cores = 8, Memory = 5685mb
I/Unity   ( 4176): SystemInfo ARM big.LITTLE configuration: 4 big (mask: 0xf0), 4 little (mask: 0xf)
I/Unity   ( 4176): ApplicationInfo com.pvr.vrshell version 2.0.81 build <unknown>
I/Unity   ( 4176): Built from '2018.4/china_unity/release' branch, Version '2018.4.21f1 (8586c82ced4c)', Build type 'Release', Scripting Backend 'il2cpp', CPU 'arm64-v8a'
E/InputDispatcher( 1662): Window handle nav_input_consumer has no registered input channel
I/FrameAnimation( 4176): mBitmap.recycle
E/InputDispatcher( 1662): Window handle nav_input_consumer has no registered input channel
I/PVRShell( 4176): onForegroundActivitiesChanged-->2228, 10156, false
I/PVRShell( 4176): ----------switchApp----------
E/PVRShell( 4176): VirtualDisplay is null
D/PvrPlatform( 1146): Already keep stationary state for 14 secend
I/chatty  ( 1146): uid=0(root) /system/bin/pvrservice identical 1 line
D/PvrPlatform( 1146): Already keep stationary state for 14 secend
E/InputDispatcher( 1662): Window handle nav_input_consumer has no registered input channel
E/libprocessgroup( 4176): set_timerslack_ns write failed: Operation not permitted
I/chatty  ( 4176): uid=1000(system) UnityMain identical 14 lines
E/libprocessgroup( 4176): set_timerslack_ns write failed: Operation not permitted
E/Unity   ( 4176): Unable to find AudioPlugin_AM3DSpatializer
D/Unity   ( 4176):  GL_OES_EGL_image GL_OES_EGL_image_external GL_OES_EGL_sync GL_OES_vertex_half_float GL_OES_framebuffer_object GL_OES_rgb8_rgba8 GL_OES_compressed_ETC1_RGB8_texture GL_AMD_compressed_ATC_texture GL_KHR_texture_compression_astc_ldr GL_KHR_texture_compression_astc_hdr GL_OES_texture_compression_astc GL_OES_texture_npot GL_EXT_texture_filter_anisotropic GL_EXT_texture_format_BGRA8888 GL_EXT_read_format_bgra GL_OES_texture_3D GL_EXT_color_buffer_float GL_EXT_color_buffer_half_float GL_QCOM_alpha_test GL_OES_depth24 GL_OES_packed_depth_stencil GL_OES_depth_texture GL_OES_depth_texture_cube_map GL_EXT_sRGB GL_OES_texture_float GL_OES_texture_float_linear GL_OES_texture_half_float GL_OES_texture_half_float_linear GL_EXT_texture_type_2_10_10_10_REV GL_EXT_texture_sRGB_decode GL_EXT_texture_format_sRGB_override GL_OES_element_index_uint GL_EXT_copy_image GL_EXT_geometry_shader GL_EXT_tessellation_shader GL_OES_texture_stencil8 GL_EXT_shader_io_blocks GL_OES_shader_image_atomic GL_OES_sample_variables GL_EXT_texture_b
D/Unity   ( 4176): order_clamp GL_EXT_EGL_image_external_wrap_modes GL_EXT_multisampled_render_to_texture GL_EXT_multisampled_render_to_texture2 GL_OES_shader_multisample_interpolation GL_EXT_texture_cube_map_array GL_EXT_draw_buffers_indexed GL_EXT_gpu_shader5 GL_EXT_robustness GL_EXT_texture_buffer GL_EXT_shader_framebuffer_fetch GL_ARM_shader_framebuffer_fetch_depth_stencil GL_OES_texture_storage_multisample_2d_array GL_OES_sample_shading GL_OES_get_program_binary GL_EXT_debug_label GL_KHR_blend_equation_advanced GL_KHR_blend_equation_advanced_coherent GL_QCOM_tiled_rendering GL_ANDROID_extension_pack_es31a GL_EXT_primitive_bounding_box GL_OES_standard_derivatives GL_OES_vertex_array_object GL_EXT_disjoint_timer_query GL_KHR_debug GL_EXT_YUV_target GL_EXT_sRGB_write_control GL_EXT_texture_norm16 GL_EXT_discard_framebuffer GL_OES_surfaceless_context GL_OVR_multiview GL_OVR_multiview2 GL_EXT_texture_sRGB_R8 GL_KHR_no_error GL_EXT_debug_marker GL_OES_EGL_image_external_essl3 GL_OVR_multiview_multisampled_render_to_texture GL_E
D/Unity   ( 4176): XT_buffer_storage GL_EXT_external_buffer GL_EXT_blit_framebuffer_params GL_EXT_clip_cull_distance GL_EXT_protected_textures GL_EXT_shader_non_constant_global_initializers GL_QCOM_texture_foveated GL_QCOM_texture_foveated_subsampled_layout GL_QCOM_shader_framebuffer_fetch_noncoherent GL_QCOM_shader_framebuffer_fetch_rate GL_EXT_memory_object GL_EXT_memory_object_fd GL_EXT_EGL_image_array GL_NV_shader_noperspective_interpolation GL_KHR_robust_buffer_access_behavior GL_EXT_EGL_image_storage GL_EXT_blend_func_extended GL_EXT_clip_control GL_OES_texture_view GL_EXT_fragment_invocation_density
D/AudioFlinger( 1764): Client defaulted notificationFrames to 1024 for frameCount 2048
D/AF::TrackHandle( 1764): OpPlayAudio: track:58 usage:1 not muted
W/AudioTrack( 4176): Use of stream types is deprecated for operations other than volume control
W/AudioTrack( 4176): See the documentation of AudioTrack() for what to use instead with android.media.AudioAttributes to qualify your playback use case
V/AvrcpMediaPlayerList( 1902): onPlaybackConfigChanged(): Configs list size=3
V/MediaRouter( 1662): Selecting route: RouteInfo{ name=Phone, description=null, status=null, category=RouteCategory{ name=System types=ROUTE_TYPE_LIVE_AUDIO ROUTE_TYPE_LIVE_VIDEO  groupable=false }, supportedTypes=ROUTE_TYPE_LIVE_AUDIO ROUTE_TYPE_LIVE_VIDEO , presentationDisplay=null }
W/AudioFlinger( 1764): moveEffectChain_l() effect chain for session 0 not on source thread 0x72938bcf80
D/audio_hw_primary( 1770): start_output_stream: enter: stream(0xf1e88800)usecase(0: deep-buffer-playback) devices(0x2)
D/audio_hw_primary( 1770): select_devices for use case (deep-buffer-playback)
D/audio_hw_primary( 1770): select_devices: out_snd_device(2: speaker) in_snd_device(0: )
I/msm8974_platform( 1770): platform_check_and_set_codec_backend_cfg:becf: afe: bitwidth 16, samplerate 48000 channels 2, backend_idx 0 usecase = 0 device (speaker)
D/msm8974_platform( 1770): platform_split_snd_device: snd_device(2) num devices(1) new_snd_devices(0)
I/msm8974_platform( 1770): platform_check_and_set_codec_backend_cfg: new_snd_devices[0] is 2
I/msm8974_platform( 1770): platform_check_codec_backend_cfg:becf: afe: bitwidth 16, samplerate 48000 channels 2, backend_idx 0 usecase = 0 device (speaker)
D/msm8974_platform( 1770): platform_check_codec_backend_cfg:becf: afe: playback on codec device not supporting native playback set default Sample Rate(48k)
I/msm8974_platform( 1770): platform_check_codec_backend_cfg:becf: afe: Codec selected backend: 0 updated bit width: 16 and sample rate: 48000
D/audio_hw_primary( 1770): check_usecases_codec_backend:becf: force routing 0
E/msm8974_platform( 1770): platform_check_backends_match: Invalid snd_device = 
D/audio_hw_primary( 1770): check_usecases_codec_backend:becf: (62) check_usecases curr device: speaker, usecase device: backends match 0
D/audio_hw_primary( 1770): check_usecases_codec_backend:becf: check_usecases num.of Usecases to switch 0
D/msm8974_platform( 1770): platform_split_snd_device: snd_device(2) num devices(0) new_snd_devices(2)
D/hardware_info( 1770): hw_info_append_hw_type : device_name = speaker
D/msm8974_platform( 1770): platform_split_snd_device: snd_device(2) num devices(0) new_snd_devices(0)
D/audio_hw_primary( 1770): enable_snd_device: snd_device(2: speaker)
I/soundtrigger( 1770): audio_extn_sound_trigger_update_device_status: device 0x2 of type 0 for Event 1, with Raise=0
D/audio_route( 1770): Apply path: speaker
W/EffectHAL( 1770): Effect 0xf19dfee0 command SET_CONFIG returned status: Invalid argument
V/qcbassboost( 1770): 
V/qcbassboost( 1770): 	EffectCreate start session 49
I/qcbassboost( 1770): 	EffectCreate: Allocating SessionNo 0 for SessionId 49
V/qcbassboost( 1770): 
V/qcbassboost( 1770): 	EffectCreate created ctxt 0xf19e3200 for session 49
D/offload_effect_pbe( 1770): pbe_load_config pbe_app_type = 0x00011134
D/offload_effect_pbe( 1770): pbe_load_config ret = 0, len = 176
V/qcbassboost( 1770): 	Effect_command: ctxt 0xf19e3200, cmd 0
V/qcbassboost( 1770): 	BassBoost_init start
D/soundtrigger( 1770): audio_extn_sound_trigger_update_stream_status: uc_id 0 of type 0 for Event 3, with Raise=1
D/sound_trigger_platform( 1770): platform_stdev_check_and_update_concurrency: concurrency active 0, tx 0, rx 1, concurrency session_allowed 1
D/audio_hw_utils( 1770): audio_extn_utils_send_app_type_cfg: usecase->out_snd_device speaker
D/msm8974_platform( 1770): platform_split_snd_device: snd_device(2) num devices(0) new_snd_devices(0)
D/audio_hw_utils( 1770): audio_extn_btsco_get_sample_rate:Not a BT SCO device, need not update sampling rate
I/audio_hw_utils( 1770): send_app_type_cfg_for_device PLAYBACK app_type 69936, acdb_dev_id 15, sample_rate 48000, snd_device_be_idx 2
D/msm8974_platform( 1770): platform_split_snd_device: snd_device(2) num devices(1) new_snd_devices(0)
D/ACDB-LOADER( 1770): ACDB -> send_audio_cal, acdb_id = 15, path = 0, app id = 0x11130, sample rate = 48000
D/ACDB-LOADER( 1770): ACDB -> send_asm_topology
D/ACDB-LOADER( 1770): ACDB -> ACDB_CMD_GET_AUDPROC_STREAM_TOPOLOGY_ID
D/ACDB-LOADER( 1770): ACDB -> send_adm_topology
D/ACDB-LOADER( 1770): ACDB -> ACDB_CMD_GET_AUDPROC_COMMON_TOPOLOGY_ID
D/ACDB-LOADER( 1770): ACDB -> send_audtable
D/ACDB-LOADER( 1770): ACDB -> ACDB_CMD_GET_AUDPROC_COMMON_TABLE_SIZE
D/ACDB-LOADER( 1770): ACDB -> ACDB_CMD_GET_AUDPROC_COMMON_TABLE
D/ACDB-LOADER( 1770): ACDB -> AUDIO_SET_AUDPROC_CAL
D/ACDB-LOADER( 1770): ACDB -> send_audvoltable
D/ACDB-LOADER( 1770): ACDB -> ACDB_CMD_GET_AUDPROC_VOL_STEP_TABLE_SIZE
D/ACDB-LOADER( 1770): ACDB -> ACDB_CMD_GET_AUDPROC_GAIN_DEP_STEP_TABLE, vol index 5
D/ACDB-LOADER( 1770): ACDB -> AUDIO_SET_VOL_CAL cal type = 12
D/ACDB-LOADER( 1770): ACDB -> ACDB_CMD_GET_AUDPROC_STREAM_TABLE_SIZE
D/ACDB-LOADER( 1770): ACDB -> send_audstrmtable
D/ACDB-LOADER( 1770): ACDB -> ACDB_CMD_GET_AUDPROC_STREAM_TABLE_V2
D/ACDB-LOADER( 1770): ACDB -> audstrm_cal->cal_type.cal_data.cal_size = 456
D/ACDB-LOADER( 1770): ACDB -> send_afe_topology
D/ACDB-LOADER( 1770): ACDB -> ACDB_CMD_GET_AFE_TOPOLOGY_ID
D/ACDB-LOADER( 1770): ACDB -> GET_AFE_TOPOLOGY_ID for adcd_id 15, Topology Id 1025e
D/ACDB-LOADER( 1770): ACDB -> send_afe_cal
D/ACDB-LOADER( 1770): ACDB -> ACDB_CMD_GET_AFE_COMMON_TABLE_SIZE
V/qcbassboost( 1770): 	BassBoost_init start, ctxt 0xf19e3200
D/ACDB-LOADER( 1770): ACDB -> ACDB_CMD_GET_AFE_COMMON_TABLE
D/ACDB-LOADER( 1770): ACDB -> AUDIO_SET_AFE_CAL
D/ACDB-LOADER( 1770): ACDB -> send_hw_delay : acdb_id = 15 path = 0
D/ACDB-LOADER( 1770): ACDB -> ACDB_AVSYNC_INFO: ACDB_CMD_GET_DEVICE_PROPERTY
D/audio_hw_primary( 1770): enable_audio_route: apply mixer and update path: deep-buffer-playback
D/audio_route( 1770): Apply path: deep-buffer-playback
V/qcbassboost( 1770): 	pbe_init start
E/qcbassboost( 1770): 	ERROR: invalid sample rate
D/offload_effect_pbe( 1770): pbe_load_config pbe_app_type = 0x00011134
D/offload_effect_pbe( 1770): pbe_load_config ret = 0, len = 176
D/audio_hw_primary( 1770): select_devices: done
V/qcbassboost( 1770): 	Effect_command: ctxt 0xf19e3200, cmd 1
V/qcbassboost( 1770): 	BassBoost_setConfig: ctxt 0xf19e3200
E/qcbassboost( 1770): 	[vendor/qcom/proprietary/mm-audio-noship/audio-effects/safx/android-adapter/qcbassboost/qcbassboost.c:541] Assertion fail: pConfig->inputCfg.format == AUDIO_FORMAT_PCM_16_BIT
W/EffectHAL( 1770): Effect 0xf3947150 command SET_CONFIG returned status: Invalid argument
V/qcbassboost( 1770): 	Effect_command: ctxt 0xf19e3200, cmd 1
V/qcbassboost( 1770): 	BassBoost_setConfig: ctxt 0xf19e3200
V/qcbassboost( 1770): 	BassBoost_init start
V/qcbassboost( 1770): 	BassBoost_init start, ctxt 0xf19e3200
V/qcbassboost( 1770): 	pbe_init start
D/pbecalconfig( 1770): pbe_load_acdb_params pbe_app_type = 0x00011134
D/pbecalconfig( 1770): pbe_load_acdb_params ret = 0, len = 176
V/qcbassboost( 1770): 	Effect_command: ctxt 0xf19e3200, cmd 9
V/qcbassboost( 1770): 	EFFECT_CMD_SET_DEVICEi(2) enable BASS_PBE
I/offload_effect_bb( 1770): bassboost_set_device: ctxt 0xf192c698, disabled based on device
V/qcbassboost( 1770): 	Effect_command: ctxt 0xf19e3200, cmd 8
V/qcbassboost( 1770): 	BassBoost_getParameter(): ctxt 0xf19e3200, param 0, 
V/qcvirt  ( 1770): 
V/qcvirt  ( 1770): 	EffectCreate start session 49
I/qcvirt  ( 1770): 	EffectCreate: Allocating SessionNo 0 for SessionId 49
V/qcvirt  ( 1770): 
V/qcvirt  ( 1770): 	EffectCreate created ctxt 0xf19e3280 for session 49
V/qcvirt  ( 1770): 	Effect_command, ctxt 0xf19e3280, cmd 0
V/qcvirt  ( 1770): 	Virtualizer_init start ctxt 0xf19e3280
V/qcvirt  ( 1770): 	Effect_command, ctxt 0xf19e3280, cmd 1
V/qcvirt  ( 1770): 	Virtualizer_setConfig, ctxt 0xf19e3280
E/qcvirt  ( 1770): 	[vendor/qcom/proprietary/mm-audio-noship/audio-effects/safx/android-adapter/qcvirt/qcvirt.c:590] Assertion fail: pConfig->inputCfg.format == AUDIO_FORMAT_PCM_16_BIT
W/EffectHAL( 1770): Effect 0xf19dfed0 command SET_CONFIG returned status: Invalid argument
V/qcvirt  ( 1770): 	Effect_command, ctxt 0xf19e3280, cmd 1
V/qcvirt  ( 1770): 	Virtualizer_setConfig, ctxt 0xf19e3280
V/qcvirt  ( 1770): 	Virtualizer_init start ctxt 0xf19e3280
V/qcvirt  ( 1770): 	Effect_command, ctxt 0xf19e3280, cmd 9
I/qcvirt  ( 1770): 	EFFECT_CMD_SET_DEVICE device(0x2) is invalid for VIRTUALIZER
I/offload_effect_virtualizer( 1770): virtualizer_set_device: ctxt 0xf389a620, disabled based on device
V/qcvirt  ( 1770): 	Effect_command, ctxt 0xf19e3280, cmd 8
V/qcvirt  ( 1770): 	Virtualizer_getParameter, ctxt 0xf19e3280, param 0
V/qcreverb( 1770): 
V/qcreverb( 1770): 	EffectCreate start session 49
V/qcreverb( 1770): 	EffectCreate - UUID matched Reverb type 3, UUID = b08a0e38
V/qcreverb( 1770): 	EffectCreate - PRESET
V/qcreverb( 1770): 	EffectCreate - INS
V/qcreverb( 1770): 
V/qcreverb( 1770): 	EffectCreate created ctxt 0xf3945280 for session 49
V/qcreverb( 1770): 	Effect_command, ctxt 0xf3945280, cmd 0
V/qcreverb( 1770): 	Reverb_init start, ctxt 0xf3945280
I/FrameAnimation( 4176): mBitmap.recycle
V/qcreverb( 1770): 	Effect_command, ctxt 0xf3945280, cmd 1
V/qcreverb( 1770): 	Reverb_setConfig, ctxt 0xf3945280
E/qcreverb( 1770): 	[vendor/qcom/proprietary/mm-audio-noship/audio-effects/safx/android-adapter/qcreverb/qcreverb.c:478] Assertion fail: pConfig->inputCfg.format == AUDIO_FORMAT_PCM_16_BIT
W/EffectHAL( 1770): Effect 0xf19dfe70 command SET_CONFIG returned status: Invalid argument
V/qcreverb( 1770): 	Effect_command, ctxt 0xf3945280, cmd 1
V/qcreverb( 1770): 	Reverb_setConfig, ctxt 0xf3945280
V/qcreverb( 1770): 	Reverb_init start, ctxt 0xf3945280
I/sensors-hal( 1109): flush:190, android.sensor.accelerometer/34
I/sensors-hal( 1109): flush:196, android.sensor.accelerometer/34 completed
V/qcbassboost( 1770): 	Effect_command: ctxt 0xf19e3200, cmd 5
V/qcbassboost( 1770): 	BassBoost_setParameter(): ctxt 0xf19e3200, param 1, value: 0
V/qcbassboost( 1770): 	BassBoost_setParameter() BASSBOOST_PARAM_STRENGTH value is 0
D/qcbassboost( 1770): BassBoost_setParameter ignore set strength
D/offload_effect_bass( 1770): bass_set_parameter ignore set strength, index 1
V/qcreverb( 1770): 	Effect_command, ctxt 0xf3945280, cmd 5
V/qcreverb( 1770): Reverb_setParameter: ctxt 0xf3945280, param: 0, value: 0
V/qcreverb( 1770): 	Reverb_updateCfg, ctxt 0xf3945280
V/qcvirt  ( 1770): 	Effect_command, ctxt 0xf19e3280, cmd 5
V/qcvirt  ( 1770): Virtualizer_setParameter: ctxt 0xf19e3280, param: 1, value: 0
V/qcvirt  ( 1770): 	Virtualizer_setParameter() VIRTUALIZER_PARAM_STRENGTH value is 0
V/MediaRouter( 4176): Selecting route: RouteInfo{ name=Phone, description=null, status=null, category=RouteCategory{ name=System types=ROUTE_TYPE_LIVE_AUDIO ROUTE_TYPE_LIVE_VIDEO  groupable=false }, supportedTypes=ROUTE_TYPE_LIVE_AUDIO ROUTE_TYPE_LIVE_VIDEO , presentationDisplay=null }
D/msm8974_platform( 1770): platform_set_channel_map mixer_ctl_name:Playback Channel Map0
D/msm8974_platform( 1770): platform_set_channel_map: set mapping(1 2 0 0 0 0 0 0) for channel:2
D/audio_hw_primary( 1770): start_output_stream: exit
D/audio_hw_primary( 1770): out_write: retry previous failed cal level set
D/msm8974_platform( 1770): platform_split_snd_device: snd_device(2) num devices(1) new_snd_devices(0)
D/msm8974_platform( 1770): platform_split_snd_device: snd_device(2) num devices(1) new_snd_devices(0)
D/ACDB-LOADER( 1770): ACDB -> send_audvoltable
D/ACDB-LOADER( 1770): ACDB -> ACDB_CMD_GET_AUDPROC_VOL_STEP_TABLE_SIZE
D/ACDB-LOADER( 1770): ACDB -> ACDB_CMD_GET_AUDPROC_GAIN_DEP_STEP_TABLE, vol index 1
D/ACDB-LOADER( 1770): ACDB -> AUDIO_SET_VOL_CAL cal type = 40
I/Unity   ( 4176): DISFT Unity Version:2018.4.21f1
I/Unity   ( 4176): Pvr_UnitySDKManager:Awake()
I/Unity   ( 4176):  
I/Unity   ( 4176): (Filename: ./Runtime/Export/Debug.bindings.h Line: 45)
I/Unity   ( 4176): 
I/Unity   ( 4176): DISFT Customize NeckOffset:(0.0, 0.1, 0.1)
I/Unity   ( 4176): Pvr_UnitySDKManager:Awake()
I/Unity   ( 4176):  
I/Unity   ( 4176): (Filename: ./Runtime/Export/Debug.bindings.h Line: 45)
I/Unity   ( 4176): 
I/FrameAnimation( 4176): mBitmap.recycle
I/Unity   ( 4176): DISFT MSAA :X_2
I/Unity   ( 4176): Pvr_UnitySDKManager:Awake()
I/Unity   ( 4176):  
I/Unity   ( 4176): (Filename: ./Runtime/Export/Debug.bindings.h Line: 45)
I/Unity   ( 4176): 
I/Unity   ( 4176): DISFT Content Proctect :False
I/Unity   ( 4176): Pvr_UnitySDKManager:Awake()
I/Unity   ( 4176):  
I/Unity   ( 4176): (Filename: ./Runtime/Export/Debug.bindings.h Line: 45)
I/Unity   ( 4176): 
I/Unity   ( 4176): DISFT Customize FPS :72
I/Unity   ( 4176): Pvr_UnitySDKManager:Awake()
I/Unity   ( 4176):  
I/Unity   ( 4176): (Filename: ./Runtime/Export/Debug.bindings.h Line: 45)
I/Unity   ( 4176): 
I/UnityPlugin( 4176): DISFT FFR = 0
I/Unity   ( 4176): PvrLog SDK Version :  2.8.6.16  Unity Script Version :2.8.6.9
I/Unity   ( 4176): Pvr_UnitySDKRender:ConnectToAndriod()
I/Unity   ( 4176): Pvr_UnitySDKRender:.ctor()
I/Unity   ( 4176): Pvr_UnitySDKRender:get_Instance()
I/Unity   ( 4176): Pvr_UnitySDKEyeManager:OnEnable()
I/Unity   ( 4176):  
I/Unity   ( 4176): (Filename: ./Runtime/Export/Debug.bindings.h Line: 45)
I/Unity   ( 4176): 
D/HalDevMgr( 1662): onDebugRingBufferDataAvailable
I/chatty  ( 1662): uid=1000(system) HwBinder:1662_4 identical 3 lines
D/HalDevMgr( 1662): onDebugRingBufferDataAvailable
E/PvrPlatform( 1146): ALOOPER_POLL_TIMEOUT
D/VrActivity( 4176): is pico ,return
D/VrActivity( 4176): context = com.pvr.vrshell.MainActivity@7856f48
I/UnityClient( 4176): systemproc is 0
I/UnityNativeActivityPico( 4176): Unity Pvr_setMonoPresentation begin
I/UnityNativeActivityPico( 4176): Unity presentationDisplays.length = 0
I/UnityNativeActivityPico( 4176): DISFT MonoPresentation = Disable
I/UnityNativeActivityPico( 4176): Unity Pvr_setMonoPresentation failed
I/UnityNativeActivityPico( 4176): Unity Pvr_setMonoPresentation end
I/Unity   ( 4176): ConnectToAndriod set monoPresentation success ?-------------True
I/Unity   ( 4176): Pvr_UnitySDKRender:ConnectToAndriod()
I/Unity   ( 4176): Pvr_UnitySDKRender:.ctor()
I/Unity   ( 4176): Pvr_UnitySDKRender:get_Instance()
I/Unity   ( 4176): Pvr_UnitySDKEyeManager:OnEnable()
I/Unity   ( 4176):  
I/Unity   ( 4176): (Filename: ./Runtime/Export/Debug.bindings.h Line: 45)
I/Unity   ( 4176): 
D/AudioFlinger( 1764): mixer(0x72051987c0) throttle end: throttle time(40)
I/Unity   ( 4176): ConnectToAndriod presentation existed ?-------------False
I/Unity   ( 4176): Pvr_UnitySDKRender:ConnectToAndriod()
I/Unity   ( 4176): Pvr_UnitySDKRender:.ctor()
I/Unity   ( 4176): Pvr_UnitySDKRender:get_Instance()
I/Unity   ( 4176): Pvr_UnitySDKEyeManager:OnEnable()
I/Unity   ( 4176):  
I/Unity   ( 4176): (Filename: ./Runtime/Export/Debug.bindings.h Line: 45)
I/Unity   ( 4176): 
I/Unity   ( 4176): DISFT Customize RenderTexture:(2496.0, 2496.0), scaleFactor: 1
I/Unity   ( 4176): Pvr_UnitySDKRender:GetEyeBufferResolution()
I/Unity   ( 4176): Pvr_UnitySDKRender:CreateEyeBuffer()
I/Unity   ( 4176): Pvr_UnitySDKRender:InitRenderAbility()
I/Unity   ( 4176): Pvr_UnitySDKRender:Init()
I/Unity   ( 4176): Pvr_UnitySDKRender:.ctor()
I/Unity   ( 4176): Pvr_UnitySDKRender:get_Instance()
I/Unity   ( 4176): Pvr_UnitySDKEyeManager:OnEnable()
I/Unity   ( 4176):  
I/Unity   ( 4176): (Filename: ./Runtime/Export/Debug.bindings.h Line: 45)
I/Unity   ( 4176): 
I/UnityPlugin( 4176): SinglePass::unity set single pass depth buffer (width X height) = (2496 X 2496)
I/Unity   ( 4176): MultiPass ConfigureEyeBuffer eyeTextureIndex 0
I/Unity   ( 4176): Pvr_UnitySDKRender:ConfigureEyeBuffer(Int32, Vector2)
I/Unity   ( 4176): Pvr_UnitySDKRender:CreateEyeBuffer()
I/Unity   ( 4176): Pvr_UnitySDKRender:InitRenderAbility()
I/Unity   ( 4176): Pvr_UnitySDKRender:Init()
I/Unity   ( 4176): Pvr_UnitySDKRender:.ctor()
I/Unity   ( 4176): Pvr_UnitySDKRender:get_Instance()
I/Unity   ( 4176): Pvr_UnitySDKEyeManager:OnEnable()
I/Unity   ( 4176):  
I/Unity   ( 4176): (Filename: ./Runtime/Export/Debug.bindings.h Line: 45)
I/Unity   ( 4176): 
I/Unity   ( 4176): eyeTextureIndex : 0
I/Unity   ( 4176): Pvr_UnitySDKRender:ConfigureEyeBuffer(Int32, Vector2)
I/Unity   ( 4176): Pvr_UnitySDKRender:CreateEyeBuffer()
I/Unity   ( 4176): Pvr_UnitySDKRender:InitRenderAbility()
I/Unity   ( 4176): Pvr_UnitySDKRender:Init()
I/Unity   ( 4176): Pvr_UnitySDKRender:.ctor()
I/Unity   ( 4176): Pvr_UnitySDKRender:get_Instance()
I/Unity   ( 4176): Pvr_UnitySDKEyeManager:OnEnable()
I/Unity   ( 4176):  
I/Unity   ( 4176): (Filename: ./Runtime/Export/Debug.bindings.h Line: 45)
I/Unity   ( 4176): 
I/Unity   ( 4176): MultiPass ConfigureEyeBuffer eyeTextureIndex 1
I/Unity   ( 4176): Pvr_UnitySDKRender:ConfigureEyeBuffer(Int32, Vector2)
I/Unity   ( 4176): Pvr_UnitySDKRender:CreateEyeBuffer()
I/Unity   ( 4176): Pvr_UnitySDKRender:InitRenderAbility()
I/Unity   ( 4176): Pvr_UnitySDKRender:Init()
I/Unity   ( 4176): Pvr_UnitySDKRender:.ctor()
I/Unity   ( 4176): Pvr_UnitySDKRender:get_Instance()
I/Unity   ( 4176): Pvr_UnitySDKEyeManager:OnEnable()
I/Unity   ( 4176):  
I/Unity   ( 4176): (Filename: ./Runtime/Export/Debug.bindings.h Line: 45)
I/Unity   ( 4176): 
I/Unity   ( 4176): eyeTextureIndex : 1
I/Unity   ( 4176): Pvr_UnitySDKRender:ConfigureEyeBuffer(Int32, Vector2)
I/Unity   ( 4176): Pvr_UnitySDKRender:CreateEyeBuffer()
I/Unity   ( 4176): Pvr_UnitySDKRender:InitRenderAbility()
I/Unity   ( 4176): Pvr_UnitySDKRender:Init()
I/Unity   ( 4176): Pvr_UnitySDKRender:.ctor()
I/Unity   ( 4176): Pvr_UnitySDKRender:get_Instance()
I/Unity   ( 4176): Pvr_UnitySDKEyeManager:OnEnable()
I/Unity   ( 4176):  
I/Unity   ( 4176): (Filename: ./Runtime/Export/Debug.bindings.h Line: 45)
I/Unity   ( 4176): 
I/Unity   ( 4176): MultiPass ConfigureEyeBuffer eyeTextureIndex 2
I/Unity   ( 4176): Pvr_UnitySDKRender:ConfigureEyeBuffer(Int32, Vector2)
I/Unity   ( 4176): Pvr_UnitySDKRender:CreateEyeBuffer()
I/Unity   ( 4176): Pvr_UnitySDKRender:InitRenderAbility()
I/Unity   ( 4176): Pvr_UnitySDKRender:Init()
I/Unity   ( 4176): Pvr_UnitySDKRender:.ctor()
I/Unity   ( 4176): Pvr_UnitySDKRender:get_Instance()
I/Unity   ( 4176): Pvr_UnitySDKEyeManager:OnEnable()
I/Unity   ( 4176):  
I/Unity   ( 4176): (Filename: ./Runtime/Export/Debug.bindings.h Line: 45)
I/Unity   ( 4176): 
I/FrameAnimation( 4176): mBitmap.recycle
I/Unity   ( 4176): eyeTextureIndex : 2
I/Unity   ( 4176): Pvr_UnitySDKRender:ConfigureEyeBuffer(Int32, Vector2)
I/Unity   ( 4176): Pvr_UnitySDKRender:CreateEyeBuffer()
I/Unity   ( 4176): Pvr_UnitySDKRender:InitRenderAbility()
I/Unity   ( 4176): Pvr_UnitySDKRender:Init()
I/Unity   ( 4176): Pvr_UnitySDKRender:.ctor()
I/Unity   ( 4176): Pvr_UnitySDKRender:get_Instance()
I/Unity   ( 4176): Pvr_UnitySDKEyeManager:OnEnable()
I/Unity   ( 4176):  
I/Unity   ( 4176): (Filename: ./Runtime/Export/Debug.bindings.h Line: 45)
I/Unity   ( 4176): 
I/Unity   ( 4176): MultiPass ConfigureEyeBuffer eyeTextureIndex 3
I/Unity   ( 4176): Pvr_UnitySDKRender:ConfigureEyeBuffer(Int32, Vector2)
I/Unity   ( 4176): Pvr_UnitySDKRender:CreateEyeBuffer()
I/Unity   ( 4176): Pvr_UnitySDKRender:InitRenderAbility()
I/Unity   ( 4176): Pvr_UnitySDKRender:Init()
I/Unity   ( 4176): Pvr_UnitySDKRender:.ctor()
I/Unity   ( 4176): Pvr_UnitySDKRender:get_Instance()
I/Unity   ( 4176): Pvr_UnitySDKEyeManager:OnEnable()
I/Unity   ( 4176):  
I/Unity   ( 4176): (Filename: ./Runtime/Export/Debug.bindings.h Line: 45)
I/Unity   ( 4176): 
I/Unity   ( 4176): eyeTextureIndex : 3
I/Unity   ( 4176): Pvr_UnitySDKRender:ConfigureEyeBuffer(Int32, Vector2)
I/Unity   ( 4176): Pvr_UnitySDKRender:CreateEyeBuffer()
I/Unity   ( 4176): Pvr_UnitySDKRender:InitRenderAbility()
I/Unity   ( 4176): Pvr_UnitySDKRender:Init()
I/Unity   ( 4176): Pvr_UnitySDKRender:.ctor()
I/Unity   ( 4176): Pvr_UnitySDKRender:get_Instance()
I/Unity   ( 4176): Pvr_UnitySDKEyeManager:OnEnable()
I/Unity   ( 4176):  
I/Unity   ( 4176): (Filename: ./Runtime/Export/Debug.bindings.h Line: 45)
I/Unity   ( 4176): 
I/Unity   ( 4176): MultiPass ConfigureEyeBuffer eyeTextureIndex 4
I/Unity   ( 4176): Pvr_UnitySDKRender:ConfigureEyeBuffer(Int32, Vector2)
I/Unity   ( 4176): Pvr_UnitySDKRender:CreateEyeBuffer()
I/Unity   ( 4176): Pvr_UnitySDKRender:InitRenderAbility()
I/Unity   ( 4176): Pvr_UnitySDKRender:Init()
I/Unity   ( 4176): Pvr_UnitySDKRender:.ctor()
I/Unity   ( 4176): Pvr_UnitySDKRender:get_Instance()
I/Unity   ( 4176): Pvr_UnitySDKEyeManager:OnEnable()
I/Unity   ( 4176):  
I/Unity   ( 4176): (Filename: ./Runtime/Export/Debug.bindings.h Line: 45)
I/Unity   ( 4176): 
I/Unity   ( 4176): eyeTextureIndex : 4
I/Unity   ( 4176): Pvr_UnitySDKRender:ConfigureEyeBuffer(Int32, Vector2)
I/Unity   ( 4176): Pvr_UnitySDKRender:CreateEyeBuffer()
I/Unity   ( 4176): Pvr_UnitySDKRender:InitRenderAbility()
I/Unity   ( 4176): Pvr_UnitySDKRender:Init()
I/Unity   ( 4176): Pvr_UnitySDKRender:.ctor()
I/Unity   ( 4176): Pvr_UnitySDKRender:get_Instance()
I/Unity   ( 4176): Pvr_UnitySDKEyeManager:OnEnable()
I/Unity   ( 4176):  
I/Unity   ( 4176): (Filename: ./Runtime/Export/Debug.bindings.h Line: 45)
I/Unity   ( 4176): 
I/Unity   ( 4176): MultiPass ConfigureEyeBuffer eyeTextureIndex 5
I/Unity   ( 4176): Pvr_UnitySDKRender:ConfigureEyeBuffer(Int32, Vector2)
I/Unity   ( 4176): Pvr_UnitySDKRender:CreateEyeBuffer()
I/Unity   ( 4176): Pvr_UnitySDKRender:InitRenderAbility()
I/Unity   ( 4176): Pvr_UnitySDKRender:Init()
I/Unity   ( 4176): Pvr_UnitySDKRender:.ctor()
I/Unity   ( 4176): Pvr_UnitySDKRender:get_Instance()
I/Unity   ( 4176): Pvr_UnitySDKEyeManager:OnEnable()
I/Unity   ( 4176):  
I/Unity   ( 4176): (Filename: ./Runtime/Export/Debug.bindings.h Line: 45)
I/Unity   ( 4176): 
I/Unity   ( 4176): eyeTextureIndex : 5
I/Unity   ( 4176): Pvr_UnitySDKRender:ConfigureEyeBuffer(Int32, Vector2)
I/Unity   ( 4176): Pvr_UnitySDKRender:CreateEyeBuffer()
I/Unity   ( 4176): Pvr_UnitySDKRender:InitRenderAbility()
I/Unity   ( 4176): Pvr_UnitySDKRender:Init()
I/Unity   ( 4176): Pvr_UnitySDKRender:.ctor()
I/Unity   ( 4176): Pvr_UnitySDKRender:get_Instance()
I/Unity   ( 4176): Pvr_UnitySDKEyeManager:OnEnable()
I/Unity   ( 4176):  
I/Unity   ( 4176): (Filename: ./Runtime/Export/Debug.bindings.h Line: 45)
I/Unity   ( 4176): 
D/HalDevMgr( 1662): onDebugRingBufferDataAvailable
I/chatty  ( 1662): uid=1000(system) HwBinder:1662_5 identical 1 line
D/HalDevMgr( 1662): onDebugRingBufferDataAvailable
D/HalDevMgr( 1662): onDebugRingBufferDataAvailable
D/HalDevMgr( 1662): onDebugRingBufferDataAvailable
I/Unity   ( 4176): DISFT IPD:0.063
I/Unity   ( 4176): Pvr_UnitySDKAPI.System:UPvr_GetIPD()
I/Unity   ( 4176): Pvr_UnitySDKRender:InitRenderAbility()
I/Unity   ( 4176): Pvr_UnitySDKRender:Init()
I/Unity   ( 4176): Pvr_UnitySDKRender:.ctor()
I/Unity   ( 4176): Pvr_UnitySDKRender:get_Instance()
I/Unity   ( 4176): Pvr_UnitySDKEyeManager:OnEnable()
I/Unity   ( 4176):  
I/Unity   ( 4176): (Filename: ./Runtime/Export/Debug.bindings.h Line: 45)
I/Unity   ( 4176): 
I/Unity   ( 4176): PvrLog Init Render Ability Success!
I/Unity   ( 4176): Pvr_UnitySDKRender:Init()
I/Unity   ( 4176): Pvr_UnitySDKRender:.ctor()
I/Unity   ( 4176): Pvr_UnitySDKRender:get_Instance()
I/Unity   ( 4176): Pvr_UnitySDKEyeManager:OnEnable()
I/Unity   ( 4176):  
I/Unity   ( 4176): (Filename: ./Runtime/Export/Debug.bindings.h Line: 45)
I/Unity   ( 4176): 
I/Unity   ( 4176): PUI--------------ro.pvr.product.name = FalconCV2
I/Unity   ( 4176): PUI_UnityAPI:GetDeviceMode()
I/Unity   ( 4176): InputController:GetInstance()
I/Unity   ( 4176): CursorManager:Awake()
I/Unity   ( 4176):  
I/Unity   ( 4176): (Filename: ./Runtime/Export/Debug.bindings.h Line: 45)
I/Unity   ( 4176): 
I/Unity   ( 4176): ????? ??:  Object reference not set to an instance of an object.
I/Unity   ( 4176): InputController:GetInstance()
I/Unity   ( 4176): CursorManager:Awake()
I/Unity   ( 4176):  
I/Unity   ( 4176): (Filename: ./Runtime/Export/Debug.bindings.h Line: 45)
I/Unity   ( 4176): 
I/Unity   ( 4176): ??????:en
I/Unity   ( 4176): StatusBar:SetLaunguage()
I/Unity   ( 4176): StatusBar:Awake()
I/Unity   ( 4176):  
I/Unity   ( 4176): (Filename: ./Runtime/Export/Debug.bindings.h Line: 45)
I/Unity   ( 4176): 
D/HalDevMgr( 1662): onDebugRingBufferDataAvailable
I/chatty  ( 1662): uid=1000(system) HwBinder:1662_4 identical 1 line
D/HalDevMgr( 1662): onDebugRingBufferDataAvailable
I/vrUserCenter.UserInfoProvider( 3387): UserInfoProvider????query
D/HalDevMgr( 1662): onDebugRingBufferDataAvailable
D/HalDevMgr( 1662): onDebugRingBufferDataAvailable
I/PVRShell( 4176): getUserInfo success,userInfo =
I/vrUserCenter.UserInfoProvider( 3387): UserInfoProvider????query
I/FrameAnimation( 4176): mBitmap.recycle
E/PVRShell( 4176): avatarString is null
I/Unity   ( 4176): VRShell------->User not login!
I/Unity   ( 4176): UserInfoView:RefreshInfoView()
I/Unity   ( 4176): StatusBar:GetUserInfo()
I/Unity   ( 4176): StatusBar:Awake()
I/Unity   ( 4176):  
I/Unity   ( 4176): (Filename: ./Runtime/Export/Debug.bindings.h Line: 45)
I/Unity   ( 4176): 
I/vrUserCenter.UserInfoProvider( 3387): UserInfoProvider????query
E/PVRShell( 4176): avatarString is null
I/Unity   ( 4176): VRShell------->User not login!
I/Unity   ( 4176): UserInfoView:RefreshInfoView()
I/Unity   ( 4176): StatusBar:Awake()
I/Unity   ( 4176):  
I/Unity   ( 4176): (Filename: ./Runtime/Export/Debug.bindings.h Line: 45)
I/Unity   ( 4176): 
I/Unity   ( 4176): DISFT EyeMask = Enable
I/Unity   ( 4176): Pvr_UnityEyeMask:Awake()
I/Unity   ( 4176):  
I/Unity   ( 4176): (Filename: ./Runtime/Export/Debug.bindings.h Line: 45)
I/Unity   ( 4176): 
W/Unity   ( 4176): Stencil Mesh is not exist, disable EyeMask.
W/Unity   ( 4176): Pvr_UnityEyeMask:CreateCommandBuffer()
W/Unity   ( 4176): Pvr_UnityEyeMask:OnEnable()
W/Unity   ( 4176):  
W/Unity   ( 4176): (Filename: ./Runtime/Export/Debug.bindings.h Line: 45)
W/Unity   ( 4176): 
I/Unity   ( 4176): PvrLog Controller GameObject:ControllerManager
I/Unity   ( 4176): Pvr_ControllerLink:.ctor(String)
I/Unity   ( 4176): Pvr_ControllerManager:Awake()
I/Unity   ( 4176):  
I/Unity   ( 4176): (Filename: ./Runtime/Export/Debug.bindings.h Line: 45)
I/Unity   ( 4176): 
I/Unity   ( 4176): PvrLog platform2
I/Unity   ( 4176): Pvr_ControllerLink:StartHummingBirdService()
I/Unity   ( 4176): Pvr_ControllerLink:.ctor(String)
I/Unity   ( 4176): Pvr_ControllerManager:Awake()
I/Unity   ( 4176):  
I/Unity   ( 4176): (Filename: ./Runtime/Export/Debug.bindings.h Line: 45)
I/Unity   ( 4176): 
I/Unity   ( 4176): PvrLog trackingmode4
I/Unity   ( 4176): Pvr_ControllerLink:StartHummingBirdService()
I/Unity   ( 4176): Pvr_ControllerLink:.ctor(String)
I/Unity   ( 4176): Pvr_ControllerManager:Awake()
I/Unity   ( 4176):  
I/Unity   ( 4176): (Filename: ./Runtime/Export/Debug.bindings.h Line: 45)
I/Unity   ( 4176): 
I/Unity   ( 4176): PvrLog systemProp4
I/Unity   ( 4176): Pvr_ControllerLink:StartHummingBirdService()
I/Unity   ( 4176): Pvr_ControllerLink:.ctor(String)
I/Unity   ( 4176): Pvr_ControllerManager:Awake()
I/Unity   ( 4176):  
I/Unity   ( 4176): (Filename: ./Runtime/Export/Debug.bindings.h Line: 45)
I/Unity   ( 4176): 
I/Unity   ( 4176): PvrLog enablehand6dofbyhead1
I/Unity   ( 4176): Pvr_ControllerLink:StartHummingBirdService()
I/Unity   ( 4176): Pvr_ControllerLink:.ctor(String)
I/Unity   ( 4176): Pvr_ControllerManager:Awake()
I/Unity   ( 4176):  
I/Unity   ( 4176): (Filename: ./Runtime/Export/Debug.bindings.h Line: 45)
I/Unity   ( 4176): 
I/Unity   ( 4176): PvrLog SetGameObjectToJar ControllerManager
I/Unity   ( 4176): Pvr_ControllerLink:SetGameObjectToJar(String)
I/Unity   ( 4176): Pvr_ControllerLink:StartHummingBirdService()
I/Unity   ( 4176): Pvr_ControllerLink:.ctor(String)
I/Unity   ( 4176): Pvr_ControllerManager:Awake()
I/Unity   ( 4176):  
I/Unity   ( 4176): (Filename: ./Runtime/Export/Debug.bindings.h Line: 45)
I/Unity   ( 4176): 
D/ControllerClient( 4176): unityObjectName = ControllerManager
I/UnityClient( 4176): start CVservice
I/Unity   ( 4176): PvrLog ServiceExisted ?True
I/Unity   ( 4176): Pvr_ControllerLink:IsServiceExisted()
I/Unity   ( 4176): Pvr_ControllerLink:StartHummingBirdService()
I/Unity   ( 4176): Pvr_ControllerLink:.ctor(String)
I/Unity   ( 4176): Pvr_ControllerManager:Awake()
I/Unity   ( 4176):  
I/Unity   ( 4176): (Filename: ./Runtime/Export/Debug.bindings.h Line: 45)
I/Unity   ( 4176): 
I/Unity   ( 4176): PvrLog Bind Service
I/Unity   ( 4176): Pvr_ControllerLink:BindService()
I/Unity   ( 4176): Pvr_ControllerLink:StartHummingBirdService()
I/Unity   ( 4176): Pvr_ControllerLink:.ctor(String)
I/Unity   ( 4176): Pvr_ControllerManager:Awake()
I/Unity   ( 4176):  
I/Unity   ( 4176): (Filename: ./Runtime/Export/Debug.bindings.h Line: 45)
I/Unity   ( 4176): 
W/System  ( 1662): A resource failed to call release. 
I/UnityClient( 4176): System proc = 4 configfile =  4
I/UnityClient( 4176): bind CVservice
W/ContextImpl( 4176): Calling a method in the system process without a qualified user: android.app.ContextImpl.bindService:1649 android.content.ContextWrapper.bindService:705 com.picovr.picovrlib.cvcontrollerclient.ControllerClient.bindControllerService:17 com.picovr.picovrlib.hummingbirdclient.UnityClient.bindService:65 com.unity3d.player.UnityPlayer.nativeRender:-2 
W/ActivityManager( 1662): Unable to start service Intent { act=com.picovr.picovrlib.cvcontrollerlib.CVControllerAIDLService pkg=com.picovr.picovrlib.cvcontroller } U=0: not found
D/ControllerClient( 4176): Bind CVControllerAIDLService.
I/UnityPlugin( 4176): Pvr_InitSensor_ ENTER
I/UnityPlugin( 4176): Pvr_InitSensor_ EXIT
I/UnityPlugin( 4176): Pvr_StartSensor_ enter
I/VrApi   ( 4176): this is a Main Sensor
I/VrApi   ( 4176): PVR_SERVICE_QUATERNION_MODE Start GlobalTracking = 2
I/VrApi   ( 4176): PVR_SERVICE_QUATERNION_MODE, ENABLE_BOUNDARY, change GlobalTracking to 2 from 2
I/VrServiceApi( 4176): SetTrackingMode entry trackingMode = 2
I/PvrServiceClient( 4176): Call setTrackingMode in PvrServiceClient,mode=2
E/PvrService( 1146): VRModeStateClient::setTrackingMode pid=4176, trackingMode=2
I/PvrService( 1146): mPrevTrackingMode 1, trackingMode 1
D/PvrService( 1146): setParameter:name(ShowSafetyTip), value(false)
D/PvrService( 1146): Do not show safety tip
E/PvrService( 1146): VRModeStateClient::setClientSafetyTipStatus pid=4176, status=0
I/VrApi   ( 4176): StartSensor ShowSafetyTip false
E/PvrService( 1146): VRModeStateClient::startVRMode pid=4176
I/PvrService( 1146): mPrevTrackingMode 1, trackingMode 3
I/PvrService( 1146): VRModeStateClient::onVRStateChanged trackingMode=3
I/PvrService( 1146): Call setTrackingMode in ServiceCore, cur=1 new=3
E/PvrService( 1146): setTrackingMode:Try to get tracking lock mutex
E/PvrService( 1146): setTrackingMode:Get tracking lock mutex
I/PvrService( 1146): Call setTrackingModeThread
I/PvrService( 1146): Call setEyeTrackingMode in ServiceCore, cur=0 new=3
E/PvrPlatform( 1146): Call setTrackingMode in platform, trackingMode=2
E/PvrPlatform( 1146): qcom tracking mode
E/PvrPlatform( 1146): start QVR_SERVICE_MODE Sensor
I/svr     ( 1146): svrInitialize
I/svr     ( 1146): svrApi Version : 2.1.0, Apr  9 2021 - 19:36:37
I/svr     ( 1146): Calling QVRServiceClient_Create()...
E/svr     ( 1146):     QVR Serivce reported VR not supported
E/PvrPlatform( 1146): svrInitialize fail!!!
E/PvrService( 1146): setTrackingModeThread:release tracking lock mutex
D/PvrService( 1146): ---------------------No safety tip for pid:4176
I/UnityPlugin( 4176): Pvr_StartSensor_ exit
I/vrUserCenter.UserInfoProvider( 3387): UserInfoProvider????query
I/PVRShell( 4176): getUserInfo success,userInfo =
I/vrUserCenter.UserInfoProvider( 3387): UserInfoProvider????query
E/PVRShell( 4176): avatarString is null
I/Unity   ( 4176): VRShell------->User not login!
I/Unity   ( 4176): UserInfoView:RefreshInfoView()
I/Unity   ( 4176): StatusBar:GetUserInfo()
I/Unity   ( 4176):  
I/Unity   ( 4176): (Filename: ./Runtime/Export/Debug.bindings.h Line: 45)
I/Unity   ( 4176): 
I/Unity   ( 4176): OnApplicationPause-------------------------false
I/Unity   ( 4176): Pvr_UnitySDKManager:OnApplicationPause(Boolean)
I/Unity   ( 4176):  
I/Unity   ( 4176): (Filename: ./Runtime/Export/Debug.bindings.h Line: 45)
I/Unity   ( 4176): 
I/UnityPlugin( 4176): Pvr_StartSensor_ enter
I/VrApi   ( 4176): this is a Main Sensor
I/VrApi   ( 4176): PVR_SERVICE_QUATERNION_MODE Start GlobalTracking = 2
I/VrApi   ( 4176): PVR_SERVICE_QUATERNION_MODE, ENABLE_BOUNDARY, change GlobalTracking to 2 from 2
I/VrServiceApi( 4176): SetTrackingMode entry trackingMode = 2
I/PvrServiceClient( 4176): Call setTrackingMode in PvrServiceClient,mode=2
E/PvrService( 1146): VRModeStateClient::setTrackingMode pid=4176, trackingMode=2
I/PvrService( 1146): mPrevTrackingMode 3, trackingMode 3
D/PvrService( 1146): setParameter:name(ShowSafetyTip), value(false)
D/PvrService( 1146): Do not show safety tip
E/PvrService( 1146): VRModeStateClient::setClientSafetyTipStatus pid=4176, status=0
I/VrApi   ( 4176): StartSensor ShowSafetyTip false
E/PvrService( 1146): VRModeStateClient::startVRMode pid=4176
I/PvrService( 1146): mPrevTrackingMode 3, trackingMode 3
D/PvrService( 1146): ---------------------No safety tip for pid:4176
I/UnityPlugin( 4176): Pvr_StartSensor_ exit
I/UnityNativeActivityPico( 4176): Unity Pvr_setMonoPresentation begin
I/UnityNativeActivityPico( 4176): Unity presentationDisplays.length = 0
I/UnityNativeActivityPico( 4176): DISFT MonoPresentation = Disable
I/UnityNativeActivityPico( 4176): Unity Pvr_setMonoPresentation failed
I/UnityNativeActivityPico( 4176): Unity Pvr_setMonoPresentation end
I/Unity   ( 4176): DISFT IPD:0.063
I/Unity   ( 4176): Pvr_UnitySDKAPI.System:UPvr_GetIPD()
I/Unity   ( 4176): <OnResume>d__124:MoveNext()
I/Unity   ( 4176): UnityEngine.SetupCoroutine:InvokeMoveNext(IEnumerator, IntPtr)
I/Unity   ( 4176):  
I/Unity   ( 4176): (Filename: ./Runtime/Export/Debug.bindings.h Line: 45)
I/Unity   ( 4176): 
I/Unity   ( 4176): DISFT IPD:0.063
I/Unity   ( 4176): Pvr_UnitySDKAPI.System:UPvr_GetIPD()
I/Unity   ( 4176): <OnResume>d__124:MoveNext()
I/Unity   ( 4176): UnityEngine.SetupCoroutine:InvokeMoveNext(IEnumerator, IntPtr)
I/Unity   ( 4176):  
I/Unity   ( 4176): (Filename: ./Runtime/Export/Debug.bindings.h Line: 45)
I/Unity   ( 4176): 
I/FrameAnimation( 4176): mBitmap.recycle
I/Unity   ( 4176): DISFT IPD:0.063
I/Unity   ( 4176): Pvr_UnitySDKAPI.System:UPvr_GetIPD()
I/Unity   ( 4176): <OnResume>d__124:MoveNext()
I/Unity   ( 4176): UnityEngine.SetupCoroutine:InvokeMoveNext(IEnumerator, IntPtr)
I/Unity   ( 4176):  
I/Unity   ( 4176): (Filename: ./Runtime/Export/Debug.bindings.h Line: 45)
I/Unity   ( 4176): 
I/Unity   ( 4176): VRShell------->OnApplicationPause = False
I/Unity   ( 4176): MainScreen:OnApplicationPause(Boolean)
I/Unity   ( 4176):  
I/Unity   ( 4176): (Filename: ./Runtime/Export/Debug.bindings.h Line: 45)
I/Unity   ( 4176): 
I/Unity   ( 4176): VRShell------->Coroutine SwitchApp
I/Unity   ( 4176): <SwitchApp>d__23:MoveNext()
I/Unity   ( 4176): UnityEngine.SetupCoroutine:InvokeMoveNext(IEnumerator, IntPtr)
I/Unity   ( 4176): MainScreen:OnApplicationPause(Boolean)
I/Unity   ( 4176):  
I/Unity   ( 4176): (Filename: ./Runtime/Export/Debug.bindings.h Line: 45)
I/Unity   ( 4176): 
I/PVRShell( 4176): Provision component is com.picovr.provision/com.picovr.provision.UnityActivity
I/UnityPlugin( 4176): Pvr_SetTrackingOriginType UNITY level type 0 supportFloor 1
I/UnityPlugin( 4176): Pvr_SetTrackingOriginType UNITY enter EYELEVEL
I/UnityPlugin( 4176): Pvr_OptionalResetSensor_ enter
I/VrApi   ( 4176): PVR_SERVICE_QUATERNION_MODE ResetSensor
I/PvrServiceClient( 4176): Call resetTracking in PvrServiceClient,mode=3
E/Paul    ( 1146): track_flag:0,3,1
E/Paul    ( 1146): Orientation:4.807979,0.525681
E/Paul    ( 1146): pose_offset_reset:0,0.000000,0.007853,0.000000,0.999969,0.000000,0.000000,0.000000
E/Paul    ( 1146): Reset
E/Paul    ( 1146): fix-no-smooth
E/Paul    ( 1146): new-struct
D/PvrService( 1146): newTracker resetTracking mode=[3] pose_offset [0.000000,0.007853,0.000000,0.999969,0.000000,0.000000,0.000000] flag=[1]
I/PvrService( 1146): alg_reset successfully: 0
E/PvrService( 1146): Call resetTracking in PvrServiceCore,mode=3, 0,1,0
E/PvrService( 1146): resetTracking:Try to get tracking lock mutex
E/PvrService( 1146): resetTracking:Get tracking lock mutex
I/PvrService( 1146): Call resetTrackingThread in PvrServiceCore,mode=3, 0,1,0
E/PvrService( 1146): Reset 3dof rotation [0 1 0]
D/PvrOrientationTracker( 1146): Reset value = 0,1,0
D/PvrOrientationTracker( 1146): SensorFusion::RecenterYaw()
I/PvrService( 1146): Status callback:VR_CLIENT_STATUS_ORIENTATION_RESETTED
I/PvrService( 1146): Status callback:VR_CLIENT_STATUS_ORIENTATION_RESETTED done
E/PvrService( 1146): resetTrackingThread:release tracking lock mutex
I/UnityPlugin( 4176): Pvr_OptionalResetSensor_ exit
I/Unity   ( 4176): PvrLog OptionalResetUnitySDKSensor OK!11
I/Unity   ( 4176): Pvr_UnitySDKSensor:OptionalResetUnitySDKSensor(Int32, Int32)
I/Unity   ( 4176): LauncherSceneManager:LoadSeeThroughScene()
I/Unity   ( 4176):  
I/Unity   ( 4176): (Filename: ./Runtime/Export/Debug.bindings.h Line: 45)
I/Unity   ( 4176): 
D/PvrService( 1146): Notification Client[0] onClientStatusChange
E/PvrClientJava( 4176): status = 11,argCnt = 0
D/PvrClient( 4176): args0 = 11
D/PvrService( 1146): <null format suppressed by shim_pvr>
W/SensorService( 1662): sensor 00000022 already enabled in connection 0x78d8cf6bc0 (ignoring)
I/sensors-hal( 1109): flush:190, android.sensor.accelerometer/34
I/sensors-hal( 1109): flush:196, android.sensor.accelerometer/34 completed
I/UnityPlugin( 4176): Pvr_SetTrackingOriginType UNITY level type 0 supportFloor 1
I/UnityPlugin( 4176): Pvr_SetTrackingOriginType UNITY enter EYELEVEL
I/Unity   ( 4176): VRShell------->Start
I/Unity   ( 4176): MainScreen:Start()
I/Unity   ( 4176):  
I/Unity   ( 4176): (Filename: ./Runtime/Export/Debug.bindings.h Line: 45)
I/Unity   ( 4176): 
I/Unity   ( 4176): VRShell------->3840|2160|640
I/Unity   ( 4176): <InitSurface>d__20:MoveNext()
I/Unity   ( 4176): UnityEngine.SetupCoroutine:InvokeMoveNext(IEnumerator, IntPtr)
I/Unity   ( 4176): MainScreen:Start()
I/Unity   ( 4176):  
I/Unity   ( 4176): (Filename: ./Runtime/Export/Debug.bindings.h Line: 45)
I/Unity   ( 4176): 
I/PVRShell( 4176): Provision component is com.picovr.provision/com.picovr.provision.UnityActivity
I/Unity   ( 4176): ??Navigation data ????
I/Unity   ( 4176): StartUpApp:GetOutSideNav_Data()
I/Unity   ( 4176): StartUpApp:Start()
I/Unity   ( 4176):  
I/Unity   ( 4176): (Filename: ./Runtime/Export/Debug.bindings.h Line: 45)
I/Unity   ( 4176): 
D/HalDevMgr( 1662): onDebugRingBufferDataAvailable
I/chatty  ( 1662): uid=1000(system) HwBinder:1662_1 identical 3 lines
D/HalDevMgr( 1662): onDebugRingBufferDataAvailable
E/ResolverController( 1392): No valid NAT64 prefix (100, <unspecified>/0)
I/FrameAnimation( 4176): mBitmap.recycle
I/chatty  ( 4176): uid=1000(system) com.pvr.vrshell identical 1 line
I/FrameAnimation( 4176): mBitmap.recycle
I/Unity   ( 4176): [{"packageName":"com.pvr.home","className":"com.pvr.home.RecActivity","actionName":"pvr.intent.action.HOME_REC","showName":"Recommend","iconUrl":"Image/ic_recommend"},{"packageName":"com.pvr.home","className":"com.pvr.home.AllAppActivity","actionName":"pvr.intent.action.HOME_APP","showName":"All_App","iconUrl":"Image/ic_allapp"},{"packageName":"com.picovr.store","className":"","actionName":"","showName":"Store","iconUrl":"Image/ic_store"},
I/Unity   ( 4176): {"packageName":"com.pvr.filemanager","className":"","actionName":"","showName":"File_Management","iconUrl":"Image/ic_files"},{"packageName":"com.picovr.settings","className":"","actionName":"pui.settings.action.SETTINGS","showName":"Settings","iconUrl":"Image/ic_setting"}]
I/Unity   ( 4176): StartUpApp:Start()
I/Unity   ( 4176):  
I/Unity   ( 4176): (Filename: ./Runtime/Export/Debug.bindings.h Line: 45)
I/Unity   ( 4176): 
I/Unity   ( 4176): 6
I/Unity   ( 4176): NavigationManager:InitDataList(List`1)
I/Unity   ( 4176):  
I/Unity   ( 4176): (Filename: ./Runtime/Export/Debug.bindings.h Line: 45)
I/Unity   ( 4176): 
I/Unity   ( 4176): xxxxxxxxxxxxx
I/Unity   ( 4176): NavigationManager:InitDataList(List`1)
I/Unity   ( 4176):  
I/Unity   ( 4176): (Filename: ./Runtime/Export/Debug.bindings.h Line: 45)
I/Unity   ( 4176): 
I/Unity   ( 4176): PUI--------------ro.pvr.product.name = FalconCV2
I/Unity   ( 4176): PUI_UnityAPI:GetDeviceMode()
I/Unity   ( 4176): StatusBarView:SetUIPos()
I/Unity   ( 4176): StatusBarView:Start()
I/Unity   ( 4176):  
I/Unity   ( 4176): (Filename: ./Runtime/Export/Debug.bindings.h Line: 45)
I/Unity   ( 4176): 
W/System.err( 4176): android.content.pm.PackageManager$NameNotFoundException: com.pvr.seethrough.setting
W/System.err( 4176): 	at android.app.ApplicationPackageManager.getPackageInfoAsUser(ApplicationPackageManager.java:193)
W/System.err( 4176): 	at android.app.ApplicationPackageManager.getPackageInfo(ApplicationPackageManager.java:162)
W/System.err( 4176): 	at com.pvr.vrshell.utils.Utils.isInstalled(Unknown Source:5)
W/System.err( 4176): 	at com.pvr.vrshell.utils.Utils.isUsable(Unknown Source:10)
W/System.err( 4176): 	at com.pvr.vrshell.utils.ShellUtils.isUsable(Unknown Source:11)
W/System.err( 4176): 	at com.unity3d.player.UnityPlayer.nativeRender(Native Method)
W/System.err( 4176): 	at com.unity3d.player.UnityPlayer.e(Unknown Source:0)
W/System.err( 4176): 	at com.unity3d.player.UnityPlayer$f$2.queueIdle(Unknown Source:125)
W/System.err( 4176): 	at android.os.MessageQueue.next(MessageQueue.java:405)
W/System.err( 4176): 	at android.os.Looper.loop(Looper.java:174)
W/System.err( 4176): 	at com.unity3d.player.UnityPlayer$f.run(Unknown Source:32)
I/Unity   ( 4176): ime create
I/Unity   ( 4176): SGIme:Create(ImeDelegateBase)
I/Unity   ( 4176): ImeManager:Start()
I/Unity   ( 4176):  
I/Unity   ( 4176): (Filename: ./Runtime/Export/Debug.bindings.h Line: 45)
I/Unity   ( 4176): 
W/ContextImpl( 4176): Calling a method in the system process without a qualified user: android.app.ContextImpl.bindService:1649 android.content.ContextWrapper.bindService:705 com.sohu.inputmethod.sogou.sgrenderproxy.RenderProxy.start:54 com.sohu.inputmethod.sogou.sgrenderproxy.RenderProxyUnity.<init>:23 com.unity3d.player.UnityPlayer.nativeRender:-2 
W/ActivityManager( 1662): Unable to start service Intent { cmp=com.sohu.inputmethod.sogou.car/.RenderService } U=0: not found
D/HalDevMgr( 1662): onDebugRingBufferDataAvailable
I/Unity   ( 4176): ime hide
I/Unity   ( 4176): SGIme:Hide()
I/Unity   ( 4176): ImeManager:Hide()
I/Unity   ( 4176):  
I/Unity   ( 4176): (Filename: ./Runtime/Export/Debug.bindings.h Line: 45)
I/Unity   ( 4176): 
D/HalDevMgr( 1662): onDebugRingBufferDataAvailable
I/Unity   ( 4176): OnIMEHide
I/Unity   ( 4176): ImeDelegateImpl_kbd:OnIMEHide()
I/Unity   ( 4176):  
I/Unity   ( 4176): (Filename: ./Runtime/Export/Debug.bindings.h Line: 45)
I/Unity   ( 4176): 
D/HalDevMgr( 1662): onDebugRingBufferDataAvailable
I/chatty  ( 1662): uid=1000(system) HwBinder:1662_1 identical 1 line
D/HalDevMgr( 1662): onDebugRingBufferDataAvailable
E/UnityPlugin( 4176): Get sensor failed. Render thread not initialized.
I/ServiceManager( 4176): Waiting for service 'virtual_input' on '/dev/binder'...
I/FrameAnimation( 4176): mBitmap.recycle
D/HalDevMgr( 1662): onDebugRingBufferDataAvailable
I/chatty  ( 1662): uid=1000(system) HwBinder:1662_2 identical 3 lines
D/HalDevMgr( 1662): onDebugRingBufferDataAvailable
I/FrameAnimation( 4176): mBitmap.recycle
I/FrameAnimation( 4176): mBitmap.recycle
E/PvrService( 1146): PvrService getTrackingDataExt ret(0)
E/PvrService( 1146): PvrService getTrackingDataExt rotation(-0.041967, -0.000343, -0.003739, 0.999114)
E/PvrService( 1146): PvrService getTrackingDataExt position(0.000592, -0.007017, -0.086506)
D/PvrService( 1146): PvrService::setShareMemoryData(581901):
D/PvrService( 1146):  -0.041967,-0.000343,-0.003739,0.999114,0.000592,-0.007017,-0.086506	[597824129875]	[597823326333]	[1481771]	[999479]
D/PvrService( 1146): threadLoop continue: 1
D/PvrPlatform( 1146): Already keep stationary state for 15 secend
I/chatty  ( 1146): uid=0(root) /system/bin/pvrservice identical 1 line
D/PvrPlatform( 1146): Already keep stationary state for 15 secend
I/FrameAnimation( 4176): mBitmap.recycle
I/FrameAnimation( 4176): mBitmap.recycle
D/HalDevMgr( 1662): onDebugRingBufferDataAvailable
I/chatty  ( 1662): uid=1000(system) HwBinder:1662_5 identical 3 lines
D/HalDevMgr( 1662): onDebugRingBufferDataAvailable
I/FrameAnimation( 4176): mBitmap.recycle
D/HalDevMgr( 1662): onDebugRingBufferDataAvailable
I/chatty  ( 1662): uid=1000(system) HwBinder:1662_1 identical 3 lines
D/HalDevMgr( 1662): onDebugRingBufferDataAvailable
D/HalDevMgr( 1662): onDebugRingBufferDataAvailable
I/chatty  ( 1662): uid=1000(system) HwBinder:1662_2 identical 3 lines
D/HalDevMgr( 1662): onDebugRingBufferDataAvailable
I/FrameAnimation( 4176): mBitmap.recycle
I/chatty  ( 4176): uid=1000(system) com.pvr.vrshell identical 2 lines
I/FrameAnimation( 4176): mBitmap.recycle
I/ServiceManager( 4176): Waiting for service 'virtual_input' on '/dev/binder'...
E/MSM-irqbalance( 1614): IRQ 76 not found in internal structure or should be ignored
I/FrameAnimation( 4176): mBitmap.recycle
I/chatty  ( 4176): uid=1000(system) com.pvr.vrshell identical 1 line
I/FrameAnimation( 4176): mBitmap.recycle
D/PvrPlatform( 1146): Already keep stationary state for 16 secend
I/chatty  ( 1146): uid=0(root) /system/bin/pvrservice identical 1 line
D/PvrPlatform( 1146): Already keep stationary state for 16 secend
I/FrameAnimation( 4176): mBitmap.recycle
I/FrameAnimation( 4176): mBitmap.recycle
D/HalDevMgr( 1662): onDebugRingBufferDataAvailable
I/chatty  ( 1662): uid=1000(system) HwBinder:1662_2 identical 3 lines
D/HalDevMgr( 1662): onDebugRingBufferDataAvailable
I/FrameAnimation( 4176): mBitmap.recycle
D/HalDevMgr( 1662): onDebugRingBufferDataAvailable
I/chatty  ( 1662): uid=1000(system) HwBinder:1662_1 identical 3 lines
D/HalDevMgr( 1662): onDebugRingBufferDataAvailable
D/HalDevMgr( 1662): onDebugRingBufferDataAvailable
I/chatty  ( 1662): uid=1000(system) HwBinder:1662_3 identical 3 lines
D/HalDevMgr( 1662): onDebugRingBufferDataAvailable
I/FrameAnimation( 4176): mBitmap.recycle
I/chatty  ( 4176): uid=1000(system) com.pvr.vrshell identical 2 lines
I/FrameAnimation( 4176): mBitmap.recycle
I/ServiceManager( 4176): Waiting for service 'virtual_input' on '/dev/binder'...
I/Thread-5( 4176): type=1400 audit(0.0:759): avc: denied { read } for name="loading_animation_00006.png" dev="sda7" ino=6416 scontext=u:r:system_app:s0 tcontext=u:object_r:unlabeled:s0 tclass=file permissive=1
I/Thread-5( 4176): type=1400 audit(0.0:760): avc: denied { open } for path="/system/media/LoadingRes/img/loading_animation_00006.png" dev="sda7" ino=6416 scontext=u:r:system_app:s0 tcontext=u:object_r:unlabeled:s0 tclass=file permissive=1
I/Thread-5( 4176): type=1400 audit(0.0:761): avc: denied { getattr } for path="/system/media/LoadingRes/img/loading_animation_00006.png" dev="sda7" ino=6416 scontext=u:r:system_app:s0 tcontext=u:object_r:unlabeled:s0 tclass=file permissive=1
I/FrameAnimation( 4176): mBitmap.recycle
I/FrameAnimation( 4176): mBitmap.recycle
D/HalDevMgr( 1662): onDebugRingBufferDataAvailable
I/chatty  ( 1662): uid=1000(system) HwBinder:1662_2 identical 2 lines
D/HalDevMgr( 1662): onDebugRingBufferDataAvailable
D/HalDevMgr( 1662): onDebugRingBufferDataAvailable
I/FrameAnimation( 4176): mBitmap.recycle
D/PvrPlatform( 1146): Already keep stationary state for 17 secend
I/chatty  ( 1146): uid=0(root) /system/bin/pvrservice identical 1 line
D/PvrPlatform( 1146): Already keep stationary state for 17 secend
I/FrameAnimation( 4176): mBitmap.recycle
I/FrameAnimation( 4176): mBitmap.recycle
D/HalDevMgr( 1662): onDebugRingBufferDataAvailable
I/chatty  ( 1662): uid=1000(system) HwBinder:1662_3 identical 3 lines
D/HalDevMgr( 1662): onDebugRingBufferDataAvailable
I/FrameAnimation( 4176): mBitmap.recycle
D/HalDevMgr( 1662): onDebugRingBufferDataAvailable
D/HalDevMgr( 1662): onDebugRingBufferDataAvailable
I/chatty  ( 1662): uid=1000(system) HwBinder:1662_2 identical 2 lines
D/HalDevMgr( 1662): onDebugRingBufferDataAvailable
I/FrameAnimation( 4176): mBitmap.recycle
E/PvrService( 1146): PvrService getTrackingDataExt ret(0)
E/PvrService( 1146): PvrService getTrackingDataExt rotation(-0.042034, -0.000303, -0.003612, 0.999111)
E/PvrService( 1146): PvrService getTrackingDataExt position(0.000568, -0.007028, -0.086515)
I/FrameAnimation( 4176): mBitmap.recycle
D/KeyguardClockSwitch( 1924): Updating clock: 5:22
I/FrameAnimation( 4176): mBitmap.recycle
I/FrameAnimation( 4176): mBitmap.recycle
I/ServiceManager( 4176): Waiting for service 'virtual_input' on '/dev/binder'...
I/FrameAnimation( 4176): mBitmap.recycle
I/chatty  ( 4176): uid=1000(system) com.pvr.vrshell identical 1 line
I/FrameAnimation( 4176): mBitmap.recycle
D/PvrPlatform( 1146): Already keep stationary state for 18 secend
I/chatty  ( 1146): uid=0(root) /system/bin/pvrservice identical 1 line
D/PvrPlatform( 1146): Already keep stationary state for 18 secend
I/FrameAnimation( 4176): mBitmap.recycle
I/FrameAnimation( 4176): mBitmap.recycle
D/HalDevMgr( 1662): onDebugRingBufferDataAvailable
I/chatty  ( 1662): uid=1000(system) HwBinder:1662_2 identical 1 line
D/HalDevMgr( 1662): onDebugRingBufferDataAvailable
D/HalDevMgr( 1662): onDebugRingBufferDataAvailable
D/HalDevMgr( 1662): onDebugRingBufferDataAvailable
I/FrameAnimation( 4176): mBitmap.recycle
I/chatty  ( 4176): uid=1000(system) com.pvr.vrshell identical 3 lines
I/FrameAnimation( 4176): mBitmap.recycle
I/ServiceManager( 4176): Waiting for service 'virtual_input' on '/dev/binder'...
I/FrameAnimation( 4176): mBitmap.recycle
I/chatty  ( 4176): uid=1000(system) com.pvr.vrshell identical 1 line
I/FrameAnimation( 4176): mBitmap.recycle
D/PvrPlatform( 1146): Already keep stationary state for 19 secend
I/chatty  ( 1146): uid=0(root) /system/bin/pvrservice identical 1 line
D/PvrPlatform( 1146): Already keep stationary state for 19 secend
I/FrameAnimation( 4176): mBitmap.recycle
I/chatty  ( 4176): uid=1000(system) com.pvr.vrshell identical 1 line
I/FrameAnimation( 4176): mBitmap.recycle
D/HalDevMgr( 1662): onDebugRingBufferDataAvailable
D/HalDevMgr( 1662): onDebugRingBufferDataAvailable
D/HalDevMgr( 1662): onDebugRingBufferDataAvailable
D/HalDevMgr( 1662): onDebugRingBufferDataAvailable
D/HalDevMgr( 1662): onDebugRingBufferDataAvailable
D/HalDevMgr( 1662): onDebugRingBufferDataAvailable
D/HalDevMgr( 1662): onDebugRingBufferDataAvailable
D/HalDevMgr( 1662): onDebugRingBufferDataAvailable
D/HalDevMgr( 1662): onDebugRingBufferDataAvailable
D/HalDevMgr( 1662): onDebugRingBufferDataAvailable
I/FrameAnimation( 4176): mBitmap.recycle
I/chatty  ( 4176): uid=1000(system) com.pvr.vrshell identical 2 lines
I/FrameAnimation( 4176): mBitmap.recycle
W/ServiceManager( 4176): Service virtual_input didn't start. Returning NULL
E/PvrVirtualInputClient( 4176): failed to get service
I/PvrVirtualInputClient( 4176): pvrVirtualInputCreate 0x78de40a070
W/PvrVirtualInputClient( 4176): ReConnectService
I/ServiceManager( 4176): Waiting for service 'virtual_input' on '/dev/binder'...
I/UnityPlugin( 4176): FOVEA up.focused == false!
I/chatty  ( 4176): uid=1000(system) UnityMain identical 2 lines
I/UnityPlugin( 4176): FOVEA up.focused == false!
I/FrameAnimation( 4176): mBitmap.recycle
E/UnityPlugin( 4176): Get sensor failed. Render thread not initialized.
I/UnityPlugin( 4176): FOVEA up.focused == false!
I/chatty  ( 4176): uid=1000(system) UnityMain identical 2 lines
I/UnityPlugin( 4176): FOVEA up.focused == false!
I/Unity   ( 4176): ?????:00
I/Unity   ( 4176): SkyBoxManager:LoadSkyBox(String)
I/Unity   ( 4176):  
I/Unity   ( 4176): (Filename: ./Runtime/Export/Debug.bindings.h Line: 45)
I/Unity   ( 4176): 
E/ResolverController( 1392): No valid NAT64 prefix (100, <unspecified>/0)
W/Unity   ( 4176): The loaded level has a different lightmaps mode than the current one. Current: Directional. Loaded: Non-Directional. Will use: Directional.
W/Unity   ( 4176):  
W/Unity   ( 4176): (Filename:  Line: 258)
W/Unity   ( 4176): 
E/UnityPlugin( 4176): Get sensor failed. Render thread not initialized.
I/Unity   ( 4176): InitRenderThreadRoutine after a wait
I/Unity   ( 4176): <InitRenderThreadRoutine>d__111:MoveNext()
I/Unity   ( 4176): UnityEngine.SetupCoroutine:InvokeMoveNext(IEnumerator, IntPtr)
I/Unity   ( 4176):  
I/Unity   ( 4176): (Filename: ./Runtime/Export/Debug.bindings.h Line: 45)
I/Unity   ( 4176): 
I/UnityPlugin( 4176): DIATW Unity Main Thread unityMainThreadTid: 4218
I/UnityPlugin( 4176): DIATW Unity Main Thread SetThreadAffinity Default
I/UnityPlugin( 4176): DIATW Unity Main Thread SetThreadPriority Default
I/UnityPlugin( 4176): OnRenderEvent EVENT_INIT_RENDERTHREAD
D/PvrService( 1146): setParameter:name(ShowSafetyTip), value(false)
D/PvrService( 1146): Do not show safety tip
E/PvrService( 1146): VRModeStateClient::setClientSafetyTipStatus pid=4176, status=0
I/UnityPlugin( 4176): OnRenderEvent EVENT_INIT_RENDERTHREAD ShowSafetyTip false
E/PvrService( 1146): VRModeStateClient::startVRMode pid=4176
I/PvrService( 1146): mPrevTrackingMode 3, trackingMode 3
D/PvrService( 1146): ---------------------No safety tip for pid:4176
I/UnityPlugin( 4176): PVR_setPerformanceLevels 0 , 0
I/UnityPlugin( 4176): PVR_SetCpuLevel  level 0
I/PvrPlatform( 1146): setCPULevel:0 1
I/FrameAnimation( 4176): mBitmap.recycle
E/PvrService( 1146): PvrService getTrackingDataExt ret(0)
E/PvrService( 1146): PvrService getTrackingDataExt rotation(-0.041776, -0.000595, -0.004066, 0.999118)
E/PvrService( 1146): PvrService getTrackingDataExt position(0.000681, -0.006985, -0.086479)
D/HalDevMgr( 1662): onDebugRingBufferDataAvailable
I/chatty  ( 1662): uid=1000(system) HwBinder:1662_5 identical 3 lines
D/HalDevMgr( 1662): onDebugRingBufferDataAvailable
D/HalDevMgr( 1662): onDebugRingBufferDataAvailable
D/HalDevMgr( 1662): onDebugRingBufferDataAvailable
I/chatty  ( 1662): uid=1000(system) HwBinder:1662_2 identical 1 line
D/HalDevMgr( 1662): onDebugRingBufferDataAvailable
D/HalDevMgr( 1662): onDebugRingBufferDataAvailable
I/chatty  ( 1662): uid=1000(system) HwBinder:1662_4 identical 4 lines
D/HalDevMgr( 1662): onDebugRingBufferDataAvailable
I/FrameAnimation( 4176): mBitmap.recycle
D/PvrPlatform( 1146): Already keep stationary state for 20 secend
I/chatty  ( 1146): uid=0(root) /system/bin/pvrservice identical 1 line
D/PvrPlatform( 1146): Already keep stationary state for 20 secend
I/FrameAnimation( 4176): mBitmap.recycle
D/HalDevMgr( 1662): onDebugRingBufferDataAvailable
I/chatty  ( 1662): uid=1000(system) HwBinder:1662_5 identical 3 lines
D/HalDevMgr( 1662): onDebugRingBufferDataAvailable
I/FrameAnimation( 4176): mBitmap.recycle
D/HalDevMgr( 1662): onDebugRingBufferDataAvailable
I/chatty  ( 1662): uid=1000(system) HwBinder:1662_5 identical 1 line
D/HalDevMgr( 1662): onDebugRingBufferDataAvailable
D/HalDevMgr( 1662): onDebugRingBufferDataAvailable
D/HalDevMgr( 1662): onDebugRingBufferDataAvailable
I/FrameAnimation( 4176): mBitmap.recycle
I/FrameAnimation( 4176): mBitmap.recycle
D/HalDevMgr( 1662): onDebugRingBufferDataAvailable
D/HalDevMgr( 1662): onDebugRingBufferDataAvailable
I/chatty  ( 1662): uid=1000(system) HwBinder:1662_4 identical 2 lines
D/HalDevMgr( 1662): onDebugRingBufferDataAvailable
D/HalDevMgr( 1662): onDebugRingBufferDataAvailable
I/chatty  ( 1662): uid=1000(system) HwBinder:1662_1 identical 3 lines
D/HalDevMgr( 1662): onDebugRingBufferDataAvailable
I/FrameAnimation( 4176): mBitmap.recycle
I/chatty  ( 4176): uid=1000(system) com.pvr.vrshell identical 2 lines
I/FrameAnimation( 4176): mBitmap.recycle
I/PvrPlatform( 1146): svrSetPerformanceLevels CPU level[0] B[2803200] done
I/UnityPlugin( 4176): PVR_SetGpuLevel_ level 0
I/PvrPlatform( 1146): setGPULevel:0 1
E/MSM-irqbalance( 1614): IRQ 76 not found in internal structure or should be ignored
E/MSM-irqbalance( 1614): IRQ 76 not found in internal structure or should be ignored
I/sh      ( 4314): type=1400 audit(0.0:762): avc: denied { read } for name="devfreq" dev="sysfs" ino=49330 scontext=u:r:shell:s0 tcontext=u:object_r:sysfs_kgsl:s0 tclass=lnk_file permissive=1
I/ServiceManager( 4176): Waiting for service 'virtual_input' on '/dev/binder'...
I/FrameAnimation( 4176): mBitmap.recycle
I/PvrPlatform( 1146): svrSetPerformanceLevels GPU level[0] Freq[710000000] done
I/UnityPlugin( 4176): PVR_InitRenderThread()
I/GlUtils ( 4176): GL_FindExtensions()--------------------------0
I/GlUtils ( 4176): GL_FindExtensions()--------------------------1
I/GlUtils ( 4176): GL_EXTENSIONS:
I/GlUtils ( 4176): es3 = TRUE
I/GlUtils ( 4176): GL_MAX_TEXTURE_SIZE = 16384
I/GlUtils ( 4176): GL_MAX_VERTEX_UNIFORM_VECTORS = 256
I/GlUtils ( 4176): GL_MAX_FRAGMENT_UNIFORM_VECTORS = 256
I/UnityPlugin( 4176): FOVEA Checking for glTextureFoveationParametersEXT support...
I/UnityPlugin( 4176): FOVEA glTextureFoveationParametersQCOM SUPPORTED
I/UnityPlugin( 4176): Mode Parms CpuLevel 2 GpuLevel 2
I/UnityPlugin( 4176): DIATW Unity Render Thread up.renderThreadTid: 4218
I/UnityPlugin( 4176): DIATW Unity Render Thread SetThreadAffinity Default
I/UnityPlugin( 4176): DIATW Unity Render Thread SetThreadPriority Default
I/UnityPlugin( 4176): ENABLE_CHROMATIC    true
I/UnityPlugin( 4176): ExternalSurface: create layer 0 oes texture id 115
I/UnityPlugin( 4176): ExternalSurface: create layer 1 oes texture id 116
I/UnityPlugin( 4176): ExternalSurface: create layer 2 oes texture id 117
I/UnityPlugin( 4176): ExternalSurface: create layer 3 oes texture id 118
I/UnityPlugin( 4176): ExternalSurface: create layer 4 oes texture id 119
I/UnityPlugin( 4176): ExternalSurface: create layer 5 oes texture id 120
I/UnityPlugin( 4176): ExternalSurface: create layer 6 oes texture id 121
I/UnityPlugin( 4176): ExternalSurface: create layer 7 oes texture id 122
I/UnityPlugin( 4176): ExternalSurface: create layer 8 oes texture id 123
I/UnityPlugin( 4176): ExternalSurface: create layer 9 oes texture id 124
I/UnityPlugin( 4176): ExternalSurface: create layer 10 oes texture id 125
I/UnityPlugin( 4176): ExternalSurface: create layer 11 oes texture id 126
I/UnityPlugin( 4176): ExternalSurface: create layer 12 oes texture id 127
I/UnityPlugin( 4176): ExternalSurface: create layer 13 oes texture id 128
I/UnityPlugin( 4176): ExternalSurface: create layer 14 oes texture id 129
I/UnityPlugin( 4176): ExternalSurface: create layer 15 oes texture id 130
I/UnityPlugin( 4176): ExternalSurface: updateTexImage=1880690016, getTimestamp=1880689656
I/UnityPlugin( 4176): unityPredict = 2.000000
I/UnityPlugin( 4176): PVR_Resume()
I/VrApi   ( 4176): ---------- pvr_EnterVrMode ----------
I/GlUtils ( 4176): GL_FindExtensions()--------------------------0
I/GlUtils ( 4176): GL_FindExtensions()--------------------------1
I/GlUtils ( 4176): GL_EXTENSIONS:
I/GlUtils ( 4176): es3 = TRUE
I/GlUtils ( 4176): GL_MAX_TEXTURE_SIZE = 16384
I/GlUtils ( 4176): GL_MAX_VERTEX_UNIFORM_VECTORS = 256
I/GlUtils ( 4176): GL_MAX_FRAGMENT_UNIFORM_VECTORS = 256
I/VrApi   ( 4176): hmdInfo.lensSeparation = 0.062000
I/VrApi   ( 4176): hmdInfo.widthMeters = 0.129600
I/VrApi   ( 4176): hmdInfo.heightMeters = 0.072000
I/VrApi   ( 4176): hmdInfo.widthPixels = 3840
I/VrApi   ( 4176): hmdInfo.heightPixels = 2160
I/VrApi   ( 4176): hmdInfo.eyeTextureResolution[0] = 1080
I/VrApi   ( 4176): hmdInfo.eyeTextureResolution[1] = 1200
I/VrApi   ( 4176): hmdInfo.eyeTextureFov[0] = 80.000000
I/VrApi   ( 4176): hmdInfo.eyeTextureFov[1] = 80.000000
I/VrApi   ( 4176): Cleared JNI exception
I/TimeWarp( 4176): -------------------- Instantiate TimeWarp --------------------
I/TimeWarp( 4176): BuildPresentationGraphics len > 0
I/TimeWarp( 4176): BuildPresentationGraphics ret0 = 128, ret1 = 0
I/TimeWarp( 4176): DISFT Stencil = 0 TilingQCOM = 0
I/TimeWarp( 4176): Read VrViewer Surface Size: [3840x2160]
I/TimeWarp( 4176): 	 eglMainThreadWindowSurface : 0x7871313c80
I/Vsync   ( 4176): DIATW UpdateVSync deltaCount !=1, delta 43461, 603630479266   -   0.000 = 603630479266.000
I/Binder:1146_7( 1146): type=1400 audit(0.0:763): avc: denied { sys_nice } for capability=23 scontext=u:r:shell:s0 tcontext=u:r:shell:s0 tclass=capability permissive=1
I/Binder:1146_7( 1146): type=1400 audit(0.0:764): avc: denied { setsched } for scontext=u:r:shell:s0 tcontext=u:r:system_app:s0 tclass=process permissive=1
I/GlUtils ( 4176): glRendererString Adreno (TM) 630
I/TimeWarp( 4176): config: ASYNC  = 1
I/TimeWarp( 4176): Aysnc, with SINGLE_BUFFER = 1
I/TimeWarp( 4176): Requesting EGL_CONTEXT_PRIORITY_HIGH_IMG
I/TimeWarp( 4176): WarpThreadInit enableBack = 1
I/TimeWarp( 4176): WarpThreadInit forceRenderAngle = 0
I/TimeWarp( 4176): WarpThreadInit() miniVsyncBackStep = 2 ,forceRenderAngle =  0
I/PvrService( 1146): Set Thread Affinity: tid=4316, coreId=6, exclusive=1
I/TimeWarp( 4176): DIATW SetThreadAffinity core: 6, res 0
I/TimeWarp( 4176): SINGLE_BUFFER
I/TimeWarp( 4176): DIATW GPUTYPE = 0x1000
I/TimeWarp( 4176): DIATW GPUTYPE Adereno
I/TimeWarp( 4176): DIATW CreateWarpContext: context has high priority
I/TimeWarp( 4176): CreateWarpContext: Requested mutable EGL_BACK_BUFFER
I/TimeWarp( 4176): DIATW CreateWarpContext: Got EGL_SINGLE_BUFFER
I/TimeWarp( 4176): CreateWarpContext: Warp Surface Dimensions ( 3840 x 2160 )
I/TimeWarp( 4176): CreateWarpContext: Timewarp context successfully created
I/DirectRender( 4176): SetFrontBufferStatus to true
I/DirectRender( 4176): eglGetCurrentSurface 0x7846068500
I/DirectRender( 4176): surface size: 3840 x 2160
I/DirectRender( 4176): InitForCurrentSurface gpuType = 0x1000
I/FrameAnimation( 4176): mBitmap.recycle
I/Display ( 4176): EEEE Generating Spherical Warp Mesh:
I/Display ( 4176): EEEE 	 Sphere Radius: 2.00
I/Display ( 4176): EEEE    Left Theta: [-50.5000, 50.5000]
I/Display ( 4176): EEEE    Left Phi: [-50.5000, 50.5000]
I/Display ( 4176): EEEE    Right Theta: [-50.5000, 50.5000]
I/Display ( 4176): EEEE    Right Phi: [-50.5000, 50.5000]
I/FrameAnimation( 4176): mBitmap.recycle
D/PvrPlatform( 1146): Already keep stationary state for 21 secend
I/chatty  ( 1146): uid=0(root) /system/bin/pvrservice identical 1 line
D/PvrPlatform( 1146): Already keep stationary state for 21 secend
I/FrameAnimation( 4176): mBitmap.recycle
I/FrameAnimation( 4176): mBitmap.recycle
D/PvrService( 1146): threadLoop continue: 1
I/TimeWarp( 4176): EEEE2 CreateFrameworkGraphics EYE_TEXTURE_RESOLUTION = 1664, 1664 WIDTH_PIXELS = 3840, HEIGHT_PIXELS = 2160
I/TimeWarp( 4176): EEEE2 CreateFrameworkGraphics creating eye render target 0, 2160 : 2160
I/TimeWarp( 4176): EEEE2 CreateFrameworkGraphics creating eye render target 1, 2160 : 2160
I/TimeWarp( 4176): EEEE BuildEyeTargetGraphics
I/TimeWarp( 4176): EEEE BuildEyeTargetGraphics end
I/PvrService( 1146): Set Thread Priority: tid=4316, policy=1, priority=98
I/TimeWarp( 4176): DIATW SetThreadPriority priority: 98, res 0
I/TimeWarp( 4176): Current thread, sched_getscheduler = 1
I/TimeWarp( 4176): WarpThreadInit() - End
I/TimeWarp( 4176): WarpThread Loop start
I/TimeWarp( 4176): WarpThread Changing vsync from 0.000000 to 43486.000000
I/TimeWarp( 4176): MiraCastThreadInit
I/TimeWarp( 4176): -----------------  Instantiate TimeWarp End ------------------
I/UnityPlugin( 4176): Pvr_GetTrackingOriginFloorHeight start get property ret 0
I/UnityPlugin( 4176): Pvr_GetTrackingOriginFloorHeight end g_fDeltaY 1.670000
I/GsUtils ( 4176): GuardianSystem::GsUtils::Error::Read property sys.pxr.boundary_path failed.
I/GsUtils ( 4176): GuardianSystem::GsUtils::Error::SeeThrough Setting has not run. Give up init all Guardian System.
I/TimeWarp( 4176): eglChooseConfig success numConfigs = 12
D/AIRClient( 4176): [AIRClient]
I/TimeWarp( 4176): Context is EGL_CONTEXT_PRIORITY_MEDIUM_IMG
E/TimeWarp( 4176): try presentationViewObj object not found!
I/TimeWarp( 4176): mSurfaceObjB = NULL, Miracast thread will enter wait status
I/ServiceManager( 4176): Waiting for service 'airservice' on '/dev/binder'...
I/TimeWarp( 4176): DIATW SelectRT WarpToScreen: No valid Eye Buffers 0
I/TimeWarp( 4176): DIATW SelectRT Nothing to draw, draw black!
D/PvrServiceClient( 4176): Client share memory is not ready!
D/PvrServiceClient( 4176): call PvrServiceClient::getShareMemoryFD
D/PvrServiceClient( 4176): call getShareMemoryFD() before binder
D/PvrServiceClient( 1146): handle GET_SHARE_MEMORY_FD in pvrservice
D/PvrService( 1146): call PvrService::getShareMemoryFD()
D/PvrService( 1146): call PvrServiceCore::getShareMemoryFD()
D/PvrService( 1146): newTracker: getShareMemoryFD return 5
D/PvrServiceClient( 1146): Get share memory fd in service:5
D/PvrServiceClient( 4176): client get share memory fd:100
I/PvrServiceClient( 4176): mmap success
D/PvrServiceClient( 4176): Client share memory fd is 102
E/VrApi   ( 4176): DIATW Global tracking GetTrackingData 2 failed tryTimes=1
I/GlUtils ( 4176): DIATW GL_Finish EGL_TIMEOUT_EXPIRED_KHR
I/TimeWarp( 4176): DIATW SelectRT WarpToScreen: No valid Eye Buffers 0
I/TimeWarp( 4176): DIATW SelectRT Nothing to draw, draw black!
I/TimeWarp( 4176): DIATW SelectRT WarpToScreen: No valid Eye Buffers 0
I/TimeWarp( 4176): DIATW SelectRT Nothing to draw, draw black!
I/FrameAnimation( 4176): mBitmap.recycle
I/TimeWarp( 4176): DIATW SelectRT WarpToScreen: No valid Eye Buffers 0
I/TimeWarp( 4176): DIATW SelectRT Nothing to draw, draw black!
I/TimeWarp( 4176): DIATW SelectRT WarpToScreen: No valid Eye Buffers 0
I/TimeWarp( 4176): DIATW SelectRT Nothing to draw, draw black!
I/TimeWarp( 4176): DIATW SelectRT WarpToScreen: No valid Eye Buffers 0
I/TimeWarp( 4176): DIATW SelectRT Nothing to draw, draw black!
I/TimeWarp( 4176): DIATW SelectRT WarpToScreen: No valid Eye Buffers 0
I/TimeWarp( 4176): DIATW SelectRT Nothing to draw, draw black!
I/TimeWarp( 4176): DIATW SelectRT WarpToScreen: No valid Eye Buffers 0
I/TimeWarp( 4176): DIATW SelectRT Nothing to draw, draw black!
I/TimeWarp( 4176): DIATW SelectRT WarpToScreen: No valid Eye Buffers 0
I/TimeWarp( 4176): DIATW SelectRT Nothing to draw, draw black!
I/FrameAnimation( 4176): mBitmap.recycle
I/TimeWarp( 4176): DIATW SelectRT WarpToScreen: No valid Eye Buffers 0
I/TimeWarp( 4176): DIATW SelectRT Nothing to draw, draw black!
I/TimeWarp( 4176): DIATW SelectRT WarpToScreen: No valid Eye Buffers 0
I/TimeWarp( 4176): DIATW SelectRT Nothing to draw, draw black!
I/TimeWarp( 4176): DIATW SelectRT WarpToScreen: No valid Eye Buffers 0
I/TimeWarp( 4176): DIATW SelectRT Nothing to draw, draw black!
I/TimeWarp( 4176): DIATW SelectRT WarpToScreen: No valid Eye Buffers 0
I/TimeWarp( 4176): DIATW SelectRT Nothing to draw, draw black!
I/TimeWarp( 4176): DIATW SelectRT WarpToScreen: No valid Eye Buffers 0
I/TimeWarp( 4176): DIATW SelectRT Nothing to draw, draw black!
I/TimeWarp( 4176): DIATW SelectRT WarpToScreen: No valid Eye Buffers 0
I/TimeWarp( 4176): DIATW SelectRT Nothing to draw, draw black!
I/TimeWarp( 4176): DIATW SelectRT WarpToScreen: No valid Eye Buffers 0
I/TimeWarp( 4176): DIATW SelectRT Nothing to draw, draw black!
I/TimeWarp( 4176): DIATW SelectRT WarpToScreen: No valid Eye Buffers 0
I/TimeWarp( 4176): DIATW SelectRT Nothing to draw, draw black!
I/FrameAnimation( 4176): mBitmap.recycle
I/TimeWarp( 4176): DIATW SelectRT WarpToScreen: No valid Eye Buffers 0
I/TimeWarp( 4176): DIATW SelectRT Nothing to draw, draw black!
I/TimeWarp( 4176): DIATW SelectRT WarpToScreen: No valid Eye Buffers 0
I/TimeWarp( 4176): DIATW SelectRT Nothing to draw, draw black!
D/HalDevMgr( 1662): onDebugRingBufferDataAvailable
I/chatty  ( 1662): uid=1000(system) HwBinder:1662_2 identical 2 lines
D/HalDevMgr( 1662): onDebugRingBufferDataAvailable
D/HalDevMgr( 1662): onDebugRingBufferDataAvailable
I/TimeWarp( 4176): DIATW SelectRT WarpToScreen: No valid Eye Buffers 0
I/TimeWarp( 4176): DIATW SelectRT Nothing to draw, draw black!
I/TimeWarp( 4176): DIATW SelectRT WarpToScreen: No valid Eye Buffers 0
I/TimeWarp( 4176): DIATW SelectRT Nothing to draw, draw black!
I/TimeWarp( 4176): DIATW SelectRT WarpToScreen: No valid Eye Buffers 0
I/TimeWarp( 4176): DIATW SelectRT Nothing to draw, draw black!
I/TimeWarp( 4176): DIATW SelectRT WarpToScreen: No valid Eye Buffers 0
I/TimeWarp( 4176): DIATW SelectRT Nothing to draw, draw black!
I/TimeWarp( 4176): DIATW SelectRT WarpToScreen: No valid Eye Buffers 0
I/TimeWarp( 4176): DIATW SelectRT Nothing to draw, draw black!
I/FrameAnimation( 4176): mBitmap.recycle
I/TimeWarp( 4176): DIATW SelectRT WarpToScreen: No valid Eye Buffers 0
I/TimeWarp( 4176): DIATW SelectRT Nothing to draw, draw black!
I/TimeWarp( 4176): DIATW SelectRT WarpToScreen: No valid Eye Buffers 0
I/TimeWarp( 4176): DIATW SelectRT Nothing to draw, draw black!
I/TimeWarp( 4176): DIATW SelectRT WarpToScreen: No valid Eye Buffers 0
I/TimeWarp( 4176): DIATW SelectRT Nothing to draw, draw black!
I/TimeWarp( 4176): DIATW SelectRT WarpToScreen: No valid Eye Buffers 0
I/TimeWarp( 4176): DIATW SelectRT Nothing to draw, draw black!
I/TimeWarp( 4176): DIATW SelectRT WarpToScreen: No valid Eye Buffers 0
I/TimeWarp( 4176): DIATW SelectRT Nothing to draw, draw black!
I/TimeWarp( 4176): DIATW SelectRT WarpToScreen: No valid Eye Buffers 0
I/TimeWarp( 4176): DIATW SelectRT Nothing to draw, draw black!
I/TimeWarp( 4176): DIATW SelectRT WarpToScreen: No valid Eye Buffers 0
I/TimeWarp( 4176): DIATW SelectRT Nothing to draw, draw black!
I/FrameAnimation( 4176): mBitmap.recycle
I/TimeWarp( 4176): DIATW SelectRT WarpToScreen: No valid Eye Buffers 0
I/TimeWarp( 4176): DIATW SelectRT Nothing to draw, draw black!
I/TimeWarp( 4176): DIATW SelectRT WarpToScreen: No valid Eye Buffers 0
I/TimeWarp( 4176): DIATW SelectRT Nothing to draw, draw black!
I/TimeWarp( 4176): DIATW SelectRT WarpToScreen: No valid Eye Buffers 0
I/TimeWarp( 4176): DIATW SelectRT Nothing to draw, draw black!
I/TimeWarp( 4176): DIATW SelectRT WarpToScreen: No valid Eye Buffers 0
I/TimeWarp( 4176): DIATW SelectRT Nothing to draw, draw black!
I/TimeWarp( 4176): DIATW SelectRT WarpToScreen: No valid Eye Buffers 0
I/TimeWarp( 4176): DIATW SelectRT Nothing to draw, draw black!
I/TimeWarp( 4176): DIATW SelectRT WarpToScreen: No valid Eye Buffers 0
I/TimeWarp( 4176): DIATW SelectRT Nothing to draw, draw black!
I/TimeWarp( 4176): DIATW SelectRT WarpToScreen: No valid Eye Buffers 0
I/TimeWarp( 4176): DIATW SelectRT Nothing to draw, draw black!
I/FrameAnimation( 4176): mBitmap.recycle
I/TimeWarp( 4176): DIATW SelectRT WarpToScreen: No valid Eye Buffers 0
I/TimeWarp( 4176): DIATW SelectRT Nothing to draw, draw black!
I/TimeWarp( 4176): DIATW SelectRT WarpToScreen: No valid Eye Buffers 0
I/TimeWarp( 4176): DIATW SelectRT Nothing to draw, draw black!
I/TimeWarp( 4176): DIATW SelectRT WarpToScreen: No valid Eye Buffers 0
I/TimeWarp( 4176): DIATW SelectRT Nothing to draw, draw black!
I/TimeWarp( 4176): DIATW SelectRT WarpToScreen: No valid Eye Buffers 0
I/TimeWarp( 4176): DIATW SelectRT Nothing to draw, draw black!
I/TimeWarp( 4176): DIATW SelectRT WarpToScreen: No valid Eye Buffers 0
I/TimeWarp( 4176): DIATW SelectRT Nothing to draw, draw black!
I/ServiceManager( 4176): Waiting for service 'virtual_input' on '/dev/binder'...
I/TimeWarp( 4176): DIATW SelectRT WarpToScreen: No valid Eye Buffers 0
I/TimeWarp( 4176): DIATW SelectRT Nothing to draw, draw black!
I/TimeWarp( 4176): DIATW SelectRT WarpToScreen: No valid Eye Buffers 0
I/TimeWarp( 4176): DIATW SelectRT Nothing to draw, draw black!
I/FrameAnimation( 4176): mBitmap.recycle
I/TimeWarp( 4176): DIATW SelectRT WarpToScreen: No valid Eye Buffers 0
I/TimeWarp( 4176): DIATW SelectRT Nothing to draw, draw black!
I/TimeWarp( 4176): DIATW SelectRT WarpToScreen: No valid Eye Buffers 0
I/TimeWarp( 4176): DIATW SelectRT Nothing to draw, draw black!
I/TimeWarp( 4176): DIATW SelectRT WarpToScreen: No valid Eye Buffers 0
I/TimeWarp( 4176): DIATW SelectRT Nothing to draw, draw black!
I/TimeWarp( 4176): DIATW SelectRT WarpToScreen: No valid Eye Buffers 0
I/TimeWarp( 4176): DIATW SelectRT Nothing to draw, draw black!
I/TimeWarp( 4176): DIATW SelectRT WarpToScreen: No valid Eye Buffers 0
I/TimeWarp( 4176): DIATW SelectRT Nothing to draw, draw black!
I/TimeWarp( 4176): DIATW SelectRT WarpToScreen: No valid Eye Buffers 0
I/TimeWarp( 4176): DIATW SelectRT Nothing to draw, draw black!
I/TimeWarp( 4176): DIATW SelectRT WarpToScreen: No valid Eye Buffers 0
I/TimeWarp( 4176): DIATW SelectRT Nothing to draw, draw black!
I/FrameAnimation( 4176): mBitmap.recycle
I/TimeWarp( 4176): DIATW SelectRT WarpToScreen: No valid Eye Buffers 0
I/TimeWarp( 4176): DIATW SelectRT Nothing to draw, draw black!
I/TimeWarp( 4176): DIATW SelectRT WarpToScreen: No valid Eye Buffers 0
I/TimeWarp( 4176): DIATW SelectRT Nothing to draw, draw black!
I/TimeWarp( 4176): DIATW SelectRT WarpToScreen: No valid Eye Buffers 0
I/TimeWarp( 4176): DIATW SelectRT Nothing to draw, draw black!
I/TimeWarp( 4176): DIATW SelectRT WarpToScreen: No valid Eye Buffers 0
I/TimeWarp( 4176): DIATW SelectRT Nothing to draw, draw black!
I/TimeWarp( 4176): DIATW SelectRT WarpToScreen: No valid Eye Buffers 0
I/TimeWarp( 4176): DIATW SelectRT Nothing to draw, draw black!
I/TimeWarp( 4176): DIATW SelectRT WarpToScreen: No valid Eye Buffers 0
I/TimeWarp( 4176): DIATW SelectRT Nothing to draw, draw black!
I/TimeWarp( 4176): DIATW SelectRT WarpToScreen: No valid Eye Buffers 0
I/TimeWarp( 4176): DIATW SelectRT Nothing to draw, draw black!
I/TimeWarp( 4176): DIATW SelectRT WarpToScreen: No valid Eye Buffers 0
I/TimeWarp( 4176): DIATW SelectRT Nothing to draw, draw black!
I/FrameAnimation( 4176): mBitmap.recycle
I/TimeWarp( 4176): DIATW SelectRT WarpToScreen: No valid Eye Buffers 0
I/TimeWarp( 4176): DIATW SelectRT Nothing to draw, draw black!
I/TimeWarp( 4176): DIATW SelectRT WarpToScreen: No valid Eye Buffers 0
I/TimeWarp( 4176): DIATW SelectRT Nothing to draw, draw black!
D/PvrPlatform( 1146): Already keep stationary state for 22 secend
I/chatty  ( 1146): uid=0(root) /system/bin/pvrservice identical 1 line
D/PvrPlatform( 1146): Already keep stationary state for 22 secend
I/TimeWarp( 4176): DIATW SelectRT WarpToScreen: No valid Eye Buffers 0
I/TimeWarp( 4176): DIATW SelectRT Nothing to draw, draw black!
I/TimeWarp( 4176): DIATW SelectRT WarpToScreen: No valid Eye Buffers 0
I/TimeWarp( 4176): DIATW SelectRT Nothing to draw, draw black!
I/TimeWarp( 4176): DIATW SelectRT WarpToScreen: No valid Eye Buffers 0
I/TimeWarp( 4176): DIATW SelectRT Nothing to draw, draw black!
I/TimeWarp( 4176): DIATW SelectRT WarpToScreen: No valid Eye Buffers 0
I/TimeWarp( 4176): DIATW SelectRT Nothing to draw, draw black!
I/TimeWarp( 4176): DIATW SelectRT WarpToScreen: No valid Eye Buffers 0
I/TimeWarp( 4176): DIATW SelectRT Nothing to draw, draw black!
I/FrameAnimation( 4176): mBitmap.recycle
I/TimeWarp( 4176): DIATW SelectRT WarpToScreen: No valid Eye Buffers 0
I/TimeWarp( 4176): DIATW SelectRT Nothing to draw, draw black!
I/TimeWarp( 4176): DIATW SelectRT WarpToScreen: No valid Eye Buffers 0
I/TimeWarp( 4176): DIATW SelectRT Nothing to draw, draw black!
I/TimeWarp( 4176): DIATW SelectRT WarpToScreen: No valid Eye Buffers 0
I/TimeWarp( 4176): DIATW SelectRT Nothing to draw, draw black!
I/TimeWarp( 4176): DIATW SelectRT WarpToScreen: No valid Eye Buffers 0
I/TimeWarp( 4176): DIATW SelectRT Nothing to draw, draw black!
I/TimeWarp( 4176): DIATW SelectRT WarpToScreen: No valid Eye Buffers 0
I/TimeWarp( 4176): DIATW SelectRT Nothing to draw, draw black!
I/ServiceManager( 4176): Waiting for service 'airservice' on '/dev/binder'...
I/TimeWarp( 4176): DIATW SelectRT WarpToScreen: No valid Eye Buffers 0
I/TimeWarp( 4176): DIATW SelectRT Nothing to draw, draw black!
I/TimeWarp( 4176): DIATW SelectRT WarpToScreen: No valid Eye Buffers 0
I/TimeWarp( 4176): DIATW SelectRT Nothing to draw, draw black!
I/FrameAnimation( 4176): mBitmap.recycle
I/TimeWarp( 4176): DIATW SelectRT WarpToScreen: No valid Eye Buffers 0
I/TimeWarp( 4176): DIATW SelectRT Nothing to draw, draw black!
I/TimeWarp( 4176): DIATW SelectRT WarpToScreen: No valid Eye Buffers 0
I/TimeWarp( 4176): DIATW SelectRT Nothing to draw, draw black!
I/TimeWarp( 4176): DIATW SelectRT WarpToScreen: No valid Eye Buffers 0
I/TimeWarp( 4176): DIATW SelectRT Nothing to draw, draw black!
I/TimeWarp( 4176): DIATW SelectRT WarpToScreen: No valid Eye Buffers 0
I/TimeWarp( 4176): DIATW SelectRT Nothing to draw, draw black!
I/TimeWarp( 4176): DIATW SelectRT WarpToScreen: No valid Eye Buffers 0
I/TimeWarp( 4176): DIATW SelectRT Nothing to draw, draw black!
I/TimeWarp( 4176): DIATW SelectRT WarpToScreen: No valid Eye Buffers 0
I/TimeWarp( 4176): DIATW SelectRT Nothing to draw, draw black!
I/TimeWarp( 4176): DIATW SelectRT WarpToScreen: No valid Eye Buffers 0
I/TimeWarp( 4176): DIATW SelectRT Nothing to draw, draw black!
I/FrameAnimation( 4176): mBitmap.recycle
I/TimeWarp( 4176): DIATW SelectRT WarpToScreen: No valid Eye Buffers 0
I/TimeWarp( 4176): DIATW SelectRT Nothing to draw, draw black!
I/TimeWarp( 4176): DIATW SelectRT WarpToScreen: No valid Eye Buffers 0
I/TimeWarp( 4176): DIATW SelectRT Nothing to draw, draw black!
I/TimeWarp( 4176): DIATW SelectRT WarpToScreen: No valid Eye Buffers 0
I/TimeWarp( 4176): DIATW SelectRT Nothing to draw, draw black!
I/TimeWarp( 4176): DIATW SelectRT WarpToScreen: No valid Eye Buffers 0
I/TimeWarp( 4176): DIATW SelectRT Nothing to draw, draw black!
I/TimeWarp( 4176): DIATW SelectRT WarpToScreen: No valid Eye Buffers 0
I/TimeWarp( 4176): DIATW SelectRT Nothing to draw, draw black!
I/TimeWarp( 4176): DIATW SelectRT WarpToScreen: No valid Eye Buffers 0
I/TimeWarp( 4176): DIATW SelectRT Nothing to draw, draw black!
E/PvrService( 1146): PvrService getTrackingDataExt ret(0)
E/PvrService( 1146): PvrService getTrackingDataExt rotation(-0.041837, -0.000837, -0.004080, 0.999115)
E/PvrService( 1146): PvrService getTrackingDataExt position(0.000724, -0.006996, -0.086487)
I/TimeWarp( 4176): DIATW SelectRT WarpToScreen: No valid Eye Buffers 0
I/TimeWarp( 4176): DIATW SelectRT Nothing to draw, draw black!
I/TimeWarp( 4176): DIATW SelectRT WarpToScreen: No valid Eye Buffers 0
I/TimeWarp( 4176): DIATW SelectRT Nothing to draw, draw black!
D/HalDevMgr( 1662): onDebugRingBufferDataAvailable
I/chatty  ( 1662): uid=1000(system) HwBinder:1662_2 identical 3 lines
D/HalDevMgr( 1662): onDebugRingBufferDataAvailable
I/FrameAnimation( 4176): mBitmap.recycle
I/TimeWarp( 4176): DIATW SelectRT WarpToScreen: No valid Eye Buffers 0
I/TimeWarp( 4176): DIATW SelectRT Nothing to draw, draw black!
I/TimeWarp( 4176): DIATW SelectRT WarpToScreen: No valid Eye Buffers 0
I/TimeWarp( 4176): DIATW SelectRT Nothing to draw, draw black!
I/TimeWarp( 4176): DIATW SelectRT WarpToScreen: No valid Eye Buffers 0
I/TimeWarp( 4176): DIATW SelectRT Nothing to draw, draw black!
I/TimeWarp( 4176): DIATW SelectRT WarpToScreen: No valid Eye Buffers 0
I/TimeWarp( 4176): DIATW SelectRT Nothing to draw, draw black!
I/TimeWarp( 4176): DIATW SelectRT WarpToScreen: No valid Eye Buffers 0
I/TimeWarp( 4176): DIATW SelectRT Nothing to draw, draw black!
I/TimeWarp( 4176): DIATW SelectRT WarpToScreen: No valid Eye Buffers 0
I/TimeWarp( 4176): DIATW SelectRT Nothing to draw, draw black!
I/FrameAnimation( 4176): mBitmap.recycle
I/TimeWarp( 4176): DIATW SelectRT WarpToScreen: No valid Eye Buffers 0
I/TimeWarp( 4176): DIATW SelectRT Nothing to draw, draw black!
I/TimeWarp( 4176): DIATW SelectRT WarpToScreen: No valid Eye Buffers 0
I/TimeWarp( 4176): DIATW SelectRT Nothing to draw, draw black!
I/TimeWarp( 4176): DIATW SelectRT WarpToScreen: No valid Eye Buffers 0
I/TimeWarp( 4176): DIATW SelectRT Nothing to draw, draw black!
I/TimeWarp( 4176): DIATW SelectRT WarpToScreen: No valid Eye Buffers 0
I/TimeWarp( 4176): DIATW SelectRT Nothing to draw, draw black!
I/TimeWarp( 4176): DIATW SelectRT WarpToScreen: No valid Eye Buffers 0
I/TimeWarp( 4176): DIATW SelectRT Nothing to draw, draw black!
I/TimeWarp( 4176): DIATW SelectRT WarpToScreen: No valid Eye Buffers 0
I/TimeWarp( 4176): DIATW SelectRT Nothing to draw, draw black!
I/TimeWarp( 4176): DIATW SelectRT WarpToScreen: No valid Eye Buffers 0
I/TimeWarp( 4176): DIATW SelectRT Nothing to draw, draw black!
I/TimeWarp( 4176): DIATW SelectRT WarpToScreen: No valid Eye Buffers 0
I/TimeWarp( 4176): DIATW SelectRT Nothing to draw, draw black!
I/FrameAnimation( 4176): mBitmap.recycle
I/TimeWarp( 4176): DIATW SelectRT WarpToScreen: No valid Eye Buffers 0
I/TimeWarp( 4176): DIATW SelectRT Nothing to draw, draw black!
I/TimeWarp( 4176): DIATW SelectRT WarpToScreen: No valid Eye Buffers 0
I/TimeWarp( 4176): DIATW SelectRT Nothing to draw, draw black!
I/TimeWarp( 4176): DIATW SelectRT WarpToScreen: No valid Eye Buffers 0
I/TimeWarp( 4176): DIATW SelectRT Nothing to draw, draw black!
I/TimeWarp( 4176): DIATW SelectRT WarpToScreen: No valid Eye Buffers 0
I/TimeWarp( 4176): DIATW SelectRT Nothing to draw, draw black!
I/TimeWarp( 4176): DIATW SelectRT WarpToScreen: No valid Eye Buffers 0
I/TimeWarp( 4176): DIATW SelectRT Nothing to draw, draw black!
I/TimeWarp( 4176): DIATW SelectRT WarpToScreen: No valid Eye Buffers 0
I/TimeWarp( 4176): DIATW SelectRT Nothing to draw, draw black!
I/TimeWarp( 4176): DIATW SelectRT WarpToScreen: No valid Eye Buffers 0
I/TimeWarp( 4176): DIATW SelectRT Nothing to draw, draw black!
I/TimeWarp( 4176): DIATW SelectRT WarpToScreen: No valid Eye Buffers 0
I/TimeWarp( 4176): DIATW SelectRT Nothing to draw, draw black!
I/FrameAnimation( 4176): mBitmap.recycle
I/TimeWarp( 4176): DIATW SelectRT WarpToScreen: No valid Eye Buffers 0
I/TimeWarp( 4176): DIATW SelectRT Nothing to draw, draw black!
I/TimeWarp( 4176): DIATW SelectRT WarpToScreen: No valid Eye Buffers 0
I/TimeWarp( 4176): DIATW SelectRT Nothing to draw, draw black!
I/TimeWarp( 4176): DIATW SelectRT WarpToScreen: No valid Eye Buffers 0
I/TimeWarp( 4176): DIATW SelectRT Nothing to draw, draw black!
I/TimeWarp( 4176): DIATW SelectRT WarpToScreen: No valid Eye Buffers 0
I/TimeWarp( 4176): DIATW SelectRT Nothing to draw, draw black!
I/ServiceManager( 4176): Waiting for service 'virtual_input' on '/dev/binder'...
I/TimeWarp( 4176): DIATW SelectRT WarpToScreen: No valid Eye Buffers 0
I/TimeWarp( 4176): DIATW SelectRT Nothing to draw, draw black!
I/TimeWarp( 4176): DIATW SelectRT WarpToScreen: No valid Eye Buffers 0
I/TimeWarp( 4176): DIATW SelectRT Nothing to draw, draw black!
I/TimeWarp( 4176): DIATW SelectRT WarpToScreen: No valid Eye Buffers 0
I/TimeWarp( 4176): DIATW SelectRT Nothing to draw, draw black!
I/FrameAnimation( 4176): mBitmap.recycle
I/TimeWarp( 4176): DIATW SelectRT WarpToScreen: No valid Eye Buffers 0
I/TimeWarp( 4176): DIATW SelectRT Nothing to draw, draw black!
I/TimeWarp( 4176): DIATW SelectRT WarpToScreen: No valid Eye Buffers 0
I/TimeWarp( 4176): DIATW SelectRT Nothing to draw, draw black!
I/TimeWarp( 4176): DIATW SelectRT WarpToScreen: No valid Eye Buffers 0
I/TimeWarp( 4176): DIATW SelectRT Nothing to draw, draw black!
I/TimeWarp( 4176): DIATW SelectRT WarpToScreen: No valid Eye Buffers 0
I/TimeWarp( 4176): DIATW SelectRT Nothing to draw, draw black!
I/TimeWarp( 4176): DIATW SelectRT WarpToScreen: No valid Eye Buffers 0
I/TimeWarp( 4176): DIATW SelectRT Nothing to draw, draw black!
I/TimeWarp( 4176): DIATW SelectRT WarpToScreen: No valid Eye Buffers 0
I/TimeWarp( 4176): DIATW SelectRT Nothing to draw, draw black!
I/FrameAnimation( 4176): mBitmap.recycle
I/TimeWarp( 4176): DIATW SelectRT WarpToScreen: No valid Eye Buffers 0
I/TimeWarp( 4176): DIATW SelectRT Nothing to draw, draw black!
I/TimeWarp( 4176): DIATW SelectRT WarpToScreen: No valid Eye Buffers 0
I/TimeWarp( 4176): DIATW SelectRT Nothing to draw, draw black!
I/TimeWarp( 4176): DIATW SelectRT WarpToScreen: No valid Eye Buffers 0
I/TimeWarp( 4176): DIATW SelectRT Nothing to draw, draw black!
I/TimeWarp( 4176): DIATW SelectRT WarpToScreen: No valid Eye Buffers 0
I/TimeWarp( 4176): DIATW SelectRT Nothing to draw, draw black!
I/TimeWarp( 4176): DIATW SelectRT WarpToScreen: No valid Eye Buffers 0
I/TimeWarp( 4176): DIATW SelectRT Nothing to draw, draw black!
I/TimeWarp( 4176): DIATW SelectRT WarpToScreen: No valid Eye Buffers 0
I/TimeWarp( 4176): DIATW SelectRT Nothing to draw, draw black!
I/TimeWarp( 4176): DIATW SelectRT WarpToScreen: No valid Eye Buffers 0
I/TimeWarp( 4176): DIATW SelectRT Nothing to draw, draw black!
I/TimeWarp( 4176): DIATW SelectRT WarpToScreen: No valid Eye Buffers 0
I/TimeWarp( 4176): DIATW SelectRT Nothing to draw, draw black!
I/FrameAnimation( 4176): mBitmap.recycle
D/HalDevMgr( 1662): onDebugRingBufferDataAvailable
D/HalDevMgr( 1662): onDebugRingBufferDataAvailable
D/HalDevMgr( 1662): onDebugRingBufferDataAvailable
I/chatty  ( 1662): uid=1000(system) HwBinder:1662_5 identical 1 line
D/HalDevMgr( 1662): onDebugRingBufferDataAvailable
I/TimeWarp( 4176): DIATW SelectRT WarpToScreen: No valid Eye Buffers 0
I/TimeWarp( 4176): DIATW SelectRT Nothing to draw, draw black!
D/HalDevMgr( 1662): onDebugRingBufferDataAvailable
D/HalDevMgr( 1662): onDebugRingBufferDataAvailable
D/HalDevMgr( 1662): onDebugRingBufferDataAvailable
I/chatty  ( 1662): uid=1000(system) HwBinder:1662_4 identical 5 lines
D/HalDevMgr( 1662): onDebugRingBufferDataAvailable
I/TimeWarp( 4176): DIATW SelectRT WarpToScreen: No valid Eye Buffers 0
I/TimeWarp( 4176): DIATW SelectRT Nothing to draw, draw black!
D/HalDevMgr( 1662): onDebugRingBufferDataAvailable
D/PvrPlatform( 1146): Already keep stationary state for 23 secend
I/chatty  ( 1146): uid=0(root) /system/bin/pvrservice identical 1 line
D/PvrPlatform( 1146): Already keep stationary state for 23 secend
I/TimeWarp( 4176): DIATW SelectRT WarpToScreen: No valid Eye Buffers 0
I/TimeWarp( 4176): DIATW SelectRT Nothing to draw, draw black!
I/TimeWarp( 4176): DIATW SelectRT WarpToScreen: No valid Eye Buffers 0
I/TimeWarp( 4176): DIATW SelectRT Nothing to draw, draw black!
I/TimeWarp( 4176): DIATW SelectRT WarpToScreen: No valid Eye Buffers 0
I/TimeWarp( 4176): DIATW SelectRT Nothing to draw, draw black!
I/TimeWarp( 4176): DIATW SelectRT WarpToScreen: No valid Eye Buffers 0
I/TimeWarp( 4176): DIATW SelectRT Nothing to draw, draw black!
I/TimeWarp( 4176): DIATW SelectRT WarpToScreen: No valid Eye Buffers 0
I/TimeWarp( 4176): DIATW SelectRT Nothing to draw, draw black!
I/FrameAnimation( 4176): mBitmap.recycle
I/TimeWarp( 4176): DIATW SelectRT WarpToScreen: No valid Eye Buffers 0
I/TimeWarp( 4176): DIATW SelectRT Nothing to draw, draw black!
I/TimeWarp( 4176): DIATW SelectRT WarpToScreen: No valid Eye Buffers 0
I/TimeWarp( 4176): DIATW SelectRT Nothing to draw, draw black!
I/TimeWarp( 4176): DIATW SelectRT WarpToScreen: No valid Eye Buffers 0
I/TimeWarp( 4176): DIATW SelectRT Nothing to draw, draw black!
I/TimeWarp( 4176): DIATW SelectRT WarpToScreen: No valid Eye Buffers 0
I/TimeWarp( 4176): DIATW SelectRT Nothing to draw, draw black!
I/TimeWarp( 4176): DIATW SelectRT WarpToScreen: No valid Eye Buffers 0
I/TimeWarp( 4176): DIATW SelectRT Nothing to draw, draw black!
I/ServiceManager( 4176): Waiting for service 'airservice' on '/dev/binder'...
I/TimeWarp( 4176): DIATW SelectRT WarpToScreen: No valid Eye Buffers 0
I/TimeWarp( 4176): DIATW SelectRT Nothing to draw, draw black!
I/TimeWarp( 4176): DIATW SelectRT WarpToScreen: No valid Eye Buffers 0
I/TimeWarp( 4176): DIATW SelectRT Nothing to draw, draw black!
I/FrameAnimation( 4176): mBitmap.recycle
I/TimeWarp( 4176): DIATW SelectRT WarpToScreen: No valid Eye Buffers 0
I/TimeWarp( 4176): DIATW SelectRT Nothing to draw, draw black!
I/TimeWarp( 4176): DIATW SelectRT WarpToScreen: No valid Eye Buffers 0
I/TimeWarp( 4176): DIATW SelectRT Nothing to draw, draw black!
I/TimeWarp( 4176): DIATW SelectRT WarpToScreen: No valid Eye Buffers 0
I/TimeWarp( 4176): DIATW SelectRT Nothing to draw, draw black!
I/TimeWarp( 4176): DIATW SelectRT WarpToScreen: No valid Eye Buffers 0
I/TimeWarp( 4176): DIATW SelectRT Nothing to draw, draw black!
I/TimeWarp( 4176): DIATW SelectRT WarpToScreen: No valid Eye Buffers 0
I/TimeWarp( 4176): DIATW SelectRT Nothing to draw, draw black!
I/TimeWarp( 4176): DIATW SelectRT WarpToScreen: No valid Eye Buffers 0
I/TimeWarp( 4176): DIATW SelectRT Nothing to draw, draw black!
I/TimeWarp( 4176): DIATW SelectRT WarpToScreen: No valid Eye Buffers 0
I/TimeWarp( 4176): DIATW SelectRT Nothing to draw, draw black!
I/TimeWarp( 4176): DIATW SelectRT WarpToScreen: No valid Eye Buffers 0
I/TimeWarp( 4176): DIATW SelectRT Nothing to draw, draw black!
I/FrameAnimation( 4176): mBitmap.recycle
I/TimeWarp( 4176): DIATW SelectRT WarpToScreen: No valid Eye Buffers 0
I/TimeWarp( 4176): DIATW SelectRT Nothing to draw, draw black!
I/TimeWarp( 4176): DIATW SelectRT WarpToScreen: No valid Eye Buffers 0
I/TimeWarp( 4176): DIATW SelectRT Nothing to draw, draw black!
I/TimeWarp( 4176): DIATW SelectRT WarpToScreen: No valid Eye Buffers 0
I/TimeWarp( 4176): DIATW SelectRT Nothing to draw, draw black!
I/TimeWarp( 4176): DIATW SelectRT WarpToScreen: No valid Eye Buffers 0
I/TimeWarp( 4176): DIATW SelectRT Nothing to draw, draw black!
I/TimeWarp( 4176): DIATW SelectRT WarpToScreen: No valid Eye Buffers 0
I/TimeWarp( 4176): DIATW SelectRT Nothing to draw, draw black!
I/TimeWarp( 4176): DIATW SelectRT WarpToScreen: No valid Eye Buffers 0
I/TimeWarp( 4176): DIATW SelectRT Nothing to draw, draw black!
I/FrameAnimation( 4176): mBitmap.recycle
I/TimeWarp( 4176): DIATW SelectRT WarpToScreen: No valid Eye Buffers 0
I/TimeWarp( 4176): DIATW SelectRT Nothing to draw, draw black!
I/TimeWarp( 4176): DIATW SelectRT WarpToScreen: No valid Eye Buffers 0
I/TimeWarp( 4176): DIATW SelectRT Nothing to draw, draw black!
D/HalDevMgr( 1662): onDebugRingBufferDataAvailable
I/chatty  ( 1662): uid=1000(system) HwBinder:1662_5 identical 3 lines
D/HalDevMgr( 1662): onDebugRingBufferDataAvailable
I/TimeWarp( 4176): DIATW SelectRT WarpToScreen: No valid Eye Buffers 0
I/TimeWarp( 4176): DIATW SelectRT Nothing to draw, draw black!
I/TimeWarp( 4176): DIATW SelectRT WarpToScreen: No valid Eye Buffers 0
I/TimeWarp( 4176): DIATW SelectRT Nothing to draw, draw black!
I/TimeWarp( 4176): DIATW SelectRT WarpToScreen: No valid Eye Buffers 0
I/TimeWarp( 4176): DIATW SelectRT Nothing to draw, draw black!
I/TimeWarp( 4176): DIATW SelectRT WarpToScreen: No valid Eye Buffers 0
I/TimeWarp( 4176): DIATW SelectRT Nothing to draw, draw black!
I/TimeWarp( 4176): DIATW SelectRT WarpToScreen: No valid Eye Buffers 0
I/TimeWarp( 4176): DIATW SelectRT Nothing to draw, draw black!
I/TimeWarp( 4176): DIATW SelectRT WarpToScreen: No valid Eye Buffers 0
I/TimeWarp( 4176): DIATW SelectRT Nothing to draw, draw black!
I/FrameAnimation( 4176): mBitmap.recycle
I/TimeWarp( 4176): DIATW SelectRT WarpToScreen: No valid Eye Buffers 0
I/TimeWarp( 4176): DIATW SelectRT Nothing to draw, draw black!
I/TimeWarp( 4176): DIATW SelectRT WarpToScreen: No valid Eye Buffers 0
I/TimeWarp( 4176): DIATW SelectRT Nothing to draw, draw black!
I/TimeWarp( 4176): DIATW SelectRT WarpToScreen: No valid Eye Buffers 0
I/TimeWarp( 4176): DIATW SelectRT Nothing to draw, draw black!
I/TimeWarp( 4176): DIATW SelectRT WarpToScreen: No valid Eye Buffers 0
I/TimeWarp( 4176): DIATW SelectRT Nothing to draw, draw black!
I/TimeWarp( 4176): DIATW SelectRT WarpToScreen: No valid Eye Buffers 0
I/TimeWarp( 4176): DIATW SelectRT Nothing to draw, draw black!
I/TimeWarp( 4176): DIATW SelectRT WarpToScreen: No valid Eye Buffers 0
I/TimeWarp( 4176): DIATW SelectRT Nothing to draw, draw black!
I/TimeWarp( 4176): DIATW SelectRT WarpToScreen: No valid Eye Buffers 0
I/TimeWarp( 4176): DIATW SelectRT Nothing to draw, draw black!
I/FrameAnimation( 4176): mBitmap.recycle
I/TimeWarp( 4176): DIATW SelectRT WarpToScreen: No valid Eye Buffers 0
I/TimeWarp( 4176): DIATW SelectRT Nothing to draw, draw black!
I/TimeWarp( 4176): DIATW SelectRT WarpToScreen: No valid Eye Buffers 0
I/TimeWarp( 4176): DIATW SelectRT Nothing to draw, draw black!
I/TimeWarp( 4176): DIATW SelectRT WarpToScreen: No valid Eye Buffers 0
I/TimeWarp( 4176): DIATW SelectRT Nothing to draw, draw black!
I/TimeWarp( 4176): DIATW SelectRT WarpToScreen: No valid Eye Buffers 0
I/TimeWarp( 4176): DIATW SelectRT Nothing to draw, draw black!
I/TimeWarp( 4176): DIATW SelectRT WarpToScreen: No valid Eye Buffers 0
I/TimeWarp( 4176): DIATW SelectRT Nothing to draw, draw black!
I/TimeWarp( 4176): DIATW SelectRT WarpToScreen: No valid Eye Buffers 0
I/TimeWarp( 4176): DIATW SelectRT Nothing to draw, draw black!
I/TimeWarp( 4176): DIATW SelectRT WarpToScreen: No valid Eye Buffers 0
I/TimeWarp( 4176): DIATW SelectRT Nothing to draw, draw black!
I/FrameAnimation( 4176): mBitmap.recycle
I/TimeWarp( 4176): DIATW SelectRT WarpToScreen: No valid Eye Buffers 0
I/TimeWarp( 4176): DIATW SelectRT Nothing to draw, draw black!
I/TimeWarp( 4176): DIATW SelectRT WarpToScreen: No valid Eye Buffers 0
I/TimeWarp( 4176): DIATW SelectRT Nothing to draw, draw black!
I/TimeWarp( 4176): DIATW SelectRT WarpToScreen: No valid Eye Buffers 0
I/TimeWarp( 4176): DIATW SelectRT Nothing to draw, draw black!
I/TimeWarp( 4176): DIATW SelectRT WarpToScreen: No valid Eye Buffers 0
I/TimeWarp( 4176): DIATW SelectRT Nothing to draw, draw black!
I/TimeWarp( 4176): DIATW SelectRT WarpToScreen: No valid Eye Buffers 0
I/TimeWarp( 4176): DIATW SelectRT Nothing to draw, draw black!
I/ServiceManager( 4176): Waiting for service 'virtual_input' on '/dev/binder'...
I/TimeWarp( 4176): DIATW SelectRT WarpToScreen: No valid Eye Buffers 0
I/TimeWarp( 4176): DIATW SelectRT Nothing to draw, draw black!
I/TimeWarp( 4176): DIATW SelectRT WarpToScreen: No valid Eye Buffers 0
I/TimeWarp( 4176): DIATW SelectRT Nothing to draw, draw black!
I/FrameAnimation( 4176): mBitmap.recycle
I/TimeWarp( 4176): DIATW SelectRT WarpToScreen: No valid Eye Buffers 0
I/TimeWarp( 4176): DIATW SelectRT Nothing to draw, draw black!
I/TimeWarp( 4176): DIATW SelectRT WarpToScreen: No valid Eye Buffers 0
I/TimeWarp( 4176): DIATW SelectRT Nothing to draw, draw black!
I/TimeWarp( 4176): DIATW SelectRT WarpToScreen: No valid Eye Buffers 0
I/TimeWarp( 4176): DIATW SelectRT Nothing to draw, draw black!
I/TimeWarp( 4176): DIATW SelectRT WarpToScreen: No valid Eye Buffers 0
I/TimeWarp( 4176): DIATW SelectRT Nothing to draw, draw black!
I/TimeWarp( 4176): DIATW SelectRT WarpToScreen: No valid Eye Buffers 0
I/TimeWarp( 4176): DIATW SelectRT Nothing to draw, draw black!
I/TimeWarp( 4176): DIATW SelectRT WarpToScreen: No valid Eye Buffers 0
I/TimeWarp( 4176): DIATW SelectRT Nothing to draw, draw black!
I/TimeWarp( 4176): DIATW SelectRT WarpToScreen: No valid Eye Buffers 0
I/TimeWarp( 4176): DIATW SelectRT Nothing to draw, draw black!
I/FrameAnimation( 4176): mBitmap.recycle
I/TimeWarp( 4176): DIATW SelectRT WarpToScreen: No valid Eye Buffers 0
I/TimeWarp( 4176): DIATW SelectRT Nothing to draw, draw black!
I/TimeWarp( 4176): DIATW SelectRT WarpToScreen: No valid Eye Buffers 0
I/TimeWarp( 4176): DIATW SelectRT Nothing to draw, draw black!
I/TimeWarp( 4176): DIATW SelectRT WarpToScreen: No valid Eye Buffers 0
I/TimeWarp( 4176): DIATW SelectRT Nothing to draw, draw black!
I/TimeWarp( 4176): DIATW SelectRT WarpToScreen: No valid Eye Buffers 0
I/TimeWarp( 4176): DIATW SelectRT Nothing to draw, draw black!
I/TimeWarp( 4176): DIATW SelectRT WarpToScreen: No valid Eye Buffers 0
I/TimeWarp( 4176): DIATW SelectRT Nothing to draw, draw black!
I/TimeWarp( 4176): DIATW SelectRT WarpToScreen: No valid Eye Buffers 0
I/TimeWarp( 4176): DIATW SelectRT Nothing to draw, draw black!
I/TimeWarp( 4176): DIATW SelectRT WarpToScreen: No valid Eye Buffers 0
I/TimeWarp( 4176): DIATW SelectRT Nothing to draw, draw black!
I/TimeWarp( 4176): DIATW SelectRT WarpToScreen: No valid Eye Buffers 0
I/TimeWarp( 4176): DIATW SelectRT Nothing to draw, draw black!
I/FrameAnimation( 4176): mBitmap.recycle
I/TimeWarp( 4176): DIATW SelectRT WarpToScreen: No valid Eye Buffers 0
I/TimeWarp( 4176): DIATW SelectRT Nothing to draw, draw black!
I/TimeWarp( 4176): DIATW SelectRT WarpToScreen: No valid Eye Buffers 0
I/TimeWarp( 4176): DIATW SelectRT Nothing to draw, draw black!
D/PvrPlatform( 1146): Already keep stationary state for 24 secend
I/chatty  ( 1146): uid=0(root) /system/bin/pvrservice identical 1 line
D/PvrPlatform( 1146): Already keep stationary state for 24 secend
I/TimeWarp( 4176): DIATW SelectRT WarpToScreen: No valid Eye Buffers 0
I/TimeWarp( 4176): DIATW SelectRT Nothing to draw, draw black!
I/TimeWarp( 4176): DIATW SelectRT WarpToScreen: No valid Eye Buffers 0
I/TimeWarp( 4176): DIATW SelectRT Nothing to draw, draw black!
I/TimeWarp( 4176): DIATW SelectRT WarpToScreen: No valid Eye Buffers 0
I/TimeWarp( 4176): DIATW SelectRT Nothing to draw, draw black!
I/TimeWarp( 4176): DIATW SelectRT WarpToScreen: No valid Eye Buffers 0
I/TimeWarp( 4176): DIATW SelectRT Nothing to draw, draw black!
I/TimeWarp( 4176): DIATW SelectRT WarpToScreen: No valid Eye Buffers 0
I/TimeWarp( 4176): DIATW SelectRT Nothing to draw, draw black!
I/FrameAnimation( 4176): mBitmap.recycle
I/TimeWarp( 4176): DIATW SelectRT WarpToScreen: No valid Eye Buffers 0
I/TimeWarp( 4176): DIATW SelectRT Nothing to draw, draw black!
I/TimeWarp( 4176): DIATW SelectRT WarpToScreen: No valid Eye Buffers 0
I/TimeWarp( 4176): DIATW SelectRT Nothing to draw, draw black!
I/TimeWarp( 4176): DIATW SelectRT WarpToScreen: No valid Eye Buffers 0
I/TimeWarp( 4176): DIATW SelectRT Nothing to draw, draw black!
I/TimeWarp( 4176): DIATW SelectRT WarpToScreen: No valid Eye Buffers 0
I/TimeWarp( 4176): DIATW SelectRT Nothing to draw, draw black!
I/TimeWarp( 4176): DIATW SelectRT WarpToScreen: No valid Eye Buffers 0
I/TimeWarp( 4176): DIATW SelectRT Nothing to draw, draw black!
I/ServiceManager( 4176): Waiting for service 'airservice' on '/dev/binder'...
I/TimeWarp( 4176): DIATW SelectRT WarpToScreen: No valid Eye Buffers 0
I/TimeWarp( 4176): DIATW SelectRT Nothing to draw, draw black!
I/TimeWarp( 4176): DIATW SelectRT WarpToScreen: No valid Eye Buffers 0
I/TimeWarp( 4176): DIATW SelectRT Nothing to draw, draw black!
I/FrameAnimation( 4176): mBitmap.recycle
I/TimeWarp( 4176): DIATW SelectRT WarpToScreen: No valid Eye Buffers 0
I/TimeWarp( 4176): DIATW SelectRT Nothing to draw, draw black!
I/TimeWarp( 4176): DIATW SelectRT WarpToScreen: No valid Eye Buffers 0
I/TimeWarp( 4176): DIATW SelectRT Nothing to draw, draw black!
I/TimeWarp( 4176): DIATW SelectRT WarpToScreen: No valid Eye Buffers 0
I/TimeWarp( 4176): DIATW SelectRT Nothing to draw, draw black!
I/TimeWarp( 4176): DIATW SelectRT WarpToScreen: No valid Eye Buffers 0
I/TimeWarp( 4176): DIATW SelectRT Nothing to draw, draw black!
I/TimeWarp( 4176): DIATW SelectRT WarpToScreen: No valid Eye Buffers 0
I/TimeWarp( 4176): DIATW SelectRT Nothing to draw, draw black!
I/TimeWarp( 4176): DIATW SelectRT WarpToScreen: No valid Eye Buffers 0
I/TimeWarp( 4176): DIATW SelectRT Nothing to draw, draw black!
I/TimeWarp( 4176): DIATW SelectRT WarpToScreen: No valid Eye Buffers 0
I/TimeWarp( 4176): DIATW SelectRT Nothing to draw, draw black!
I/FrameAnimation( 4176): mBitmap.recycle
I/TimeWarp( 4176): DIATW SelectRT WarpToScreen: No valid Eye Buffers 0
I/TimeWarp( 4176): DIATW SelectRT Nothing to draw, draw black!
I/TimeWarp( 4176): DIATW SelectRT WarpToScreen: No valid Eye Buffers 0
I/TimeWarp( 4176): DIATW SelectRT Nothing to draw, draw black!
I/TimeWarp( 4176): DIATW SelectRT WarpToScreen: No valid Eye Buffers 0
I/TimeWarp( 4176): DIATW SelectRT Nothing to draw, draw black!
I/TimeWarp( 4176): DIATW SelectRT WarpToScreen: No valid Eye Buffers 0
I/TimeWarp( 4176): DIATW SelectRT Nothing to draw, draw black!
I/TimeWarp( 4176): DIATW SelectRT WarpToScreen: No valid Eye Buffers 0
I/TimeWarp( 4176): DIATW SelectRT Nothing to draw, draw black!
I/TimeWarp( 4176): DIATW SelectRT WarpToScreen: No valid Eye Buffers 0
I/TimeWarp( 4176): DIATW SelectRT Nothing to draw, draw black!
I/TimeWarp( 4176): DIATW SelectRT WarpToScreen: No valid Eye Buffers 0
I/TimeWarp( 4176): DIATW SelectRT Nothing to draw, draw black!
I/FrameAnimation( 4176): mBitmap.recycle
I/TimeWarp( 4176): DIATW SelectRT WarpToScreen: No valid Eye Buffers 0
I/TimeWarp( 4176): DIATW SelectRT Nothing to draw, draw black!
I/TimeWarp( 4176): DIATW SelectRT WarpToScreen: No valid Eye Buffers 0
I/TimeWarp( 4176): DIATW SelectRT Nothing to draw, draw black!
I/TimeWarp( 4176): DIATW SelectRT WarpToScreen: No valid Eye Buffers 0
I/TimeWarp( 4176): DIATW SelectRT Nothing to draw, draw black!
I/TimeWarp( 4176): DIATW SelectRT WarpToScreen: No valid Eye Buffers 0
I/TimeWarp( 4176): DIATW SelectRT Nothing to draw, draw black!
D/HalDevMgr( 1662): onDebugRingBufferDataAvailable
D/HalDevMgr( 1662): onDebugRingBufferDataAvailable
I/chatty  ( 1662): uid=1000(system) HwBinder:1662_5 identical 2 lines
D/HalDevMgr( 1662): onDebugRingBufferDataAvailable
I/TimeWarp( 4176): DIATW SelectRT WarpToScreen: No valid Eye Buffers 0
I/TimeWarp( 4176): DIATW SelectRT Nothing to draw, draw black!
I/TimeWarp( 4176): DIATW SelectRT WarpToScreen: No valid Eye Buffers 0
I/TimeWarp( 4176): DIATW SelectRT Nothing to draw, draw black!
I/TimeWarp( 4176): DIATW SelectRT WarpToScreen: No valid Eye Buffers 0
I/TimeWarp( 4176): DIATW SelectRT Nothing to draw, draw black!
I/TimeWarp( 4176): DIATW SelectRT WarpToScreen: No valid Eye Buffers 0
I/TimeWarp( 4176): DIATW SelectRT Nothing to draw, draw black!
I/FrameAnimation( 4176): mBitmap.recycle
D/HalDevMgr( 1662): onDebugRingBufferDataAvailable
I/chatty  ( 1662): uid=1000(system) HwBinder:1662_3 identical 3 lines
D/HalDevMgr( 1662): onDebugRingBufferDataAvailable
I/TimeWarp( 4176): DIATW SelectRT WarpToScreen: No valid Eye Buffers 0
I/TimeWarp( 4176): DIATW SelectRT Nothing to draw, draw black!
I/TimeWarp( 4176): DIATW SelectRT WarpToScreen: No valid Eye Buffers 0
I/TimeWarp( 4176): DIATW SelectRT Nothing to draw, draw black!
I/TimeWarp( 4176): DIATW SelectRT WarpToScreen: No valid Eye Buffers 0
I/TimeWarp( 4176): DIATW SelectRT Nothing to draw, draw black!
I/TimeWarp( 4176): DIATW SelectRT WarpToScreen: No valid Eye Buffers 0
I/TimeWarp( 4176): DIATW SelectRT Nothing to draw, draw black!
I/TimeWarp( 4176): DIATW SelectRT WarpToScreen: No valid Eye Buffers 0
I/TimeWarp( 4176): DIATW SelectRT Nothing to draw, draw black!
I/TimeWarp( 4176): DIATW SelectRT WarpToScreen: No valid Eye Buffers 0
I/TimeWarp( 4176): DIATW SelectRT Nothing to draw, draw black!
I/TimeWarp( 4176): DIATW SelectRT WarpToScreen: No valid Eye Buffers 0
I/TimeWarp( 4176): DIATW SelectRT Nothing to draw, draw black!
I/FrameAnimation( 4176): mBitmap.recycle
I/TimeWarp( 4176): DIATW SelectRT WarpToScreen: No valid Eye Buffers 0
I/TimeWarp( 4176): DIATW SelectRT Nothing to draw, draw black!
I/TimeWarp( 4176): DIATW SelectRT WarpToScreen: No valid Eye Buffers 0
I/TimeWarp( 4176): DIATW SelectRT Nothing to draw, draw black!
I/TimeWarp( 4176): DIATW SelectRT WarpToScreen: No valid Eye Buffers 0
I/TimeWarp( 4176): DIATW SelectRT Nothing to draw, draw black!
I/TimeWarp( 4176): DIATW SelectRT WarpToScreen: No valid Eye Buffers 0
I/TimeWarp( 4176): DIATW SelectRT Nothing to draw, draw black!
I/TimeWarp( 4176): DIATW SelectRT WarpToScreen: No valid Eye Buffers 0
I/TimeWarp( 4176): DIATW SelectRT Nothing to draw, draw black!
I/TimeWarp( 4176): DIATW SelectRT WarpToScreen: No valid Eye Buffers 0
I/TimeWarp( 4176): DIATW SelectRT Nothing to draw, draw black!
I/TimeWarp( 4176): DIATW SelectRT WarpToScreen: No valid Eye Buffers 0
I/TimeWarp( 4176): DIATW SelectRT Nothing to draw, draw black!
I/FrameAnimation( 4176): mBitmap.recycle
I/TimeWarp( 4176): DIATW SelectRT WarpToScreen: No valid Eye Buffers 0
I/TimeWarp( 4176): DIATW SelectRT Nothing to draw, draw black!
I/TimeWarp( 4176): DIATW SelectRT WarpToScreen: No valid Eye Buffers 0
I/TimeWarp( 4176): DIATW SelectRT Nothing to draw, draw black!
I/TimeWarp( 4176): DIATW SelectRT WarpToScreen: No valid Eye Buffers 0
I/TimeWarp( 4176): DIATW SelectRT Nothing to draw, draw black!
I/TimeWarp( 4176): DIATW SelectRT WarpToScreen: No valid Eye Buffers 0
I/TimeWarp( 4176): DIATW SelectRT Nothing to draw, draw black!
I/TimeWarp( 4176): DIATW SelectRT WarpToScreen: No valid Eye Buffers 0
I/TimeWarp( 4176): DIATW SelectRT Nothing to draw, draw black!
W/ServiceManager( 4176): Service virtual_input didn't start. Returning NULL
I/TimeWarp( 4176): DIATW SelectRT WarpToScreen: No valid Eye Buffers 0
I/TimeWarp( 4176): DIATW SelectRT Nothing to draw, draw black!
I/TimeWarp( 4176): DIATW SelectRT WarpToScreen: No valid Eye Buffers 0
I/TimeWarp( 4176): DIATW SelectRT Nothing to draw, draw black!
I/FrameAnimation( 4176): mBitmap.recycle
I/TimeWarp( 4176): DIATW SelectRT WarpToScreen: No valid Eye Buffers 0
I/TimeWarp( 4176): DIATW SelectRT Nothing to draw, draw black!
I/TimeWarp( 4176): DIATW SelectRT WarpToScreen: No valid Eye Buffers 0
I/TimeWarp( 4176): DIATW SelectRT Nothing to draw, draw black!
I/TimeWarp( 4176): DIATW SelectRT WarpToScreen: No valid Eye Buffers 0
I/TimeWarp( 4176): DIATW SelectRT Nothing to draw, draw black!
I/TimeWarp( 4176): DIATW SelectRT WarpToScreen: No valid Eye Buffers 0
I/TimeWarp( 4176): DIATW SelectRT Nothing to draw, draw black!
I/TimeWarp( 4176): DIATW SelectRT WarpToScreen: No valid Eye Buffers 0
I/TimeWarp( 4176): DIATW SelectRT Nothing to draw, draw black!
I/TimeWarp( 4176): DIATW SelectRT WarpToScreen: No valid Eye Buffers 0
I/TimeWarp( 4176): DIATW SelectRT Nothing to draw, draw black!
I/TimeWarp( 4176): DIATW SelectRT WarpToScreen: No valid Eye Buffers 0
I/TimeWarp( 4176): DIATW SelectRT Nothing to draw, draw black!
E/PvrService( 1146): PvrService getTrackingDataExt ret(0)
E/PvrService( 1146): PvrService getTrackingDataExt rotation(-0.041959, -0.000901, -0.003987, 0.999111)
E/PvrService( 1146): PvrService getTrackingDataExt position(0.000721, -0.007016, -0.086504)
I/TimeWarp( 4176): DIATW SelectRT WarpToScreen: No valid Eye Buffers 0
I/TimeWarp( 4176): DIATW SelectRT Nothing to draw, draw black!
I/FrameAnimation( 4176): mBitmap.recycle
I/TimeWarp( 4176): DIATW SelectRT WarpToScreen: No valid Eye Buffers 0
I/TimeWarp( 4176): DIATW SelectRT Nothing to draw, draw black!
I/TimeWarp( 4176): DIATW SelectRT WarpToScreen: No valid Eye Buffers 0
I/TimeWarp( 4176): DIATW SelectRT Nothing to draw, draw black!
I/TimeWarp( 4176): DIATW SelectRT WarpToScreen: No valid Eye Buffers 0
I/TimeWarp( 4176): DIATW SelectRT Nothing to draw, draw black!
I/TimeWarp( 4176): DIATW SelectRT WarpToScreen: No valid Eye Buffers 0
I/TimeWarp( 4176): DIATW SelectRT Nothing to draw, draw black!
I/TimeWarp( 4176): DIATW SelectRT WarpToScreen: No valid Eye Buffers 0
I/TimeWarp( 4176): DIATW SelectRT Nothing to draw, draw black!
I/TimeWarp( 4176): DIATW SelectRT WarpToScreen: No valid Eye Buffers 0
I/TimeWarp( 4176): DIATW SelectRT Nothing to draw, draw black!
I/TimeWarp( 4176): DIATW SelectRT WarpToScreen: No valid Eye Buffers 0
I/TimeWarp( 4176): DIATW SelectRT Nothing to draw, draw black!
I/FrameAnimation( 4176): mBitmap.recycle
I/TimeWarp( 4176): DIATW SelectRT WarpToScreen: No valid Eye Buffers 0
I/TimeWarp( 4176): DIATW SelectRT Nothing to draw, draw black!
I/TimeWarp( 4176): DIATW SelectRT WarpToScreen: No valid Eye Buffers 0
I/TimeWarp( 4176): DIATW SelectRT Nothing to draw, draw black!
D/PvrPlatform( 1146): Already keep stationary state for 25 secend
I/chatty  ( 1146): uid=0(root) /system/bin/pvrservice identical 1 line
D/PvrPlatform( 1146): Already keep stationary state for 25 secend
I/TimeWarp( 4176): DIATW SelectRT WarpToScreen: No valid Eye Buffers 0
I/TimeWarp( 4176): DIATW SelectRT Nothing to draw, draw black!
I/TimeWarp( 4176): DIATW SelectRT WarpToScreen: No valid Eye Buffers 0
I/TimeWarp( 4176): DIATW SelectRT Nothing to draw, draw black!
I/TimeWarp( 4176): DIATW SelectRT WarpToScreen: No valid Eye Buffers 0
I/TimeWarp( 4176): DIATW SelectRT Nothing to draw, draw black!
I/TimeWarp( 4176): DIATW SelectRT WarpToScreen: No valid Eye Buffers 0
I/TimeWarp( 4176): DIATW SelectRT Nothing to draw, draw black!
I/TimeWarp( 4176): DIATW SelectRT WarpToScreen: No valid Eye Buffers 0
I/TimeWarp( 4176): DIATW SelectRT Nothing to draw, draw black!
I/FrameAnimation( 4176): mBitmap.recycle
I/TimeWarp( 4176): DIATW SelectRT WarpToScreen: No valid Eye Buffers 0
I/TimeWarp( 4176): DIATW SelectRT Nothing to draw, draw black!
I/TimeWarp( 4176): DIATW SelectRT WarpToScreen: No valid Eye Buffers 0
I/TimeWarp( 4176): DIATW SelectRT Nothing to draw, draw black!
I/TimeWarp( 4176): DIATW SelectRT WarpToScreen: No valid Eye Buffers 0
I/TimeWarp( 4176): DIATW SelectRT Nothing to draw, draw black!
I/TimeWarp( 4176): DIATW SelectRT WarpToScreen: No valid Eye Buffers 0
I/TimeWarp( 4176): DIATW SelectRT Nothing to draw, draw black!
I/TimeWarp( 4176): DIATW SelectRT WarpToScreen: No valid Eye Buffers 0
I/TimeWarp( 4176): DIATW SelectRT Nothing to draw, draw black!
I/ServiceManager( 4176): Waiting for service 'airservice' on '/dev/binder'...
I/TimeWarp( 4176): DIATW SelectRT WarpToScreen: No valid Eye Buffers 0
I/TimeWarp( 4176): DIATW SelectRT Nothing to draw, draw black!
I/TimeWarp( 4176): DIATW SelectRT WarpToScreen: No valid Eye Buffers 0
I/TimeWarp( 4176): DIATW SelectRT Nothing to draw, draw black!
I/FrameAnimation( 4176): mBitmap.recycle
I/TimeWarp( 4176): DIATW SelectRT WarpToScreen: No valid Eye Buffers 0
I/TimeWarp( 4176): DIATW SelectRT Nothing to draw, draw black!
I/TimeWarp( 4176): DIATW SelectRT WarpToScreen: No valid Eye Buffers 0
I/TimeWarp( 4176): DIATW SelectRT Nothing to draw, draw black!
I/TimeWarp( 4176): DIATW SelectRT WarpToScreen: No valid Eye Buffers 0
I/TimeWarp( 4176): DIATW SelectRT Nothing to draw, draw black!
I/TimeWarp( 4176): DIATW SelectRT WarpToScreen: No valid Eye Buffers 0
I/TimeWarp( 4176): DIATW SelectRT Nothing to draw, draw black!
I/TimeWarp( 4176): DIATW SelectRT WarpToScreen: No valid Eye Buffers 0
I/TimeWarp( 4176): DIATW SelectRT Nothing to draw, draw black!
I/ServiceManager( 4176): Waiting for service 'virtual_input' on '/dev/binder'...
I/TimeWarp( 4176): DIATW SelectRT WarpToScreen: No valid Eye Buffers 0
I/TimeWarp( 4176): DIATW SelectRT Nothing to draw, draw black!
I/TimeWarp( 4176): DIATW SelectRT WarpToScreen: No valid Eye Buffers 0
I/TimeWarp( 4176): DIATW SelectRT Nothing to draw, draw black!
I/FrameAnimation( 4176): mBitmap.recycle
I/TimeWarp( 4176): DIATW SelectRT WarpToScreen: No valid Eye Buffers 0
I/TimeWarp( 4176): DIATW SelectRT Nothing to draw, draw black!
I/TimeWarp( 4176): DIATW SelectRT WarpToScreen: No valid Eye Buffers 0
I/TimeWarp( 4176): DIATW SelectRT Nothing to draw, draw black!
I/TimeWarp( 4176): DIATW SelectRT WarpToScreen: No valid Eye Buffers 0
I/TimeWarp( 4176): DIATW SelectRT Nothing to draw, draw black!
I/TimeWarp( 4176): DIATW SelectRT WarpToScreen: No valid Eye Buffers 0
I/TimeWarp( 4176): DIATW SelectRT Nothing to draw, draw black!
I/TimeWarp( 4176): DIATW SelectRT WarpToScreen: No valid Eye Buffers 0
I/TimeWarp( 4176): DIATW SelectRT Nothing to draw, draw black!
D/HalDevMgr( 1662): onDebugRingBufferDataAvailable
I/chatty  ( 1662): uid=1000(system) HwBinder:1662_4 identical 2 lines
D/HalDevMgr( 1662): onDebugRingBufferDataAvailable
I/TimeWarp( 4176): DIATW SelectRT WarpToScreen: No valid Eye Buffers 0
I/TimeWarp( 4176): DIATW SelectRT Nothing to draw, draw black!
D/HalDevMgr( 1662): onDebugRingBufferDataAvailable
I/TimeWarp( 4176): DIATW SelectRT WarpToScreen: No valid Eye Buffers 0
I/TimeWarp( 4176): DIATW SelectRT Nothing to draw, draw black!
I/FrameAnimation( 4176): mBitmap.recycle
I/TimeWarp( 4176): DIATW SelectRT WarpToScreen: No valid Eye Buffers 0
I/TimeWarp( 4176): DIATW SelectRT Nothing to draw, draw black!
I/TimeWarp( 4176): DIATW SelectRT WarpToScreen: No valid Eye Buffers 0
I/TimeWarp( 4176): DIATW SelectRT Nothing to draw, draw black!
I/TimeWarp( 4176): DIATW SelectRT WarpToScreen: No valid Eye Buffers 0
I/TimeWarp( 4176): DIATW SelectRT Nothing to draw, draw black!
I/TimeWarp( 4176): DIATW SelectRT WarpToScreen: No valid Eye Buffers 0
I/TimeWarp( 4176): DIATW SelectRT Nothing to draw, draw black!
I/TimeWarp( 4176): DIATW SelectRT WarpToScreen: No valid Eye Buffers 0
I/TimeWarp( 4176): DIATW SelectRT Nothing to draw, draw black!
D/HalDevMgr( 1662): onDebugRingBufferDataAvailable
D/HalDevMgr( 1662): onDebugRingBufferDataAvailable
I/TimeWarp( 4176): DIATW SelectRT WarpToScreen: No valid Eye Buffers 0
I/TimeWarp( 4176): DIATW SelectRT Nothing to draw, draw black!
D/HalDevMgr( 1662): onDebugRingBufferDataAvailable
D/HalDevMgr( 1662): onDebugRingBufferDataAvailable
D/HalDevMgr( 1662): onDebugRingBufferDataAvailable
I/TimeWarp( 4176): DIATW SelectRT WarpToScreen: No valid Eye Buffers 0
I/TimeWarp( 4176): DIATW SelectRT Nothing to draw, draw black!
I/TimeWarp( 4176): DIATW SelectRT WarpToScreen: No valid Eye Buffers 0
I/TimeWarp( 4176): DIATW SelectRT Nothing to draw, draw black!
I/FrameAnimation( 4176): mBitmap.recycle
I/TimeWarp( 4176): DIATW SelectRT WarpToScreen: No valid Eye Buffers 0
I/TimeWarp( 4176): DIATW SelectRT Nothing to draw, draw black!
I/TimeWarp( 4176): DIATW SelectRT WarpToScreen: No valid Eye Buffers 0
I/TimeWarp( 4176): DIATW SelectRT Nothing to draw, draw black!
D/HalDevMgr( 1662): onDebugRingBufferDataAvailable
D/HalDevMgr( 1662): onDebugRingBufferDataAvailable
I/chatty  ( 1662): uid=1000(system) HwBinder:1662_3 identical 2 lines
D/HalDevMgr( 1662): onDebugRingBufferDataAvailable
I/TimeWarp( 4176): DIATW SelectRT WarpToScreen: No valid Eye Buffers 0
I/TimeWarp( 4176): DIATW SelectRT Nothing to draw, draw black!
I/TimeWarp( 4176): DIATW SelectRT WarpToScreen: No valid Eye Buffers 0
I/TimeWarp( 4176): DIATW SelectRT Nothing to draw, draw black!
I/TimeWarp( 4176): DIATW SelectRT WarpToScreen: No valid Eye Buffers 0
I/TimeWarp( 4176): DIATW SelectRT Nothing to draw, draw black!
I/TimeWarp( 4176): DIATW SelectRT WarpToScreen: No valid Eye Buffers 0
I/TimeWarp( 4176): DIATW SelectRT Nothing to draw, draw black!
I/TimeWarp( 4176): DIATW SelectRT WarpToScreen: No valid Eye Buffers 0
I/TimeWarp( 4176): DIATW SelectRT Nothing to draw, draw black!
I/FrameAnimation( 4176): mBitmap.recycle
I/TimeWarp( 4176): DIATW SelectRT WarpToScreen: No valid Eye Buffers 0
I/TimeWarp( 4176): DIATW SelectRT Nothing to draw, draw black!
I/TimeWarp( 4176): DIATW SelectRT WarpToScreen: No valid Eye Buffers 0
I/TimeWarp( 4176): DIATW SelectRT Nothing to draw, draw black!
I/TimeWarp( 4176): DIATW SelectRT WarpToScreen: No valid Eye Buffers 0
I/TimeWarp( 4176): DIATW SelectRT Nothing to draw, draw black!
I/TimeWarp( 4176): DIATW SelectRT WarpToScreen: No valid Eye Buffers 0
I/TimeWarp( 4176): DIATW SelectRT Nothing to draw, draw black!
I/TimeWarp( 4176): DIATW SelectRT WarpToScreen: No valid Eye Buffers 0
I/TimeWarp( 4176): DIATW SelectRT Nothing to draw, draw black!
I/TimeWarp( 4176): DIATW SelectRT WarpToScreen: No valid Eye Buffers 0
I/TimeWarp( 4176): DIATW SelectRT Nothing to draw, draw black!
I/TimeWarp( 4176): DIATW SelectRT WarpToScreen: No valid Eye Buffers 0
I/TimeWarp( 4176): DIATW SelectRT Nothing to draw, draw black!
I/FrameAnimation( 4176): mBitmap.recycle
I/TimeWarp( 4176): DIATW SelectRT WarpToScreen: No valid Eye Buffers 0
I/TimeWarp( 4176): DIATW SelectRT Nothing to draw, draw black!
I/TimeWarp( 4176): DIATW SelectRT WarpToScreen: No valid Eye Buffers 0
I/TimeWarp( 4176): DIATW SelectRT Nothing to draw, draw black!
I/TimeWarp( 4176): DIATW SelectRT WarpToScreen: No valid Eye Buffers 0
I/TimeWarp( 4176): DIATW SelectRT Nothing to draw, draw black!
E/MSM-irqbalance( 1614): IRQ 76 not found in internal structure or should be ignored
E/MSM-irqbalance( 1614): IRQ 76 not found in internal structure or should be ignored
I/TimeWarp( 4176): DIATW SelectRT WarpToScreen: No valid Eye Buffers 0
I/TimeWarp( 4176): DIATW SelectRT Nothing to draw, draw black!
I/TimeWarp( 4176): DIATW SelectRT WarpToScreen: No valid Eye Buffers 0
I/TimeWarp( 4176): DIATW SelectRT Nothing to draw, draw black!
I/TimeWarp( 4176): DIATW SelectRT WarpToScreen: No valid Eye Buffers 0
I/TimeWarp( 4176): DIATW SelectRT Nothing to draw, draw black!
I/TimeWarp( 4176): DIATW SelectRT WarpToScreen: No valid Eye Buffers 0
I/TimeWarp( 4176): DIATW SelectRT Nothing to draw, draw black!
I/FrameAnimation( 4176): mBitmap.recycle
I/TimeWarp( 4176): DIATW SelectRT WarpToScreen: No valid Eye Buffers 0
I/TimeWarp( 4176): DIATW SelectRT Nothing to draw, draw black!
I/TimeWarp( 4176): DIATW SelectRT WarpToScreen: No valid Eye Buffers 0
I/TimeWarp( 4176): DIATW SelectRT Nothing to draw, draw black!
I/TimeWarp( 4176): DIATW SelectRT WarpToScreen: No valid Eye Buffers 0
I/TimeWarp( 4176): DIATW SelectRT Nothing to draw, draw black!
I/TimeWarp( 4176): DIATW SelectRT WarpToScreen: No valid Eye Buffers 0
I/TimeWarp( 4176): DIATW SelectRT Nothing to draw, draw black!
I/TimeWarp( 4176): DIATW SelectRT WarpToScreen: No valid Eye Buffers 0
I/TimeWarp( 4176): DIATW SelectRT Nothing to draw, draw black!
I/TimeWarp( 4176): DIATW SelectRT WarpToScreen: No valid Eye Buffers 0
I/TimeWarp( 4176): DIATW SelectRT Nothing to draw, draw black!
I/TimeWarp( 4176): DIATW SelectRT WarpToScreen: No valid Eye Buffers 0
I/TimeWarp( 4176): DIATW SelectRT Nothing to draw, draw black!
I/TimeWarp( 4176): DIATW SelectRT WarpToScreen: No valid Eye Buffers 0
I/TimeWarp( 4176): DIATW SelectRT Nothing to draw, draw black!
I/FrameAnimation( 4176): mBitmap.recycle
I/TimeWarp( 4176): DIATW SelectRT WarpToScreen: No valid Eye Buffers 0
I/TimeWarp( 4176): DIATW SelectRT Nothing to draw, draw black!
I/TimeWarp( 4176): DIATW SelectRT WarpToScreen: No valid Eye Buffers 0
I/TimeWarp( 4176): DIATW SelectRT Nothing to draw, draw black!
I/TimeWarp( 4176): DIATW SelectRT WarpToScreen: No valid Eye Buffers 0
I/TimeWarp( 4176): DIATW SelectRT Nothing to draw, draw black!
I/TimeWarp( 4176): DIATW SelectRT WarpToScreen: No valid Eye Buffers 0
I/TimeWarp( 4176): DIATW SelectRT Nothing to draw, draw black!
I/TimeWarp( 4176): DIATW SelectRT WarpToScreen: No valid Eye Buffers 0
I/TimeWarp( 4176): DIATW SelectRT Nothing to draw, draw black!
I/TimeWarp( 4176): DIATW SelectRT WarpToScreen: No valid Eye Buffers 0
I/TimeWarp( 4176): DIATW SelectRT Nothing to draw, draw black!
I/TimeWarp( 4176): DIATW SelectRT WarpToScreen: No valid Eye Buffers 0
I/TimeWarp( 4176): DIATW SelectRT Nothing to draw, draw black!
I/FrameAnimation( 4176): mBitmap.recycle
I/TimeWarp( 4176): DIATW SelectRT WarpToScreen: No valid Eye Buffers 0
I/TimeWarp( 4176): DIATW SelectRT Nothing to draw, draw black!
I/TimeWarp( 4176): DIATW SelectRT WarpToScreen: No valid Eye Buffers 0
I/TimeWarp( 4176): DIATW SelectRT Nothing to draw, draw black!
D/PvrPlatform( 1146): Already keep stationary state for 26 secend
I/chatty  ( 1146): uid=0(root) /system/bin/pvrservice identical 1 line
D/PvrPlatform( 1146): Already keep stationary state for 26 secend
I/TimeWarp( 4176): DIATW SelectRT WarpToScreen: No valid Eye Buffers 0
I/TimeWarp( 4176): DIATW SelectRT Nothing to draw, draw black!
D/HalDevMgr( 1662): onDebugRingBufferDataAvailable
I/TimeWarp( 4176): DIATW SelectRT WarpToScreen: No valid Eye Buffers 0
I/TimeWarp( 4176): DIATW SelectRT Nothing to draw, draw black!
D/HalDevMgr( 1662): onDebugRingBufferDataAvailable
I/chatty  ( 1662): uid=1000(system) HwBinder:1662_3 identical 2 lines
D/HalDevMgr( 1662): onDebugRingBufferDataAvailable
I/TimeWarp( 4176): DIATW SelectRT WarpToScreen: No valid Eye Buffers 0
I/TimeWarp( 4176): DIATW SelectRT Nothing to draw, draw black!
D/HalDevMgr( 1662): onDebugRingBufferDataAvailable
D/HalDevMgr( 1662): onDebugRingBufferDataAvailable
D/HalDevMgr( 1662): onDebugRingBufferDataAvailable
I/chatty  ( 1662): uid=1000(system) HwBinder:1662_5 identical 1 line
D/HalDevMgr( 1662): onDebugRingBufferDataAvailable
I/TimeWarp( 4176): DIATW SelectRT WarpToScreen: No valid Eye Buffers 0
I/TimeWarp( 4176): DIATW SelectRT Nothing to draw, draw black!
D/HalDevMgr( 1662): onDebugRingBufferDataAvailable
I/chatty  ( 1662): uid=1000(system) HwBinder:1662_3 identical 3 lines
D/HalDevMgr( 1662): onDebugRingBufferDataAvailable
I/TimeWarp( 4176): DIATW SelectRT WarpToScreen: No valid Eye Buffers 0
I/TimeWarp( 4176): DIATW SelectRT Nothing to draw, draw black!
I/FrameAnimation( 4176): mBitmap.recycle
I/TimeWarp( 4176): DIATW SelectRT WarpToScreen: No valid Eye Buffers 0
I/TimeWarp( 4176): DIATW SelectRT Nothing to draw, draw black!
I/TimeWarp( 4176): DIATW SelectRT WarpToScreen: No valid Eye Buffers 0
I/TimeWarp( 4176): DIATW SelectRT Nothing to draw, draw black!
I/TimeWarp( 4176): DIATW SelectRT WarpToScreen: No valid Eye Buffers 0
I/TimeWarp( 4176): DIATW SelectRT Nothing to draw, draw black!
I/TimeWarp( 4176): DIATW SelectRT WarpToScreen: No valid Eye Buffers 0
I/TimeWarp( 4176): DIATW SelectRT Nothing to draw, draw black!
I/TimeWarp( 4176): DIATW SelectRT WarpToScreen: No valid Eye Buffers 0
I/TimeWarp( 4176): DIATW SelectRT Nothing to draw, draw black!
W/ServiceManager( 4176): Service airservice didn't start. Returning NULL
W/AIRClient( 4176): airservice is not started
I/GsCameraClient( 4176): GsCameraClient finished init.
I/GsGuardianSystem( 4176): GuardianSystem::Camera init successfully.
I/TimeWarp( 4176): DIATW SelectRT WarpToScreen: No valid Eye Buffers 0
I/TimeWarp( 4176): DIATW SelectRT Nothing to draw, draw black!
D/AIRClient( 4176): [threadLoop]
D/AIRClient( 4176): [getServiceByThread]
I/ServiceManager( 4176): Waiting for service 'airservice' on '/dev/binder'...
I/TimeWarp( 4176): DIATW SelectRT WarpToScreen: No valid Eye Buffers 0
I/TimeWarp( 4176): DIATW SelectRT Nothing to draw, draw black!
I/FrameAnimation( 4176): mBitmap.recycle
I/TimeWarp( 4176): DIATW SelectRT WarpToScreen: No valid Eye Buffers 0
I/TimeWarp( 4176): DIATW SelectRT Nothing to draw, draw black!
I/TimeWarp( 4176): DIATW SelectRT WarpToScreen: No valid Eye Buffers 0
I/TimeWarp( 4176): DIATW SelectRT Nothing to draw, draw black!
I/TimeWarp( 4176): DIATW SelectRT WarpToScreen: No valid Eye Buffers 0
I/TimeWarp( 4176): DIATW SelectRT Nothing to draw, draw black!
I/TimeWarp( 4176): DIATW SelectRT WarpToScreen: No valid Eye Buffers 0
I/TimeWarp( 4176): DIATW SelectRT Nothing to draw, draw black!
I/GsShader( 4176): Loaded Shader (98): DialogVs <=> DialogFs
I/GsDialog( 4176): Boundary::Profiler::Dialog is successfully initialized!
I/GsGuardianSystem( 4176): GuardianSystem::SeeTrough init successfully.
I/TimeWarp( 4176): DIATW SelectRT WarpToScreen: No valid Eye Buffers 0
I/TimeWarp( 4176): DIATW SelectRT Nothing to draw, draw black!
I/GsShader( 4176): Loaded Shader (101): SeeThroughVs <=> SeeThroughFs
I/GsGuardianSystem( 4176): GuardianSystem::SeeTrough init successfully.
I/ServiceManager( 4176): Waiting for service 'virtual_input' on '/dev/binder'...
E/SafetyArea( 4176): GSALoadSafetyArea: Success, Input Data Size: 73
E/SafetyArea( 4176): GSALoadSafetyArea2: Success, Input irregular Data Size: 73
I/TimeWarp( 4176): DIATW SelectRT WarpToScreen: No valid Eye Buffers 0
I/TimeWarp( 4176): DIATW SelectRT Nothing to draw, draw black!
I/FrameAnimation( 4176): mBitmap.recycle
I/TimeWarp( 4176): DIATW SelectRT WarpToScreen: No valid Eye Buffers 0
I/TimeWarp( 4176): DIATW SelectRT Nothing to draw, draw black!
I/GsShader( 4176): Loaded Shader (104): BoundaryVs <=> BoundaryFs
I/GsGuardianSystem( 4176): GuardianSystem::Boundary init successfully.
I/Unity   ( 4176): PvrLog IssueRenderThread end
I/Unity   ( 4176): <InitRenderThreadRoutine>d__111:MoveNext()
I/Unity   ( 4176): UnityEngine.SetupCoroutine:InvokeMoveNext(IEnumerator, IntPtr)
I/Unity   ( 4176):  
I/Unity   ( 4176): (Filename: ./Runtime/Export/Debug.bindings.h Line: 45)
I/Unity   ( 4176): 
I/TimeWarp( 4176): DIATW SelectRT WarpToScreen: No valid Eye Buffers 0
I/TimeWarp( 4176): DIATW SelectRT Nothing to draw, draw black!
I/Unity   ( 4176): InitRenderThreadRoutine end
I/Unity   ( 4176): <InitRenderThreadRoutine>d__111:MoveNext()
I/Unity   ( 4176): UnityEngine.SetupCoroutine:InvokeMoveNext(IEnumerator, IntPtr)
I/Unity   ( 4176):  
I/Unity   ( 4176): (Filename: ./Runtime/Export/Debug.bindings.h Line: 45)
I/Unity   ( 4176): 
I/TimeWarp( 4176): DIATW SelectRT WarpToScreen: No valid Eye Buffers 0
I/TimeWarp( 4176): DIATW SelectRT Nothing to draw, draw black!
I/TimeWarp( 4176): DIATW SelectRT WarpToScreen: No valid Eye Buffers 0
I/TimeWarp( 4176): DIATW SelectRT Nothing to draw, draw black!
I/TimeWarp( 4176): DIATW SelectRT WarpToScreen: No valid Eye Buffers 0
I/TimeWarp( 4176): DIATW SelectRT Nothing to draw, draw black!
I/TimeWarp( 4176): DIATW SelectRT WarpToScreen: No valid Eye Buffers 0
I/TimeWarp( 4176): DIATW SelectRT Nothing to draw, draw black!
I/TimeWarp( 4176): DIATW SelectRT WarpToScreen: No valid Eye Buffers 0
I/TimeWarp( 4176): DIATW SelectRT Nothing to draw, draw black!
I/FrameAnimation( 4176): mBitmap.recycle
I/TimeWarp( 4176): DIATW SelectRT WarpToScreen: No valid Eye Buffers 0
I/TimeWarp( 4176): DIATW SelectRT Nothing to draw, draw black!
I/TimeWarp( 4176): DIATW SelectRT WarpToScreen: No valid Eye Buffers 0
I/TimeWarp( 4176): DIATW SelectRT Nothing to draw, draw black!
I/TimeWarp( 4176): DIATW SelectRT WarpToScreen: No valid Eye Buffers 0
I/TimeWarp( 4176): DIATW SelectRT Nothing to draw, draw black!
I/TimeWarp( 4176): DIATW SelectRT WarpToScreen: No valid Eye Buffers 0
I/TimeWarp( 4176): DIATW SelectRT Nothing to draw, draw black!
I/UnityPlugin( 4176): PVR_SetCpuLevel  level 0
I/PvrPlatform( 1146): setCPULevel:0 1
I/TimeWarp( 4176): DIATW SelectRT WarpToScreen: No valid Eye Buffers 0
I/TimeWarp( 4176): DIATW SelectRT Nothing to draw, draw black!
I/TimeWarp( 4176): DIATW SelectRT WarpToScreen: No valid Eye Buffers 0
I/TimeWarp( 4176): DIATW SelectRT Nothing to draw, draw black!
I/FrameAnimation( 4176): mBitmap.recycle
I/TimeWarp( 4176): DIATW SelectRT WarpToScreen: No valid Eye Buffers 0
I/TimeWarp( 4176): DIATW SelectRT Nothing to draw, draw black!
I/TimeWarp( 4176): DIATW SelectRT WarpToScreen: No valid Eye Buffers 0
I/TimeWarp( 4176): DIATW SelectRT Nothing to draw, draw black!
I/sh      ( 4322): type=1400 audit(0.0:765): avc: denied { write } for name="scaling_governor" dev="sysfs" ino=43635 scontext=u:r:shell:s0 tcontext=u:object_r:sysfs_devices_system_cpu:s0 tclass=file permissive=1
D/HalDevMgr( 1662): onDebugRingBufferDataAvailable
I/TimeWarp( 4176): DIATW SelectRT WarpToScreen: No valid Eye Buffers 0
I/TimeWarp( 4176): DIATW SelectRT Nothing to draw, draw black!
D/HalDevMgr( 1662): onDebugRingBufferDataAvailable
D/HalDevMgr( 1662): onDebugRingBufferDataAvailable
I/chatty  ( 1662): uid=1000(system) HwBinder:1662_1 identical 1 line
D/HalDevMgr( 1662): onDebugRingBufferDataAvailable
I/TimeWarp( 4176): DIATW SelectRT WarpToScreen: No valid Eye Buffers 0
I/TimeWarp( 4176): DIATW SelectRT Nothing to draw, draw black!
I/TimeWarp( 4176): DIATW SelectRT WarpToScreen: No valid Eye Buffers 0
I/TimeWarp( 4176): DIATW SelectRT Nothing to draw, draw black!
I/TimeWarp( 4176): DIATW SelectRT WarpToScreen: No valid Eye Buffers 0
I/TimeWarp( 4176): DIATW SelectRT Nothing to draw, draw black!
I/FrameAnimation( 4176): mBitmap.recycle
I/TimeWarp( 4176): DIATW SelectRT WarpToScreen: No valid Eye Buffers 0
I/TimeWarp( 4176): DIATW SelectRT Nothing to draw, draw black!
I/TimeWarp( 4176): DIATW SelectRT WarpToScreen: No valid Eye Buffers 0
I/TimeWarp( 4176): DIATW SelectRT Nothing to draw, draw black!
I/TimeWarp( 4176): DIATW SelectRT WarpToScreen: No valid Eye Buffers 0
I/TimeWarp( 4176): DIATW SelectRT Nothing to draw, draw black!
I/TimeWarp( 4176): DIATW SelectRT WarpToScreen: No valid Eye Buffers 0
I/TimeWarp( 4176): DIATW SelectRT Nothing to draw, draw black!
I/TimeWarp( 4176): DIATW SelectRT WarpToScreen: No valid Eye Buffers 0
I/TimeWarp( 4176): DIATW SelectRT Nothing to draw, draw black!
I/TimeWarp( 4176): DIATW SelectRT WarpToScreen: No valid Eye Buffers 0
I/TimeWarp( 4176): DIATW SelectRT Nothing to draw, draw black!
I/FrameAnimation( 4176): mBitmap.recycle
I/TimeWarp( 4176): DIATW SelectRT WarpToScreen: No valid Eye Buffers 0
I/TimeWarp( 4176): DIATW SelectRT Nothing to draw, draw black!
I/TimeWarp( 4176): DIATW SelectRT WarpToScreen: No valid Eye Buffers 0
I/TimeWarp( 4176): DIATW SelectRT Nothing to draw, draw black!
I/TimeWarp( 4176): DIATW SelectRT WarpToScreen: No valid Eye Buffers 0
I/TimeWarp( 4176): DIATW SelectRT Nothing to draw, draw black!
I/TimeWarp( 4176): DIATW SelectRT WarpToScreen: No valid Eye Buffers 0
I/TimeWarp( 4176): DIATW SelectRT Nothing to draw, draw black!
I/TimeWarp( 4176): DIATW SelectRT WarpToScreen: No valid Eye Buffers 0
I/TimeWarp( 4176): DIATW SelectRT Nothing to draw, draw black!
I/TimeWarp( 4176): DIATW SelectRT WarpToScreen: No valid Eye Buffers 0
I/TimeWarp( 4176): DIATW SelectRT Nothing to draw, draw black!
I/TimeWarp( 4176): DIATW SelectRT WarpToScreen: No valid Eye Buffers 0
I/TimeWarp( 4176): DIATW SelectRT Nothing to draw, draw black!
I/FrameAnimation( 4176): mBitmap.recycle
I/TimeWarp( 4176): DIATW SelectRT WarpToScreen: No valid Eye Buffers 0
I/TimeWarp( 4176): DIATW SelectRT Nothing to draw, draw black!
I/TimeWarp( 4176): DIATW SelectRT WarpToScreen: No valid Eye Buffers 0
I/TimeWarp( 4176): DIATW SelectRT Nothing to draw, draw black!
I/TimeWarp( 4176): DIATW SelectRT WarpToScreen: No valid Eye Buffers 0
I/TimeWarp( 4176): DIATW SelectRT Nothing to draw, draw black!
I/TimeWarp( 4176): DIATW SelectRT WarpToScreen: No valid Eye Buffers 0
I/TimeWarp( 4176): DIATW SelectRT Nothing to draw, draw black!
I/TimeWarp( 4176): DIATW SelectRT WarpToScreen: No valid Eye Buffers 0
I/TimeWarp( 4176): DIATW SelectRT Nothing to draw, draw black!
I/TimeWarp( 4176): DIATW SelectRT WarpToScreen: No valid Eye Buffers 0
I/TimeWarp( 4176): DIATW SelectRT Nothing to draw, draw black!
I/FrameAnimation( 4176): mBitmap.recycle
I/TimeWarp( 4176): DIATW SelectRT WarpToScreen: No valid Eye Buffers 0
I/TimeWarp( 4176): DIATW SelectRT Nothing to draw, draw black!
I/TimeWarp( 4176): DIATW SelectRT WarpToScreen: No valid Eye Buffers 0
I/TimeWarp( 4176): DIATW SelectRT Nothing to draw, draw black!
I/TimeWarp( 4176): DIATW SelectRT WarpToScreen: No valid Eye Buffers 0
I/TimeWarp( 4176): DIATW SelectRT Nothing to draw, draw black!
I/TimeWarp( 4176): DIATW SelectRT WarpToScreen: No valid Eye Buffers 0
I/TimeWarp( 4176): DIATW SelectRT Nothing to draw, draw black!
I/TimeWarp( 4176): DIATW SelectRT WarpToScreen: No valid Eye Buffers 0
I/TimeWarp( 4176): DIATW SelectRT Nothing to draw, draw black!
I/TimeWarp( 4176): DIATW SelectRT WarpToScreen: No valid Eye Buffers 0
I/TimeWarp( 4176): DIATW SelectRT Nothing to draw, draw black!
I/FrameAnimation( 4176): mBitmap.recycle
I/TimeWarp( 4176): DIATW SelectRT WarpToScreen: No valid Eye Buffers 0
I/TimeWarp( 4176): DIATW SelectRT Nothing to draw, draw black!
I/TimeWarp( 4176): DIATW SelectRT WarpToScreen: No valid Eye Buffers 0
I/TimeWarp( 4176): DIATW SelectRT Nothing to draw, draw black!
I/TimeWarp( 4176): DIATW SelectRT WarpToScreen: No valid Eye Buffers 0
I/TimeWarp( 4176): DIATW SelectRT Nothing to draw, draw black!
I/TimeWarp( 4176): DIATW SelectRT WarpToScreen: No valid Eye Buffers 0
I/TimeWarp( 4176): DIATW SelectRT Nothing to draw, draw black!
I/TimeWarp( 4176): DIATW SelectRT WarpToScreen: No valid Eye Buffers 0
I/TimeWarp( 4176): DIATW SelectRT Nothing to draw, draw black!
I/TimeWarp( 4176): DIATW SelectRT WarpToScreen: No valid Eye Buffers 0
I/TimeWarp( 4176): DIATW SelectRT Nothing to draw, draw black!
I/FrameAnimation( 4176): mBitmap.recycle
I/TimeWarp( 4176): DIATW SelectRT WarpToScreen: No valid Eye Buffers 0
I/TimeWarp( 4176): DIATW SelectRT Nothing to draw, draw black!
I/TimeWarp( 4176): DIATW SelectRT WarpToScreen: No valid Eye Buffers 0
I/TimeWarp( 4176): DIATW SelectRT Nothing to draw, draw black!
D/HalDevMgr( 1662): onDebugRingBufferDataAvailable
D/HalDevMgr( 1662): onDebugRingBufferDataAvailable
D/HalDevMgr( 1662): onDebugRingBufferDataAvailable
I/chatty  ( 1662): uid=1000(system) HwBinder:1662_1 identical 1 line
D/HalDevMgr( 1662): onDebugRingBufferDataAvailable
I/TimeWarp( 4176): DIATW SelectRT WarpToScreen: No valid Eye Buffers 0
I/TimeWarp( 4176): DIATW SelectRT Nothing to draw, draw black!
I/TimeWarp( 4176): DIATW SelectRT WarpToScreen: No valid Eye Buffers 0
I/TimeWarp( 4176): DIATW SelectRT Nothing to draw, draw black!
I/TimeWarp( 4176): DIATW SelectRT WarpToScreen: No valid Eye Buffers 0
I/TimeWarp( 4176): DIATW SelectRT Nothing to draw, draw black!
D/PvrPlatform( 1146): Already keep stationary state for 27 secend
I/chatty  ( 1146): uid=0(root) /system/bin/pvrservice identical 1 line
D/PvrPlatform( 1146): Already keep stationary state for 27 secend
I/TimeWarp( 4176): DIATW SelectRT WarpToScreen: No valid Eye Buffers 0
I/TimeWarp( 4176): DIATW SelectRT Nothing to draw, draw black!
I/TimeWarp( 4176): DIATW SelectRT WarpToScreen: No valid Eye Buffers 0
I/TimeWarp( 4176): DIATW SelectRT Nothing to draw, draw black!
I/FrameAnimation( 4176): mBitmap.recycle
I/TimeWarp( 4176): DIATW SelectRT WarpToScreen: No valid Eye Buffers 0
I/TimeWarp( 4176): DIATW SelectRT Nothing to draw, draw black!
I/TimeWarp( 4176): DIATW SelectRT WarpToScreen: No valid Eye Buffers 0
I/TimeWarp( 4176): DIATW SelectRT Nothing to draw, draw black!
I/TimeWarp( 4176): DIATW SelectRT WarpToScreen: No valid Eye Buffers 0
I/TimeWarp( 4176): DIATW SelectRT Nothing to draw, draw black!
I/TimeWarp( 4176): DIATW SelectRT WarpToScreen: No valid Eye Buffers 0
I/TimeWarp( 4176): DIATW SelectRT Nothing to draw, draw black!
I/TimeWarp( 4176): DIATW SelectRT WarpToScreen: No valid Eye Buffers 0
I/TimeWarp( 4176): DIATW SelectRT Nothing to draw, draw black!
I/TimeWarp( 4176): DIATW SelectRT WarpToScreen: No valid Eye Buffers 0
I/TimeWarp( 4176): DIATW SelectRT Nothing to draw, draw black!
I/FrameAnimation( 4176): mBitmap.recycle
I/TimeWarp( 4176): DIATW SelectRT WarpToScreen: No valid Eye Buffers 0
I/TimeWarp( 4176): DIATW SelectRT Nothing to draw, draw black!
I/TimeWarp( 4176): DIATW SelectRT WarpToScreen: No valid Eye Buffers 0
I/TimeWarp( 4176): DIATW SelectRT Nothing to draw, draw black!
I/ServiceManager( 4176): Waiting for service 'airservice' on '/dev/binder'...
I/TimeWarp( 4176): DIATW SelectRT WarpToScreen: No valid Eye Buffers 0
I/TimeWarp( 4176): DIATW SelectRT Nothing to draw, draw black!
I/TimeWarp( 4176): DIATW SelectRT WarpToScreen: No valid Eye Buffers 0
I/TimeWarp( 4176): DIATW SelectRT Nothing to draw, draw black!
I/TimeWarp( 4176): DIATW SelectRT WarpToScreen: No valid Eye Buffers 0
I/TimeWarp( 4176): DIATW SelectRT Nothing to draw, draw black!
I/PvrPlatform( 1146): svrSetPerformanceLevels CPU level[0] B[2803200] done
I/PVRShell( 4176): ----------switchApp----------
E/PVRShell( 4176): VirtualDisplay is null
I/TimeWarp( 4176): DIATW SelectRT WarpToScreen: No valid Eye Buffers 0
I/TimeWarp( 4176): DIATW SelectRT Nothing to draw, draw black!
I/Unity   ( 4176): VRShell------->OnMaskShow = false
I/Unity   ( 4176): MainScreen:OnMaskShow(String)
I/Unity   ( 4176): <SwitchApp>d__23:MoveNext()
I/Unity   ( 4176): UnityEngine.SetupCoroutine:InvokeMoveNext(IEnumerator, IntPtr)
I/Unity   ( 4176):  
I/Unity   ( 4176): (Filename: ./Runtime/Export/Debug.bindings.h Line: 45)
I/Unity   ( 4176): 
E/VrActivity( 4176): removePlatformLogo, Send msg 1!
I/Unity   ( 4176): Reset Tracker OnLoad
I/Unity   ( 4176): <EndOfFrame>d__45:MoveNext()
I/Unity   ( 4176): UnityEngine.SetupCoroutine:InvokeMoveNext(IEnumerator, IntPtr)
I/Unity   ( 4176):  
I/Unity   ( 4176): (Filename: ./Runtime/Export/Debug.bindings.h Line: 45)
I/Unity   ( 4176): 
I/UnityPlugin( 4176): Pvr_OptionalResetSensor_ enter
I/VrApi   ( 4176): PVR_SERVICE_QUATERNION_MODE ResetSensor
I/PvrServiceClient( 4176): Call resetTracking in PvrServiceClient,mode=3
E/Paul    ( 1146): track_flag:0,3,1
E/Paul    ( 1146): Orientation:4.791762,0.506269
E/Paul    ( 1146): pose_offset_reset:0,0.000000,0.009679,0.000000,0.999953,0.000000,0.000000,0.000000
E/Paul    ( 1146): Reset
E/Paul    ( 1146): fix-no-smooth
E/Paul    ( 1146): new-struct
D/PvrService( 1146): newTracker resetTracking mode=[3] pose_offset [0.000000,0.009679,0.000000,0.999953,0.000000,0.000000,0.000000] flag=[1]
I/PvrService( 1146): alg_reset successfully: 0
E/PvrService( 1146): Call resetTracking in PvrServiceCore,mode=3, 0,1,0
E/PvrService( 1146): resetTracking:Try to get tracking lock mutex
E/PvrService( 1146): resetTracking:Get tracking lock mutex
I/PvrService( 1146): Call resetTrackingThread in PvrServiceCore,mode=3, 0,1,0
E/PvrService( 1146): Reset 3dof rotation [0 1 0]
D/PvrOrientationTracker( 1146): Reset value = 0,1,0
D/PvrOrientationTracker( 1146): SensorFusion::RecenterYaw()
I/PvrService( 1146): Status callback:VR_CLIENT_STATUS_ORIENTATION_RESETTED
I/PvrService( 1146): Status callback:VR_CLIENT_STATUS_ORIENTATION_RESETTED done
E/PvrService( 1146): resetTrackingThread:release tracking lock mutex
I/UnityPlugin( 4176): Pvr_OptionalResetSensor_ exit
I/Unity   ( 4176): PvrLog OptionalResetUnitySDKSensor OK!11
I/Unity   ( 4176): Pvr_UnitySDKSensor:OptionalResetUnitySDKSensor(Int32, Int32)
I/Unity   ( 4176): <EndOfFrame>d__45:MoveNext()
I/Unity   ( 4176): UnityEngine.SetupCoroutine:InvokeMoveNext(IEnumerator, IntPtr)
I/Unity   ( 4176):  
I/Unity   ( 4176): (Filename: ./Runtime/Export/Debug.bindings.h Line: 45)
I/Unity   ( 4176): 
D/PvrService( 1146): Notification Client[0] onClientStatusChange
D/PvrService( 1146): <null format suppressed by shim_pvr>
I/FrameAnimation( 4176): mBitmap.recycle
I/ServiceManager( 4176): Waiting for service 'virtual_input' on '/dev/binder'...
I/FrameAnimation( 4176): mBitmap.recycle
I/Unity   ( 4176): Reset Tracker OnLoad
I/Unity   ( 4176): <OnResume>d__124:MoveNext()
I/Unity   ( 4176): UnityEngine.SetupCoroutine:InvokeMoveNext(IEnumerator, IntPtr)
I/Unity   ( 4176):  
I/Unity   ( 4176): (Filename: ./Runtime/Export/Debug.bindings.h Line: 45)
I/Unity   ( 4176): 
I/UnityPlugin( 4176): Pvr_OptionalResetSensor_ enter
I/VrApi   ( 4176): PVR_SERVICE_QUATERNION_MODE ResetSensor
I/PvrServiceClient( 4176): Call resetTracking in PvrServiceClient,mode=3
E/Paul    ( 1146): track_flag:0,3,1
E/Paul    ( 1146): Orientation:4.791766,0.511052
E/Paul    ( 1146): pose_offset_reset:0,0.000000,0.009789,0.000000,0.999952,0.000000,0.000000,0.000000
E/Paul    ( 1146): Reset
E/Paul    ( 1146): fix-no-smooth
E/Paul    ( 1146): new-struct
D/PvrService( 1146): newTracker resetTracking mode=[3] pose_offset [0.000000,0.009789,0.000000,0.999952,0.000000,0.000000,0.000000] flag=[1]
I/PvrService( 1146): alg_reset successfully: 0
E/PvrService( 1146): Call resetTracking in PvrServiceCore,mode=3, 0,1,0
E/PvrService( 1146): resetTracking:Try to get tracking lock mutex
E/PvrService( 1146): resetTracking:Get tracking lock mutex
I/PvrService( 1146): Call resetTrackingThread in PvrServiceCore,mode=3, 0,1,0
E/PvrService( 1146): Reset 3dof rotation [0 1 0]
D/PvrOrientationTracker( 1146): Reset value = 0,1,0
D/PvrOrientationTracker( 1146): SensorFusion::RecenterYaw()
I/PvrService( 1146): Status callback:VR_CLIENT_STATUS_ORIENTATION_RESETTED
I/PvrService( 1146): Status callback:VR_CLIENT_STATUS_ORIENTATION_RESETTED done
E/PvrService( 1146): resetTrackingThread:release tracking lock mutex
I/UnityPlugin( 4176): Pvr_OptionalResetSensor_ exit
I/Unity   ( 4176): PvrLog OptionalResetUnitySDKSensor OK!11
I/Unity   ( 4176): Pvr_UnitySDKSensor:OptionalResetUnitySDKSensor(Int32, Int32)
I/Unity   ( 4176): <OnResume>d__124:MoveNext()
I/Unity   ( 4176): UnityEngine.SetupCoroutine:InvokeMoveNext(IEnumerator, IntPtr)
I/Unity   ( 4176):  
I/Unity   ( 4176): (Filename: ./Runtime/Export/Debug.bindings.h Line: 45)
I/Unity   ( 4176): 
I/Unity   ( 4176): VRShell------->InitSurface
I/Unity   ( 4176): <InitSurface>d__20:MoveNext()
I/Unity   ( 4176): UnityEngine.SetupCoroutine:InvokeMoveNext(IEnumerator, IntPtr)
I/Unity   ( 4176):  
I/Unity   ( 4176): (Filename: ./Runtime/Export/Debug.bindings.h Line: 45)
I/Unity   ( 4176): 
D/PvrService( 1146): Notification Client[0] onClientStatusChange
D/PvrService( 1146): <null format suppressed by shim_pvr>
E/PvrService( 1146): PvrService getTrackingDataExt ret(0)
E/PvrService( 1146): PvrService getTrackingDataExt rotation(-0.042014, -0.000145, -0.003323, 0.999111)
E/PvrService( 1146): PvrService getTrackingDataExt position(0.000500, -0.007025, -0.086512)
D/PvrService( 1146): PvrService::setShareMemoryData(594414):
D/PvrService( 1146):  -0.042014,-0.000145,-0.003323,0.999111,0.000500,-0.007025,-0.086512	[610190863776]	[610190288099]	[1492552]	[1323333]
D/PvrService( 1146): threadLoop continue: 1
I/PVRShell( 4176): initSurface, width = 1600, height = 2880, dpi = 560
I/DisplayManagerService( 1662): Display device added: DisplayDeviceInfo{"PvrShellDisplay": uniqueId="virtual:com.pvr.vrshell:277f1a09-b88d-4d1e-8716-796f114d09cd", 1600 x 2880, modeId 2, defaultModeId 2, supportedModes [{id=2, width=1600, height=2880, fps=60.0}], colorMode 0, supportedColorModes [0], HdrCapabilities null, density 560, 560.0 x 560.0 dpi, appVsyncOff 0, presDeadline 16666666, touch VIRTUAL, rotation 0, type VIRTUAL, state OFF, owner com.pvr.vrshell (uid 1000), FLAG_ROTATES_WITH_CONTENT, FLAG_OWN_CONTENT_ONLY}
I/PVRShell( 4176): ++++++++++VirtualDisplay create complete++++++++++
I/PVRShell( 4176): VirtualDisplay id = 1
I/PVRShell( 4176): onDisplayAdded, displayId = 1
I/UnityNativeActivityPico( 4176): onDisplayAdded displayId = 1
I/UnityNativeActivityPico( 4176): Unity Pvr_setMonoPresentation begin
I/UnityNativeActivityPico( 4176): Unity presentationDisplays.length = 0
I/UnityNativeActivityPico( 4176): DISFT MonoPresentation = Disable
I/UnityNativeActivityPico( 4176): Unity Pvr_setMonoPresentation failed
I/UnityNativeActivityPico( 4176): Unity Pvr_setMonoPresentation end
E/PvrPlatform( 1146): ALOOPER_POLL_TIMEOUT
I/DisplayManagerService( 1662): Display device changed state: "PvrShellDisplay", ON
I/PVRShell( 4176): onDisplayChanged, displayId = 1
I/PVRShell( 4176): pre rotation = 0, cur rotation = 0
I/UnityNativeActivityPico( 4176): onDisplayChanged displayId = 1
I/GsDialog( 4176): BoundarySystem::CalculateDialogState::mDialogAccumulatedNumber >= 12, --, and return kLostDialog
E/VrApi   ( 4176): trackingstate = 0x0,0x0
I/GsCameraClient( 4176): GsCameraClient begin to start frame...
I/PVRShell( 4176): onDisplayChanged, displayId = 1
I/ActivityTaskManager( 1662): Override config changes=20005df8 {0.0 ?mcc?mnc ?localeList ?layoutDir sw457dp w457dp h822dp 560dpi nrml long port ?uimode ?night -touch -keyb/v/h -nav/h winConfig={ mBounds=Rect(0, 0 - 1600, 2880) mAppBounds=Rect(0, 0 - 1600, 2880) mWindowingMode=fullscreen mDisplayWindowingMode=fullscreen mActivityType=undefined mAlwaysOnTop=undefined mRotation=ROTATION_0}} for displayId=1
I/AIRClient( 4176): [OpenCamera]:153 start, type 0
I/AIRClient( 4176): [StartPreview]:170 start, type 0
I/PVRShell( 4176): pre rotation = 0, cur rotation = 0
I/UnityNativeActivityPico( 4176): onDisplayChanged displayId = 1
I/InputManager-JNI( 1662): Viewport [0] to add: local:0
I/InputManager-JNI( 1662): Viewport [1] to add: virtual:com.pvr.vrshell:277f1a09-b88d-4d1e-8716-796f114d09cd
I/UnityNativeActivityPico( 4176):  start setting vrmode VR 
E/PvrManagerInternal( 4176): PvrManagerService dont instantiate properly,please check it.
I/UnityNativeActivityPico( 4176): start seting  ORIENTATION  0
E/PvrManagerInternal( 4176): PvrManagerService dont instantiate properly,please check it.
E/PvrManagerInternal( 4176): PvrManagerService dont instantiate properly,please check it.
I/UnityNativeActivityPico( 4176):  end setting vrmode VR and ORIENTATION 0
I/FrameAnimation( 4176): mBitmap.recycle
I/hwservicemanager(  561): getTransport: Cannot find entry android.hardware.graphics.allocator@3.0::IAllocator/default in either framework or device manifest.
I/InputReader( 1662): Reconfiguring input devices.  changes=0x00000004
W/Gralloc3( 4176): allocator 3.x is not supported
I/FrameAnimation( 4176): Surface is destroy
I/UnityPlugin( 4176): OnRenderEvent EVENT_RESUME
I/UnityPlugin( 4176): PVR_Resume()
I/UnityPlugin( 4176): Already focused, skipping
E/PvrService( 1146): getTrackingMode:Try to get tracking lock mutex
E/PvrService( 1146): getTrackingMode:Get tracking lock mutex
E/PvrPlatform( 1146): USE_QCOM_6DOF
E/PvrService( 1146): getTrackingMode:release tracking lock mutex
I/UnityPlugin( 4176): UnityPlugin GetTrackingMode trackingMode = 3
I/Unity   ( 4176): SetEyeTrackingMode EyeTracking False supportEyeTracking False result False
I/Unity   ( 4176): Pvr_UnitySDKEyeManager:SetEyeTrackingMode()
I/Unity   ( 4176): <OnResume>d__124:MoveNext()
I/Unity   ( 4176): UnityEngine.SetupCoroutine:InvokeMoveNext(IEnumerator, IntPtr)
I/Unity   ( 4176):  
I/Unity   ( 4176): (Filename: ./Runtime/Export/Debug.bindings.h Line: 45)
I/Unity   ( 4176): 
I/GsDialog( 4176): BoundarySystem::CalculateDialogState::mDialogAccumulatedNumber >= 12, --, and return kLostDialog
E/VrApi   ( 4176): trackingstate = 0x0,0x0
I/UnityPlugin( 4176): PVR_SetCpuLevel  level 0
I/PvrPlatform( 1146): setCPULevel:0 1
E/BufferQueueProducer( 1147): [SurfaceView - com.pvr.vrshell/com.pvr.vrshell.MainActivity#1] disconnect: not connected (req=2)
I/PVRShell( 4176): onDisplayChanged, displayId = 1
I/PVRShell( 4176): pre rotation = 0, cur rotation = 0
I/UnityNativeActivityPico( 4176): onDisplayChanged displayId = 1
I/PVRShell( 4176): checkIntent
I/PVRShell( 4176): Intent { way=-1 args=null intent=null }
I/PVRShell( 4176): handler, IsValidIntent = false, IsFromAdapter = false
D/HalDevMgr( 1662): onDebugRingBufferDataAvailable
I/chatty  ( 1662): uid=1000(system) HwBinder:1662_3 identical 3 lines
D/HalDevMgr( 1662): onDebugRingBufferDataAvailable
W/WindowManager( 1662): removeWindowToken: Attempted to remove non-existing token: android.os.Binder@6bf2998
D/PvrPlatform( 1146): Already keep stationary state for 28 secend
I/chatty  ( 1146): uid=0(root) /system/bin/pvrservice identical 1 line
D/PvrPlatform( 1146): Already keep stationary state for 28 secend
D/PvrServiceClient( 4176): newTrackerClient getTrackingResultExt svrHeadPoseStateOutput[0] 0.041863,-0.000782,0.003687,-0.999116,0.000397,-0.006998,-0.086492	[610873612229]	[28.052626]
I/ServiceManager( 4176): Waiting for service 'airservice' on '/dev/binder'...
I/PvrPlatform( 1146): svrSetPerformanceLevels CPU level[0] B[2803200] done
I/TimeWarp( 4176): DIATW SelectRT Bad Pose.Orientation in bufferNum 13!
I/TimeWarp( 4176): DIATW SelectRT Nothing to draw, draw black!
W/com.pvr.vrshel( 4176): Core platform API violation: Ljava/nio/Buffer;->position:I from Landroid/opengl/GLES20; using JNI
W/com.pvr.vrshel( 4176): Core platform API violation: Ljava/nio/Buffer;->limit:I from Landroid/opengl/GLES20; using JNI
W/com.pvr.vrshel( 4176): Core platform API violation: Ljava/nio/Buffer;->_elementSizeShift:I from Landroid/opengl/GLES20; using JNI
W/com.pvr.vrshel( 4176): Core platform API violation: Ljava/nio/Buffer;->address:J from Landroid/opengl/GLES20; using JNI
I/GsDialog( 4176): BoundarySystem::CalculateDialogState::mDialogAccumulatedNumber >= 12, --, and return kLostDialog
E/VrApi   ( 4176): trackingstate = 0x0,0x0
I/ServiceManager( 4176): Waiting for service 'virtual_input' on '/dev/binder'...
I/TimeWarp( 4176): DIATW SelectRT Bad Pose.Orientation in bufferNum 14!
I/TimeWarp( 4176): DIATW SelectRT Nothing to draw, draw black!
I/TimeWarp( 4176): DIATW SelectRT Bad Pose.Orientation in bufferNum 14!
I/TimeWarp( 4176): DIATW SelectRT Nothing to draw, draw black!
I/GsDialog( 4176): BoundarySystem::CalculateDialogState::mDialogAccumulatedNumber >= 12, --, and return kLostDialog
E/VrApi   ( 4176): trackingstate = 0x0,0x0
I/TimeWarp( 4176): DIATW SelectRT Bad Pose.Orientation in bufferNum 14!
I/TimeWarp( 4176): DIATW SelectRT Nothing to draw, draw black!
I/TimeWarp( 4176): DIATW SelectRT Bad Pose.Orientation in bufferNum 15!
I/TimeWarp( 4176): DIATW SelectRT Nothing to draw, draw black!
I/GlUtils ( 4176): DIATW GL_Finish EGL_TIMEOUT_EXPIRED_KHR
I/TimeWarp( 4176): DIATW SelectRT Bad Pose.Orientation in bufferNum 15!
I/TimeWarp( 4176): DIATW SelectRT Nothing to draw, draw black!
I/GsDialog( 4176): BoundarySystem::CalculateDialogState::mDialogAccumulatedNumber >= 12, --, and return kLostDialog
E/VrApi   ( 4176): trackingstate = 0x0,0x0
I/TimeWarp( 4176): DIATW SelectRT Bad Pose.Orientation in bufferNum 16!
I/TimeWarp( 4176): DIATW SelectRT Nothing to draw, draw black!
I/TimeWarp( 4176): DIATW SelectRT Bad Pose.Orientation in bufferNum 16!
I/TimeWarp( 4176): DIATW SelectRT Nothing to draw, draw black!
I/GsDialog( 4176): BoundarySystem::CalculateDialogState::mDialogAccumulatedNumber >= 12, --, and return kLostDialog
E/VrApi   ( 4176): trackingstate = 0x0,0x0
I/TimeWarp( 4176): DIATW SelectRT Bad Pose.Orientation in bufferNum 17!
I/TimeWarp( 4176): DIATW SelectRT Nothing to draw, draw black!
I/TimeWarp( 4176): DIATW SelectRT Bad Pose.Orientation in bufferNum 17!
I/TimeWarp( 4176): DIATW SelectRT Nothing to draw, draw black!
I/TimeWarp( 4176): DIATW SelectRT Bad Pose.Orientation in bufferNum 17!
I/TimeWarp( 4176): DIATW SelectRT Nothing to draw, draw black!
I/GsDialog( 4176): BoundarySystem::CalculateDialogState::mDialogAccumulatedNumber >= 12, --, and return kLostDialog
E/VrApi   ( 4176): trackingstate = 0x0,0x0
I/TimeWarp( 4176): DIATW SelectRT Bad Pose.Orientation in bufferNum 18!
I/TimeWarp( 4176): DIATW SelectRT Nothing to draw, draw black!
I/TimeWarp( 4176): DIATW SelectRT Bad Pose.Orientation in bufferNum 18!
I/TimeWarp( 4176): DIATW SelectRT Nothing to draw, draw black!
I/GsDialog( 4176): BoundarySystem::CalculateDialogState::mDialogAccumulatedNumber >= 12, --, and return kLostDialog
E/VrApi   ( 4176): trackingstate = 0x0,0x0
I/TimeWarp( 4176): DIATW SelectRT Bad Pose.Orientation in bufferNum 19!
I/TimeWarp( 4176): DIATW SelectRT Nothing to draw, draw black!
I/TimeWarp( 4176): DIATW SelectRT Bad Pose.Orientation in bufferNum 19!
I/TimeWarp( 4176): DIATW SelectRT Nothing to draw, draw black!
I/GsDialog( 4176): BoundarySystem::CalculateDialogState::mDialogAccumulatedNumber >= 12, --, and return kLostDialog
E/VrApi   ( 4176): trackingstate = 0x0,0x0
I/TimeWarp( 4176): DIATW SelectRT Bad Pose.Orientation in bufferNum 19!
I/TimeWarp( 4176): DIATW SelectRT Nothing to draw, draw black!
I/TimeWarp( 4176): DIATW SelectRT Bad Pose.Orientation in bufferNum 20!
I/TimeWarp( 4176): DIATW SelectRT Nothing to draw, draw black!
I/TimeWarp( 4176): DIATW SelectRT Bad Pose.Orientation in bufferNum 20!
I/TimeWarp( 4176): DIATW SelectRT Nothing to draw, draw black!
I/GsDialog( 4176): BoundarySystem::CalculateDialogState::mDialogAccumulatedNumber >= 12, --, and return kLostDialog
E/VrApi   ( 4176): trackingstate = 0x0,0x0
I/TimeWarp( 4176): DIATW SelectRT Bad Pose.Orientation in bufferNum 21!
I/TimeWarp( 4176): DIATW SelectRT Nothing to draw, draw black!
I/TimeWarp( 4176): DIATW SelectRT Bad Pose.Orientation in bufferNum 21!
I/TimeWarp( 4176): DIATW SelectRT Nothing to draw, draw black!
I/GsDialog( 4176): BoundarySystem::CalculateDialogState::mDialogAccumulatedNumber >= 12, --, and return kLostDialog
E/VrApi   ( 4176): trackingstate = 0x0,0x0
I/TimeWarp( 4176): DIATW SelectRT Bad Pose.Orientation in bufferNum 22!
I/TimeWarp( 4176): DIATW SelectRT Nothing to draw, draw black!
D/HalDevMgr( 1662): onDebugRingBufferDataAvailable
D/HalDevMgr( 1662): onDebugRingBufferDataAvailable
D/HalDevMgr( 1662): onDebugRingBufferDataAvailable
D/HalDevMgr( 1662): onDebugRingBufferDataAvailable
D/HalDevMgr( 1662): onDebugRingBufferDataAvailable
I/TimeWarp( 4176): DIATW SelectRT Bad Pose.Orientation in bufferNum 22!
I/TimeWarp( 4176): DIATW SelectRT Nothing to draw, draw black!
I/GsDialog( 4176): BoundarySystem::CalculateDialogState::mDialogAccumulatedNumber >= 12, --, and return kLostDialog
E/VrApi   ( 4176): trackingstate = 0x0,0x0
I/TimeWarp( 4176): DIATW SelectRT Bad Pose.Orientation in bufferNum 22!
I/TimeWarp( 4176): DIATW SelectRT Nothing to draw, draw black!
I/TimeWarp( 4176): DIATW SelectRT Bad Pose.Orientation in bufferNum 23!
I/TimeWarp( 4176): DIATW SelectRT Nothing to draw, draw black!
I/TimeWarp( 4176): DIATW SelectRT Bad Pose.Orientation in bufferNum 23!
I/TimeWarp( 4176): DIATW SelectRT Nothing to draw, draw black!
I/GsDialog( 4176): BoundarySystem::CalculateDialogState::mDialogAccumulatedNumber >= 12, --, and return kLostDialog
E/VrApi   ( 4176): trackingstate = 0x0,0x0
D/HalDevMgr( 1662): onDebugRingBufferDataAvailable
D/HalDevMgr( 1662): onDebugRingBufferDataAvailable
D/HalDevMgr( 1662): onDebugRingBufferDataAvailable
I/TimeWarp( 4176): DIATW SelectRT Bad Pose.Orientation in bufferNum 24!
I/TimeWarp( 4176): DIATW SelectRT Nothing to draw, draw black!
D/HalDevMgr( 1662): onDebugRingBufferDataAvailable
D/HalDevMgr( 1662): onDebugRingBufferDataAvailable
I/TimeWarp( 4176): DIATW SelectRT Bad Pose.Orientation in bufferNum 24!
I/TimeWarp( 4176): DIATW SelectRT Nothing to draw, draw black!
I/GsDialog( 4176): BoundarySystem::CalculateDialogState::mDialogAccumulatedNumber >= 12, --, and return kLostDialog
E/VrApi   ( 4176): trackingstate = 0x0,0x0
I/TimeWarp( 4176): DIATW SelectRT Bad Pose.Orientation in bufferNum 25!
I/TimeWarp( 4176): DIATW SelectRT Nothing to draw, draw black!
I/TimeWarp( 4176): DIATW SelectRT Bad Pose.Orientation in bufferNum 25!
I/TimeWarp( 4176): DIATW SelectRT Nothing to draw, draw black!
I/TimeWarp( 4176): DIATW SelectRT Bad Pose.Orientation in bufferNum 25!
I/TimeWarp( 4176): DIATW SelectRT Nothing to draw, draw black!
I/GsDialog( 4176): BoundarySystem::CalculateDialogState::mDialogAccumulatedNumber >= 12, --, and return kLostDialog
E/VrApi   ( 4176): trackingstate = 0x0,0x0
I/TimeWarp( 4176): DIATW SelectRT Bad Pose.Orientation in bufferNum 26!
I/TimeWarp( 4176): DIATW SelectRT Nothing to draw, draw black!
I/TimeWarp( 4176): DIATW SelectRT Bad Pose.Orientation in bufferNum 26!
I/TimeWarp( 4176): DIATW SelectRT Nothing to draw, draw black!
I/GsDialog( 4176): BoundarySystem::CalculateDialogState::mDialogAccumulatedNumber >= 12, --, and return kLostDialog
E/VrApi   ( 4176): trackingstate = 0x0,0x0
I/TimeWarp( 4176): DIATW SelectRT Bad Pose.Orientation in bufferNum 27!
I/TimeWarp( 4176): DIATW SelectRT Nothing to draw, draw black!
I/TimeWarp( 4176): DIATW SelectRT Bad Pose.Orientation in bufferNum 27!
I/TimeWarp( 4176): DIATW SelectRT Nothing to draw, draw black!
I/GsDialog( 4176): BoundarySystem::CalculateDialogState::mDialogAccumulatedNumber >= 12, --, and return kLostDialog
E/VrApi   ( 4176): trackingstate = 0x0,0x0
I/TimeWarp( 4176): DIATW SelectRT Bad Pose.Orientation in bufferNum 27!
I/TimeWarp( 4176): DIATW SelectRT Nothing to draw, draw black!
I/TimeWarp( 4176): DIATW SelectRT Bad Pose.Orientation in bufferNum 28!
I/TimeWarp( 4176): DIATW SelectRT Nothing to draw, draw black!
I/TimeWarp( 4176): DIATW SelectRT Bad Pose.Orientation in bufferNum 28!
I/TimeWarp( 4176): DIATW SelectRT Nothing to draw, draw black!
I/GsDialog( 4176): BoundarySystem::CalculateDialogState::mDialogAccumulatedNumber >= 12, --, and return kLostDialog
E/VrApi   ( 4176): trackingstate = 0x0,0x0
I/TimeWarp( 4176): DIATW SelectRT Bad Pose.Orientation in bufferNum 29!
I/TimeWarp( 4176): DIATW SelectRT Nothing to draw, draw black!
I/TimeWarp( 4176): DIATW SelectRT Bad Pose.Orientation in bufferNum 29!
I/TimeWarp( 4176): DIATW SelectRT Nothing to draw, draw black!
I/GsDialog( 4176): BoundarySystem::CalculateDialogState::mDialogAccumulatedNumber >= 12, --, and return kLostDialog
E/VrApi   ( 4176): trackingstate = 0x0,0x0
I/TimeWarp( 4176): DIATW SelectRT Bad Pose.Orientation in bufferNum 29!
I/TimeWarp( 4176): DIATW SelectRT Nothing to draw, draw black!
I/TimeWarp( 4176): DIATW SelectRT Bad Pose.Orientation in bufferNum 30!
I/TimeWarp( 4176): DIATW SelectRT Nothing to draw, draw black!
I/TimeWarp( 4176): DIATW SelectRT Bad Pose.Orientation in bufferNum 30!
I/TimeWarp( 4176): DIATW SelectRT Nothing to draw, draw black!
I/GsDialog( 4176): BoundarySystem::CalculateDialogState::mDialogAccumulatedNumber >= 12, --, and return kLostDialog
E/VrApi   ( 4176): trackingstate = 0x0,0x0
I/TimeWarp( 4176): DIATW SelectRT Bad Pose.Orientation in bufferNum 31!
I/TimeWarp( 4176): DIATW SelectRT Nothing to draw, draw black!
I/TimeWarp( 4176): DIATW SelectRT Bad Pose.Orientation in bufferNum 31!
I/TimeWarp( 4176): DIATW SelectRT Nothing to draw, draw black!
I/GsDialog( 4176): BoundarySystem::CalculateDialogState::mDialogAccumulatedNumber >= 12, --, and return kLostDialog
E/VrApi   ( 4176): trackingstate = 0x0,0x0
I/TimeWarp( 4176): DIATW SelectRT Bad Pose.Orientation in bufferNum 32!
I/TimeWarp( 4176): DIATW SelectRT Nothing to draw, draw black!
I/TimeWarp( 4176): DIATW SelectRT Bad Pose.Orientation in bufferNum 32!
I/TimeWarp( 4176): DIATW SelectRT Nothing to draw, draw black!
I/GsDialog( 4176): BoundarySystem::CalculateDialogState::mDialogAccumulatedNumber >= 12, --, and return kLostDialog
E/VrApi   ( 4176): trackingstate = 0x0,0x0
I/TimeWarp( 4176): DIATW SelectRT Bad Pose.Orientation in bufferNum 32!
I/TimeWarp( 4176): DIATW SelectRT Nothing to draw, draw black!
I/TimeWarp( 4176): DIATW SelectRT Bad Pose.Orientation in bufferNum 33!
I/TimeWarp( 4176): DIATW SelectRT Nothing to draw, draw black!
I/TimeWarp( 4176): DIATW SelectRT Bad Pose.Orientation in bufferNum 33!
I/TimeWarp( 4176): DIATW SelectRT Nothing to draw, draw black!
I/GsDialog( 4176): BoundarySystem::CalculateDialogState::mDialogAccumulatedNumber >= 12, --, and return kLostDialog
E/VrApi   ( 4176): trackingstate = 0x0,0x0
I/TimeWarp( 4176): DIATW SelectRT Bad Pose.Orientation in bufferNum 34!
I/TimeWarp( 4176): DIATW SelectRT Nothing to draw, draw black!
I/TimeWarp( 4176): DIATW SelectRT Bad Pose.Orientation in bufferNum 34!
I/TimeWarp( 4176): DIATW SelectRT Nothing to draw, draw black!
I/GsDialog( 4176): BoundarySystem::CalculateDialogState::mDialogAccumulatedNumber >= 12, --, and return kLostDialog
E/VrApi   ( 4176): trackingstate = 0x0,0x0
I/TimeWarp( 4176): DIATW SelectRT Bad Pose.Orientation in bufferNum 35!
I/TimeWarp( 4176): DIATW SelectRT Nothing to draw, draw black!
I/TimeWarp( 4176): DIATW SelectRT Bad Pose.Orientation in bufferNum 35!
I/TimeWarp( 4176): DIATW SelectRT Nothing to draw, draw black!
I/TimeWarp( 4176): DIATW SelectRT Bad Pose.Orientation in bufferNum 35!
I/TimeWarp( 4176): DIATW SelectRT Nothing to draw, draw black!
I/GsDialog( 4176): BoundarySystem::CalculateDialogState::mDialogAccumulatedNumber >= 12, --, and return kLostDialog
E/VrApi   ( 4176): trackingstate = 0x0,0x0
I/TimeWarp( 4176): DIATW SelectRT Bad Pose.Orientation in bufferNum 36!
I/TimeWarp( 4176): DIATW SelectRT Nothing to draw, draw black!
I/TimeWarp( 4176): DIATW SelectRT Bad Pose.Orientation in bufferNum 36!
I/TimeWarp( 4176): DIATW SelectRT Nothing to draw, draw black!
I/GsDialog( 4176): BoundarySystem::CalculateDialogState::mDialogAccumulatedNumber >= 12, --, and return kLostDialog
E/VrApi   ( 4176): trackingstate = 0x0,0x0
I/TimeWarp( 4176): DIATW SelectRT Bad Pose.Orientation in bufferNum 37!
I/TimeWarp( 4176): DIATW SelectRT Nothing to draw, draw black!
D/PvrPlatform( 1146): Already keep stationary state for 0 secend
I/chatty  ( 1146): uid=0(root) /system/bin/pvrservice identical 1 line
D/PvrPlatform( 1146): Already keep stationary state for 0 secend
I/TimeWarp( 4176): DIATW SelectRT Bad Pose.Orientation in bufferNum 37!
I/TimeWarp( 4176): DIATW SelectRT Nothing to draw, draw black!
I/GsDialog( 4176): BoundarySystem::CalculateDialogState::mDialogAccumulatedNumber >= 12, --, and return kLostDialog
E/VrApi   ( 4176): trackingstate = 0x0,0x0
I/TimeWarp( 4176): DIATW SelectRT Bad Pose.Orientation in bufferNum 37!
I/TimeWarp( 4176): DIATW SelectRT Nothing to draw, draw black!
I/TimeWarp( 4176): DIATW SelectRT Bad Pose.Orientation in bufferNum 38!
I/TimeWarp( 4176): DIATW SelectRT Nothing to draw, draw black!
E/PvrPlatform( 1146): ALOOPER_POLL_TIMEOUT
I/TimeWarp( 4176): DIATW SelectRT Bad Pose.Orientation in bufferNum 38!
I/TimeWarp( 4176): DIATW SelectRT Nothing to draw, draw black!
D/HalDevMgr( 1662): onDebugRingBufferDataAvailable
I/GsDialog( 4176): BoundarySystem::CalculateDialogState::mDialogAccumulatedNumber >= 12, --, and return kLostDialog
E/VrApi   ( 4176): trackingstate = 0x0,0x0
D/HalDevMgr( 1662): onDebugRingBufferDataAvailable
I/chatty  ( 1662): uid=1000(system) HwBinder:1662_2 identical 2 lines
D/HalDevMgr( 1662): onDebugRingBufferDataAvailable
I/TimeWarp( 4176): DIATW SelectRT Bad Pose.Orientation in bufferNum 39!
I/TimeWarp( 4176): DIATW SelectRT Nothing to draw, draw black!
I/TimeWarp( 4176): DIATW SelectRT Bad Pose.Orientation in bufferNum 39!
I/TimeWarp( 4176): DIATW SelectRT Nothing to draw, draw black!
I/GsDialog( 4176): BoundarySystem::CalculateDialogState::mDialogAccumulatedNumber >= 12, --, and return kLostDialog
E/VrApi   ( 4176): trackingstate = 0x0,0x0
I/TimeWarp( 4176): DIATW SelectRT Bad Pose.Orientation in bufferNum 40!
I/TimeWarp( 4176): DIATW SelectRT Nothing to draw, draw black!
I/TimeWarp( 4176): DIATW SelectRT Bad Pose.Orientation in bufferNum 40!
I/TimeWarp( 4176): DIATW SelectRT Nothing to draw, draw black!
I/TimeWarp( 4176): DIATW SelectRT Bad Pose.Orientation in bufferNum 40!
I/TimeWarp( 4176): DIATW SelectRT Nothing to draw, draw black!
I/GsDialog( 4176): BoundarySystem::CalculateDialogState::mDialogAccumulatedNumber >= 12, --, and return kLostDialog
E/VrApi   ( 4176): trackingstate = 0x0,0x0
I/TimeWarp( 4176): DIATW SelectRT Bad Pose.Orientation in bufferNum 41!
I/TimeWarp( 4176): DIATW SelectRT Nothing to draw, draw black!
I/ServiceManager( 4176): Waiting for service 'airservice' on '/dev/binder'...
I/TimeWarp( 4176): DIATW SelectRT Bad Pose.Orientation in bufferNum 41!
I/TimeWarp( 4176): DIATW SelectRT Nothing to draw, draw black!
I/GsDialog( 4176): BoundarySystem::CalculateDialogState::mDialogAccumulatedNumber >= 12, --, and return kLostDialog
E/VrApi   ( 4176): trackingstate = 0x0,0x0
I/TimeWarp( 4176): DIATW SelectRT Bad Pose.Orientation in bufferNum 42!
I/TimeWarp( 4176): DIATW SelectRT Nothing to draw, draw black!
I/TimeWarp( 4176): DIATW SelectRT Bad Pose.Orientation in bufferNum 42!
I/TimeWarp( 4176): DIATW SelectRT Nothing to draw, draw black!
I/GsDialog( 4176): BoundarySystem::CalculateDialogState::mDialogAccumulatedNumber >= 12, --, and return kLostDialog
E/VrApi   ( 4176): trackingstate = 0x0,0x0
I/TimeWarp( 4176): DIATW SelectRT Bad Pose.Orientation in bufferNum 42!
I/TimeWarp( 4176): DIATW SelectRT Nothing to draw, draw black!
I/TimeWarp( 4176): DIATW SelectRT Bad Pose.Orientation in bufferNum 43!
I/TimeWarp( 4176): DIATW SelectRT Nothing to draw, draw black!
I/TimeWarp( 4176): DIATW SelectRT Bad Pose.Orientation in bufferNum 43!
I/TimeWarp( 4176): DIATW SelectRT Nothing to draw, draw black!
I/GsDialog( 4176): BoundarySystem::CalculateDialogState::mDialogAccumulatedNumber >= 12, --, and return kLostDialog
E/VrApi   ( 4176): trackingstate = 0x0,0x0
I/ServiceManager( 4176): Waiting for service 'virtual_input' on '/dev/binder'...
I/TimeWarp( 4176): DIATW SelectRT Bad Pose.Orientation in bufferNum 44!
I/TimeWarp( 4176): DIATW SelectRT Nothing to draw, draw black!
I/TimeWarp( 4176): DIATW SelectRT Bad Pose.Orientation in bufferNum 44!
I/TimeWarp( 4176): DIATW SelectRT Nothing to draw, draw black!
I/GsDialog( 4176): BoundarySystem::CalculateDialogState::mDialogAccumulatedNumber >= 12, --, and return kLostDialog
E/VrApi   ( 4176): trackingstate = 0x0,0x0
I/TimeWarp( 4176): DIATW SelectRT Bad Pose.Orientation in bufferNum 45!
I/TimeWarp( 4176): DIATW SelectRT Nothing to draw, draw black!
I/TimeWarp( 4176): DIATW SelectRT Bad Pose.Orientation in bufferNum 45!
I/TimeWarp( 4176): DIATW SelectRT Nothing to draw, draw black!
I/TimeWarp( 4176): DIATW SelectRT Bad Pose.Orientation in bufferNum 45!
I/TimeWarp( 4176): DIATW SelectRT Nothing to draw, draw black!
I/GsDialog( 4176): BoundarySystem::CalculateDialogState::mDialogAccumulatedNumber >= 12, --, and return kLostDialog
E/VrApi   ( 4176): trackingstate = 0x0,0x0
I/TimeWarp( 4176): DIATW SelectRT Bad Pose.Orientation in bufferNum 46!
I/TimeWarp( 4176): DIATW SelectRT Nothing to draw, draw black!
I/TimeWarp( 4176): DIATW SelectRT Bad Pose.Orientation in bufferNum 46!
I/TimeWarp( 4176): DIATW SelectRT Nothing to draw, draw black!
I/GsDialog( 4176): BoundarySystem::CalculateDialogState::mDialogAccumulatedNumber >= 12, --, and return kLostDialog
E/VrApi   ( 4176): trackingstate = 0x0,0x0
I/TimeWarp( 4176): DIATW SelectRT Bad Pose.Orientation in bufferNum 47!
I/TimeWarp( 4176): DIATW SelectRT Nothing to draw, draw black!
I/TimeWarp( 4176): DIATW SelectRT Bad Pose.Orientation in bufferNum 47!
I/TimeWarp( 4176): DIATW SelectRT Nothing to draw, draw black!
I/GsDialog( 4176): BoundarySystem::CalculateDialogState::mDialogAccumulatedNumber >= 12, --, and return kLostDialog
E/VrApi   ( 4176): trackingstate = 0x0,0x0
I/TimeWarp( 4176): DIATW SelectRT Bad Pose.Orientation in bufferNum 47!
I/TimeWarp( 4176): DIATW SelectRT Nothing to draw, draw black!
I/TimeWarp( 4176): DIATW SelectRT Bad Pose.Orientation in bufferNum 48!
I/TimeWarp( 4176): DIATW SelectRT Nothing to draw, draw black!
I/TimeWarp( 4176): DIATW SelectRT Bad Pose.Orientation in bufferNum 48!
I/TimeWarp( 4176): DIATW SelectRT Nothing to draw, draw black!
I/GsDialog( 4176): BoundarySystem::CalculateDialogState::mDialogAccumulatedNumber >= 12, --, and return kLostDialog
E/VrApi   ( 4176): trackingstate = 0x0,0x0
I/TimeWarp( 4176): DIATW SelectRT Bad Pose.Orientation in bufferNum 49!
I/TimeWarp( 4176): DIATW SelectRT Nothing to draw, draw black!
I/TimeWarp( 4176): DIATW SelectRT Bad Pose.Orientation in bufferNum 49!
I/TimeWarp( 4176): DIATW SelectRT Nothing to draw, draw black!
I/GsDialog( 4176): BoundarySystem::CalculateDialogState::mDialogAccumulatedNumber >= 12, --, and return kLostDialog
E/VrApi   ( 4176): trackingstate = 0x0,0x0
I/TimeWarp( 4176): DIATW SelectRT Bad Pose.Orientation in bufferNum 50!
I/TimeWarp( 4176): DIATW SelectRT Nothing to draw, draw black!
I/TimeWarp( 4176): DIATW SelectRT Bad Pose.Orientation in bufferNum 50!
I/TimeWarp( 4176): DIATW SelectRT Nothing to draw, draw black!
I/GsDialog( 4176): BoundarySystem::CalculateDialogState::mDialogAccumulatedNumber >= 12, --, and return kLostDialog
E/VrApi   ( 4176): trackingstate = 0x0,0x0
I/TimeWarp( 4176): DIATW SelectRT Bad Pose.Orientation in bufferNum 50!
I/TimeWarp( 4176): DIATW SelectRT Nothing to draw, draw black!
I/TimeWarp( 4176): DIATW SelectRT Bad Pose.Orientation in bufferNum 51!
I/TimeWarp( 4176): DIATW SelectRT Nothing to draw, draw black!
I/TimeWarp( 4176): DIATW SelectRT Bad Pose.Orientation in bufferNum 51!
I/TimeWarp( 4176): DIATW SelectRT Nothing to draw, draw black!
I/GsDialog( 4176): BoundarySystem::CalculateDialogState::mDialogAccumulatedNumber >= 12, --, and return kLostDialog
E/VrApi   ( 4176): trackingstate = 0x0,0x0
I/TimeWarp( 4176): DIATW SelectRT Bad Pose.Orientation in bufferNum 52!
I/TimeWarp( 4176): DIATW SelectRT Nothing to draw, draw black!
I/TimeWarp( 4176): DIATW SelectRT Bad Pose.Orientation in bufferNum 52!
I/TimeWarp( 4176): DIATW SelectRT Nothing to draw, draw black!
D/HalDevMgr( 1662): onDebugRingBufferDataAvailable
I/GsDialog( 4176): BoundarySystem::CalculateDialogState::mDialogAccumulatedNumber >= 12, --, and return kLostDialog
E/VrApi   ( 4176): trackingstate = 0x0,0x0
D/HalDevMgr( 1662): onDebugRingBufferDataAvailable
I/chatty  ( 1662): uid=1000(system) HwBinder:1662_3 identical 2 lines
D/HalDevMgr( 1662): onDebugRingBufferDataAvailable
I/TimeWarp( 4176): DIATW SelectRT Bad Pose.Orientation in bufferNum 53!
I/TimeWarp( 4176): DIATW SelectRT Nothing to draw, draw black!
I/TimeWarp( 4176): DIATW SelectRT Bad Pose.Orientation in bufferNum 53!
I/TimeWarp( 4176): DIATW SelectRT Nothing to draw, draw black!
I/TimeWarp( 4176): DIATW SelectRT Bad Pose.Orientation in bufferNum 53!
I/TimeWarp( 4176): DIATW SelectRT Nothing to draw, draw black!
I/GsDialog( 4176): BoundarySystem::CalculateDialogState::mDialogAccumulatedNumber >= 12, --, and return kLostDialog
E/VrApi   ( 4176): trackingstate = 0x0,0x0
I/TimeWarp( 4176): DIATW SelectRT Bad Pose.Orientation in bufferNum 54!
I/TimeWarp( 4176): DIATW SelectRT Nothing to draw, draw black!
I/TimeWarp( 4176): DIATW SelectRT Bad Pose.Orientation in bufferNum 54!
I/TimeWarp( 4176): DIATW SelectRT Nothing to draw, draw black!
I/GsDialog( 4176): BoundarySystem::CalculateDialogState::mDialogAccumulatedNumber >= 12, --, and return kLostDialog
E/VrApi   ( 4176): trackingstate = 0x0,0x0
D/HalDevMgr( 1662): onDebugRingBufferDataAvailable
I/chatty  ( 1662): uid=1000(system) HwBinder:1662_3 identical 3 lines
D/HalDevMgr( 1662): onDebugRingBufferDataAvailable
I/TimeWarp( 4176): DIATW SelectRT Bad Pose.Orientation in bufferNum 55!
I/TimeWarp( 4176): DIATW SelectRT Nothing to draw, draw black!
I/TimeWarp( 4176): DIATW SelectRT Bad Pose.Orientation in bufferNum 55!
I/TimeWarp( 4176): DIATW SelectRT Nothing to draw, draw black!
I/GsDialog( 4176): BoundarySystem::CalculateDialogState::mDialogAccumulatedNumber >= 12, --, and return kLostDialog
E/VrApi   ( 4176): trackingstate = 0x0,0x0
I/TimeWarp( 4176): DIATW SelectRT Bad Pose.Orientation in bufferNum 55!
I/TimeWarp( 4176): DIATW SelectRT Nothing to draw, draw black!
I/TimeWarp( 4176): DIATW SelectRT Bad Pose.Orientation in bufferNum 56!
I/TimeWarp( 4176): DIATW SelectRT Nothing to draw, draw black!
I/TimeWarp( 4176): DIATW SelectRT Bad Pose.Orientation in bufferNum 56!
I/TimeWarp( 4176): DIATW SelectRT Nothing to draw, draw black!
I/GsDialog( 4176): BoundarySystem::CalculateDialogState::mDialogAccumulatedNumber >= 12, --, and return kLostDialog
E/VrApi   ( 4176): trackingstate = 0x0,0x0
I/TimeWarp( 4176): DIATW SelectRT Bad Pose.Orientation in bufferNum 57!
I/TimeWarp( 4176): DIATW SelectRT Nothing to draw, draw black!
I/TimeWarp( 4176): DIATW SelectRT Bad Pose.Orientation in bufferNum 57!
I/TimeWarp( 4176): DIATW SelectRT Nothing to draw, draw black!
I/GsDialog( 4176): BoundarySystem::CalculateDialogState::mDialogAccumulatedNumber >= 12, --, and return kLostDialog
E/VrApi   ( 4176): trackingstate = 0x0,0x0
I/TimeWarp( 4176): DIATW SelectRT Bad Pose.Orientation in bufferNum 58!
I/TimeWarp( 4176): DIATW SelectRT Nothing to draw, draw black!
I/TimeWarp( 4176): DIATW SelectRT Bad Pose.Orientation in bufferNum 58!
I/TimeWarp( 4176): DIATW SelectRT Nothing to draw, draw black!
I/TimeWarp( 4176): DIATW SelectRT Bad Pose.Orientation in bufferNum 58!
I/TimeWarp( 4176): DIATW SelectRT Nothing to draw, draw black!
I/GsDialog( 4176): BoundarySystem::CalculateDialogState::mDialogAccumulatedNumber >= 12, --, and return kLostDialog
E/VrApi   ( 4176): trackingstate = 0x0,0x0
I/TimeWarp( 4176): DIATW SelectRT Bad Pose.Orientation in bufferNum 59!
I/TimeWarp( 4176): DIATW SelectRT Nothing to draw, draw black!
I/TimeWarp( 4176): DIATW SelectRT Bad Pose.Orientation in bufferNum 59!
I/TimeWarp( 4176): DIATW SelectRT Nothing to draw, draw black!
I/GsDialog( 4176): BoundarySystem::CalculateDialogState::mDialogAccumulatedNumber >= 12, --, and return kLostDialog
E/VrApi   ( 4176): trackingstate = 0x0,0x0
I/TimeWarp( 4176): DIATW SelectRT Bad Pose.Orientation in bufferNum 60!
I/TimeWarp( 4176): DIATW SelectRT Nothing to draw, draw black!
I/TimeWarp( 4176): DIATW SelectRT Bad Pose.Orientation in bufferNum 60!
I/TimeWarp( 4176): DIATW SelectRT Nothing to draw, draw black!
I/GsDialog( 4176): BoundarySystem::CalculateDialogState::mDialogAccumulatedNumber >= 12, --, and return kLostDialog
E/VrApi   ( 4176): trackingstate = 0x0,0x0
I/TimeWarp( 4176): DIATW SelectRT Bad Pose.Orientation in bufferNum 60!
I/TimeWarp( 4176): DIATW SelectRT Nothing to draw, draw black!
I/TimeWarp( 4176): DIATW SelectRT Bad Pose.Orientation in bufferNum 61!
I/TimeWarp( 4176): DIATW SelectRT Nothing to draw, draw black!
I/TimeWarp( 4176): DIATW SelectRT Bad Pose.Orientation in bufferNum 61!
I/TimeWarp( 4176): DIATW SelectRT Nothing to draw, draw black!
I/GsDialog( 4176): BoundarySystem::CalculateDialogState::mDialogAccumulatedNumber >= 12, --, and return kLostDialog
E/VrApi   ( 4176): trackingstate = 0x0,0x0
I/TimeWarp( 4176): DIATW SelectRT Bad Pose.Orientation in bufferNum 62!
I/TimeWarp( 4176): DIATW SelectRT Nothing to draw, draw black!
I/TimeWarp( 4176): DIATW SelectRT Bad Pose.Orientation in bufferNum 62!
I/TimeWarp( 4176): DIATW SelectRT Nothing to draw, draw black!
I/GsDialog( 4176): BoundarySystem::CalculateDialogState::mDialogAccumulatedNumber >= 12, --, and return kLostDialog
E/VrApi   ( 4176): trackingstate = 0x0,0x0
E/PvrService( 1146): PvrService getTrackingDataExt ret(0)
E/PvrService( 1146): PvrService getTrackingDataExt rotation(-0.041754, 0.000310, -0.003629, 0.999121)
E/PvrService( 1146): PvrService getTrackingDataExt position(0.000468, -0.006980, -0.086477)
I/TimeWarp( 4176): DIATW SelectRT Bad Pose.Orientation in bufferNum 63!
I/TimeWarp( 4176): DIATW SelectRT Nothing to draw, draw black!
I/TimeWarp( 4176): DIATW SelectRT Bad Pose.Orientation in bufferNum 63!
I/TimeWarp( 4176): DIATW SelectRT Nothing to draw, draw black!
I/TimeWarp( 4176): DIATW SelectRT Bad Pose.Orientation in bufferNum 63!
I/TimeWarp( 4176): DIATW SelectRT Nothing to draw, draw black!
I/GsDialog( 4176): BoundarySystem::CalculateDialogState::mDialogAccumulatedNumber >= 12, --, and return kLostDialog
E/VrApi   ( 4176): trackingstate = 0x0,0x0
I/TimeWarp( 4176): DIATW SelectRT Bad Pose.Orientation in bufferNum 64!
I/TimeWarp( 4176): DIATW SelectRT Nothing to draw, draw black!
I/TimeWarp( 4176): DIATW SelectRT Bad Pose.Orientation in bufferNum 64!
I/TimeWarp( 4176): DIATW SelectRT Nothing to draw, draw black!
I/GsDialog( 4176): BoundarySystem::CalculateDialogState::mDialogAccumulatedNumber >= 12, --, and return kLostDialog
E/VrApi   ( 4176): trackingstate = 0x0,0x0
I/TimeWarp( 4176): DIATW SelectRT Bad Pose.Orientation in bufferNum 65!
I/TimeWarp( 4176): DIATW SelectRT Nothing to draw, draw black!
I/TimeWarp( 4176): DIATW SelectRT Bad Pose.Orientation in bufferNum 65!
I/TimeWarp( 4176): DIATW SelectRT Nothing to draw, draw black!
I/GsDialog( 4176): BoundarySystem::CalculateDialogState::mDialogAccumulatedNumber >= 12, --, and return kLostDialog
E/VrApi   ( 4176): trackingstate = 0x0,0x0
I/TimeWarp( 4176): DIATW SelectRT Bad Pose.Orientation in bufferNum 65!
I/TimeWarp( 4176): DIATW SelectRT Nothing to draw, draw black!
I/TimeWarp( 4176): DIATW SelectRT Bad Pose.Orientation in bufferNum 66!
I/TimeWarp( 4176): DIATW SelectRT Nothing to draw, draw black!
I/TimeWarp( 4176): DIATW SelectRT Bad Pose.Orientation in bufferNum 66!
I/TimeWarp( 4176): DIATW SelectRT Nothing to draw, draw black!
I/GsDialog( 4176): BoundarySystem::CalculateDialogState::mDialogAccumulatedNumber >= 12, --, and return kLostDialog
E/VrApi   ( 4176): trackingstate = 0x0,0x0
I/TimeWarp( 4176): DIATW SelectRT Bad Pose.Orientation in bufferNum 67!
I/TimeWarp( 4176): DIATW SelectRT Nothing to draw, draw black!
D/PvrPlatform( 1146): Already keep stationary state for 1 secend
I/chatty  ( 1146): uid=0(root) /system/bin/pvrservice identical 1 line
D/PvrPlatform( 1146): Already keep stationary state for 1 secend
I/TimeWarp( 4176): DIATW SelectRT Bad Pose.Orientation in bufferNum 67!
I/TimeWarp( 4176): DIATW SelectRT Nothing to draw, draw black!
I/GsDialog( 4176): BoundarySystem::CalculateDialogState::mDialogAccumulatedNumber >= 12, --, and return kLostDialog
E/VrApi   ( 4176): trackingstate = 0x0,0x0
I/TimeWarp( 4176): DIATW SelectRT Bad Pose.Orientation in bufferNum 68!
I/TimeWarp( 4176): DIATW SelectRT Nothing to draw, draw black!
I/TimeWarp( 4176): DIATW SelectRT Bad Pose.Orientation in bufferNum 68!
I/TimeWarp( 4176): DIATW SelectRT Nothing to draw, draw black!
I/TimeWarp( 4176): DIATW SelectRT Bad Pose.Orientation in bufferNum 68!
I/TimeWarp( 4176): DIATW SelectRT Nothing to draw, draw black!
I/GsDialog( 4176): BoundarySystem::CalculateDialogState::mDialogAccumulatedNumber >= 12, --, and return kLostDialog
E/VrApi   ( 4176): trackingstate = 0x0,0x0
I/TimeWarp( 4176): DIATW SelectRT Bad Pose.Orientation in bufferNum 69!
I/TimeWarp( 4176): DIATW SelectRT Nothing to draw, draw black!
I/TimeWarp( 4176): DIATW SelectRT Bad Pose.Orientation in bufferNum 69!
I/TimeWarp( 4176): DIATW SelectRT Nothing to draw, draw black!
I/GsDialog( 4176): BoundarySystem::CalculateDialogState::mDialogAccumulatedNumber >= 12, --, and return kLostDialog
E/VrApi   ( 4176): trackingstate = 0x0,0x0
I/TimeWarp( 4176): DIATW SelectRT Bad Pose.Orientation in bufferNum 70!
I/TimeWarp( 4176): DIATW SelectRT Nothing to draw, draw black!
I/TimeWarp( 4176): DIATW SelectRT Bad Pose.Orientation in bufferNum 70!
I/TimeWarp( 4176): DIATW SelectRT Nothing to draw, draw black!
I/GsDialog( 4176): BoundarySystem::CalculateDialogState::mDialogAccumulatedNumber >= 12, --, and return kLostDialog
E/VrApi   ( 4176): trackingstate = 0x0,0x0
I/TimeWarp( 4176): DIATW SelectRT Bad Pose.Orientation in bufferNum 70!
I/TimeWarp( 4176): DIATW SelectRT Nothing to draw, draw black!
I/TimeWarp( 4176): DIATW SelectRT Bad Pose.Orientation in bufferNum 71!
I/TimeWarp( 4176): DIATW SelectRT Nothing to draw, draw black!
I/ServiceManager( 4176): Waiting for service 'airservice' on '/dev/binder'...
I/TimeWarp( 4176): DIATW SelectRT Bad Pose.Orientation in bufferNum 71!
I/TimeWarp( 4176): DIATW SelectRT Nothing to draw, draw black!
I/GsDialog( 4176): BoundarySystem::CalculateDialogState::mDialogAccumulatedNumber >= 12, --, and return kLostDialog
E/VrApi   ( 4176): trackingstate = 0x0,0x0
I/TimeWarp( 4176): DIATW SelectRT Bad Pose.Orientation in bufferNum 72!
I/TimeWarp( 4176): DIATW SelectRT Nothing to draw, draw black!
I/TimeWarp( 4176): DIATW SelectRT Bad Pose.Orientation in bufferNum 72!
I/TimeWarp( 4176): DIATW SelectRT Nothing to draw, draw black!
I/GsDialog( 4176): BoundarySystem::CalculateDialogState::mDialogAccumulatedNumber >= 12, --, and return kLostDialog
E/VrApi   ( 4176): trackingstate = 0x0,0x0
I/TimeWarp( 4176): DIATW SelectRT Bad Pose.Orientation in bufferNum 73!
I/TimeWarp( 4176): DIATW SelectRT Nothing to draw, draw black!
I/TimeWarp( 4176): DIATW SelectRT Bad Pose.Orientation in bufferNum 73!
I/TimeWarp( 4176): DIATW SelectRT Nothing to draw, draw black!
I/TimeWarp( 4176): DIATW SelectRT Bad Pose.Orientation in bufferNum 73!
I/TimeWarp( 4176): DIATW SelectRT Nothing to draw, draw black!
I/GsDialog( 4176): BoundarySystem::CalculateDialogState::mDialogAccumulatedNumber >= 12, --, and return kLostDialog
E/VrApi   ( 4176): trackingstate = 0x0,0x0
W/ServiceManager( 4176): Service virtual_input didn't start. Returning NULL
I/TimeWarp( 4176): DIATW SelectRT Bad Pose.Orientation in bufferNum 74!
I/TimeWarp( 4176): DIATW SelectRT Nothing to draw, draw black!
I/TimeWarp( 4176): DIATW SelectRT Bad Pose.Orientation in bufferNum 74!
I/TimeWarp( 4176): DIATW SelectRT Nothing to draw, draw black!
I/GsDialog( 4176): BoundarySystem::CalculateDialogState::mDialogAccumulatedNumber >= 12, --, and return kLostDialog
E/VrApi   ( 4176): trackingstate = 0x0,0x0
I/TimeWarp( 4176): DIATW SelectRT Bad Pose.Orientation in bufferNum 75!
I/TimeWarp( 4176): DIATW SelectRT Nothing to draw, draw black!
I/TimeWarp( 4176): DIATW SelectRT Bad Pose.Orientation in bufferNum 75!
I/TimeWarp( 4176): DIATW SelectRT Nothing to draw, draw black!
I/GsDialog( 4176): BoundarySystem::CalculateDialogState::mDialogAccumulatedNumber >= 12, --, and return kLostDialog
E/VrApi   ( 4176): trackingstate = 0x0,0x0
I/TimeWarp( 4176): DIATW SelectRT Bad Pose.Orientation in bufferNum 75!
I/TimeWarp( 4176): DIATW SelectRT Nothing to draw, draw black!
I/TimeWarp( 4176): DIATW SelectRT Bad Pose.Orientation in bufferNum 76!
I/TimeWarp( 4176): DIATW SelectRT Nothing to draw, draw black!
I/TimeWarp( 4176): DIATW SelectRT Bad Pose.Orientation in bufferNum 76!
I/TimeWarp( 4176): DIATW SelectRT Nothing to draw, draw black!
I/GsDialog( 4176): BoundarySystem::CalculateDialogState::mDialogAccumulatedNumber >= 12, --, and return kLostDialog
E/VrApi   ( 4176): trackingstate = 0x0,0x0
I/TimeWarp( 4176): DIATW SelectRT Bad Pose.Orientation in bufferNum 77!
I/TimeWarp( 4176): DIATW SelectRT Nothing to draw, draw black!
I/TimeWarp( 4176): DIATW SelectRT Bad Pose.Orientation in bufferNum 77!
I/TimeWarp( 4176): DIATW SelectRT Nothing to draw, draw black!
I/GsDialog( 4176): BoundarySystem::CalculateDialogState::mDialogAccumulatedNumber >= 12, --, and return kLostDialog
E/VrApi   ( 4176): trackingstate = 0x0,0x0
I/TimeWarp( 4176): DIATW SelectRT Bad Pose.Orientation in bufferNum 78!
I/TimeWarp( 4176): DIATW SelectRT Nothing to draw, draw black!
I/TimeWarp( 4176): DIATW SelectRT Bad Pose.Orientation in bufferNum 78!
I/TimeWarp( 4176): DIATW SelectRT Nothing to draw, draw black!
I/TimeWarp( 4176): DIATW SelectRT Bad Pose.Orientation in bufferNum 78!
I/TimeWarp( 4176): DIATW SelectRT Nothing to draw, draw black!
I/GsDialog( 4176): BoundarySystem::CalculateDialogState::mDialogAccumulatedNumber >= 12, --, and return kLostDialog
E/VrApi   ( 4176): trackingstate = 0x0,0x0
I/TimeWarp( 4176): DIATW SelectRT Bad Pose.Orientation in bufferNum 79!
I/TimeWarp( 4176): DIATW SelectRT Nothing to draw, draw black!
I/TimeWarp( 4176): DIATW SelectRT Bad Pose.Orientation in bufferNum 79!
I/TimeWarp( 4176): DIATW SelectRT Nothing to draw, draw black!
I/GsDialog( 4176): BoundarySystem::CalculateDialogState::mDialogAccumulatedNumber >= 12, --, and return kLostDialog
E/VrApi   ( 4176): trackingstate = 0x0,0x0
I/TimeWarp( 4176): DIATW SelectRT Bad Pose.Orientation in bufferNum 80!
I/TimeWarp( 4176): DIATW SelectRT Nothing to draw, draw black!
I/TimeWarp( 4176): DIATW SelectRT Bad Pose.Orientation in bufferNum 80!
I/TimeWarp( 4176): DIATW SelectRT Nothing to draw, draw black!
I/GsDialog( 4176): BoundarySystem::CalculateDialogState::mDialogAccumulatedNumber >= 12, --, and return kLostDialog
E/VrApi   ( 4176): trackingstate = 0x0,0x0
I/TimeWarp( 4176): DIATW SelectRT Bad Pose.Orientation in bufferNum 80!
I/TimeWarp( 4176): DIATW SelectRT Nothing to draw, draw black!
I/TimeWarp( 4176): DIATW SelectRT Bad Pose.Orientation in bufferNum 81!
I/TimeWarp( 4176): DIATW SelectRT Nothing to draw, draw black!
I/TimeWarp( 4176): DIATW SelectRT Bad Pose.Orientation in bufferNum 81!
I/TimeWarp( 4176): DIATW SelectRT Nothing to draw, draw black!
I/GsDialog( 4176): BoundarySystem::CalculateDialogState::mDialogAccumulatedNumber >= 12, --, and return kLostDialog
E/VrApi   ( 4176): trackingstate = 0x0,0x0
I/TimeWarp( 4176): DIATW SelectRT Bad Pose.Orientation in bufferNum 82!
I/TimeWarp( 4176): DIATW SelectRT Nothing to draw, draw black!
I/TimeWarp( 4176): DIATW SelectRT Bad Pose.Orientation in bufferNum 82!
I/TimeWarp( 4176): DIATW SelectRT Nothing to draw, draw black!
I/GsDialog( 4176): BoundarySystem::CalculateDialogState::mDialogAccumulatedNumber >= 12, --, and return kLostDialog
E/VrApi   ( 4176): trackingstate = 0x0,0x0
I/TimeWarp( 4176): DIATW SelectRT Bad Pose.Orientation in bufferNum 83!
I/TimeWarp( 4176): DIATW SelectRT Nothing to draw, draw black!
I/TimeWarp( 4176): DIATW SelectRT Bad Pose.Orientation in bufferNum 83!
I/TimeWarp( 4176): DIATW SelectRT Nothing to draw, draw black!
I/GsDialog( 4176): BoundarySystem::CalculateDialogState::mDialogAccumulatedNumber >= 12, --, and return kLostDialog
E/VrApi   ( 4176): trackingstate = 0x0,0x0
I/TimeWarp( 4176): DIATW SelectRT Bad Pose.Orientation in bufferNum 83!
I/TimeWarp( 4176): DIATW SelectRT Nothing to draw, draw black!
I/TimeWarp( 4176): DIATW SelectRT Bad Pose.Orientation in bufferNum 84!
I/TimeWarp( 4176): DIATW SelectRT Nothing to draw, draw black!
I/TimeWarp( 4176): DIATW SelectRT Bad Pose.Orientation in bufferNum 84!
I/TimeWarp( 4176): DIATW SelectRT Nothing to draw, draw black!
I/GsDialog( 4176): BoundarySystem::CalculateDialogState::mDialogAccumulatedNumber >= 12, --, and return kLostDialog
E/VrApi   ( 4176): trackingstate = 0x0,0x0
I/TimeWarp( 4176): DIATW SelectRT Bad Pose.Orientation in bufferNum 85!
I/TimeWarp( 4176): DIATW SelectRT Nothing to draw, draw black!
D/HalDevMgr( 1662): onDebugRingBufferDataAvailable
D/HalDevMgr( 1662): onDebugRingBufferDataAvailable
D/HalDevMgr( 1662): onDebugRingBufferDataAvailable
I/chatty  ( 1662): uid=1000(system) HwBinder:1662_2 identical 1 line
D/HalDevMgr( 1662): onDebugRingBufferDataAvailable
I/TimeWarp( 4176): DIATW SelectRT Bad Pose.Orientation in bufferNum 85!
I/TimeWarp( 4176): DIATW SelectRT Nothing to draw, draw black!
I/GsDialog( 4176): BoundarySystem::CalculateDialogState::mDialogAccumulatedNumber >= 12, --, and return kLostDialog
E/VrApi   ( 4176): trackingstate = 0x0,0x0
I/TimeWarp( 4176): DIATW SelectRT Bad Pose.Orientation in bufferNum 86!
I/TimeWarp( 4176): DIATW SelectRT Nothing to draw, draw black!
I/TimeWarp( 4176): DIATW SelectRT Bad Pose.Orientation in bufferNum 86!
I/TimeWarp( 4176): DIATW SelectRT Nothing to draw, draw black!
I/TimeWarp( 4176): DIATW SelectRT Bad Pose.Orientation in bufferNum 86!
I/TimeWarp( 4176): DIATW SelectRT Nothing to draw, draw black!
I/GsDialog( 4176): BoundarySystem::CalculateDialogState::mDialogAccumulatedNumber >= 12, --, and return kLostDialog
E/VrApi   ( 4176): trackingstate = 0x0,0x0
I/TimeWarp( 4176): DIATW SelectRT Bad Pose.Orientation in bufferNum 87!
I/TimeWarp( 4176): DIATW SelectRT Nothing to draw, draw black!
I/TimeWarp( 4176): DIATW SelectRT Bad Pose.Orientation in bufferNum 87!
I/TimeWarp( 4176): DIATW SelectRT Nothing to draw, draw black!
I/GsDialog( 4176): BoundarySystem::CalculateDialogState::mDialogAccumulatedNumber >= 12, --, and return kLostDialog
E/VrApi   ( 4176): trackingstate = 0x0,0x0
I/TimeWarp( 4176): DIATW SelectRT Bad Pose.Orientation in bufferNum 88!
I/TimeWarp( 4176): DIATW SelectRT Nothing to draw, draw black!
E/MSM-irqbalance( 1614): IRQ 76 not found in internal structure or should be ignored
E/MSM-irqbalance( 1614): IRQ 76 not found in internal structure or should be ignored
I/TimeWarp( 4176): DIATW SelectRT Bad Pose.Orientation in bufferNum 88!
I/TimeWarp( 4176): DIATW SelectRT Nothing to draw, draw black!
I/GsDialog( 4176): BoundarySystem::CalculateDialogState::mDialogAccumulatedNumber >= 12, --, and return kLostDialog
E/VrApi   ( 4176): trackingstate = 0x0,0x0
I/TimeWarp( 4176): DIATW SelectRT Bad Pose.Orientation in bufferNum 88!
I/TimeWarp( 4176): DIATW SelectRT Nothing to draw, draw black!
I/ServiceManager( 4176): Waiting for service 'virtual_input' on '/dev/binder'...
I/TimeWarp( 4176): DIATW SelectRT Bad Pose.Orientation in bufferNum 89!
I/TimeWarp( 4176): DIATW SelectRT Nothing to draw, draw black!
I/TimeWarp( 4176): DIATW SelectRT Bad Pose.Orientation in bufferNum 89!
I/TimeWarp( 4176): DIATW SelectRT Nothing to draw, draw black!
I/GsDialog( 4176): BoundarySystem::CalculateDialogState::mDialogAccumulatedNumber >= 12, --, and return kLostDialog
E/VrApi   ( 4176): trackingstate = 0x0,0x0
I/TimeWarp( 4176): DIATW SelectRT Bad Pose.Orientation in bufferNum 90!
I/TimeWarp( 4176): DIATW SelectRT Nothing to draw, draw black!
I/TimeWarp( 4176): DIATW SelectRT Bad Pose.Orientation in bufferNum 90!
I/TimeWarp( 4176): DIATW SelectRT Nothing to draw, draw black!
I/GsDialog( 4176): BoundarySystem::CalculateDialogState::mDialogAccumulatedNumber >= 12, --, and return kLostDialog
E/VrApi   ( 4176): trackingstate = 0x0,0x0
I/TimeWarp( 4176): DIATW SelectRT Bad Pose.Orientation in bufferNum 91!
I/TimeWarp( 4176): DIATW SelectRT Nothing to draw, draw black!
I/TimeWarp( 4176): DIATW SelectRT Bad Pose.Orientation in bufferNum 91!
I/TimeWarp( 4176): DIATW SelectRT Nothing to draw, draw black!
I/TimeWarp( 4176): DIATW SelectRT Bad Pose.Orientation in bufferNum 91!
I/TimeWarp( 4176): DIATW SelectRT Nothing to draw, draw black!
I/GsDialog( 4176): BoundarySystem::CalculateDialogState::mDialogAccumulatedNumber >= 12, --, and return kLostDialog
E/VrApi   ( 4176): trackingstate = 0x0,0x0
I/TimeWarp( 4176): DIATW SelectRT Bad Pose.Orientation in bufferNum 92!
I/TimeWarp( 4176): DIATW SelectRT Nothing to draw, draw black!
I/TimeWarp( 4176): DIATW SelectRT Bad Pose.Orientation in bufferNum 92!
I/TimeWarp( 4176): DIATW SelectRT Nothing to draw, draw black!
I/GsDialog( 4176): BoundarySystem::CalculateDialogState::mDialogAccumulatedNumber >= 12, --, and return kLostDialog
E/VrApi   ( 4176): trackingstate = 0x0,0x0
I/TimeWarp( 4176): DIATW SelectRT Bad Pose.Orientation in bufferNum 93!
I/TimeWarp( 4176): DIATW SelectRT Nothing to draw, draw black!
I/TimeWarp( 4176): DIATW SelectRT Bad Pose.Orientation in bufferNum 93!
I/TimeWarp( 4176): DIATW SelectRT Nothing to draw, draw black!
I/GsDialog( 4176): BoundarySystem::CalculateDialogState::mDialogAccumulatedNumber >= 12, --, and return kLostDialog
E/VrApi   ( 4176): trackingstate = 0x0,0x0
I/TimeWarp( 4176): DIATW SelectRT Bad Pose.Orientation in bufferNum 93!
I/TimeWarp( 4176): DIATW SelectRT Nothing to draw, draw black!
I/TimeWarp( 4176): DIATW SelectRT Bad Pose.Orientation in bufferNum 94!
I/TimeWarp( 4176): DIATW SelectRT Nothing to draw, draw black!
I/TimeWarp( 4176): DIATW SelectRT Bad Pose.Orientation in bufferNum 94!
I/TimeWarp( 4176): DIATW SelectRT Nothing to draw, draw black!
I/GsDialog( 4176): BoundarySystem::CalculateDialogState::mDialogAccumulatedNumber >= 12, --, and return kLostDialog
E/VrApi   ( 4176): trackingstate = 0x0,0x0
I/TimeWarp( 4176): DIATW SelectRT Bad Pose.Orientation in bufferNum 95!
I/TimeWarp( 4176): DIATW SelectRT Nothing to draw, draw black!
I/TimeWarp( 4176): DIATW SelectRT Bad Pose.Orientation in bufferNum 95!
I/TimeWarp( 4176): DIATW SelectRT Nothing to draw, draw black!
I/GsDialog( 4176): BoundarySystem::CalculateDialogState::mDialogAccumulatedNumber >= 12, --, and return kLostDialog
E/VrApi   ( 4176): trackingstate = 0x0,0x0
I/TimeWarp( 4176): DIATW SelectRT Bad Pose.Orientation in bufferNum 96!
I/TimeWarp( 4176): DIATW SelectRT Nothing to draw, draw black!
I/TimeWarp( 4176): DIATW SelectRT Bad Pose.Orientation in bufferNum 96!
I/TimeWarp( 4176): DIATW SelectRT Nothing to draw, draw black!
I/TimeWarp( 4176): DIATW SelectRT Bad Pose.Orientation in bufferNum 96!
I/TimeWarp( 4176): DIATW SelectRT Nothing to draw, draw black!
I/GsDialog( 4176): BoundarySystem::CalculateDialogState::mDialogAccumulatedNumber >= 12, --, and return kLostDialog
E/VrApi   ( 4176): trackingstate = 0x0,0x0
I/TimeWarp( 4176): DIATW SelectRT Bad Pose.Orientation in bufferNum 97!
I/TimeWarp( 4176): DIATW SelectRT Nothing to draw, draw black!
D/PvrPlatform( 1146): Already keep stationary state for 2 secend
I/chatty  ( 1146): uid=0(root) /system/bin/pvrservice identical 1 line
D/PvrPlatform( 1146): Already keep stationary state for 2 secend
I/TimeWarp( 4176): DIATW SelectRT Bad Pose.Orientation in bufferNum 97!
I/TimeWarp( 4176): DIATW SelectRT Nothing to draw, draw black!
I/GsDialog( 4176): BoundarySystem::CalculateDialogState::mDialogAccumulatedNumber >= 12, --, and return kLostDialog
E/VrApi   ( 4176): trackingstate = 0x0,0x0
I/TimeWarp( 4176): DIATW SelectRT Bad Pose.Orientation in bufferNum 98!
I/TimeWarp( 4176): DIATW SelectRT Nothing to draw, draw black!
I/TimeWarp( 4176): DIATW SelectRT Bad Pose.Orientation in bufferNum 98!
I/TimeWarp( 4176): DIATW SelectRT Nothing to draw, draw black!
I/GsDialog( 4176): BoundarySystem::CalculateDialogState::mDialogAccumulatedNumber >= 12, --, and return kLostDialog
E/VrApi   ( 4176): trackingstate = 0x0,0x0
I/TimeWarp( 4176): DIATW SelectRT Bad Pose.Orientation in bufferNum 98!
I/TimeWarp( 4176): DIATW SelectRT Nothing to draw, draw black!
I/TimeWarp( 4176): DIATW SelectRT Bad Pose.Orientation in bufferNum 99!
I/TimeWarp( 4176): DIATW SelectRT Nothing to draw, draw black!
I/TimeWarp( 4176): DIATW SelectRT Bad Pose.Orientation in bufferNum 99!
I/TimeWarp( 4176): DIATW SelectRT Nothing to draw, draw black!
I/GsDialog( 4176): BoundarySystem::CalculateDialogState::mDialogAccumulatedNumber >= 12, --, and return kLostDialog
E/VrApi   ( 4176): trackingstate = 0x0,0x0
I/TimeWarp( 4176): DIATW SelectRT Bad Pose.Orientation in bufferNum 100!
I/TimeWarp( 4176): DIATW SelectRT Nothing to draw, draw black!
I/TimeWarp( 4176): DIATW SelectRT Bad Pose.Orientation in bufferNum 100!
I/TimeWarp( 4176): DIATW SelectRT Nothing to draw, draw black!
I/GsDialog( 4176): BoundarySystem::CalculateDialogState::mDialogAccumulatedNumber >= 12, --, and return kLostDialog
E/VrApi   ( 4176): trackingstate = 0x0,0x0
I/TimeWarp( 4176): DIATW SelectRT Bad Pose.Orientation in bufferNum 101!
I/TimeWarp( 4176): DIATW SelectRT Nothing to draw, draw black!
I/TimeWarp( 4176): DIATW SelectRT Bad Pose.Orientation in bufferNum 101!
I/TimeWarp( 4176): DIATW SelectRT Nothing to draw, draw black!
W/ServiceManager( 4176): Service airservice didn't start. Returning NULL
W/AIRClient( 4176): airservice not published, waiting...
I/TimeWarp( 4176): DIATW SelectRT Bad Pose.Orientation in bufferNum 101!
I/TimeWarp( 4176): DIATW SelectRT Nothing to draw, draw black!
I/GsDialog( 4176): BoundarySystem::CalculateDialogState::mDialogAccumulatedNumber >= 12, --, and return kLostDialog
E/VrApi   ( 4176): trackingstate = 0x0,0x0
I/TimeWarp( 4176): DIATW SelectRT Bad Pose.Orientation in bufferNum 102!
I/TimeWarp( 4176): DIATW SelectRT Nothing to draw, draw black!
I/TimeWarp( 4176): DIATW SelectRT Bad Pose.Orientation in bufferNum 102!
I/TimeWarp( 4176): DIATW SelectRT Nothing to draw, draw black!
I/GsDialog( 4176): BoundarySystem::CalculateDialogState::mDialogAccumulatedNumber >= 12, --, and return kLostDialog
E/VrApi   ( 4176): trackingstate = 0x0,0x0
I/TimeWarp( 4176): DIATW SelectRT Bad Pose.Orientation in bufferNum 103!
I/TimeWarp( 4176): DIATW SelectRT Nothing to draw, draw black!
I/TimeWarp( 4176): DIATW SelectRT Bad Pose.Orientation in bufferNum 103!
I/TimeWarp( 4176): DIATW SelectRT Nothing to draw, draw black!
I/GsDialog( 4176): BoundarySystem::CalculateDialogState::mDialogAccumulatedNumber >= 12, --, and return kLostDialog
E/VrApi   ( 4176): trackingstate = 0x0,0x0
I/TimeWarp( 4176): DIATW SelectRT Bad Pose.Orientation in bufferNum 104!
I/TimeWarp( 4176): DIATW SelectRT Nothing to draw, draw black!
I/TimeWarp( 4176): DIATW SelectRT Bad Pose.Orientation in bufferNum 104!
I/TimeWarp( 4176): DIATW SelectRT Nothing to draw, draw black!
I/TimeWarp( 4176): DIATW SelectRT Bad Pose.Orientation in bufferNum 104!
I/TimeWarp( 4176): DIATW SelectRT Nothing to draw, draw black!
I/GsDialog( 4176): BoundarySystem::CalculateDialogState::mDialogAccumulatedNumber >= 12, --, and return kLostDialog
E/VrApi   ( 4176): trackingstate = 0x0,0x0
I/TimeWarp( 4176): DIATW SelectRT Bad Pose.Orientation in bufferNum 105!
I/TimeWarp( 4176): DIATW SelectRT Nothing to draw, draw black!
I/TimeWarp( 4176): DIATW SelectRT Bad Pose.Orientation in bufferNum 105!
I/TimeWarp( 4176): DIATW SelectRT Nothing to draw, draw black!
I/GsDialog( 4176): BoundarySystem::CalculateDialogState::mDialogAccumulatedNumber >= 12, --, and return kLostDialog
E/VrApi   ( 4176): trackingstate = 0x0,0x0
I/TimeWarp( 4176): DIATW SelectRT Bad Pose.Orientation in bufferNum 106!
I/TimeWarp( 4176): DIATW SelectRT Nothing to draw, draw black!
I/TimeWarp( 4176): DIATW SelectRT Bad Pose.Orientation in bufferNum 106!
I/TimeWarp( 4176): DIATW SelectRT Nothing to draw, draw black!
I/TimeWarp( 4176): DIATW SelectRT Bad Pose.Orientation in bufferNum 106!
I/GsDialog( 4176): BoundarySystem::CalculateDialogState::mDialogAccumulatedNumber >= 12, --, and return kLostDialog
I/TimeWarp( 4176): DIATW SelectRT Nothing to draw, draw black!
E/VrApi   ( 4176): trackingstate = 0x0,0x0
I/TimeWarp( 4176): DIATW SelectRT Bad Pose.Orientation in bufferNum 107!
I/TimeWarp( 4176): DIATW SelectRT Nothing to draw, draw black!
I/TimeWarp( 4176): DIATW SelectRT Bad Pose.Orientation in bufferNum 107!
I/TimeWarp( 4176): DIATW SelectRT Nothing to draw, draw black!
I/GsDialog( 4176): BoundarySystem::CalculateDialogState::mDialogAccumulatedNumber >= 12, --, and return kLostDialog
E/VrApi   ( 4176): trackingstate = 0x0,0x0
I/TimeWarp( 4176): DIATW SelectRT Bad Pose.Orientation in bufferNum 108!
I/TimeWarp( 4176): DIATW SelectRT Nothing to draw, draw black!
I/TimeWarp( 4176): DIATW SelectRT Bad Pose.Orientation in bufferNum 108!
I/TimeWarp( 4176): DIATW SelectRT Nothing to draw, draw black!
I/GsDialog( 4176): BoundarySystem::CalculateDialogState::mDialogAccumulatedNumber >= 12, --, and return kLostDialog
E/VrApi   ( 4176): trackingstate = 0x0,0x0
I/TimeWarp( 4176): DIATW SelectRT Bad Pose.Orientation in bufferNum 109!
I/TimeWarp( 4176): DIATW SelectRT Nothing to draw, draw black!
I/TimeWarp( 4176): DIATW SelectRT Bad Pose.Orientation in bufferNum 109!
I/TimeWarp( 4176): DIATW SelectRT Nothing to draw, draw black!
I/TimeWarp( 4176): DIATW SelectRT Bad Pose.Orientation in bufferNum 109!
I/TimeWarp( 4176): DIATW SelectRT Nothing to draw, draw black!
I/GsDialog( 4176): BoundarySystem::CalculateDialogState::mDialogAccumulatedNumber >= 12, --, and return kLostDialog
E/VrApi   ( 4176): trackingstate = 0x0,0x0
I/TimeWarp( 4176): DIATW SelectRT Bad Pose.Orientation in bufferNum 110!
I/TimeWarp( 4176): DIATW SelectRT Nothing to draw, draw black!
I/TimeWarp( 4176): DIATW SelectRT Bad Pose.Orientation in bufferNum 110!
I/TimeWarp( 4176): DIATW SelectRT Nothing to draw, draw black!
I/GsDialog( 4176): BoundarySystem::CalculateDialogState::mDialogAccumulatedNumber >= 12, --, and return kLostDialog
E/VrApi   ( 4176): trackingstate = 0x0,0x0
I/TimeWarp( 4176): DIATW SelectRT Bad Pose.Orientation in bufferNum 111!
I/TimeWarp( 4176): DIATW SelectRT Nothing to draw, draw black!
I/TimeWarp( 4176): DIATW SelectRT Bad Pose.Orientation in bufferNum 111!
I/TimeWarp( 4176): DIATW SelectRT Nothing to draw, draw black!
I/GsDialog( 4176): BoundarySystem::CalculateDialogState::mDialogAccumulatedNumber >= 12, --, and return kLostDialog
E/VrApi   ( 4176): trackingstate = 0x0,0x0
I/TimeWarp( 4176): DIATW SelectRT Bad Pose.Orientation in bufferNum 111!
I/TimeWarp( 4176): DIATW SelectRT Nothing to draw, draw black!
I/TimeWarp( 4176): DIATW SelectRT Bad Pose.Orientation in bufferNum 112!
I/TimeWarp( 4176): DIATW SelectRT Nothing to draw, draw black!
I/TimeWarp( 4176): DIATW SelectRT Bad Pose.Orientation in bufferNum 112!
I/TimeWarp( 4176): DIATW SelectRT Nothing to draw, draw black!
I/GsDialog( 4176): BoundarySystem::CalculateDialogState::mDialogAccumulatedNumber >= 12, --, and return kLostDialog
E/VrApi   ( 4176): trackingstate = 0x0,0x0
I/TimeWarp( 4176): DIATW SelectRT Bad Pose.Orientation in bufferNum 113!
I/TimeWarp( 4176): DIATW SelectRT Nothing to draw, draw black!
I/TimeWarp( 4176): DIATW SelectRT Bad Pose.Orientation in bufferNum 113!
I/TimeWarp( 4176): DIATW SelectRT Nothing to draw, draw black!
I/GsDialog( 4176): BoundarySystem::CalculateDialogState::mDialogAccumulatedNumber >= 12, --, and return kLostDialog
E/VrApi   ( 4176): trackingstate = 0x0,0x0
I/TimeWarp( 4176): DIATW SelectRT Bad Pose.Orientation in bufferNum 114!
I/TimeWarp( 4176): DIATW SelectRT Nothing to draw, draw black!
I/TimeWarp( 4176): DIATW SelectRT Bad Pose.Orientation in bufferNum 114!
I/TimeWarp( 4176): DIATW SelectRT Nothing to draw, draw black!
D/HalDevMgr( 1662): onDebugRingBufferDataAvailable
I/chatty  ( 1662): uid=1000(system) HwBinder:1662_3 identical 3 lines
D/HalDevMgr( 1662): onDebugRingBufferDataAvailable
I/TimeWarp( 4176): DIATW SelectRT Bad Pose.Orientation in bufferNum 114!
I/TimeWarp( 4176): DIATW SelectRT Nothing to draw, draw black!
I/GsDialog( 4176): BoundarySystem::CalculateDialogState::mDialogAccumulatedNumber >= 12, --, and return kLostDialog
E/VrApi   ( 4176): trackingstate = 0x0,0x0
I/TimeWarp( 4176): DIATW SelectRT Bad Pose.Orientation in bufferNum 115!
I/TimeWarp( 4176): DIATW SelectRT Nothing to draw, draw black!
I/TimeWarp( 4176): DIATW SelectRT Bad Pose.Orientation in bufferNum 115!
I/TimeWarp( 4176): DIATW SelectRT Nothing to draw, draw black!
I/GsDialog( 4176): BoundarySystem::CalculateDialogState::mDialogAccumulatedNumber >= 12, --, and return kLostDialog
E/VrApi   ( 4176): trackingstate = 0x0,0x0
I/TimeWarp( 4176): DIATW SelectRT Bad Pose.Orientation in bufferNum 116!
I/TimeWarp( 4176): DIATW SelectRT Nothing to draw, draw black!
D/HalDevMgr( 1662): onDebugRingBufferDataAvailable
I/TimeWarp( 4176): DIATW SelectRT Bad Pose.Orientation in bufferNum 116!
I/TimeWarp( 4176): DIATW SelectRT Nothing to draw, draw black!
D/HalDevMgr( 1662): onDebugRingBufferDataAvailable
D/HalDevMgr( 1662): onDebugRingBufferDataAvailable
D/HalDevMgr( 1662): onDebugRingBufferDataAvailable
D/HalDevMgr( 1662): onDebugRingBufferDataAvailable
I/ServiceManager( 4176): Waiting for service 'airservice' on '/dev/binder'...
I/GsDialog( 4176): BoundarySystem::CalculateDialogState::mDialogAccumulatedNumber >= 12, --, and return kLostDialog
E/VrApi   ( 4176): trackingstate = 0x0,0x0
I/TimeWarp( 4176): DIATW SelectRT Bad Pose.Orientation in bufferNum 116!
I/TimeWarp( 4176): DIATW SelectRT Nothing to draw, draw black!
I/TimeWarp( 4176): DIATW SelectRT Bad Pose.Orientation in bufferNum 117!
I/TimeWarp( 4176): DIATW SelectRT Nothing to draw, draw black!
I/TimeWarp( 4176): DIATW SelectRT Bad Pose.Orientation in bufferNum 117!
I/TimeWarp( 4176): DIATW SelectRT Nothing to draw, draw black!
I/GsDialog( 4176): BoundarySystem::CalculateDialogState::mDialogAccumulatedNumber >= 12, --, and return kLostDialog
E/VrApi   ( 4176): trackingstate = 0x0,0x0
I/TimeWarp( 4176): DIATW SelectRT Bad Pose.Orientation in bufferNum 118!
I/TimeWarp( 4176): DIATW SelectRT Nothing to draw, draw black!
I/TimeWarp( 4176): DIATW SelectRT Bad Pose.Orientation in bufferNum 118!
I/TimeWarp( 4176): DIATW SelectRT Nothing to draw, draw black!
I/GsDialog( 4176): BoundarySystem::CalculateDialogState::mDialogAccumulatedNumber >= 12, --, and return kLostDialog
E/VrApi   ( 4176): trackingstate = 0x0,0x0
I/TimeWarp( 4176): DIATW SelectRT Bad Pose.Orientation in bufferNum 119!
I/TimeWarp( 4176): DIATW SelectRT Nothing to draw, draw black!
I/ServiceManager( 4176): Waiting for service 'virtual_input' on '/dev/binder'...
I/TimeWarp( 4176): DIATW SelectRT Bad Pose.Orientation in bufferNum 119!
I/TimeWarp( 4176): DIATW SelectRT Nothing to draw, draw black!
I/TimeWarp( 4176): DIATW SelectRT Bad Pose.Orientation in bufferNum 119!
I/TimeWarp( 4176): DIATW SelectRT Nothing to draw, draw black!
I/GsDialog( 4176): BoundarySystem::CalculateDialogState::mDialogAccumulatedNumber >= 12, --, and return kLostDialog
E/VrApi   ( 4176): trackingstate = 0x0,0x0
I/TimeWarp( 4176): DIATW SelectRT Bad Pose.Orientation in bufferNum 120!
I/TimeWarp( 4176): DIATW SelectRT Nothing to draw, draw black!
I/TimeWarp( 4176): DIATW SelectRT Bad Pose.Orientation in bufferNum 120!
I/TimeWarp( 4176): DIATW SelectRT Nothing to draw, draw black!
I/GsDialog( 4176): BoundarySystem::CalculateDialogState::mDialogAccumulatedNumber >= 12, --, and return kLostDialog
E/VrApi   ( 4176): trackingstate = 0x0,0x0
I/TimeWarp( 4176): DIATW SelectRT Bad Pose.Orientation in bufferNum 121!
I/TimeWarp( 4176): DIATW SelectRT Nothing to draw, draw black!
I/TimeWarp( 4176): DIATW SelectRT Bad Pose.Orientation in bufferNum 121!
I/TimeWarp( 4176): DIATW SelectRT Nothing to draw, draw black!
I/GsDialog( 4176): BoundarySystem::CalculateDialogState::mDialogAccumulatedNumber >= 12, --, and return kLostDialog
E/VrApi   ( 4176): trackingstate = 0x0,0x0
I/TimeWarp( 4176): DIATW SelectRT Bad Pose.Orientation in bufferNum 121!
I/TimeWarp( 4176): DIATW SelectRT Nothing to draw, draw black!
I/TimeWarp( 4176): DIATW SelectRT Bad Pose.Orientation in bufferNum 122!
I/TimeWarp( 4176): DIATW SelectRT Nothing to draw, draw black!
I/TimeWarp( 4176): DIATW SelectRT Bad Pose.Orientation in bufferNum 122!
I/TimeWarp( 4176): DIATW SelectRT Nothing to draw, draw black!
I/GsDialog( 4176): BoundarySystem::CalculateDialogState::mDialogAccumulatedNumber >= 12, --, and return kLostDialog
E/VrApi   ( 4176): trackingstate = 0x0,0x0
I/TimeWarp( 4176): DIATW SelectRT Bad Pose.Orientation in bufferNum 123!
I/TimeWarp( 4176): DIATW SelectRT Nothing to draw, draw black!
I/TimeWarp( 4176): DIATW SelectRT Bad Pose.Orientation in bufferNum 123!
I/TimeWarp( 4176): DIATW SelectRT Nothing to draw, draw black!
I/GsDialog( 4176): BoundarySystem::CalculateDialogState::mDialogAccumulatedNumber >= 12, --, and return kLostDialog
E/VrApi   ( 4176): trackingstate = 0x0,0x0
I/TimeWarp( 4176): DIATW SelectRT Bad Pose.Orientation in bufferNum 124!
I/TimeWarp( 4176): DIATW SelectRT Nothing to draw, draw black!
I/TimeWarp( 4176): DIATW SelectRT Bad Pose.Orientation in bufferNum 124!
I/TimeWarp( 4176): DIATW SelectRT Nothing to draw, draw black!
I/TimeWarp( 4176): DIATW SelectRT Bad Pose.Orientation in bufferNum 124!
I/TimeWarp( 4176): DIATW SelectRT Nothing to draw, draw black!
I/GsDialog( 4176): BoundarySystem::CalculateDialogState::mDialogAccumulatedNumber >= 12, --, and return kLostDialog
E/VrApi   ( 4176): trackingstate = 0x0,0x0
I/TimeWarp( 4176): DIATW SelectRT Bad Pose.Orientation in bufferNum 125!
I/TimeWarp( 4176): DIATW SelectRT Nothing to draw, draw black!
I/TimeWarp( 4176): DIATW SelectRT Bad Pose.Orientation in bufferNum 125!
I/TimeWarp( 4176): DIATW SelectRT Nothing to draw, draw black!
I/GsDialog( 4176): BoundarySystem::CalculateDialogState::mDialogAccumulatedNumber >= 12, --, and return kLostDialog
E/VrApi   ( 4176): trackingstate = 0x0,0x0
I/TimeWarp( 4176): DIATW SelectRT Bad Pose.Orientation in bufferNum 126!
I/TimeWarp( 4176): DIATW SelectRT Nothing to draw, draw black!
I/TimeWarp( 4176): DIATW SelectRT Bad Pose.Orientation in bufferNum 126!
I/TimeWarp( 4176): DIATW SelectRT Nothing to draw, draw black!
I/GsDialog( 4176): BoundarySystem::CalculateDialogState::mDialogAccumulatedNumber >= 12, --, and return kLostDialog
E/VrApi   ( 4176): trackingstate = 0x0,0x0
I/TimeWarp( 4176): DIATW SelectRT Bad Pose.Orientation in bufferNum 126!
I/TimeWarp( 4176): DIATW SelectRT Nothing to draw, draw black!
I/TimeWarp( 4176): DIATW SelectRT Bad Pose.Orientation in bufferNum 127!
I/TimeWarp( 4176): DIATW SelectRT Nothing to draw, draw black!
D/PvrPlatform( 1146): Already keep stationary state for 3 secend
I/chatty  ( 1146): uid=0(root) /system/bin/pvrservice identical 1 line
D/PvrPlatform( 1146): Already keep stationary state for 3 secend
I/TimeWarp( 4176): DIATW SelectRT Bad Pose.Orientation in bufferNum 127!
I/TimeWarp( 4176): DIATW SelectRT Nothing to draw, draw black!
I/GsDialog( 4176): BoundarySystem::CalculateDialogState::mDialogAccumulatedNumber >= 12, --, and return kLostDialog
E/VrApi   ( 4176): trackingstate = 0x0,0x0
I/TimeWarp( 4176): DIATW SelectRT Bad Pose.Orientation in bufferNum 128!
I/TimeWarp( 4176): DIATW SelectRT Nothing to draw, draw black!
I/TimeWarp( 4176): DIATW SelectRT Bad Pose.Orientation in bufferNum 128!
I/TimeWarp( 4176): DIATW SelectRT Nothing to draw, draw black!
I/GsDialog( 4176): BoundarySystem::CalculateDialogState::mDialogAccumulatedNumber >= 12, --, and return kLostDialog
E/VrApi   ( 4176): trackingstate = 0x0,0x0
I/TimeWarp( 4176): DIATW SelectRT Bad Pose.Orientation in bufferNum 129!
I/TimeWarp( 4176): DIATW SelectRT Nothing to draw, draw black!
I/TimeWarp( 4176): DIATW SelectRT Bad Pose.Orientation in bufferNum 129!
I/TimeWarp( 4176): DIATW SelectRT Nothing to draw, draw black!
I/TimeWarp( 4176): DIATW SelectRT Bad Pose.Orientation in bufferNum 129!
I/TimeWarp( 4176): DIATW SelectRT Nothing to draw, draw black!
I/GsDialog( 4176): BoundarySystem::CalculateDialogState::mDialogAccumulatedNumber >= 12, --, and return kLostDialog
E/VrApi   ( 4176): trackingstate = 0x0,0x0
I/TimeWarp( 4176): DIATW SelectRT Bad Pose.Orientation in bufferNum 130!
I/TimeWarp( 4176): DIATW SelectRT Nothing to draw, draw black!
D/HalDevMgr( 1662): onDebugRingBufferDataAvailable
I/chatty  ( 1662): uid=1000(system) HwBinder:1662_5 identical 3 lines
D/HalDevMgr( 1662): onDebugRingBufferDataAvailable
I/TimeWarp( 4176): DIATW SelectRT Bad Pose.Orientation in bufferNum 130!
I/TimeWarp( 4176): DIATW SelectRT Nothing to draw, draw black!
D/HalDevMgr( 1662): onDebugRingBufferDataAvailable
I/chatty  ( 1662): uid=1000(system) HwBinder:1662_5 identical 3 lines
D/HalDevMgr( 1662): onDebugRingBufferDataAvailable
I/GsDialog( 4176): BoundarySystem::CalculateDialogState::mDialogAccumulatedNumber >= 12, --, and return kLostDialog
E/VrApi   ( 4176): trackingstate = 0x0,0x0
I/TimeWarp( 4176): DIATW SelectRT Bad Pose.Orientation in bufferNum 131!
I/TimeWarp( 4176): DIATW SelectRT Nothing to draw, draw black!
I/TimeWarp( 4176): DIATW SelectRT Bad Pose.Orientation in bufferNum 131!
I/TimeWarp( 4176): DIATW SelectRT Nothing to draw, draw black!
I/GsDialog( 4176): BoundarySystem::CalculateDialogState::mDialogAccumulatedNumber >= 12, --, and return kLostDialog
E/VrApi   ( 4176): trackingstate = 0x0,0x0
I/TimeWarp( 4176): DIATW SelectRT Bad Pose.Orientation in bufferNum 131!
I/TimeWarp( 4176): DIATW SelectRT Nothing to draw, draw black!
I/TimeWarp( 4176): DIATW SelectRT Bad Pose.Orientation in bufferNum 132!
I/TimeWarp( 4176): DIATW SelectRT Nothing to draw, draw black!
I/TimeWarp( 4176): DIATW SelectRT Bad Pose.Orientation in bufferNum 132!
I/TimeWarp( 4176): DIATW SelectRT Nothing to draw, draw black!
I/GsDialog( 4176): BoundarySystem::CalculateDialogState::mDialogAccumulatedNumber >= 12, --, and return kLostDialog
E/VrApi   ( 4176): trackingstate = 0x0,0x0
D/HalDevMgr( 1662): onDebugRingBufferDataAvailable
I/chatty  ( 1662): uid=1000(system) HwBinder:1662_4 identical 3 lines
D/HalDevMgr( 1662): onDebugRingBufferDataAvailable
I/TimeWarp( 4176): DIATW SelectRT Bad Pose.Orientation in bufferNum 133!
I/TimeWarp( 4176): DIATW SelectRT Nothing to draw, draw black!
I/TimeWarp( 4176): DIATW SelectRT Bad Pose.Orientation in bufferNum 133!
I/TimeWarp( 4176): DIATW SelectRT Nothing to draw, draw black!
I/GsDialog( 4176): BoundarySystem::CalculateDialogState::mDialogAccumulatedNumber >= 12, --, and return kLostDialog
E/VrApi   ( 4176): trackingstate = 0x0,0x0
I/TimeWarp( 4176): DIATW SelectRT Bad Pose.Orientation in bufferNum 134!
I/TimeWarp( 4176): DIATW SelectRT Nothing to draw, draw black!
I/TimeWarp( 4176): DIATW SelectRT Bad Pose.Orientation in bufferNum 134!
I/TimeWarp( 4176): DIATW SelectRT Nothing to draw, draw black!
I/GsDialog( 4176): BoundarySystem::CalculateDialogState::mDialogAccumulatedNumber >= 12, --, and return kLostDialog
E/VrApi   ( 4176): trackingstate = 0x0,0x0
I/TimeWarp( 4176): DIATW SelectRT Bad Pose.Orientation in bufferNum 135!
I/TimeWarp( 4176): DIATW SelectRT Nothing to draw, draw black!
I/TimeWarp( 4176): DIATW SelectRT Bad Pose.Orientation in bufferNum 135!
I/TimeWarp( 4176): DIATW SelectRT Nothing to draw, draw black!
I/TimeWarp( 4176): DIATW SelectRT Bad Pose.Orientation in bufferNum 135!
I/TimeWarp( 4176): DIATW SelectRT Nothing to draw, draw black!
I/GsDialog( 4176): BoundarySystem::CalculateDialogState::mDialogAccumulatedNumber >= 12, --, and return kLostDialog
E/VrApi   ( 4176): trackingstate = 0x0,0x0
I/TimeWarp( 4176): DIATW SelectRT Bad Pose.Orientation in bufferNum 136!
I/TimeWarp( 4176): DIATW SelectRT Nothing to draw, draw black!
I/TimeWarp( 4176): DIATW SelectRT Bad Pose.Orientation in bufferNum 136!
I/TimeWarp( 4176): DIATW SelectRT Nothing to draw, draw black!
I/GsDialog( 4176): BoundarySystem::CalculateDialogState::mDialogAccumulatedNumber >= 12, --, and return kLostDialog
E/VrApi   ( 4176): trackingstate = 0x0,0x0
I/TimeWarp( 4176): DIATW SelectRT Bad Pose.Orientation in bufferNum 137!
I/TimeWarp( 4176): DIATW SelectRT Nothing to draw, draw black!
I/TimeWarp( 4176): DIATW SelectRT Bad Pose.Orientation in bufferNum 137!
I/TimeWarp( 4176): DIATW SelectRT Nothing to draw, draw black!
I/GsDialog( 4176): BoundarySystem::CalculateDialogState::mDialogAccumulatedNumber >= 12, --, and return kLostDialog
E/VrApi   ( 4176): trackingstate = 0x0,0x0
I/TimeWarp( 4176): DIATW SelectRT Bad Pose.Orientation in bufferNum 137!
I/TimeWarp( 4176): DIATW SelectRT Nothing to draw, draw black!
I/TimeWarp( 4176): DIATW SelectRT Bad Pose.Orientation in bufferNum 138!
I/TimeWarp( 4176): DIATW SelectRT Nothing to draw, draw black!
I/TimeWarp( 4176): DIATW SelectRT Bad Pose.Orientation in bufferNum 138!
I/TimeWarp( 4176): DIATW SelectRT Nothing to draw, draw black!
I/GsDialog( 4176): BoundarySystem::CalculateDialogState::mDialogAccumulatedNumber >= 12, --, and return kLostDialog
E/VrApi   ( 4176): trackingstate = 0x0,0x0
D/HalDevMgr( 1662): onDebugRingBufferDataAvailable
D/HalDevMgr( 1662): onDebugRingBufferDataAvailable
I/TimeWarp( 4176): DIATW SelectRT Bad Pose.Orientation in bufferNum 139!
D/HalDevMgr( 1662): onDebugRingBufferDataAvailable
I/TimeWarp( 4176): DIATW SelectRT Nothing to draw, draw black!
D/HalDevMgr( 1662): onDebugRingBufferDataAvailable
