debugfs 1.47.2 (1-Jan-2025)
rdump: Operation not permitted while changing ownership of /home/justin/pn2/vendor//lost+found
dump_file: Operation not permitted while changing ownership of /home/justin/pn2/vendor//app/CABLService/CABLService.apk
rdump: Operation not permitted while changing ownership of /home/justin/pn2/vendor//app/CABLService
dump_file: Operation not permitted while changing ownership of /home/justin/pn2/vendor//app/ConnectionSecurityService/ConnectionSecurityService.apk
rdump: Operation not permitted while changing ownership of /home/justin/pn2/vendor//app/ConnectionSecurityService
dump_file: Operation not permitted while changing ownership of /home/justin/pn2/vendor//app/Perfdump/Perfdump.apk
rdump: Operation not permitted while changing ownership of /home/justin/pn2/vendor//app/Perfdump
dump_file: Operation not permitted while changing ownership of /home/justin/pn2/vendor//app/QFingerprintService/QFingerprintService.apk
rdump: Operation not permitted while changing ownership of /home/justin/pn2/vendor//app/QFingerprintService
dump_file: Operation not permitted while changing ownership of /home/justin/pn2/vendor//app/QSensorTest/QSensorTest.apk
rdump: Operation not permitted while changing ownership of /home/justin/pn2/vendor//app/QSensorTest
dump_file: Operation not permitted while changing ownership of /home/justin/pn2/vendor//app/Qmmi/Qmmi.apk
rdump: Operation not permitted while changing ownership of /home/justin/pn2/vendor//app/Qmmi
dump_file: Operation not permitted while changing ownership of /home/justin/pn2/vendor//app/SSGCredentialService/SSGCredentialService.apk
rdump: Operation not permitted while changing ownership of /home/justin/pn2/vendor//app/SSGCredentialService
dump_file: Operation not permitted while changing ownership of /home/justin/pn2/vendor//app/SSGTelemetryService/SSGTelemetryService.apk
rdump: Operation not permitted while changing ownership of /home/justin/pn2/vendor//app/SSGTelemetryService
dump_file: Operation not permitted while changing ownership of /home/justin/pn2/vendor//app/SVIService/SVIService.apk
rdump: Operation not permitted while changing ownership of /home/justin/pn2/vendor//app/SVIService
dump_file: Operation not permitted while changing ownership of /home/justin/pn2/vendor//app/SmartcardService/SmartcardService.apk
rdump: Operation not permitted while changing ownership of /home/justin/pn2/vendor//app/SmartcardService
dump_file: Operation not permitted while changing ownership of /home/justin/pn2/vendor//app/TimeService/TimeService.apk
rdump: Operation not permitted while changing ownership of /home/justin/pn2/vendor//app/TimeService
dump_file: Operation not permitted while changing ownership of /home/justin/pn2/vendor//app/colorservice/colorservice.apk
rdump: Operation not permitted while changing ownership of /home/justin/pn2/vendor//app/colorservice
rdump: Operation not permitted while changing ownership of /home/justin/pn2/vendor//app
dump_file: Operation not permitted while changing ownership of /home/justin/pn2/vendor//bin/ATFWD-daemon
dump_file: Operation not permitted while changing ownership of /home/justin/pn2/vendor//bin/DR_AP_Service
dump_file: Operation not permitted while changing ownership of /home/justin/pn2/vendor//bin/KmInstallKeybox
dump_file: Operation not permitted while changing ownership of /home/justin/pn2/vendor//bin/LKCore
dump_file: Operation not permitted while changing ownership of /home/justin/pn2/vendor//bin/PktRspTest
dump_file: Operation not permitted while changing ownership of /home/justin/pn2/vendor//bin/SoterProvisioningTool
dump_file: Operation not permitted while changing ownership of /home/justin/pn2/vendor//bin/WifiLogger_app
dump_file: Operation not permitted while changing ownership of /home/justin/pn2/vendor//bin/adsprpcd
dump_file: Operation not permitted while changing ownership of /home/justin/pn2/vendor//bin/athdiag
dump_file: Operation not permitted while changing ownership of /home/justin/pn2/vendor//bin/audioflacapp
dump_file: Operation not permitted while changing ownership of /home/justin/pn2/vendor//bin/btnvtool
dump_file: Operation not permitted while changing ownership of /home/justin/pn2/vendor//bin/cdsprpcd
dump_file: Operation not permitted while changing ownership of /home/justin/pn2/vendor//bin/chre
dump_file: Operation not permitted while changing ownership of /home/justin/pn2/vendor//bin/cnss-daemon
dump_file: Operation not permitted while changing ownership of /home/justin/pn2/vendor//bin/cnss_diag
dump_file: Operation not permitted while changing ownership of /home/justin/pn2/vendor//bin/cplay
dump_file: Operation not permitted while changing ownership of /home/justin/pn2/vendor//bin/diag_callback_sample
dump_file: Operation not permitted while changing ownership of /home/justin/pn2/vendor//bin/diag_dci_sample
dump_file: Operation not permitted while changing ownership of /home/justin/pn2/vendor//bin/diag_klog
dump_file: Operation not permitted while changing ownership of /home/justin/pn2/vendor//bin/diag_mdlog
dump_file: Operation not permitted while changing ownership of /home/justin/pn2/vendor//bin/diag_socket_log
dump_file: Operation not permitted while changing ownership of /home/justin/pn2/vendor//bin/diag_uart_log
dump_file: Operation not permitted while changing ownership of /home/justin/pn2/vendor//bin/dpmQmiMgr
dump_file: Operation not permitted while changing ownership of /home/justin/pn2/vendor//bin/e_loop
dump_file: Operation not permitted while changing ownership of /home/justin/pn2/vendor//bin/fm_qsoc_patches
dump_file: Operation not permitted while changing ownership of /home/justin/pn2/vendor//bin/fstman
dump_file: Operation not permitted while changing ownership of /home/justin/pn2/vendor//bin/ftmdaemon
dump_file: Operation not permitted while changing ownership of /home/justin/pn2/vendor//bin/ftmtest
dump_file: Operation not permitted while changing ownership of /home/justin/pn2/vendor//bin/gamed
dump_file: Operation not permitted while changing ownership of /home/justin/pn2/vendor//bin/garden_app
dump_file: Operation not permitted while changing ownership of /home/justin/pn2/vendor//bin/grep
dump_file: Operation not permitted while changing ownership of /home/justin/pn2/vendor//bin/hal_proxy_daemon
dump_file: Operation not permitted while changing ownership of /home/justin/pn2/vendor//bin/hbtp_daemon
dump_file: Operation not permitted while changing ownership of /home/justin/pn2/vendor//bin/hci_qcomm_init
dump_file: Operation not permitted while changing ownership of /home/justin/pn2/vendor//bin/hdcp1prov
dump_file: Operation not permitted while changing ownership of /home/justin/pn2/vendor//bin/hdcp2p2prov
dump_file: Operation not permitted while changing ownership of /home/justin/pn2/vendor//bin/hostapd
dump_file: Operation not permitted while changing ownership of /home/justin/pn2/vendor//bin/hostapd_cli
dump_file: Operation not permitted while changing ownership of /home/justin/pn2/vendor//bin/hvdcp_opti
dump_file: Operation not permitted while changing ownership of /home/justin/pn2/vendor//bin/hw/android.hardware.audio@2.0-service
dump_file: Operation not permitted while changing ownership of /home/justin/pn2/vendor//bin/hw/android.hardware.camera.provider@2.4-service
dump_file: Operation not permitted while changing ownership of /home/justin/pn2/vendor//bin/hw/android.hardware.cas@1.0-service
dump_file: Operation not permitted while changing ownership of /home/justin/pn2/vendor//bin/hw/android.hardware.configstore@1.0-service
dump_file: Operation not permitted while changing ownership of /home/justin/pn2/vendor//bin/hw/android.hardware.contexthub@1.0-service
dump_file: Operation not permitted while changing ownership of /home/justin/pn2/vendor//bin/hw/android.hardware.drm@1.0-service
dump_file: Operation not permitted while changing ownership of /home/justin/pn2/vendor//bin/hw/android.hardware.gatekeeper@1.0-service-qti
dump_file: Operation not permitted while changing ownership of /home/justin/pn2/vendor//bin/hw/android.hardware.graphics.allocator@2.0-service
dump_file: Operation not permitted while changing ownership of /home/justin/pn2/vendor//bin/hw/android.hardware.graphics.composer@2.1-service
dump_file: Operation not permitted while changing ownership of /home/justin/pn2/vendor//bin/hw/android.hardware.health@1.0-service
dump_file: Operation not permitted while changing ownership of /home/justin/pn2/vendor//bin/hw/android.hardware.keymaster@3.0-service-qti
dump_file: Operation not permitted while changing ownership of /home/justin/pn2/vendor//bin/hw/android.hardware.light@2.0-service
dump_file: Operation not permitted while changing ownership of /home/justin/pn2/vendor//bin/hw/android.hardware.media.omx@1.0-service
dump_file: Operation not permitted while changing ownership of /home/justin/pn2/vendor//bin/hw/android.hardware.memtrack@1.0-service
dump_file: Operation not permitted while changing ownership of /home/justin/pn2/vendor//bin/hw/android.hardware.power@1.0-service
dump_file: Operation not permitted while changing ownership of /home/justin/pn2/vendor//bin/hw/android.hardware.sensors@1.0-service
dump_file: Operation not permitted while changing ownership of /home/justin/pn2/vendor//bin/hw/android.hardware.thermal@1.0-service
dump_file: Operation not permitted while changing ownership of /home/justin/pn2/vendor//bin/hw/android.hardware.usb@1.0-service
dump_file: Operation not permitted while changing ownership of /home/justin/pn2/vendor//bin/hw/android.hardware.vibrator@1.0-service
dump_file: Operation not permitted while changing ownership of /home/justin/pn2/vendor//bin/hw/android.hardware.vr@1.0-service
dump_file: Operation not permitted while changing ownership of /home/justin/pn2/vendor//bin/hw/android.hardware.wifi@1.0-service
dump_file: Operation not permitted while changing ownership of /home/justin/pn2/vendor//bin/hw/rild
dump_file: Operation not permitted while changing ownership of /home/justin/pn2/vendor//bin/hw/vendor.display.color@1.0-service
dump_file: Operation not permitted while changing ownership of /home/justin/pn2/vendor//bin/hw/vendor.nxp.hardware.nfc@1.0-service
dump_file: Operation not permitted while changing ownership of /home/justin/pn2/vendor//bin/hw/vendor.qti.esepowermanager@1.0-service
dump_file: Operation not permitted while changing ownership of /home/justin/pn2/vendor//bin/hw/vendor.qti.gnss@1.1-service
dump_file: Operation not permitted while changing ownership of /home/justin/pn2/vendor//bin/hw/vendor.qti.hardware.factory@1.0-service
dump_file: Operation not permitted while changing ownership of /home/justin/pn2/vendor//bin/hw/vendor.qti.hardware.iop@2.0-service
dump_file: Operation not permitted while changing ownership of /home/justin/pn2/vendor//bin/hw/vendor.qti.hardware.perf@1.0-service
dump_file: Operation not permitted while changing ownership of /home/justin/pn2/vendor//bin/hw/vendor.qti.hardware.qdutils_disp@1.0-service-qti
dump_file: Operation not permitted while changing ownership of /home/justin/pn2/vendor//bin/hw/vendor.qti.hardware.qteeconnector@1.0-service
dump_file: Operation not permitted while changing ownership of /home/justin/pn2/vendor//bin/hw/vendor.qti.hardware.sensorscalibrate@1.0-service
dump_file: Operation not permitted while changing ownership of /home/justin/pn2/vendor//bin/hw/vendor.qti.hardware.tui_comm@1.0-service-qti
dump_file: Operation not permitted while changing ownership of /home/justin/pn2/vendor//bin/hw/wpa_supplicant
rdump: Operation not permitted while changing ownership of /home/justin/pn2/vendor//bin/hw
dump_file: Operation not permitted while changing ownership of /home/justin/pn2/vendor//bin/icm
dump_file: Operation not permitted while changing ownership of /home/justin/pn2/vendor//bin/ims_rtp_daemon
dump_file: Operation not permitted while changing ownership of /home/justin/pn2/vendor//bin/imsqmidaemon
dump_file: Operation not permitted while changing ownership of /home/justin/pn2/vendor//bin/imsrcsd
dump_file: Operation not permitted while changing ownership of /home/justin/pn2/vendor//bin/init.class_main.sh
dump_file: Operation not permitted while changing ownership of /home/justin/pn2/vendor//bin/init.crda.sh
dump_file: Operation not permitted while changing ownership of /home/justin/pn2/vendor//bin/init.mdm.sh
dump_file: Operation not permitted while changing ownership of /home/justin/pn2/vendor//bin/init.qcom.class_core.sh
dump_file: Operation not permitted while changing ownership of /home/justin/pn2/vendor//bin/init.qcom.coex.sh
dump_file: Operation not permitted while changing ownership of /home/justin/pn2/vendor//bin/init.qcom.crashdata.sh
dump_file: Operation not permitted while changing ownership of /home/justin/pn2/vendor//bin/init.qcom.early_boot.sh
dump_file: Operation not permitted while changing ownership of /home/justin/pn2/vendor//bin/init.qcom.efs.sync.sh
dump_file: Operation not permitted while changing ownership of /home/justin/pn2/vendor//bin/init.qcom.post_boot.sh
dump_file: Operation not permitted while changing ownership of /home/justin/pn2/vendor//bin/init.qcom.sdio.sh
dump_file: Operation not permitted while changing ownership of /home/justin/pn2/vendor//bin/init.qcom.sensors.sh
dump_file: Operation not permitted while changing ownership of /home/justin/pn2/vendor//bin/init.qcom.sh
dump_file: Operation not permitted while changing ownership of /home/justin/pn2/vendor//bin/init.qcom.syspart_fixup.sh
dump_file: Operation not permitted while changing ownership of /home/justin/pn2/vendor//bin/init.qcom.usb.sh
dump_file: Operation not permitted while changing ownership of /home/justin/pn2/vendor//bin/init.qcom.wifi.sh
dump_file: Operation not permitted while changing ownership of /home/justin/pn2/vendor//bin/init.qti.fm.sh
dump_file: Operation not permitted while changing ownership of /home/justin/pn2/vendor//bin/init.qti.ims.sh
dump_file: Operation not permitted while changing ownership of /home/justin/pn2/vendor//bin/init.qti.qseecomd.sh
dump_file: Operation not permitted while changing ownership of /home/justin/pn2/vendor//bin/ipacm
dump_file: Operation not permitted while changing ownership of /home/justin/pn2/vendor//bin/ipacm-diag
dump_file: Operation not permitted while changing ownership of /home/justin/pn2/vendor//bin/irsc_util
dump_file: Operation not permitted while changing ownership of /home/justin/pn2/vendor//bin/loc_launcher
dump_file: Operation not permitted while changing ownership of /home/justin/pn2/vendor//bin/lowi-server
dump_file: Operation not permitted while changing ownership of /home/justin/pn2/vendor//bin/mlid
dump_file: Operation not permitted while changing ownership of /home/justin/pn2/vendor//bin/mm-audio-ftm
dump_file: Operation not permitted while changing ownership of /home/justin/pn2/vendor//bin/mm-pp-dpps
dump_file: Operation not permitted while changing ownership of /home/justin/pn2/vendor//bin/mmid
dump_file: Operation not permitted while changing ownership of /home/justin/pn2/vendor//bin/msm_irqbalance
dump_file: Operation not permitted while changing ownership of /home/justin/pn2/vendor//bin/myftm
dump_file: Operation not permitted while changing ownership of /home/justin/pn2/vendor//bin/netmgrd
dump_file: Operation not permitted while changing ownership of /home/justin/pn2/vendor//bin/nqnfcinfo
dump_file: Operation not permitted while changing ownership of /home/justin/pn2/vendor//bin/pm-proxy
dump_file: Operation not permitted while changing ownership of /home/justin/pn2/vendor//bin/port-bridge
dump_file: Operation not permitted while changing ownership of /home/justin/pn2/vendor//bin/pvclicense_sample
dump_file: Operation not permitted while changing ownership of /home/justin/pn2/vendor//bin/qca6234-service.sh
dump_file: Operation not permitted while changing ownership of /home/justin/pn2/vendor//bin/qfp-daemon
dump_file: Operation not permitted while changing ownership of /home/justin/pn2/vendor//bin/qmi-framework-tests/qmi_test_mt_client_init_instance
rdump: Operation not permitted while changing ownership of /home/justin/pn2/vendor//bin/qmi-framework-tests
dump_file: Operation not permitted while changing ownership of /home/justin/pn2/vendor//bin/qmi_simple_ril_test
dump_file: Operation not permitted while changing ownership of /home/justin/pn2/vendor//bin/qseecom_sample_client
dump_file: Operation not permitted while changing ownership of /home/justin/pn2/vendor//bin/qseecomd
dump_file: Operation not permitted while changing ownership of /home/justin/pn2/vendor//bin/qti
dump_file: Operation not permitted while changing ownership of /home/justin/pn2/vendor//bin/qvop-daemon
dump_file: Operation not permitted while changing ownership of /home/justin/pn2/vendor//bin/qvrcameratest
dump_file: Operation not permitted while changing ownership of /home/justin/pn2/vendor//bin/qvrcameratest64
dump_file: Operation not permitted while changing ownership of /home/justin/pn2/vendor//bin/qvrcameratseq
dump_file: Operation not permitted while changing ownership of /home/justin/pn2/vendor//bin/qvrcameratseq64
dump_file: Operation not permitted while changing ownership of /home/justin/pn2/vendor//bin/qvrdatalogger
dump_file: Operation not permitted while changing ownership of /home/justin/pn2/vendor//bin/qvrdatalogger64
dump_file: Operation not permitted while changing ownership of /home/justin/pn2/vendor//bin/qvrservicetest
dump_file: Operation not permitted while changing ownership of /home/justin/pn2/vendor//bin/qvrservicetest64
dump_file: Operation not permitted while changing ownership of /home/justin/pn2/vendor//bin/rmt_storage
dump_file: Operation not permitted while changing ownership of /home/justin/pn2/vendor//bin/secure_ui_sample_client
dump_file: Operation not permitted while changing ownership of /home/justin/pn2/vendor//bin/see_resampler
dump_file: Operation not permitted while changing ownership of /home/justin/pn2/vendor//bin/see_selftest
dump_file: Operation not permitted while changing ownership of /home/justin/pn2/vendor//bin/see_stability
dump_file: Operation not permitted while changing ownership of /home/justin/pn2/vendor//bin/see_workhorse
dump_file: Operation not permitted while changing ownership of /home/justin/pn2/vendor//bin/seemp_healthd
dump_file: Operation not permitted while changing ownership of /home/justin/pn2/vendor//bin/sensors.qti
dump_file: Operation not permitted while changing ownership of /home/justin/pn2/vendor//bin/sh
dump_file: Operation not permitted while changing ownership of /home/justin/pn2/vendor//bin/slim_daemon
dump_file: Operation not permitted while changing ownership of /home/justin/pn2/vendor//bin/sns_hal_batch
dump_file: Operation not permitted while changing ownership of /home/justin/pn2/vendor//bin/spdaemon
dump_file: Operation not permitted while changing ownership of /home/justin/pn2/vendor//bin/ssc_drva_test
dump_file: Operation not permitted while changing ownership of /home/justin/pn2/vendor//bin/ssc_sensor_info
dump_file: Operation not permitted while changing ownership of /home/justin/pn2/vendor//bin/ssc_threshold
dump_file: Operation not permitted while changing ownership of /home/justin/pn2/vendor//bin/sscrpcd
dump_file: Operation not permitted while changing ownership of /home/justin/pn2/vendor//bin/ssgqmigd
dump_file: Operation not permitted while changing ownership of /home/justin/pn2/vendor//bin/ssgtzd
dump_file: Operation not permitted while changing ownership of /home/justin/pn2/vendor//bin/ssr_diag
dump_file: Operation not permitted while changing ownership of /home/justin/pn2/vendor//bin/ssr_setup
dump_file: Operation not permitted while changing ownership of /home/justin/pn2/vendor//bin/subsystem_ramdump
dump_file: Operation not permitted while changing ownership of /home/justin/pn2/vendor//bin/test_diag
dump_file: Operation not permitted while changing ownership of /home/justin/pn2/vendor//bin/tftp_server
dump_file: Operation not permitted while changing ownership of /home/justin/pn2/vendor//bin/thermal-engine
dump_file: Operation not permitted while changing ownership of /home/justin/pn2/vendor//bin/time_daemon
dump_file: Operation not permitted while changing ownership of /home/justin/pn2/vendor//bin/tloc_daemon
dump_file: Operation not permitted while changing ownership of /home/justin/pn2/vendor//bin/toolbox_vendor
dump_file: Operation not permitted while changing ownership of /home/justin/pn2/vendor//bin/toybox_vendor
dump_file: Operation not permitted while changing ownership of /home/justin/pn2/vendor//bin/vendor_cmd_tool
dump_file: Operation not permitted while changing ownership of /home/justin/pn2/vendor//bin/vndservice
dump_file: Operation not permitted while changing ownership of /home/justin/pn2/vendor//bin/vndservicemanager
dump_file: Operation not permitted while changing ownership of /home/justin/pn2/vendor//bin/vppservice
dump_file: Operation not permitted while changing ownership of /home/justin/pn2/vendor//bin/wcnss_filter
dump_file: Operation not permitted while changing ownership of /home/justin/pn2/vendor//bin/wdsdaemon
dump_file: Operation not permitted while changing ownership of /home/justin/pn2/vendor//bin/wifidisplayhalservice
dump_file: Operation not permitted while changing ownership of /home/justin/pn2/vendor//bin/wigighalsvc
dump_file: Operation not permitted while changing ownership of /home/justin/pn2/vendor//bin/wigignpt
dump_file: Operation not permitted while changing ownership of /home/justin/pn2/vendor//bin/xtra-daemon
dump_file: Operation not permitted while changing ownership of /home/justin/pn2/vendor//bin/xtwifi-client
dump_file: Operation not permitted while changing ownership of /home/justin/pn2/vendor//bin/xtwifi-inet-agent
rdump: Operation not permitted while changing ownership of /home/justin/pn2/vendor//bin
dump_file: Operation not permitted while changing ownership of /home/justin/pn2/vendor//build.prop
dump_file: Operation not permitted while changing ownership of /home/justin/pn2/vendor//compatibility_matrix.xml
dump_file: Operation not permitted while changing ownership of /home/justin/pn2/vendor//default.prop
dump_file: Operation not permitted while changing ownership of /home/justin/pn2/vendor//etc/IPACM_cfg.xml
dump_file: Operation not permitted while changing ownership of /home/justin/pn2/vendor//etc/NOTICE.xml.gz
dump_file: Operation not permitted while changing ownership of /home/justin/pn2/vendor//etc/a2dp_audio_policy_configuration.xml
dump_file: Operation not permitted while changing ownership of /home/justin/pn2/vendor//etc/acdbdata/MTP/MTP_Bluetooth_cal.acdb
dump_file: Operation not permitted while changing ownership of /home/justin/pn2/vendor//etc/acdbdata/MTP/MTP_Codec_cal.acdb
dump_file: Operation not permitted while changing ownership of /home/justin/pn2/vendor//etc/acdbdata/MTP/MTP_General_cal.acdb
dump_file: Operation not permitted while changing ownership of /home/justin/pn2/vendor//etc/acdbdata/MTP/MTP_Global_cal.acdb
dump_file: Operation not permitted while changing ownership of /home/justin/pn2/vendor//etc/acdbdata/MTP/MTP_Handset_cal.acdb
dump_file: Operation not permitted while changing ownership of /home/justin/pn2/vendor//etc/acdbdata/MTP/MTP_Hdmi_cal.acdb
dump_file: Operation not permitted while changing ownership of /home/justin/pn2/vendor//etc/acdbdata/MTP/MTP_Headset_cal.acdb
dump_file: Operation not permitted while changing ownership of /home/justin/pn2/vendor//etc/acdbdata/MTP/MTP_Speaker_cal.acdb
dump_file: Operation not permitted while changing ownership of /home/justin/pn2/vendor//etc/acdbdata/MTP/MTP_workspaceFile.qwsp
rdump: Operation not permitted while changing ownership of /home/justin/pn2/vendor//etc/acdbdata/MTP
dump_file: Operation not permitted while changing ownership of /home/justin/pn2/vendor//etc/acdbdata/QRD/QRD_Bluetooth_cal.acdb
dump_file: Operation not permitted while changing ownership of /home/justin/pn2/vendor//etc/acdbdata/QRD/QRD_Codec_cal.acdb
dump_file: Operation not permitted while changing ownership of /home/justin/pn2/vendor//etc/acdbdata/QRD/QRD_General_cal.acdb
dump_file: Operation not permitted while changing ownership of /home/justin/pn2/vendor//etc/acdbdata/QRD/QRD_Global_cal.acdb
dump_file: Operation not permitted while changing ownership of /home/justin/pn2/vendor//etc/acdbdata/QRD/QRD_Handset_cal.acdb
dump_file: Operation not permitted while changing ownership of /home/justin/pn2/vendor//etc/acdbdata/QRD/QRD_Hdmi_cal.acdb
dump_file: Operation not permitted while changing ownership of /home/justin/pn2/vendor//etc/acdbdata/QRD/QRD_Headset_cal.acdb
dump_file: Operation not permitted while changing ownership of /home/justin/pn2/vendor//etc/acdbdata/QRD/QRD_Speaker_cal.acdb
dump_file: Operation not permitted while changing ownership of /home/justin/pn2/vendor//etc/acdbdata/QRD/QRD_workspaceFile.qwsp
rdump: Operation not permitted while changing ownership of /home/justin/pn2/vendor//etc/acdbdata/QRD
rdump: Operation not permitted while changing ownership of /home/justin/pn2/vendor//etc/acdbdata
dump_file: Operation not permitted while changing ownership of /home/justin/pn2/vendor//etc/apdr.conf
dump_file: Operation not permitted while changing ownership of /home/justin/pn2/vendor//etc/audio/audio_policy_configuration.xml
rdump: Operation not permitted while changing ownership of /home/justin/pn2/vendor//etc/audio
dump_file: Operation not permitted while changing ownership of /home/justin/pn2/vendor//etc/audio_effects.conf
dump_file: Operation not permitted while changing ownership of /home/justin/pn2/vendor//etc/audio_output_policy.conf
dump_file: Operation not permitted while changing ownership of /home/justin/pn2/vendor//etc/audio_platform_info.xml
dump_file: Operation not permitted while changing ownership of /home/justin/pn2/vendor//etc/audio_platform_info_i2s.xml
dump_file: Operation not permitted while changing ownership of /home/justin/pn2/vendor//etc/audio_policy_configuration.xml
dump_file: Operation not permitted while changing ownership of /home/justin/pn2/vendor//etc/audio_policy_volumes.xml
dump_file: Operation not permitted while changing ownership of /home/justin/pn2/vendor//etc/audio_tuning_mixer_tavil.txt
dump_file: Operation not permitted while changing ownership of /home/justin/pn2/vendor//etc/cacert_location.pem
dump_file: Operation not permitted while changing ownership of /home/justin/pn2/vendor//etc/cne/wqeclient/ATT/ATT_profile1.xml
dump_file: Operation not permitted while changing ownership of /home/justin/pn2/vendor//etc/cne/wqeclient/ATT/ATT_profile2.xml
dump_file: Operation not permitted while changing ownership of /home/justin/pn2/vendor//etc/cne/wqeclient/ATT/ATT_profile3.xml
dump_file: Operation not permitted while changing ownership of /home/justin/pn2/vendor//etc/cne/wqeclient/ATT/ATT_profile4.xml
dump_file: Operation not permitted while changing ownership of /home/justin/pn2/vendor//etc/cne/wqeclient/ATT/ATT_profile5.xml
dump_file: Operation not permitted while changing ownership of /home/justin/pn2/vendor//etc/cne/wqeclient/ATT/ATT_profile6.xml
rdump: Operation not permitted while changing ownership of /home/justin/pn2/vendor//etc/cne/wqeclient/ATT
dump_file: Operation not permitted while changing ownership of /home/justin/pn2/vendor//etc/cne/wqeclient/ROW/ROW_profile1.xml
dump_file: Operation not permitted while changing ownership of /home/justin/pn2/vendor//etc/cne/wqeclient/ROW/ROW_profile2.xml
dump_file: Operation not permitted while changing ownership of /home/justin/pn2/vendor//etc/cne/wqeclient/ROW/ROW_profile3.xml
dump_file: Operation not permitted while changing ownership of /home/justin/pn2/vendor//etc/cne/wqeclient/ROW/ROW_profile4.xml
dump_file: Operation not permitted while changing ownership of /home/justin/pn2/vendor//etc/cne/wqeclient/ROW/ROW_profile5.xml
dump_file: Operation not permitted while changing ownership of /home/justin/pn2/vendor//etc/cne/wqeclient/ROW/ROW_profile6.xml
dump_file: Operation not permitted while changing ownership of /home/justin/pn2/vendor//etc/cne/wqeclient/ROW/ROW_profile7.xml
rdump: Operation not permitted while changing ownership of /home/justin/pn2/vendor//etc/cne/wqeclient/ROW
dump_file: Operation not permitted while changing ownership of /home/justin/pn2/vendor//etc/cne/wqeclient/VZW/VZW_profile1.xml
dump_file: Operation not permitted while changing ownership of /home/justin/pn2/vendor//etc/cne/wqeclient/VZW/VZW_profile2.xml
dump_file: Operation not permitted while changing ownership of /home/justin/pn2/vendor//etc/cne/wqeclient/VZW/VZW_profile3.xml
dump_file: Operation not permitted while changing ownership of /home/justin/pn2/vendor//etc/cne/wqeclient/VZW/VZW_profile4.xml
dump_file: Operation not permitted while changing ownership of /home/justin/pn2/vendor//etc/cne/wqeclient/VZW/VZW_profile5.xml
dump_file: Operation not permitted while changing ownership of /home/justin/pn2/vendor//etc/cne/wqeclient/VZW/VZW_profile6.xml
rdump: Operation not permitted while changing ownership of /home/justin/pn2/vendor//etc/cne/wqeclient/VZW
rdump: Operation not permitted while changing ownership of /home/justin/pn2/vendor//etc/cne/wqeclient
rdump: Operation not permitted while changing ownership of /home/justin/pn2/vendor//etc/cne
dump_file: Operation not permitted while changing ownership of /home/justin/pn2/vendor//etc/data/dsi_config.xml
dump_file: Operation not permitted while changing ownership of /home/justin/pn2/vendor//etc/data/netmgr_config.xml
rdump: Operation not permitted while changing ownership of /home/justin/pn2/vendor//etc/data
dump_file: Operation not permitted while changing ownership of /home/justin/pn2/vendor//etc/default_volume_tables.xml
dump_file: Operation not permitted while changing ownership of /home/justin/pn2/vendor//etc/flp.conf
dump_file: Operation not permitted while changing ownership of /home/justin/pn2/vendor//etc/fs_config_dirs
dump_file: Operation not permitted while changing ownership of /home/justin/pn2/vendor//etc/fs_config_files
dump_file: Operation not permitted while changing ownership of /home/justin/pn2/vendor//etc/fstab.qcom
dump_file: Operation not permitted while changing ownership of /home/justin/pn2/vendor//etc/ftm_test_config
dump_file: Operation not permitted while changing ownership of /home/justin/pn2/vendor//etc/gpfspath_oem_config.xml
dump_file: Operation not permitted while changing ownership of /home/justin/pn2/vendor//etc/gps.conf
dump_file: Operation not permitted while changing ownership of /home/justin/pn2/vendor//etc/graphite_ipc_platform_info.xml
dump_file: Operation not permitted while changing ownership of /home/justin/pn2/vendor//etc/hbtp/hbtpcfg.dat
dump_file: Operation not permitted while changing ownership of /home/justin/pn2/vendor//etc/hbtp/hbtpcfg_sdm845_800h_qhd.dat
dump_file: Operation not permitted while changing ownership of /home/justin/pn2/vendor//etc/hbtp/hbtpcfg_sdm845_800s_4k.dat
dump_file: Operation not permitted while changing ownership of /home/justin/pn2/vendor//etc/hbtp/hbtpcfg_sdm845_800s_qhd.dat
dump_file: Operation not permitted while changing ownership of /home/justin/pn2/vendor//etc/hbtp/loader.cfg
dump_file: Operation not permitted while changing ownership of /home/justin/pn2/vendor//etc/hbtp/qtc800h.bin
dump_file: Operation not permitted while changing ownership of /home/justin/pn2/vendor//etc/hbtp/qtc800s_dsp.bin
rdump: Operation not permitted while changing ownership of /home/justin/pn2/vendor//etc/hbtp
dump_file: Operation not permitted while changing ownership of /home/justin/pn2/vendor//etc/init/android.hardware.audio@2.0-service.rc
dump_file: Operation not permitted while changing ownership of /home/justin/pn2/vendor//etc/init/android.hardware.bluetooth@1.0-service-qti.rc
dump_file: Operation not permitted while changing ownership of /home/justin/pn2/vendor//etc/init/android.hardware.camera.provider@2.4-service.rc
dump_file: Operation not permitted while changing ownership of /home/justin/pn2/vendor//etc/init/android.hardware.cas@1.0-service.rc
dump_file: Operation not permitted while changing ownership of /home/justin/pn2/vendor//etc/init/android.hardware.configstore@1.0-service.rc
dump_file: Operation not permitted while changing ownership of /home/justin/pn2/vendor//etc/init/android.hardware.contexthub@1.0-service.rc
dump_file: Operation not permitted while changing ownership of /home/justin/pn2/vendor//etc/init/android.hardware.drm@1.0-service.rc
dump_file: Operation not permitted while changing ownership of /home/justin/pn2/vendor//etc/init/android.hardware.gatekeeper@1.0-service-qti.rc
dump_file: Operation not permitted while changing ownership of /home/justin/pn2/vendor//etc/init/android.hardware.graphics.allocator@2.0-service.rc
dump_file: Operation not permitted while changing ownership of /home/justin/pn2/vendor//etc/init/android.hardware.graphics.composer@2.1-service.rc
dump_file: Operation not permitted while changing ownership of /home/justin/pn2/vendor//etc/init/android.hardware.health@1.0-service.rc
dump_file: Operation not permitted while changing ownership of /home/justin/pn2/vendor//etc/init/android.hardware.keymaster@3.0-service-qti.rc
dump_file: Operation not permitted while changing ownership of /home/justin/pn2/vendor//etc/init/android.hardware.light@2.0-service.rc
dump_file: Operation not permitted while changing ownership of /home/justin/pn2/vendor//etc/init/android.hardware.media.omx@1.0-service.rc
dump_file: Operation not permitted while changing ownership of /home/justin/pn2/vendor//etc/init/android.hardware.memtrack@1.0-service.rc
dump_file: Operation not permitted while changing ownership of /home/justin/pn2/vendor//etc/init/android.hardware.power@1.0-service.rc
dump_file: Operation not permitted while changing ownership of /home/justin/pn2/vendor//etc/init/android.hardware.sensors@1.0-service.rc
dump_file: Operation not permitted while changing ownership of /home/justin/pn2/vendor//etc/init/android.hardware.thermal@1.0-service.rc
dump_file: Operation not permitted while changing ownership of /home/justin/pn2/vendor//etc/init/android.hardware.usb@1.0-service.rc
dump_file: Operation not permitted while changing ownership of /home/justin/pn2/vendor//etc/init/android.hardware.vibrator@1.0-service.rc
dump_file: Operation not permitted while changing ownership of /home/justin/pn2/vendor//etc/init/android.hardware.vr@1.0-service.rc
dump_file: Operation not permitted while changing ownership of /home/justin/pn2/vendor//etc/init/android.hardware.wifi@1.0-service.rc
dump_file: Operation not permitted while changing ownership of /home/justin/pn2/vendor//etc/init/com.qualcomm.qti.wifidisplayhal@1.0-service.rc
dump_file: Operation not permitted while changing ownership of /home/justin/pn2/vendor//etc/init/hostapd.android.rc
dump_file: Operation not permitted while changing ownership of /home/justin/pn2/vendor//etc/init/hw/init.msm.usb.configfs.rc
dump_file: Operation not permitted while changing ownership of /home/justin/pn2/vendor//etc/init/hw/init.qcom.factory.rc
dump_file: Operation not permitted while changing ownership of /home/justin/pn2/vendor//etc/init/hw/init.qcom.rc
dump_file: Operation not permitted while changing ownership of /home/justin/pn2/vendor//etc/init/hw/init.qcom.usb.rc
dump_file: Operation not permitted while changing ownership of /home/justin/pn2/vendor//etc/init/hw/init.target.rc
rdump: Operation not permitted while changing ownership of /home/justin/pn2/vendor//etc/init/hw
dump_file: Operation not permitted while changing ownership of /home/justin/pn2/vendor//etc/init/rild.rc
dump_file: Operation not permitted while changing ownership of /home/justin/pn2/vendor//etc/init/vendor.display.color@1.0-service.rc
dump_file: Operation not permitted while changing ownership of /home/justin/pn2/vendor//etc/init/vendor.nxp.hardware.nfc@1.0-service.rc
dump_file: Operation not permitted while changing ownership of /home/justin/pn2/vendor//etc/init/vendor.qti.esepowermanager@1.0-service.rc
dump_file: Operation not permitted while changing ownership of /home/justin/pn2/vendor//etc/init/vendor.qti.gnss@1.1-service.rc
dump_file: Operation not permitted while changing ownership of /home/justin/pn2/vendor//etc/init/vendor.qti.hardware.factory@1.0-service.rc
dump_file: Operation not permitted while changing ownership of /home/justin/pn2/vendor//etc/init/vendor.qti.hardware.iop@2.0-service.rc
dump_file: Operation not permitted while changing ownership of /home/justin/pn2/vendor//etc/init/vendor.qti.hardware.perf@1.0-service.rc
dump_file: Operation not permitted while changing ownership of /home/justin/pn2/vendor//etc/init/vendor.qti.hardware.qdutils_disp@1.0-service-qti.rc
dump_file: Operation not permitted while changing ownership of /home/justin/pn2/vendor//etc/init/vendor.qti.hardware.qteeconnector@1.0-service.rc
dump_file: Operation not permitted while changing ownership of /home/justin/pn2/vendor//etc/init/vendor.qti.hardware.sensorscalibrate@1.0-service.rc
dump_file: Operation not permitted while changing ownership of /home/justin/pn2/vendor//etc/init/vendor.qti.hardware.tui_comm@1.0-service-qti.rc
dump_file: Operation not permitted while changing ownership of /home/justin/pn2/vendor//etc/init/vndservicemanager.rc
rdump: Operation not permitted while changing ownership of /home/justin/pn2/vendor//etc/init
dump_file: Operation not permitted while changing ownership of /home/justin/pn2/vendor//etc/izat.conf
dump_file: Operation not permitted while changing ownership of /home/justin/pn2/vendor//etc/libnfc-brcm.conf
dump_file: Operation not permitted while changing ownership of /home/justin/pn2/vendor//etc/libnfc-brcm_NCI2_0.conf
dump_file: Operation not permitted while changing ownership of /home/justin/pn2/vendor//etc/libnfc-mtp-NQ3XX.conf
dump_file: Operation not permitted while changing ownership of /home/justin/pn2/vendor//etc/libnfc-mtp-NQ4XX.conf
dump_file: Operation not permitted while changing ownership of /home/justin/pn2/vendor//etc/libnfc-mtp_default.conf
dump_file: Operation not permitted while changing ownership of /home/justin/pn2/vendor//etc/libnfc-mtp_rf1.conf
dump_file: Operation not permitted while changing ownership of /home/justin/pn2/vendor//etc/libnfc-mtp_rf2.conf
dump_file: Operation not permitted while changing ownership of /home/justin/pn2/vendor//etc/libnfc-nxp_default.conf
dump_file: Operation not permitted while changing ownership of /home/justin/pn2/vendor//etc/libnfc-qrd-NQ3XX.conf
dump_file: Operation not permitted while changing ownership of /home/justin/pn2/vendor//etc/libnfc-qrd-NQ4XX.conf
dump_file: Operation not permitted while changing ownership of /home/justin/pn2/vendor//etc/libnfc-qrd_default.conf
dump_file: Operation not permitted while changing ownership of /home/justin/pn2/vendor//etc/libnfc-qrd_rf1.conf
dump_file: Operation not permitted while changing ownership of /home/justin/pn2/vendor//etc/libnfc-qrd_rf2.conf
dump_file: Operation not permitted while changing ownership of /home/justin/pn2/vendor//etc/listen_platform_info.xml
dump_file: Operation not permitted while changing ownership of /home/justin/pn2/vendor//etc/lm/ReferenceFeature.xml
rdump: Operation not permitted while changing ownership of /home/justin/pn2/vendor//etc/lm
dump_file: Operation not permitted while changing ownership of /home/justin/pn2/vendor//etc/lowi.conf
dump_file: Operation not permitted while changing ownership of /home/justin/pn2/vendor//etc/media_codecs.xml
dump_file: Operation not permitted while changing ownership of /home/justin/pn2/vendor//etc/media_codecs_google_audio.xml
dump_file: Operation not permitted while changing ownership of /home/justin/pn2/vendor//etc/media_codecs_google_telephony.xml
dump_file: Operation not permitted while changing ownership of /home/justin/pn2/vendor//etc/media_codecs_google_video.xml
dump_file: Operation not permitted while changing ownership of /home/justin/pn2/vendor//etc/media_codecs_performance.xml
dump_file: Operation not permitted while changing ownership of /home/justin/pn2/vendor//etc/media_codecs_vendor_audio.xml
dump_file: Operation not permitted while changing ownership of /home/justin/pn2/vendor//etc/media_profiles.xml
dump_file: Operation not permitted while changing ownership of /home/justin/pn2/vendor//etc/media_profiles_V1_0.xml
dump_file: Operation not permitted while changing ownership of /home/justin/pn2/vendor//etc/media_profiles_vendor.xml
dump_file: Operation not permitted while changing ownership of /home/justin/pn2/vendor//etc/mixer_paths_i2s.xml
dump_file: Operation not permitted while changing ownership of /home/justin/pn2/vendor//etc/mixer_paths_qvr.xml
dump_file: Operation not permitted while changing ownership of /home/justin/pn2/vendor//etc/mixer_paths_skuk.xml
dump_file: Operation not permitted while changing ownership of /home/justin/pn2/vendor//etc/mixer_paths_tavil.xml
dump_file: Operation not permitted while changing ownership of /home/justin/pn2/vendor//etc/mkshrc
dump_file: Operation not permitted while changing ownership of /home/justin/pn2/vendor//etc/msm_irqbalance.conf
dump_file: Operation not permitted while changing ownership of /home/justin/pn2/vendor//etc/openxr/1/active_runtime.json
rdump: Operation not permitted while changing ownership of /home/justin/pn2/vendor//etc/openxr/1
rdump: Operation not permitted while changing ownership of /home/justin/pn2/vendor//etc/openxr
dump_file: Operation not permitted while changing ownership of /home/justin/pn2/vendor//etc/perf/perf-profile0.conf
dump_file: Operation not permitted while changing ownership of /home/justin/pn2/vendor//etc/perf/perf-profile1.conf
dump_file: Operation not permitted while changing ownership of /home/justin/pn2/vendor//etc/perf/perf-profile2.conf
dump_file: Operation not permitted while changing ownership of /home/justin/pn2/vendor//etc/perf/perf-profile3.conf
dump_file: Operation not permitted while changing ownership of /home/justin/pn2/vendor//etc/perf/perf-profile4.conf
dump_file: Operation not permitted while changing ownership of /home/justin/pn2/vendor//etc/perf/perf-profile5.conf
dump_file: Operation not permitted while changing ownership of /home/justin/pn2/vendor//etc/perf/perf-profile6.conf
dump_file: Operation not permitted while changing ownership of /home/justin/pn2/vendor//etc/perf/perfboostsconfig.xml
rdump: Operation not permitted while changing ownership of /home/justin/pn2/vendor//etc/perf
dump_file: Operation not permitted while changing ownership of /home/justin/pn2/vendor//etc/permissions/android.hardware.bluetooth.xml
dump_file: Operation not permitted while changing ownership of /home/justin/pn2/vendor//etc/permissions/android.hardware.bluetooth_le.xml
dump_file: Operation not permitted while changing ownership of /home/justin/pn2/vendor//etc/permissions/android.hardware.camera.flash-autofocus.xml
dump_file: Operation not permitted while changing ownership of /home/justin/pn2/vendor//etc/permissions/android.hardware.camera.front.xml
dump_file: Operation not permitted while changing ownership of /home/justin/pn2/vendor//etc/permissions/android.hardware.camera.full.xml
dump_file: Operation not permitted while changing ownership of /home/justin/pn2/vendor//etc/permissions/android.hardware.camera.raw.xml
dump_file: Operation not permitted while changing ownership of /home/justin/pn2/vendor//etc/permissions/android.hardware.light.xml
dump_file: Operation not permitted while changing ownership of /home/justin/pn2/vendor//etc/permissions/android.hardware.location.gps.xml
dump_file: Operation not permitted while changing ownership of /home/justin/pn2/vendor//etc/permissions/android.hardware.nfc.hce.xml
dump_file: Operation not permitted while changing ownership of /home/justin/pn2/vendor//etc/permissions/android.hardware.nfc.hcef.xml
dump_file: Operation not permitted while changing ownership of /home/justin/pn2/vendor//etc/permissions/android.hardware.nfc.xml
dump_file: Operation not permitted while changing ownership of /home/justin/pn2/vendor//etc/permissions/android.hardware.opengles.aep.xml
dump_file: Operation not permitted while changing ownership of /home/justin/pn2/vendor//etc/permissions/android.hardware.sensor.accelerometer.xml
dump_file: Operation not permitted while changing ownership of /home/justin/pn2/vendor//etc/permissions/android.hardware.sensor.ambient_temperature.xml
dump_file: Operation not permitted while changing ownership of /home/justin/pn2/vendor//etc/permissions/android.hardware.sensor.barometer.xml
dump_file: Operation not permitted while changing ownership of /home/justin/pn2/vendor//etc/permissions/android.hardware.sensor.compass.xml
dump_file: Operation not permitted while changing ownership of /home/justin/pn2/vendor//etc/permissions/android.hardware.sensor.gyroscope.xml
dump_file: Operation not permitted while changing ownership of /home/justin/pn2/vendor//etc/permissions/android.hardware.sensor.hifi_sensors.xml
dump_file: Operation not permitted while changing ownership of /home/justin/pn2/vendor//etc/permissions/android.hardware.sensor.light.xml
dump_file: Operation not permitted while changing ownership of /home/justin/pn2/vendor//etc/permissions/android.hardware.sensor.proximity.xml
dump_file: Operation not permitted while changing ownership of /home/justin/pn2/vendor//etc/permissions/android.hardware.sensor.relative_humidity.xml
dump_file: Operation not permitted while changing ownership of /home/justin/pn2/vendor//etc/permissions/android.hardware.sensor.stepcounter.xml
dump_file: Operation not permitted while changing ownership of /home/justin/pn2/vendor//etc/permissions/android.hardware.sensor.stepdetector.xml
dump_file: Operation not permitted while changing ownership of /home/justin/pn2/vendor//etc/permissions/android.hardware.telephony.cdma.xml
dump_file: Operation not permitted while changing ownership of /home/justin/pn2/vendor//etc/permissions/android.hardware.telephony.gsm.xml
dump_file: Operation not permitted while changing ownership of /home/justin/pn2/vendor//etc/permissions/android.hardware.touchscreen.multitouch.jazzhand.xml
dump_file: Operation not permitted while changing ownership of /home/justin/pn2/vendor//etc/permissions/android.hardware.usb.accessory.xml
dump_file: Operation not permitted while changing ownership of /home/justin/pn2/vendor//etc/permissions/android.hardware.usb.host.xml
dump_file: Operation not permitted while changing ownership of /home/justin/pn2/vendor//etc/permissions/android.hardware.vr.high_performance.xml
dump_file: Operation not permitted while changing ownership of /home/justin/pn2/vendor//etc/permissions/android.hardware.vulkan.compute-0.xml
dump_file: Operation not permitted while changing ownership of /home/justin/pn2/vendor//etc/permissions/android.hardware.vulkan.level-0.xml
dump_file: Operation not permitted while changing ownership of /home/justin/pn2/vendor//etc/permissions/android.hardware.vulkan.version-1_0_3.xml
dump_file: Operation not permitted while changing ownership of /home/justin/pn2/vendor//etc/permissions/android.hardware.wifi.direct.xml
dump_file: Operation not permitted while changing ownership of /home/justin/pn2/vendor//etc/permissions/android.hardware.wifi.xml
dump_file: Operation not permitted while changing ownership of /home/justin/pn2/vendor//etc/permissions/android.software.midi.xml
dump_file: Operation not permitted while changing ownership of /home/justin/pn2/vendor//etc/permissions/android.software.sip.voip.xml
dump_file: Operation not permitted while changing ownership of /home/justin/pn2/vendor//etc/permissions/com.android.nfc_extras.xml
dump_file: Operation not permitted while changing ownership of /home/justin/pn2/vendor//etc/permissions/com.nxp.mifare.xml
dump_file: Operation not permitted while changing ownership of /home/justin/pn2/vendor//etc/permissions/handheld_core_hardware.xml
dump_file: Operation not permitted while changing ownership of /home/justin/pn2/vendor//etc/permissions/vendor-qti-hardware-sensorscalibrate.xml
dump_file: Operation not permitted while changing ownership of /home/justin/pn2/vendor//etc/permissions/vendor.qti.hardware.factory.xml
rdump: Operation not permitted while changing ownership of /home/justin/pn2/vendor//etc/permissions
dump_file: Operation not permitted while changing ownership of /home/justin/pn2/vendor//etc/powerhint.xml
dump_file: Operation not permitted while changing ownership of /home/justin/pn2/vendor//etc/public.libraries.txt
dump_file: Operation not permitted while changing ownership of /home/justin/pn2/vendor//etc/pvr/A7B10_B1_main.mci
dump_file: Operation not permitted while changing ownership of /home/justin/pn2/vendor//etc/pvr/A7B10_B2_main.mci
dump_file: Operation not permitted while changing ownership of /home/justin/pn2/vendor//etc/pvr/A7B10_B3_main.mci
dump_file: Operation not permitted while changing ownership of /home/justin/pn2/vendor//etc/pvr/A7B10_main.mci
dump_file: Operation not permitted while changing ownership of /home/justin/pn2/vendor//etc/pvr/A7C10_B1_main.mci
dump_file: Operation not permitted while changing ownership of /home/justin/pn2/vendor//etc/pvr/A7C10_B2_main.mci
dump_file: Operation not permitted while changing ownership of /home/justin/pn2/vendor//etc/pvr/A7C10_B3_main.mci
dump_file: Operation not permitted while changing ownership of /home/justin/pn2/vendor//etc/pvr/A7C10_main.mci
dump_file: Operation not permitted while changing ownership of /home/justin/pn2/vendor//etc/pvr/A7D10_B1_main.mci
dump_file: Operation not permitted while changing ownership of /home/justin/pn2/vendor//etc/pvr/A7D10_B2_main.mci
dump_file: Operation not permitted while changing ownership of /home/justin/pn2/vendor//etc/pvr/A7D10_B3_main.mci
dump_file: Operation not permitted while changing ownership of /home/justin/pn2/vendor//etc/pvr/A7D10_main.mci
dump_file: Operation not permitted while changing ownership of /home/justin/pn2/vendor//etc/pvr/A7G10_main.mci
dump_file: Operation not permitted while changing ownership of /home/justin/pn2/vendor//etc/pvr/init.btmac.sh
dump_file: Operation not permitted while changing ownership of /home/justin/pn2/vendor//etc/pvr/init.factory_reset.sh
dump_file: Operation not permitted while changing ownership of /home/justin/pn2/vendor//etc/pvr/init.pico.factory.cmd.sh
dump_file: Operation not permitted while changing ownership of /home/justin/pn2/vendor//etc/pvr/init.pico.sh
dump_file: Operation not permitted while changing ownership of /home/justin/pn2/vendor//etc/pvr/init.picovr.rc
dump_file: Operation not permitted while changing ownership of /home/justin/pn2/vendor//etc/pvr/init.pvr.camera.calibration.sh
dump_file: Operation not permitted while changing ownership of /home/justin/pn2/vendor//etc/pvr/init.pvr.camera.warmstart.sh
dump_file: Operation not permitted while changing ownership of /home/justin/pn2/vendor//etc/pvr/init.pvr.chmod.file.sh
dump_file: Operation not permitted while changing ownership of /home/justin/pn2/vendor//etc/pvr/main.mci
dump_file: Operation not permitted while changing ownership of /home/justin/pn2/vendor//etc/pvr/pvr.calibration.qcom.sh
dump_file: Operation not permitted while changing ownership of /home/justin/pn2/vendor//etc/pvr/pvr.calibration2.qcom.sh
dump_file: Operation not permitted while changing ownership of /home/justin/pn2/vendor//etc/pvr/pvr.display.check.sh
dump_file: Operation not permitted while changing ownership of /home/justin/pn2/vendor//etc/pvr/pvr.display.fps.sh
dump_file: Operation not permitted while changing ownership of /home/justin/pn2/vendor//etc/pvr/pvr.display.swtich_eb.sh
dump_file: Operation not permitted while changing ownership of /home/justin/pn2/vendor//etc/pvr/pvr.main.mci.check.sh
dump_file: Operation not permitted while changing ownership of /home/justin/pn2/vendor//etc/pvr/pvr.otg.mode.sh
dump_file: Operation not permitted while changing ownership of /home/justin/pn2/vendor//etc/pvr/pvr.preboot.mode.sh
dump_file: Operation not permitted while changing ownership of /home/justin/pn2/vendor//etc/pvr/pvr.prop.default.sh
dump_file: Operation not permitted while changing ownership of /home/justin/pn2/vendor//etc/pvr/pvr.update.splash.sh
dump_file: Operation not permitted while changing ownership of /home/justin/pn2/vendor//etc/pvr/pvr.vrdisplay.ui.sh
dump_file: Operation not permitted while changing ownership of /home/justin/pn2/vendor//etc/pvr/pxr.ndifirmware.update.sh
dump_file: Operation not permitted while changing ownership of /home/justin/pn2/vendor//etc/pvr/pxr.vendorhw.check.sh
rdump: Operation not permitted while changing ownership of /home/justin/pn2/vendor//etc/pvr
dump_file: Operation not permitted while changing ownership of /home/justin/pn2/vendor//etc/qdcm_calib_data_jdi_4k_55uhd_70_new_video_mode_dsi_panel.xml
dump_file: Operation not permitted while changing ownership of /home/justin/pn2/vendor//etc/qdcm_calib_data_jdi_4k_55uhd_72_new_video_mode_dsi_panel.xml
dump_file: Operation not permitted while changing ownership of /home/justin/pn2/vendor//etc/qdcm_calib_data_jdi_4k_55uhd_74_new_video_mode_dsi_panel.xml
dump_file: Operation not permitted while changing ownership of /home/justin/pn2/vendor//etc/qdcm_calib_data_jdi_4k_55uhd_75_new_video_mode_dsi_panel.xml
dump_file: Operation not permitted while changing ownership of /home/justin/pn2/vendor//etc/qti-logkit/IMS.dmc
dump_file: Operation not permitted while changing ownership of /home/justin/pn2/vendor//etc/qti-logkit/audiobasic.dmc
dump_file: Operation not permitted while changing ownership of /home/justin/pn2/vendor//etc/qti-logkit/gnsslocationlogging.dmc
dump_file: Operation not permitted while changing ownership of /home/justin/pn2/vendor//etc/qti-logkit/goldenlogmask.dmc
dump_file: Operation not permitted while changing ownership of /home/justin/pn2/vendor//etc/qti-logkit/qti_logkit_command.xml
dump_file: Operation not permitted while changing ownership of /home/justin/pn2/vendor//etc/qti-logkit/qti_logkit_config.xml
dump_file: Operation not permitted while changing ownership of /home/justin/pn2/vendor//etc/qti-logkit/scenarios/IMS.png
dump_file: Operation not permitted while changing ownership of /home/justin/pn2/vendor//etc/qti-logkit/scenarios/bluetooth.png
dump_file: Operation not permitted while changing ownership of /home/justin/pn2/vendor//etc/qti-logkit/scenarios/default.png
rdump: Operation not permitted while changing ownership of /home/justin/pn2/vendor//etc/qti-logkit/scenarios
rdump: Operation not permitted while changing ownership of /home/justin/pn2/vendor//etc/qti-logkit
dump_file: Operation not permitted while changing ownership of /home/justin/pn2/vendor//etc/qvop/antispoofing.bin
dump_file: Operation not permitted while changing ownership of /home/justin/pn2/vendor//etc/qvop/cmudict.bin
dump_file: Operation not permitted while changing ownership of /home/justin/pn2/vendor//etc/qvop/noisesample.bin
dump_file: Operation not permitted while changing ownership of /home/justin/pn2/vendor//etc/qvop/poc_64_hmm.gmm
rdump: Operation not permitted while changing ownership of /home/justin/pn2/vendor//etc/qvop
dump_file: Operation not permitted while changing ownership of /home/justin/pn2/vendor//etc/qvr/6dof_config.xml
dump_file: Operation not permitted while changing ownership of /home/justin/pn2/vendor//etc/qvr/config_default.txt
dump_file: Operation not permitted while changing ownership of /home/justin/pn2/vendor//etc/qvr/qvrservice_config_default.txt
dump_file: Operation not permitted while changing ownership of /home/justin/pn2/vendor//etc/qvr/qvrservice_config_eyetracking.txt
dump_file: Operation not permitted while changing ownership of /home/justin/pn2/vendor//etc/qvr/qvrservice_config_eyetracking60.txt
dump_file: Operation not permitted while changing ownership of /home/justin/pn2/vendor//etc/qvr/qvrservice_config_eyetracking90.txt
dump_file: Operation not permitted while changing ownership of /home/justin/pn2/vendor//etc/qvr/svrapi_config.txt
dump_file: Operation not permitted while changing ownership of /home/justin/pn2/vendor//etc/qvr/svrapi_config_11ad.txt
dump_file: Operation not permitted while changing ownership of /home/justin/pn2/vendor//etc/qvr/svrapi_config_default.txt
rdump: Operation not permitted while changing ownership of /home/justin/pn2/vendor//etc/qvr
dump_file: Operation not permitted while changing ownership of /home/justin/pn2/vendor//etc/r_submix_audio_policy_configuration.xml
dump_file: Operation not permitted while changing ownership of /home/justin/pn2/vendor//etc/sap.conf
dump_file: Operation not permitted while changing ownership of /home/justin/pn2/vendor//etc/scve/facereco/gModel.dat
rdump: Operation not permitted while changing ownership of /home/justin/pn2/vendor//etc/scve/facereco
rdump: Operation not permitted while changing ownership of /home/justin/pn2/vendor//etc/scve
dump_file: Operation not permitted while changing ownership of /home/justin/pn2/vendor//etc/sec_config
dump_file: Operation not permitted while changing ownership of /home/justin/pn2/vendor//etc/seccomp_policy/configstore@1.0.policy
dump_file: Operation not permitted while changing ownership of /home/justin/pn2/vendor//etc/seccomp_policy/mediacodec.policy
dump_file: Operation not permitted while changing ownership of /home/justin/pn2/vendor//etc/seccomp_policy/mediaextractor.policy
rdump: Operation not permitted while changing ownership of /home/justin/pn2/vendor//etc/seccomp_policy
dump_file: Operation not permitted while changing ownership of /home/justin/pn2/vendor//etc/selinux/nonplat_file_contexts
dump_file: Operation not permitted while changing ownership of /home/justin/pn2/vendor//etc/selinux/nonplat_hwservice_contexts
dump_file: Operation not permitted while changing ownership of /home/justin/pn2/vendor//etc/selinux/nonplat_mac_permissions.xml
dump_file: Operation not permitted while changing ownership of /home/justin/pn2/vendor//etc/selinux/nonplat_property_contexts
dump_file: Operation not permitted while changing ownership of /home/justin/pn2/vendor//etc/selinux/nonplat_seapp_contexts
dump_file: Operation not permitted while changing ownership of /home/justin/pn2/vendor//etc/selinux/nonplat_sepolicy.cil
dump_file: Operation not permitted while changing ownership of /home/justin/pn2/vendor//etc/selinux/nonplat_service_contexts
dump_file: Operation not permitted while changing ownership of /home/justin/pn2/vendor//etc/selinux/plat_sepolicy_vers.txt
dump_file: Operation not permitted while changing ownership of /home/justin/pn2/vendor//etc/selinux/precompiled_sepolicy
dump_file: Operation not permitted while changing ownership of /home/justin/pn2/vendor//etc/selinux/precompiled_sepolicy.plat_and_mapping.sha256
dump_file: Operation not permitted while changing ownership of /home/justin/pn2/vendor//etc/selinux/vndservice_contexts
rdump: Operation not permitted while changing ownership of /home/justin/pn2/vendor//etc/selinux
dump_file: Operation not permitted while changing ownership of /home/justin/pn2/vendor//etc/sensors/config/8909w_Compal_ak991x_0.json
dump_file: Operation not permitted while changing ownership of /home/justin/pn2/vendor//etc/sensors/config/8909w_Compal_bmi160_0.json
dump_file: Operation not permitted while changing ownership of /home/justin/pn2/vendor//etc/sensors/config/8909w_Compal_ltr308_0.json
dump_file: Operation not permitted while changing ownership of /home/justin/pn2/vendor//etc/sensors/config/8909w_ak991x_0.json
dump_file: Operation not permitted while changing ownership of /home/justin/pn2/vendor//etc/sensors/config/8909w_amd.json
dump_file: Operation not permitted while changing ownership of /home/justin/pn2/vendor//etc/sensors/config/8909w_bmi160_0.json
dump_file: Operation not permitted while changing ownership of /home/justin/pn2/vendor//etc/sensors/config/8909w_bmp285_0.json
dump_file: Operation not permitted while changing ownership of /home/justin/pn2/vendor//etc/sensors/config/8909w_ltr308_0.json
dump_file: Operation not permitted while changing ownership of /home/justin/pn2/vendor//etc/sensors/config/8909w_pah_8011_0_platform.json
dump_file: Operation not permitted while changing ownership of /home/justin/pn2/vendor//etc/sensors/config/8909w_pah_8011_0_ppg.json
dump_file: Operation not permitted while changing ownership of /home/justin/pn2/vendor//etc/sensors/config/8909w_pah_8011_0_touch.json
dump_file: Operation not permitted while changing ownership of /home/justin/pn2/vendor//etc/sensors/config/ak991x_dri_0.json
dump_file: Operation not permitted while changing ownership of /home/justin/pn2/vendor//etc/sensors/config/bma2x2_0.json
dump_file: Operation not permitted while changing ownership of /home/justin/pn2/vendor//etc/sensors/config/bme680_0.json
dump_file: Operation not permitted while changing ownership of /home/justin/pn2/vendor//etc/sensors/config/bmg160_0.json
dump_file: Operation not permitted while changing ownership of /home/justin/pn2/vendor//etc/sensors/config/bmi160_0.json
dump_file: Operation not permitted while changing ownership of /home/justin/pn2/vendor//etc/sensors/config/bmm150_0.json
dump_file: Operation not permitted while changing ownership of /home/justin/pn2/vendor//etc/sensors/config/bmp285_0.json
dump_file: Operation not permitted while changing ownership of /home/justin/pn2/vendor//etc/sensors/config/cm3526_0.json
dump_file: Operation not permitted while changing ownership of /home/justin/pn2/vendor//etc/sensors/config/config_list.txt
dump_file: Operation not permitted while changing ownership of /home/justin/pn2/vendor//etc/sensors/config/default_sensors.json
dump_file: Operation not permitted while changing ownership of /home/justin/pn2/vendor//etc/sensors/config/icm206xx_0.json
dump_file: Operation not permitted while changing ownership of /home/justin/pn2/vendor//etc/sensors/config/lsm6ds3_0.json
dump_file: Operation not permitted while changing ownership of /home/justin/pn2/vendor//etc/sensors/config/lsm6dsm_0.json
dump_file: Operation not permitted while changing ownership of /home/justin/pn2/vendor//etc/sensors/config/lsm6dso_0.json
dump_file: Operation not permitted while changing ownership of /home/justin/pn2/vendor//etc/sensors/config/ltr308_0_on_change.json
dump_file: Operation not permitted while changing ownership of /home/justin/pn2/vendor//etc/sensors/config/msm8996_ak9911x_0.json
dump_file: Operation not permitted while changing ownership of /home/justin/pn2/vendor//etc/sensors/config/msm8996_bmp285_0.json
dump_file: Operation not permitted while changing ownership of /home/justin/pn2/vendor//etc/sensors/config/msm8996_cm3526_0.json
dump_file: Operation not permitted while changing ownership of /home/justin/pn2/vendor//etc/sensors/config/msm8996_lsm6ds3_0.json
dump_file: Operation not permitted while changing ownership of /home/justin/pn2/vendor//etc/sensors/config/msm8996_lsm6dsm_0.json
dump_file: Operation not permitted while changing ownership of /home/justin/pn2/vendor//etc/sensors/config/msm8996_power_0.json
dump_file: Operation not permitted while changing ownership of /home/justin/pn2/vendor//etc/sensors/config/msm8996_shtw2_0.json
dump_file: Operation not permitted while changing ownership of /home/justin/pn2/vendor//etc/sensors/config/msm8996_tmx4903.json
dump_file: Operation not permitted while changing ownership of /home/justin/pn2/vendor//etc/sensors/config/pah_8011_0_platform.ppg_enable_ex_1.json
dump_file: Operation not permitted while changing ownership of /home/justin/pn2/vendor//etc/sensors/config/qcs605_bmi160_0.json
dump_file: Operation not permitted while changing ownership of /home/justin/pn2/vendor//etc/sensors/config/sdm710_2p5K_tmx4903.json
dump_file: Operation not permitted while changing ownership of /home/justin/pn2/vendor//etc/sensors/config/sdm710_4K_tmx4903.json
dump_file: Operation not permitted while changing ownership of /home/justin/pn2/vendor//etc/sensors/config/sdm710_ak991x_0.json
dump_file: Operation not permitted while changing ownership of /home/justin/pn2/vendor//etc/sensors/config/sdm710_bmp285_0.json
dump_file: Operation not permitted while changing ownership of /home/justin/pn2/vendor//etc/sensors/config/sdm710_bu52053nvx_0.json
dump_file: Operation not permitted while changing ownership of /home/justin/pn2/vendor//etc/sensors/config/sdm710_cm3526_0.json
dump_file: Operation not permitted while changing ownership of /home/justin/pn2/vendor//etc/sensors/config/sdm710_hdk_lsm6dso_0.json
dump_file: Operation not permitted while changing ownership of /home/justin/pn2/vendor//etc/sensors/config/sdm710_lsm6dso_0.json
dump_file: Operation not permitted while changing ownership of /home/justin/pn2/vendor//etc/sensors/config/sdm710_power_0.json
dump_file: Operation not permitted while changing ownership of /home/justin/pn2/vendor//etc/sensors/config/sdm710_qrd_ak991x_0.json
dump_file: Operation not permitted while changing ownership of /home/justin/pn2/vendor//etc/sensors/config/sdm710_qrd_lsm6dso_0.json
dump_file: Operation not permitted while changing ownership of /home/justin/pn2/vendor//etc/sensors/config/sdm710_shtw2_0.json
dump_file: Operation not permitted while changing ownership of /home/justin/pn2/vendor//etc/sensors/config/sdm710_tmx4903.json
dump_file: Operation not permitted while changing ownership of /home/justin/pn2/vendor//etc/sensors/config/sdm845_2p5K_tmx4903.json
dump_file: Operation not permitted while changing ownership of /home/justin/pn2/vendor//etc/sensors/config/sdm845_4K_tmx4903.json
dump_file: Operation not permitted while changing ownership of /home/justin/pn2/vendor//etc/sensors/config/sdm845_ak991x_0.json
dump_file: Operation not permitted while changing ownership of /home/justin/pn2/vendor//etc/sensors/config/sdm845_bme680_0.json
dump_file: Operation not permitted while changing ownership of /home/justin/pn2/vendor//etc/sensors/config/sdm845_bmm150_0.json
dump_file: Operation not permitted while changing ownership of /home/justin/pn2/vendor//etc/sensors/config/sdm845_bmp285_0.json
dump_file: Operation not permitted while changing ownership of /home/justin/pn2/vendor//etc/sensors/config/sdm845_bu52053nvx_0.json
dump_file: Operation not permitted while changing ownership of /home/justin/pn2/vendor//etc/sensors/config/sdm845_cm3526_0.json
dump_file: Operation not permitted while changing ownership of /home/justin/pn2/vendor//etc/sensors/config/sdm845_icm206xx_0.json
dump_file: Operation not permitted while changing ownership of /home/justin/pn2/vendor//etc/sensors/config/sdm845_lsm6dsm_0.json
dump_file: Operation not permitted while changing ownership of /home/justin/pn2/vendor//etc/sensors/config/sdm845_lsm6dso_0.json
dump_file: Operation not permitted while changing ownership of /home/justin/pn2/vendor//etc/sensors/config/sdm845_power_0.json
dump_file: Operation not permitted while changing ownership of /home/justin/pn2/vendor//etc/sensors/config/sdm845_qrd_power_0.json
dump_file: Operation not permitted while changing ownership of /home/justin/pn2/vendor//etc/sensors/config/sdm845_qvr_ak991x_0.json
dump_file: Operation not permitted while changing ownership of /home/justin/pn2/vendor//etc/sensors/config/sdm845_shtw2_0.json
dump_file: Operation not permitted while changing ownership of /home/justin/pn2/vendor//etc/sensors/config/sdm845_stk3x1x_0.json
dump_file: Operation not permitted while changing ownership of /home/justin/pn2/vendor//etc/sensors/config/sdm845_svr_bma2x2_0.json
dump_file: Operation not permitted while changing ownership of /home/justin/pn2/vendor//etc/sensors/config/sdm845_svr_bmg160_0.json
dump_file: Operation not permitted while changing ownership of /home/justin/pn2/vendor//etc/sensors/config/sdm845_svr_llcm.json
dump_file: Operation not permitted while changing ownership of /home/justin/pn2/vendor//etc/sensors/config/sdm845_tmd2725.json
dump_file: Operation not permitted while changing ownership of /home/justin/pn2/vendor//etc/sensors/config/sdm845_tmx4903.json
dump_file: Operation not permitted while changing ownership of /home/justin/pn2/vendor//etc/sensors/config/shtw2_0.json
dump_file: Operation not permitted while changing ownership of /home/justin/pn2/vendor//etc/sensors/config/sns_amd.json
dump_file: Operation not permitted while changing ownership of /home/justin/pn2/vendor//etc/sensors/config/sns_basic_gestures.json
dump_file: Operation not permitted while changing ownership of /home/justin/pn2/vendor//etc/sensors/config/sns_bring_to_ear.json
dump_file: Operation not permitted while changing ownership of /home/justin/pn2/vendor//etc/sensors/config/sns_cm.json
dump_file: Operation not permitted while changing ownership of /home/justin/pn2/vendor//etc/sensors/config/sns_device_orient.json
dump_file: Operation not permitted while changing ownership of /home/justin/pn2/vendor//etc/sensors/config/sns_diag_filter.json
dump_file: Operation not permitted while changing ownership of /home/justin/pn2/vendor//etc/sensors/config/sns_distance_bound.json
dump_file: Operation not permitted while changing ownership of /home/justin/pn2/vendor//etc/sensors/config/sns_dpc.json
dump_file: Operation not permitted while changing ownership of /home/justin/pn2/vendor//etc/sensors/config/sns_facing.json
dump_file: Operation not permitted while changing ownership of /home/justin/pn2/vendor//etc/sensors/config/sns_fmv.json
dump_file: Operation not permitted while changing ownership of /home/justin/pn2/vendor//etc/sensors/config/sns_geomag_rv.json
dump_file: Operation not permitted while changing ownership of /home/justin/pn2/vendor//etc/sensors/config/sns_gyro_cal.json
dump_file: Operation not permitted while changing ownership of /home/justin/pn2/vendor//etc/sensors/config/sns_heart_rate.json
dump_file: Operation not permitted while changing ownership of /home/justin/pn2/vendor//etc/sensors/config/sns_mag_cal.json
dump_file: Operation not permitted while changing ownership of /home/justin/pn2/vendor//etc/sensors/config/sns_multishake.json
dump_file: Operation not permitted while changing ownership of /home/justin/pn2/vendor//etc/sensors/config/sns_pedometer.json
dump_file: Operation not permitted while changing ownership of /home/justin/pn2/vendor//etc/sensors/config/sns_rmd.json
dump_file: Operation not permitted while changing ownership of /home/justin/pn2/vendor//etc/sensors/config/sns_rotv.json
dump_file: Operation not permitted while changing ownership of /home/justin/pn2/vendor//etc/sensors/config/sns_smd.json
dump_file: Operation not permitted while changing ownership of /home/justin/pn2/vendor//etc/sensors/config/sns_tilt.json
dump_file: Operation not permitted while changing ownership of /home/justin/pn2/vendor//etc/sensors/config/sns_tilt_to_wake.json
dump_file: Operation not permitted while changing ownership of /home/justin/pn2/vendor//etc/sensors/config/sns_wrist_pedo.json
dump_file: Operation not permitted while changing ownership of /home/justin/pn2/vendor//etc/sensors/config/stk3x1x_0.json
dump_file: Operation not permitted while changing ownership of /home/justin/pn2/vendor//etc/sensors/config/sxr1130_ak991x_0.json
dump_file: Operation not permitted while changing ownership of /home/justin/pn2/vendor//etc/sensors/config/sxr1130_bmp285_0.json
dump_file: Operation not permitted while changing ownership of /home/justin/pn2/vendor//etc/sensors/config/sxr1130_bu52053nvx_0.json
dump_file: Operation not permitted while changing ownership of /home/justin/pn2/vendor//etc/sensors/config/sxr1130_cm3526_0.json
dump_file: Operation not permitted while changing ownership of /home/justin/pn2/vendor//etc/sensors/config/sxr1130_lsm6dso_0.json
dump_file: Operation not permitted while changing ownership of /home/justin/pn2/vendor//etc/sensors/config/sxr1130_power_0.json
dump_file: Operation not permitted while changing ownership of /home/justin/pn2/vendor//etc/sensors/config/sxr1130_shtw2_0.json
dump_file: Operation not permitted while changing ownership of /home/justin/pn2/vendor//etc/sensors/config/sxr1130_tmx4903.json
dump_file: Operation not permitted while changing ownership of /home/justin/pn2/vendor//etc/sensors/config/tmd2725.json
dump_file: Operation not permitted while changing ownership of /home/justin/pn2/vendor//etc/sensors/config/tmx4903.json
rdump: Operation not permitted while changing ownership of /home/justin/pn2/vendor//etc/sensors/config
dump_file: Operation not permitted while changing ownership of /home/justin/pn2/vendor//etc/sensors/hals.conf
rdump: Operation not permitted while changing ownership of /home/justin/pn2/vendor//etc/sensors
dump_file: Operation not permitted while changing ownership of /home/justin/pn2/vendor//etc/sound_trigger_mixer_paths_wcd9340.xml
dump_file: Operation not permitted while changing ownership of /home/justin/pn2/vendor//etc/sound_trigger_platform_info.xml
dump_file: Operation not permitted while changing ownership of /home/justin/pn2/vendor//etc/system_properties.xml
dump_file: Operation not permitted while changing ownership of /home/justin/pn2/vendor//etc/thermal-engine.conf
dump_file: Operation not permitted while changing ownership of /home/justin/pn2/vendor//etc/usb_audio_policy_configuration.xml
dump_file: Operation not permitted while changing ownership of /home/justin/pn2/vendor//etc/wifi/WCNSS_qcom_cfg.ini
dump_file: Operation not permitted while changing ownership of /home/justin/pn2/vendor//etc/wifi/aoa_cldb_falcon.bin
dump_file: Operation not permitted while changing ownership of /home/justin/pn2/vendor//etc/wifi/aoa_cldb_swl14.bin
dump_file: Operation not permitted while changing ownership of /home/justin/pn2/vendor//etc/wifi/fstman.ini
dump_file: Operation not permitted while changing ownership of /home/justin/pn2/vendor//etc/wifi/p2p_supplicant_overlay.conf
dump_file: Operation not permitted while changing ownership of /home/justin/pn2/vendor//etc/wifi/wifi_concurrency_cfg.txt
dump_file: Operation not permitted while changing ownership of /home/justin/pn2/vendor//etc/wifi/wigig_p2p_supplicant.conf
dump_file: Operation not permitted while changing ownership of /home/justin/pn2/vendor//etc/wifi/wigig_supplicant.conf
dump_file: Operation not permitted while changing ownership of /home/justin/pn2/vendor//etc/wifi/wpa_supplicant.conf
dump_file: Operation not permitted while changing ownership of /home/justin/pn2/vendor//etc/wifi/wpa_supplicant_overlay.conf
rdump: Operation not permitted while changing ownership of /home/justin/pn2/vendor//etc/wifi
dump_file: Operation not permitted while changing ownership of /home/justin/pn2/vendor//etc/xtra_root_cert.pem
dump_file: Operation not permitted while changing ownership of /home/justin/pn2/vendor//etc/xtwifi.conf
rdump: Operation not permitted while changing ownership of /home/justin/pn2/vendor//etc
dump_file: Operation not permitted while changing ownership of /home/justin/pn2/vendor//firmware/CAMERA_ICP.elf
dump_file: Operation not permitted while changing ownership of /home/justin/pn2/vendor//firmware/a225_pfp.fw
dump_file: Operation not permitted while changing ownership of /home/justin/pn2/vendor//firmware/a225_pm4.fw
dump_file: Operation not permitted while changing ownership of /home/justin/pn2/vendor//firmware/a225p5_pm4.fw
dump_file: Operation not permitted while changing ownership of /home/justin/pn2/vendor//firmware/a300_pfp.fw
dump_file: Operation not permitted while changing ownership of /home/justin/pn2/vendor//firmware/a300_pm4.fw
dump_file: Operation not permitted while changing ownership of /home/justin/pn2/vendor//firmware/a330_pfp.fw
dump_file: Operation not permitted while changing ownership of /home/justin/pn2/vendor//firmware/a330_pm4.fw
dump_file: Operation not permitted while changing ownership of /home/justin/pn2/vendor//firmware/a420_pfp.fw
dump_file: Operation not permitted while changing ownership of /home/justin/pn2/vendor//firmware/a420_pm4.fw
dump_file: Operation not permitted while changing ownership of /home/justin/pn2/vendor//firmware/a530_gpmu.fw2
dump_file: Operation not permitted while changing ownership of /home/justin/pn2/vendor//firmware/a530_pfp.fw
dump_file: Operation not permitted while changing ownership of /home/justin/pn2/vendor//firmware/a530_pm4.fw
dump_file: Operation not permitted while changing ownership of /home/justin/pn2/vendor//firmware/a530v1_pfp.fw
dump_file: Operation not permitted while changing ownership of /home/justin/pn2/vendor//firmware/a530v1_pm4.fw
dump_file: Operation not permitted while changing ownership of /home/justin/pn2/vendor//firmware/a530v2_seq.fw2
dump_file: Operation not permitted while changing ownership of /home/justin/pn2/vendor//firmware/a530v3_gpmu.fw2
dump_file: Operation not permitted while changing ownership of /home/justin/pn2/vendor//firmware/a530v3_seq.fw2
dump_file: Operation not permitted while changing ownership of /home/justin/pn2/vendor//firmware/a540_gpmu.fw2
dump_file: Operation not permitted while changing ownership of /home/justin/pn2/vendor//firmware/a630_gmu.bin
dump_file: Operation not permitted while changing ownership of /home/justin/pn2/vendor//firmware/a630_sqe.fw
dump_file: Operation not permitted while changing ownership of /home/justin/pn2/vendor//firmware/a630_zap.b00
dump_file: Operation not permitted while changing ownership of /home/justin/pn2/vendor//firmware/a630_zap.b01
dump_file: Operation not permitted while changing ownership of /home/justin/pn2/vendor//firmware/a630_zap.b02
dump_file: Operation not permitted while changing ownership of /home/justin/pn2/vendor//firmware/a630_zap.elf
dump_file: Operation not permitted while changing ownership of /home/justin/pn2/vendor//firmware/a630_zap.mdt
dump_file: Operation not permitted while changing ownership of /home/justin/pn2/vendor//firmware/ipa_fws.b00
dump_file: Operation not permitted while changing ownership of /home/justin/pn2/vendor//firmware/ipa_fws.b01
dump_file: Operation not permitted while changing ownership of /home/justin/pn2/vendor//firmware/ipa_fws.b02
dump_file: Operation not permitted while changing ownership of /home/justin/pn2/vendor//firmware/ipa_fws.b03
dump_file: Operation not permitted while changing ownership of /home/justin/pn2/vendor//firmware/ipa_fws.b04
dump_file: Operation not permitted while changing ownership of /home/justin/pn2/vendor//firmware/ipa_fws.elf
dump_file: Operation not permitted while changing ownership of /home/justin/pn2/vendor//firmware/ipa_fws.mdt
dump_file: Operation not permitted while changing ownership of /home/justin/pn2/vendor//firmware/leia_pfp_470.fw
dump_file: Operation not permitted while changing ownership of /home/justin/pn2/vendor//firmware/leia_pm4_470.fw
dump_file: Operation not permitted while changing ownership of /home/justin/pn2/vendor//firmware/libpn547_fw.so
dump_file: Operation not permitted while changing ownership of /home/justin/pn2/vendor//firmware/libpn548ad_fw.so
dump_file: Operation not permitted while changing ownership of /home/justin/pn2/vendor//firmware/libpn551_fw.so
dump_file: Operation not permitted while changing ownership of /home/justin/pn2/vendor//firmware/libpn553_fw.so
dump_file: Operation not permitted while changing ownership of /home/justin/pn2/vendor//firmware/libpn557_fw.so
rdump: Operation not permitted while changing ownership of /home/justin/pn2/vendor//firmware/wlan/qca_cld
rdump: Operation not permitted while changing ownership of /home/justin/pn2/vendor//firmware/wlan
rdump: Operation not permitted while changing ownership of /home/justin/pn2/vendor//firmware
dump_file: Operation not permitted while changing ownership of /home/justin/pn2/vendor//framework/qti-vzw-ims-internal.jar
dump_file: Operation not permitted while changing ownership of /home/justin/pn2/vendor//framework/vendor.qti.hardware.alarm-V1.0-java.jar
dump_file: Operation not permitted while changing ownership of /home/justin/pn2/vendor//framework/vendor.qti.hardware.factory-V1.0-java.jar
dump_file: Operation not permitted while changing ownership of /home/justin/pn2/vendor//framework/vendor.qti.hardware.sensorscalibrate-V1.0-java.jar
rdump: Operation not permitted while changing ownership of /home/justin/pn2/vendor//framework
dump_file: Operation not permitted while changing ownership of /home/justin/pn2/vendor//lib/android.hidl.base@1.0.so
dump_file: Operation not permitted while changing ownership of /home/justin/pn2/vendor//lib/camera/com.qti.sensor.adi9036_1016.so
dump_file: Operation not permitted while changing ownership of /home/justin/pn2/vendor//lib/camera/com.qti.sensor.max7366_ov6211.so
dump_file: Operation not permitted while changing ownership of /home/justin/pn2/vendor//lib/camera/com.qti.sensor.max7366_ov9282.so
dump_file: Operation not permitted while changing ownership of /home/justin/pn2/vendor//lib/camera/com.qti.sensormodule.liteon_max7366_ov6211.bin
dump_file: Operation not permitted while changing ownership of /home/justin/pn2/vendor//lib/camera/com.qti.sensormodule.liteon_max7366_ov9282.bin
dump_file: Operation not permitted while changing ownership of /home/justin/pn2/vendor//lib/camera/com.qti.sensormodule.truly_adi9036_1016.bin
dump_file: Operation not permitted while changing ownership of /home/justin/pn2/vendor//lib/camera/com.qti.tuned.altek1_imx577.bin
dump_file: Operation not permitted while changing ownership of /home/justin/pn2/vendor//lib/camera/com.qti.tuned.altek_imx577.bin
dump_file: Operation not permitted while changing ownership of /home/justin/pn2/vendor//lib/camera/com.qti.tuned.default.bin
dump_file: Operation not permitted while changing ownership of /home/justin/pn2/vendor//lib/camera/com.qti.tuned.default_full_iq.bin
dump_file: Operation not permitted while changing ownership of /home/justin/pn2/vendor//lib/camera/com.qti.tuned.liteon_imx318.bin
dump_file: Operation not permitted while changing ownership of /home/justin/pn2/vendor//lib/camera/com.qti.tuned.liteon_imx362.bin
dump_file: Operation not permitted while changing ownership of /home/justin/pn2/vendor//lib/camera/com.qti.tuned.liteon_max7366_6dof.bin
dump_file: Operation not permitted while changing ownership of /home/justin/pn2/vendor//lib/camera/com.qti.tuned.liteon_max7366_eyetrack.bin
dump_file: Operation not permitted while changing ownership of /home/justin/pn2/vendor//lib/camera/com.qti.tuned.liteon_max7366_ov9282.bin
dump_file: Operation not permitted while changing ownership of /home/justin/pn2/vendor//lib/camera/com.qti.tuned.ofilm_ov12a10.bin
dump_file: Operation not permitted while changing ownership of /home/justin/pn2/vendor//lib/camera/com.qti.tuned.ofilm_ov13855.bin
dump_file: Operation not permitted while changing ownership of /home/justin/pn2/vendor//lib/camera/com.qti.tuned.ofilm_ov13880.bin
dump_file: Operation not permitted while changing ownership of /home/justin/pn2/vendor//lib/camera/com.qti.tuned.semco_imx258.bin
dump_file: Operation not permitted while changing ownership of /home/justin/pn2/vendor//lib/camera/com.qti.tuned.semco_imx386.bin
dump_file: Operation not permitted while changing ownership of /home/justin/pn2/vendor//lib/camera/com.qti.tuned.sunny_imx576.bin
dump_file: Operation not permitted while changing ownership of /home/justin/pn2/vendor//lib/camera/com.qti.tuned.sunny_s5k2l7.bin
dump_file: Operation not permitted while changing ownership of /home/justin/pn2/vendor//lib/camera/com.qti.tuned.sunny_s5k2x5sp.bin
dump_file: Operation not permitted while changing ownership of /home/justin/pn2/vendor//lib/camera/com.qti.tuned.truly_ov8856.bin
dump_file: Operation not permitted while changing ownership of /home/justin/pn2/vendor//lib/camera/components/com.qti.camx.chiiqutils.so
dump_file: Operation not permitted while changing ownership of /home/justin/pn2/vendor//lib/camera/components/com.qti.eisv2.so
dump_file: Operation not permitted while changing ownership of /home/justin/pn2/vendor//lib/camera/components/com.qti.eisv3.so
dump_file: Operation not permitted while changing ownership of /home/justin/pn2/vendor//lib/camera/components/com.qti.hvx.addconstant.so
dump_file: Operation not permitted while changing ownership of /home/justin/pn2/vendor//lib/camera/components/com.qti.hvx.binning.so
dump_file: Operation not permitted while changing ownership of /home/justin/pn2/vendor//lib/camera/components/com.qti.node.depth.so
dump_file: Operation not permitted while changing ownership of /home/justin/pn2/vendor//lib/camera/components/com.qti.node.dummyrtb.so
dump_file: Operation not permitted while changing ownership of /home/justin/pn2/vendor//lib/camera/components/com.qti.node.dummysat.so
dump_file: Operation not permitted while changing ownership of /home/justin/pn2/vendor//lib/camera/components/com.qti.node.eisv2.so
dump_file: Operation not permitted while changing ownership of /home/justin/pn2/vendor//lib/camera/components/com.qti.node.eisv3.so
dump_file: Operation not permitted while changing ownership of /home/justin/pn2/vendor//lib/camera/components/com.qti.node.gpu.so
dump_file: Operation not permitted while changing ownership of /home/justin/pn2/vendor//lib/camera/components/com.qti.node.memcpy.so
dump_file: Operation not permitted while changing ownership of /home/justin/pn2/vendor//lib/camera/components/com.qti.node.remosaic.so
dump_file: Operation not permitted while changing ownership of /home/justin/pn2/vendor//lib/camera/components/com.qti.node.stich.so
dump_file: Operation not permitted while changing ownership of /home/justin/pn2/vendor//lib/camera/components/com.qti.node.swregistration.so
dump_file: Operation not permitted while changing ownership of /home/justin/pn2/vendor//lib/camera/components/com.qti.stats.aec.so
dump_file: Operation not permitted while changing ownership of /home/justin/pn2/vendor//lib/camera/components/com.qti.stats.af.so
dump_file: Operation not permitted while changing ownership of /home/justin/pn2/vendor//lib/camera/components/com.qti.stats.afd.so
dump_file: Operation not permitted while changing ownership of /home/justin/pn2/vendor//lib/camera/components/com.qti.stats.asd.so
dump_file: Operation not permitted while changing ownership of /home/justin/pn2/vendor//lib/camera/components/com.qti.stats.awb.so
dump_file: Operation not permitted while changing ownership of /home/justin/pn2/vendor//lib/camera/components/com.qti.stats.awbwrapper.so
dump_file: Operation not permitted while changing ownership of /home/justin/pn2/vendor//lib/camera/components/com.qti.stats.pdlib.so
dump_file: Operation not permitted while changing ownership of /home/justin/pn2/vendor//lib/camera/components/com.qti.stats.pdlibsony.so
dump_file: Operation not permitted while changing ownership of /home/justin/pn2/vendor//lib/camera/components/com.qti.stats.pdlibwrapper.so
dump_file: Operation not permitted while changing ownership of /home/justin/pn2/vendor//lib/camera/components/com.qtistatic.stats.aec.so
dump_file: Operation not permitted while changing ownership of /home/justin/pn2/vendor//lib/camera/components/com.qtistatic.stats.af.so
dump_file: Operation not permitted while changing ownership of /home/justin/pn2/vendor//lib/camera/components/com.qtistatic.stats.awb.so
dump_file: Operation not permitted while changing ownership of /home/justin/pn2/vendor//lib/camera/components/com.qtistatic.stats.pdlib.so
dump_file: Operation not permitted while changing ownership of /home/justin/pn2/vendor//lib/camera/components/libdepthmapwrapper.so
rdump: Operation not permitted while changing ownership of /home/justin/pn2/vendor//lib/camera/components
dump_file: Operation not permitted while changing ownership of /home/justin/pn2/vendor//lib/camera/fdconfigpreview.bin
dump_file: Operation not permitted while changing ownership of /home/justin/pn2/vendor//lib/camera/fdconfigpreviewlite.bin
dump_file: Operation not permitted while changing ownership of /home/justin/pn2/vendor//lib/camera/fdconfigvideo.bin
dump_file: Operation not permitted while changing ownership of /home/justin/pn2/vendor//lib/camera/fdconfigvideolite.bin
rdump: Operation not permitted while changing ownership of /home/justin/pn2/vendor//lib/camera
dump_file: Operation not permitted while changing ownership of /home/justin/pn2/vendor//lib/camera.device@1.0-impl.so
dump_file: Operation not permitted while changing ownership of /home/justin/pn2/vendor//lib/camera.device@3.2-impl.so
dump_file: Operation not permitted while changing ownership of /home/justin/pn2/vendor//lib/camera.device@3.3-impl.so
dump_file: Operation not permitted while changing ownership of /home/justin/pn2/vendor//lib/com.qualcomm.qti.ant@1.0_vendor.so
dump_file: Operation not permitted while changing ownership of /home/justin/pn2/vendor//lib/com.qualcomm.qti.bluetooth_audio@1.0_vendor.so
dump_file: Operation not permitted while changing ownership of /home/justin/pn2/vendor//lib/com.qualcomm.qti.dpm.api@1.0_vendor.so
dump_file: Operation not permitted while changing ownership of /home/justin/pn2/vendor//lib/com.qualcomm.qti.imscmservice@1.0_vendor.so
dump_file: Operation not permitted while changing ownership of /home/justin/pn2/vendor//lib/com.qualcomm.qti.wifidisplayhal@1.0-halimpl.so
dump_file: Operation not permitted while changing ownership of /home/justin/pn2/vendor//lib/com.qualcomm.qti.wifidisplayhal@1.0-impl.so
dump_file: Operation not permitted while changing ownership of /home/justin/pn2/vendor//lib/com.qualcomm.qti.wifidisplayhal@1.0_vendor.so
dump_file: Operation not permitted while changing ownership of /home/justin/pn2/vendor//lib/com.quicinc.cne.api@1.0.so
dump_file: Operation not permitted while changing ownership of /home/justin/pn2/vendor//lib/com.quicinc.cne.constants@1.0.so
dump_file: Operation not permitted while changing ownership of /home/justin/pn2/vendor//lib/com.quicinc.cne.constants@2.0.so
dump_file: Operation not permitted while changing ownership of /home/justin/pn2/vendor//lib/com.quicinc.cne.server@1.0.so
dump_file: Operation not permitted while changing ownership of /home/justin/pn2/vendor//lib/com.quicinc.cne.server@2.0.so
rdump: Operation not permitted while changing ownership of /home/justin/pn2/vendor//lib/dsp
dump_file: Operation not permitted while changing ownership of /home/justin/pn2/vendor//lib/egl/eglSubDriverAndroid.so
dump_file: Operation not permitted while changing ownership of /home/justin/pn2/vendor//lib/egl/libEGL_adreno.so
dump_file: Operation not permitted while changing ownership of /home/justin/pn2/vendor//lib/egl/libGLESv1_CM_adreno.so
dump_file: Operation not permitted while changing ownership of /home/justin/pn2/vendor//lib/egl/libGLESv2_adreno.so
dump_file: Operation not permitted while changing ownership of /home/justin/pn2/vendor//lib/egl/libQTapGLES.so
dump_file: Operation not permitted while changing ownership of /home/justin/pn2/vendor//lib/egl/libq3dtools_adreno.so
dump_file: Operation not permitted while changing ownership of /home/justin/pn2/vendor//lib/egl/libq3dtools_esx.so
rdump: Operation not permitted while changing ownership of /home/justin/pn2/vendor//lib/egl
dump_file: Operation not permitted while changing ownership of /home/justin/pn2/vendor//lib/hw/android.hardware.audio.effect@2.0-impl.so
dump_file: Operation not permitted while changing ownership of /home/justin/pn2/vendor//lib/hw/android.hardware.audio@2.0-impl.so
dump_file: Operation not permitted while changing ownership of /home/justin/pn2/vendor//lib/hw/android.hardware.bluetooth@1.0-impl-qti.so
dump_file: Operation not permitted while changing ownership of /home/justin/pn2/vendor//lib/hw/android.hardware.camera.provider@2.4-impl.so
dump_file: Operation not permitted while changing ownership of /home/justin/pn2/vendor//lib/hw/android.hardware.contexthub@1.0-impl.generic.so
dump_file: Operation not permitted while changing ownership of /home/justin/pn2/vendor//lib/hw/android.hardware.drm@1.0-impl.so
dump_file: Operation not permitted while changing ownership of /home/justin/pn2/vendor//lib/hw/android.hardware.gatekeeper@1.0-impl-qti.so
dump_file: Operation not permitted while changing ownership of /home/justin/pn2/vendor//lib/hw/android.hardware.gnss@1.0-impl-qti.so
dump_file: Operation not permitted while changing ownership of /home/justin/pn2/vendor//lib/hw/android.hardware.graphics.allocator@2.0-impl.so
dump_file: Operation not permitted while changing ownership of /home/justin/pn2/vendor//lib/hw/android.hardware.graphics.composer@2.1-impl.so
dump_file: Operation not permitted while changing ownership of /home/justin/pn2/vendor//lib/hw/android.hardware.graphics.mapper@2.0-impl.so
dump_file: Operation not permitted while changing ownership of /home/justin/pn2/vendor//lib/hw/android.hardware.health@1.0-impl.so
dump_file: Operation not permitted while changing ownership of /home/justin/pn2/vendor//lib/hw/android.hardware.keymaster@3.0-impl-qti.so
dump_file: Operation not permitted while changing ownership of /home/justin/pn2/vendor//lib/hw/android.hardware.light@2.0-impl.so
dump_file: Operation not permitted while changing ownership of /home/justin/pn2/vendor//lib/hw/android.hardware.memtrack@1.0-impl.so
dump_file: Operation not permitted while changing ownership of /home/justin/pn2/vendor//lib/hw/android.hardware.nfc@1.0-impl.so
dump_file: Operation not permitted while changing ownership of /home/justin/pn2/vendor//lib/hw/android.hardware.power@1.0-impl.so
dump_file: Operation not permitted while changing ownership of /home/justin/pn2/vendor//lib/hw/android.hardware.renderscript@1.0-impl.so
dump_file: Operation not permitted while changing ownership of /home/justin/pn2/vendor//lib/hw/android.hardware.sensors@1.0-impl.so
dump_file: Operation not permitted while changing ownership of /home/justin/pn2/vendor//lib/hw/android.hardware.soundtrigger@2.0-impl.so
dump_file: Operation not permitted while changing ownership of /home/justin/pn2/vendor//lib/hw/android.hardware.thermal@1.0-impl.so
dump_file: Operation not permitted while changing ownership of /home/justin/pn2/vendor//lib/hw/android.hardware.vibrator@1.0-impl.so
dump_file: Operation not permitted while changing ownership of /home/justin/pn2/vendor//lib/hw/android.hardware.vr@1.0-impl.so
dump_file: Operation not permitted while changing ownership of /home/justin/pn2/vendor//lib/hw/audio.primary.default.so
dump_file: Operation not permitted while changing ownership of /home/justin/pn2/vendor//lib/hw/audio.primary.sdm845.so
dump_file: Operation not permitted while changing ownership of /home/justin/pn2/vendor//lib/hw/audio.r_submix.default.so
dump_file: Operation not permitted while changing ownership of /home/justin/pn2/vendor//lib/hw/audio.usb.default.so
dump_file: Operation not permitted while changing ownership of /home/justin/pn2/vendor//lib/hw/camera.qcom.so
dump_file: Operation not permitted while changing ownership of /home/justin/pn2/vendor//lib/hw/com.qti.chi.override.so
dump_file: Operation not permitted while changing ownership of /home/justin/pn2/vendor//lib/hw/com.qualcomm.qti.ant@1.0-impl.so
dump_file: Operation not permitted while changing ownership of /home/justin/pn2/vendor//lib/hw/com.qualcomm.qti.bluetooth_audio@1.0-impl.so
dump_file: Operation not permitted while changing ownership of /home/justin/pn2/vendor//lib/hw/gralloc.default.so
dump_file: Operation not permitted while changing ownership of /home/justin/pn2/vendor//lib/hw/gralloc.sdm845.so
dump_file: Operation not permitted while changing ownership of /home/justin/pn2/vendor//lib/hw/hwcomposer.sdm845.so
dump_file: Operation not permitted while changing ownership of /home/justin/pn2/vendor//lib/hw/lights.sdm845.so
dump_file: Operation not permitted while changing ownership of /home/justin/pn2/vendor//lib/hw/local_time.default.so
dump_file: Operation not permitted while changing ownership of /home/justin/pn2/vendor//lib/hw/memtrack.sdm845.so
dump_file: Operation not permitted while changing ownership of /home/justin/pn2/vendor//lib/hw/power.default.so
dump_file: Operation not permitted while changing ownership of /home/justin/pn2/vendor//lib/hw/power.qcom.so
dump_file: Operation not permitted while changing ownership of /home/justin/pn2/vendor//lib/hw/sound_trigger.primary.sdm845.so
dump_file: Operation not permitted while changing ownership of /home/justin/pn2/vendor//lib/hw/thermal.sdm845.so
dump_file: Operation not permitted while changing ownership of /home/justin/pn2/vendor//lib/hw/vendor.nxp.hardware.nfc@1.0-impl.so
dump_file: Operation not permitted while changing ownership of /home/justin/pn2/vendor//lib/hw/vendor.qti.esepowermanager@1.0-impl.so
dump_file: Operation not permitted while changing ownership of /home/justin/pn2/vendor//lib/hw/vendor.qti.gnss@1.1-impl.so
dump_file: Operation not permitted while changing ownership of /home/justin/pn2/vendor//lib/hw/vendor.qti.hardware.factory@1.0-impl.so
dump_file: Operation not permitted while changing ownership of /home/justin/pn2/vendor//lib/hw/vendor.qti.hardware.fm@1.0-impl.so
dump_file: Operation not permitted while changing ownership of /home/justin/pn2/vendor//lib/hw/vendor.qti.hardware.iop@2.0-impl.so
dump_file: Operation not permitted while changing ownership of /home/justin/pn2/vendor//lib/hw/vendor.qti.hardware.qteeconnector@1.0-impl.so
dump_file: Operation not permitted while changing ownership of /home/justin/pn2/vendor//lib/hw/vendor.qti.hardware.sensorscalibrate@1.0-impl.so
dump_file: Operation not permitted while changing ownership of /home/justin/pn2/vendor//lib/hw/vibrator.default.so
dump_file: Operation not permitted while changing ownership of /home/justin/pn2/vendor//lib/hw/vr.sdm845.so
dump_file: Operation not permitted while changing ownership of /home/justin/pn2/vendor//lib/hw/vulkan.sdm845.so
rdump: Operation not permitted while changing ownership of /home/justin/pn2/vendor//lib/hw
dump_file: Operation not permitted while changing ownership of /home/justin/pn2/vendor//lib/lib-dplmedia.so
dump_file: Operation not permitted while changing ownership of /home/justin/pn2/vendor//lib/lib-imscmservice.so
dump_file: Operation not permitted while changing ownership of /home/justin/pn2/vendor//lib/lib-imsdpl.so
dump_file: Operation not permitted while changing ownership of /home/justin/pn2/vendor//lib/lib-imsqimf.so
dump_file: Operation not permitted while changing ownership of /home/justin/pn2/vendor//lib/lib-imsrcs-v2.so
dump_file: Operation not permitted while changing ownership of /home/justin/pn2/vendor//lib/lib-imsxml.so
dump_file: Operation not permitted while changing ownership of /home/justin/pn2/vendor//lib/lib-rtpcommon.so
dump_file: Operation not permitted while changing ownership of /home/justin/pn2/vendor//lib/lib-rtpcore.so
dump_file: Operation not permitted while changing ownership of /home/justin/pn2/vendor//lib/lib-rtpdaemoninterface.so
dump_file: Operation not permitted while changing ownership of /home/justin/pn2/vendor//lib/lib-rtpsl.so
dump_file: Operation not permitted while changing ownership of /home/justin/pn2/vendor//lib/lib-uceservice.so
dump_file: Operation not permitted while changing ownership of /home/justin/pn2/vendor//lib/libAlacSwDec.so
dump_file: Operation not permitted while changing ownership of /home/justin/pn2/vendor//lib/libApeSwDec.so
dump_file: Operation not permitted while changing ownership of /home/justin/pn2/vendor//lib/libC2D2.so
dump_file: Operation not permitted while changing ownership of /home/justin/pn2/vendor//lib/libCB.so
dump_file: Operation not permitted while changing ownership of /home/justin/pn2/vendor//lib/libDRPlugin.so
dump_file: Operation not permitted while changing ownership of /home/justin/pn2/vendor//lib/libFlacSwDec.so
dump_file: Operation not permitted while changing ownership of /home/justin/pn2/vendor//lib/libGPTEE_vendor.so
dump_file: Operation not permitted while changing ownership of /home/justin/pn2/vendor//lib/libGPreqcancel.so
dump_file: Operation not permitted while changing ownership of /home/justin/pn2/vendor//lib/libGPreqcancel_svc.so
dump_file: Operation not permitted while changing ownership of /home/justin/pn2/vendor//lib/libI420colorconvert.so
dump_file: Operation not permitted while changing ownership of /home/justin/pn2/vendor//lib/libMpeg4SwEncoder.so
dump_file: Operation not permitted while changing ownership of /home/justin/pn2/vendor//lib/libOmxAacDec.so
dump_file: Operation not permitted while changing ownership of /home/justin/pn2/vendor//lib/libOmxAacEnc.so
dump_file: Operation not permitted while changing ownership of /home/justin/pn2/vendor//lib/libOmxAlacDec.so
dump_file: Operation not permitted while changing ownership of /home/justin/pn2/vendor//lib/libOmxAlacDecSw.so
dump_file: Operation not permitted while changing ownership of /home/justin/pn2/vendor//lib/libOmxAmrDec.so
dump_file: Operation not permitted while changing ownership of /home/justin/pn2/vendor//lib/libOmxAmrEnc.so
dump_file: Operation not permitted while changing ownership of /home/justin/pn2/vendor//lib/libOmxAmrwbplusDec.so
dump_file: Operation not permitted while changing ownership of /home/justin/pn2/vendor//lib/libOmxApeDec.so
dump_file: Operation not permitted while changing ownership of /home/justin/pn2/vendor//lib/libOmxApeDecSw.so
dump_file: Operation not permitted while changing ownership of /home/justin/pn2/vendor//lib/libOmxCore.so
dump_file: Operation not permitted while changing ownership of /home/justin/pn2/vendor//lib/libOmxDsdDec.so
dump_file: Operation not permitted while changing ownership of /home/justin/pn2/vendor//lib/libOmxEvrcDec.so
dump_file: Operation not permitted while changing ownership of /home/justin/pn2/vendor//lib/libOmxEvrcEnc.so
dump_file: Operation not permitted while changing ownership of /home/justin/pn2/vendor//lib/libOmxG711Dec.so
dump_file: Operation not permitted while changing ownership of /home/justin/pn2/vendor//lib/libOmxG711Enc.so
dump_file: Operation not permitted while changing ownership of /home/justin/pn2/vendor//lib/libOmxQcelp13Dec.so
dump_file: Operation not permitted while changing ownership of /home/justin/pn2/vendor//lib/libOmxQcelp13Enc.so
dump_file: Operation not permitted while changing ownership of /home/justin/pn2/vendor//lib/libOmxSwVdec.so
dump_file: Operation not permitted while changing ownership of /home/justin/pn2/vendor//lib/libOmxSwVencMpeg4.so
dump_file: Operation not permitted while changing ownership of /home/justin/pn2/vendor//lib/libOmxVdec.so
dump_file: Operation not permitted while changing ownership of /home/justin/pn2/vendor//lib/libOmxVenc.so
dump_file: Operation not permitted while changing ownership of /home/justin/pn2/vendor//lib/libOmxVideoDSMode.so
dump_file: Operation not permitted while changing ownership of /home/justin/pn2/vendor//lib/libOmxVpp.so
dump_file: Operation not permitted while changing ownership of /home/justin/pn2/vendor//lib/libOmxWmaDec.so
dump_file: Operation not permitted while changing ownership of /home/justin/pn2/vendor//lib/libOpenCL.so
dump_file: Operation not permitted while changing ownership of /home/justin/pn2/vendor//lib/libQSEEComAPI.so
dump_file: Operation not permitted while changing ownership of /home/justin/pn2/vendor//lib/libQTEEConnector_vendor.so
dump_file: Operation not permitted while changing ownership of /home/justin/pn2/vendor//lib/libRSDriver_adreno.so
dump_file: Operation not permitted while changing ownership of /home/justin/pn2/vendor//lib/libSEESalt.so
dump_file: Operation not permitted while changing ownership of /home/justin/pn2/vendor//lib/libSecureUILib.so
dump_file: Operation not permitted while changing ownership of /home/justin/pn2/vendor//lib/libSensorCalLibNative.so
dump_file: Operation not permitted while changing ownership of /home/justin/pn2/vendor//lib/libStDrvInt.so
dump_file: Operation not permitted while changing ownership of /home/justin/pn2/vendor//lib/libSubSystemShutdown.so
dump_file: Operation not permitted while changing ownership of /home/justin/pn2/vendor//lib/libUSTANative.so
dump_file: Operation not permitted while changing ownership of /home/justin/pn2/vendor//lib/libUserAgent.so
dump_file: Operation not permitted while changing ownership of /home/justin/pn2/vendor//lib/lib_drplugin_server.so
dump_file: Operation not permitted while changing ownership of /home/justin/pn2/vendor//lib/lib_remote_simlock.so
dump_file: Operation not permitted while changing ownership of /home/justin/pn2/vendor//lib/libacdb-fts.so
dump_file: Operation not permitted while changing ownership of /home/justin/pn2/vendor//lib/libacdbloader.so
dump_file: Operation not permitted while changing ownership of /home/justin/pn2/vendor//lib/libacdbrtac.so
dump_file: Operation not permitted while changing ownership of /home/justin/pn2/vendor//lib/libadiertac.so
dump_file: Operation not permitted while changing ownership of /home/justin/pn2/vendor//lib/libadm.so
dump_file: Operation not permitted while changing ownership of /home/justin/pn2/vendor//lib/libadpcmdec.so
dump_file: Operation not permitted while changing ownership of /home/justin/pn2/vendor//lib/libadreno_utils.so
dump_file: Operation not permitted while changing ownership of /home/justin/pn2/vendor//lib/libadsp_default_listener.so
dump_file: Operation not permitted while changing ownership of /home/justin/pn2/vendor//lib/libadsprpc.so
dump_file: Operation not permitted while changing ownership of /home/justin/pn2/vendor//lib/libalarmservice_jni.so
dump_file: Operation not permitted while changing ownership of /home/justin/pn2/vendor//lib/libalsautils.so
dump_file: Operation not permitted while changing ownership of /home/justin/pn2/vendor//lib/libaoa.so
dump_file: Operation not permitted while changing ownership of /home/justin/pn2/vendor//lib/libaudcal.so
dump_file: Operation not permitted while changing ownership of /home/justin/pn2/vendor//lib/libaudio_log_utils.so
dump_file: Operation not permitted while changing ownership of /home/justin/pn2/vendor//lib/libaudioalsa.so
dump_file: Operation not permitted while changing ownership of /home/justin/pn2/vendor//lib/libaudioparsers.so
dump_file: Operation not permitted while changing ownership of /home/justin/pn2/vendor//lib/libavservices_minijail_vendor.so
dump_file: Operation not permitted while changing ownership of /home/justin/pn2/vendor//lib/libbase64.so
dump_file: Operation not permitted while changing ownership of /home/justin/pn2/vendor//lib/libbccQTI.so
dump_file: Operation not permitted while changing ownership of /home/justin/pn2/vendor//lib/libbt-hidlclient.so
dump_file: Operation not permitted while changing ownership of /home/justin/pn2/vendor//lib/libbt-vendor.so
dump_file: Operation not permitted while changing ownership of /home/justin/pn2/vendor//lib/libbthost_if.so
dump_file: Operation not permitted while changing ownership of /home/justin/pn2/vendor//lib/libbtnv.so
dump_file: Operation not permitted while changing ownership of /home/justin/pn2/vendor//lib/libc2d30_bltlib.so
dump_file: Operation not permitted while changing ownership of /home/justin/pn2/vendor//lib/libc2dcolorconvert.so
dump_file: Operation not permitted while changing ownership of /home/justin/pn2/vendor//lib/libcamxfdalgov7.so
dump_file: Operation not permitted while changing ownership of /home/justin/pn2/vendor//lib/libcamxfdengine.so
dump_file: Operation not permitted while changing ownership of /home/justin/pn2/vendor//lib/libcamxstatscore.so
dump_file: Operation not permitted while changing ownership of /home/justin/pn2/vendor//lib/libcamxtintlessalgo.so
dump_file: Operation not permitted while changing ownership of /home/justin/pn2/vendor//lib/libcdsp_default_listener.so
dump_file: Operation not permitted while changing ownership of /home/justin/pn2/vendor//lib/libcdsprpc.so
dump_file: Operation not permitted while changing ownership of /home/justin/pn2/vendor//lib/libcld80211.so
dump_file: Operation not permitted while changing ownership of /home/justin/pn2/vendor//lib/libcne.so
dump_file: Operation not permitted while changing ownership of /home/justin/pn2/vendor//lib/libcneapiclient.so
dump_file: Operation not permitted while changing ownership of /home/justin/pn2/vendor//lib/libcneoplookup.so
dump_file: Operation not permitted while changing ownership of /home/justin/pn2/vendor//lib/libcneqmiutils.so
dump_file: Operation not permitted while changing ownership of /home/justin/pn2/vendor//lib/libcom.qti.chinodeutils.so
dump_file: Operation not permitted while changing ownership of /home/justin/pn2/vendor//lib/libconfigdb.so
dump_file: Operation not permitted while changing ownership of /home/justin/pn2/vendor//lib/libcppf.so
dump_file: Operation not permitted while changing ownership of /home/justin/pn2/vendor//lib/libcsm_data.so
dump_file: Operation not permitted while changing ownership of /home/justin/pn2/vendor//lib/libdataitems.so
dump_file: Operation not permitted while changing ownership of /home/justin/pn2/vendor//lib/libdiag.so
dump_file: Operation not permitted while changing ownership of /home/justin/pn2/vendor//lib/libdiagjni.so
dump_file: Operation not permitted while changing ownership of /home/justin/pn2/vendor//lib/libdisp-aba.so
dump_file: Operation not permitted while changing ownership of /home/justin/pn2/vendor//lib/libdisplayqos.so
dump_file: Operation not permitted while changing ownership of /home/justin/pn2/vendor//lib/libdpmqmihal.so
dump_file: Operation not permitted while changing ownership of /home/justin/pn2/vendor//lib/libdrc.so
dump_file: Operation not permitted while changing ownership of /home/justin/pn2/vendor//lib/libdrm.so
dump_file: Operation not permitted while changing ownership of /home/justin/pn2/vendor//lib/libdrmfs.so
dump_file: Operation not permitted while changing ownership of /home/justin/pn2/vendor//lib/libdrmtime.so
dump_file: Operation not permitted while changing ownership of /home/justin/pn2/vendor//lib/libdrmutils.so
dump_file: Operation not permitted while changing ownership of /home/justin/pn2/vendor//lib/libdrplugin_client.so
dump_file: Operation not permitted while changing ownership of /home/justin/pn2/vendor//lib/libdsd2pcm.so
dump_file: Operation not permitted while changing ownership of /home/justin/pn2/vendor//lib/libdsi_netctrl.so
dump_file: Operation not permitted while changing ownership of /home/justin/pn2/vendor//lib/libdsutils.so
dump_file: Operation not permitted while changing ownership of /home/justin/pn2/vendor//lib/libeffects.so
dump_file: Operation not permitted while changing ownership of /home/justin/pn2/vendor//lib/libese-sysdeps.so
dump_file: Operation not permitted while changing ownership of /home/justin/pn2/vendor//lib/libese.so
dump_file: Operation not permitted while changing ownership of /home/justin/pn2/vendor//lib/libevent_observer.so
dump_file: Operation not permitted while changing ownership of /home/justin/pn2/vendor//lib/libfastcrc.so
dump_file: Operation not permitted while changing ownership of /home/justin/pn2/vendor//lib/libfastcvdsp_stub.so
dump_file: Operation not permitted while changing ownership of /home/justin/pn2/vendor//lib/libfastcvopt.so
dump_file: Operation not permitted while changing ownership of /home/justin/pn2/vendor//lib/libfastrpc_utf_stub.so
dump_file: Operation not permitted while changing ownership of /home/justin/pn2/vendor//lib/libfeedbackhandler.so
dump_file: Operation not permitted while changing ownership of /home/justin/pn2/vendor//lib/libflp.so
dump_file: Operation not permitted while changing ownership of /home/justin/pn2/vendor//lib/libgarden.so
dump_file: Operation not permitted while changing ownership of /home/justin/pn2/vendor//lib/libgcs-calwrapper.so
dump_file: Operation not permitted while changing ownership of /home/justin/pn2/vendor//lib/libgcs-ipc.so
dump_file: Operation not permitted while changing ownership of /home/justin/pn2/vendor//lib/libgcs-osal.so
dump_file: Operation not permitted while changing ownership of /home/justin/pn2/vendor//lib/libgcs.so
dump_file: Operation not permitted while changing ownership of /home/justin/pn2/vendor//lib/libgdtap.so
dump_file: Operation not permitted while changing ownership of /home/justin/pn2/vendor//lib/libgeofence.so
dump_file: Operation not permitted while changing ownership of /home/justin/pn2/vendor//lib/libgnss.so
dump_file: Operation not permitted while changing ownership of /home/justin/pn2/vendor//lib/libgnsspps.so
dump_file: Operation not permitted while changing ownership of /home/justin/pn2/vendor//lib/libgpqese.so
dump_file: Operation not permitted while changing ownership of /home/justin/pn2/vendor//lib/libgps.utils.so
dump_file: Operation not permitted while changing ownership of /home/justin/pn2/vendor//lib/libgpu_tonemapper.so
dump_file: Operation not permitted while changing ownership of /home/justin/pn2/vendor//lib/libgrallocutils.so
dump_file: Operation not permitted while changing ownership of /home/justin/pn2/vendor//lib/libgsl.so
dump_file: Operation not permitted while changing ownership of /home/justin/pn2/vendor//lib/libhbtpclient.so
dump_file: Operation not permitted while changing ownership of /home/justin/pn2/vendor//lib/libhbtpdsp.so
dump_file: Operation not permitted while changing ownership of /home/justin/pn2/vendor//lib/libhbtpfrmwk.so
dump_file: Operation not permitted while changing ownership of /home/justin/pn2/vendor//lib/libhdcp1prov.so
dump_file: Operation not permitted while changing ownership of /home/justin/pn2/vendor//lib/libhdcp2p2prov.so
dump_file: Operation not permitted while changing ownership of /home/justin/pn2/vendor//lib/libhdcpsrm.so
dump_file: Operation not permitted while changing ownership of /home/justin/pn2/vendor//lib/libhdr_tm.so
dump_file: Operation not permitted while changing ownership of /home/justin/pn2/vendor//lib/libhwc2on1adapter.so
dump_file: Operation not permitted while changing ownership of /home/justin/pn2/vendor//lib/libidl.so
dump_file: Operation not permitted while changing ownership of /home/justin/pn2/vendor//lib/libizat_client_api.so
dump_file: Operation not permitted while changing ownership of /home/justin/pn2/vendor//lib/libizat_core.so
dump_file: Operation not permitted while changing ownership of /home/justin/pn2/vendor//lib/libjson.so
dump_file: Operation not permitted while changing ownership of /home/justin/pn2/vendor//lib/libkeymasterdeviceutils.so
dump_file: Operation not permitted while changing ownership of /home/justin/pn2/vendor//lib/libkeymasterprovision.so
dump_file: Operation not permitted while changing ownership of /home/justin/pn2/vendor//lib/libkeymasterutils.so
dump_file: Operation not permitted while changing ownership of /home/justin/pn2/vendor//lib/liblbs_core.so
dump_file: Operation not permitted while changing ownership of /home/justin/pn2/vendor//lib/liblldservice_client.qti.so
dump_file: Operation not permitted while changing ownership of /home/justin/pn2/vendor//lib/libllvm-glnext.so
dump_file: Operation not permitted while changing ownership of /home/justin/pn2/vendor//lib/libllvm-qcom.so
dump_file: Operation not permitted while changing ownership of /home/justin/pn2/vendor//lib/libloc_api_v02.so
dump_file: Operation not permitted while changing ownership of /home/justin/pn2/vendor//lib/libloc_core.so
dump_file: Operation not permitted while changing ownership of /home/justin/pn2/vendor//lib/libloc_ds_api.so
dump_file: Operation not permitted while changing ownership of /home/justin/pn2/vendor//lib/libloc_externalDr.so
dump_file: Operation not permitted while changing ownership of /home/justin/pn2/vendor//lib/libloc_pla.so
dump_file: Operation not permitted while changing ownership of /home/justin/pn2/vendor//lib/libloc_stub.so
dump_file: Operation not permitted while changing ownership of /home/justin/pn2/vendor//lib/liblocation_api.so
dump_file: Operation not permitted while changing ownership of /home/justin/pn2/vendor//lib/liblocationservice.so
dump_file: Operation not permitted while changing ownership of /home/justin/pn2/vendor//lib/liblocationservice_glue.so
dump_file: Operation not permitted while changing ownership of /home/justin/pn2/vendor//lib/liblowi_client.so
dump_file: Operation not permitted while changing ownership of /home/justin/pn2/vendor//lib/liblowi_wifihal.so
dump_file: Operation not permitted while changing ownership of /home/justin/pn2/vendor//lib/liblqe.so
dump_file: Operation not permitted while changing ownership of /home/justin/pn2/vendor//lib/libmdmdetect.so
dump_file: Operation not permitted while changing ownership of /home/justin/pn2/vendor//lib/libmdsprpc.so
dump_file: Operation not permitted while changing ownership of /home/justin/pn2/vendor//lib/libmediacodecservice.so
dump_file: Operation not permitted while changing ownership of /home/justin/pn2/vendor//lib/libminijail_vendor.so
dump_file: Operation not permitted while changing ownership of /home/justin/pn2/vendor//lib/libminksocket.so
dump_file: Operation not permitted while changing ownership of /home/justin/pn2/vendor//lib/libmm-color-convertor.so
dump_file: Operation not permitted while changing ownership of /home/justin/pn2/vendor//lib/libmm-disp-apis.so
dump_file: Operation not permitted while changing ownership of /home/justin/pn2/vendor//lib/libmm-hdcpmgr.so
dump_file: Operation not permitted while changing ownership of /home/justin/pn2/vendor//lib/libmm-omxcore.so
dump_file: Operation not permitted while changing ownership of /home/justin/pn2/vendor//lib/libmm-qdcm.so
dump_file: Operation not permitted while changing ownership of /home/justin/pn2/vendor//lib/libmmcamera_faceproc.so
dump_file: Operation not permitted while changing ownership of /home/justin/pn2/vendor//lib/libmmcamera_faceproc2.so
dump_file: Operation not permitted while changing ownership of /home/justin/pn2/vendor//lib/libmmi_jni.so
dump_file: Operation not permitted while changing ownership of /home/justin/pn2/vendor//lib/libmmosal_proprietary.so
dump_file: Operation not permitted while changing ownership of /home/justin/pn2/vendor//lib/libmulawdec.so
dump_file: Operation not permitted while changing ownership of /home/justin/pn2/vendor//lib/libnbaio_mono.so
dump_file: Operation not permitted while changing ownership of /home/justin/pn2/vendor//lib/libnetmgr.so
dump_file: Operation not permitted while changing ownership of /home/justin/pn2/vendor//lib/liboemcrypto.so
dump_file: Operation not permitted while changing ownership of /home/justin/pn2/vendor//lib/libp61-jcop-kit.so
dump_file: Operation not permitted while changing ownership of /home/justin/pn2/vendor//lib/libpdmapper.so
dump_file: Operation not permitted while changing ownership of /home/justin/pn2/vendor//lib/libpdnotifier.so
dump_file: Operation not permitted while changing ownership of /home/justin/pn2/vendor//lib/libperfgluelayer.so
dump_file: Operation not permitted while changing ownership of /home/justin/pn2/vendor//lib/libperipheral_client.so
dump_file: Operation not permitted while changing ownership of /home/justin/pn2/vendor//lib/libplatformconfig.so
dump_file: Operation not permitted while changing ownership of /home/justin/pn2/vendor//lib/libpvr.so
dump_file: Operation not permitted while changing ownership of /home/justin/pn2/vendor//lib/libqcci_legacy.so
dump_file: Operation not permitted while changing ownership of /home/justin/pn2/vendor//lib/libqcmaputils.so
dump_file: Operation not permitted while changing ownership of /home/justin/pn2/vendor//lib/libqcrilFramework.so
dump_file: Operation not permitted while changing ownership of /home/justin/pn2/vendor//lib/libqdMetaData.so
dump_file: Operation not permitted while changing ownership of /home/justin/pn2/vendor//lib/libqdi.so
dump_file: Operation not permitted while changing ownership of /home/justin/pn2/vendor//lib/libqdp.so
dump_file: Operation not permitted while changing ownership of /home/justin/pn2/vendor//lib/libqdutils.so
dump_file: Operation not permitted while changing ownership of /home/justin/pn2/vendor//lib/libqisl.so
dump_file: Operation not permitted while changing ownership of /home/justin/pn2/vendor//lib/libqmi.so
dump_file: Operation not permitted while changing ownership of /home/justin/pn2/vendor//lib/libqmi_cci.so
dump_file: Operation not permitted while changing ownership of /home/justin/pn2/vendor//lib/libqmi_client_helper.so
dump_file: Operation not permitted while changing ownership of /home/justin/pn2/vendor//lib/libqmi_client_qmux.so
dump_file: Operation not permitted while changing ownership of /home/justin/pn2/vendor//lib/libqmi_common_so.so
dump_file: Operation not permitted while changing ownership of /home/justin/pn2/vendor//lib/libqmi_csi.so
dump_file: Operation not permitted while changing ownership of /home/justin/pn2/vendor//lib/libqmi_encdec.so
dump_file: Operation not permitted while changing ownership of /home/justin/pn2/vendor//lib/libqmiservices.so
dump_file: Operation not permitted while changing ownership of /home/justin/pn2/vendor//lib/libqseed3.so
dump_file: Operation not permitted while changing ownership of /home/justin/pn2/vendor//lib/libqservice.so
dump_file: Operation not permitted while changing ownership of /home/justin/pn2/vendor//lib/libqti-gt-prop.so
dump_file: Operation not permitted while changing ownership of /home/justin/pn2/vendor//lib/libqti-iopd-client.so
dump_file: Operation not permitted while changing ownership of /home/justin/pn2/vendor//lib/libqti-iopd.so
dump_file: Operation not permitted while changing ownership of /home/justin/pn2/vendor//lib/libqti-perfd-client.so
dump_file: Operation not permitted while changing ownership of /home/justin/pn2/vendor//lib/libqti-perfd.so
dump_file: Operation not permitted while changing ownership of /home/justin/pn2/vendor//lib/libqti-util.so
dump_file: Operation not permitted while changing ownership of /home/justin/pn2/vendor//lib/libqti-utils.so
dump_file: Operation not permitted while changing ownership of /home/justin/pn2/vendor//lib/libqtigef.so
dump_file: Operation not permitted while changing ownership of /home/justin/pn2/vendor//lib/libquipc_os_api.so
dump_file: Operation not permitted while changing ownership of /home/justin/pn2/vendor//lib/libqvop-service.so
dump_file: Operation not permitted while changing ownership of /home/justin/pn2/vendor//lib/libqvrcamera_client.so
dump_file: Operation not permitted while changing ownership of /home/justin/pn2/vendor//lib/libqvrcameraplayback.so
dump_file: Operation not permitted while changing ownership of /home/justin/pn2/vendor//lib/libqvrservice_client.so
dump_file: Operation not permitted while changing ownership of /home/justin/pn2/vendor//lib/librecovery_updater_msm.so
dump_file: Operation not permitted while changing ownership of /home/justin/pn2/vendor//lib/libreference-ril.so
dump_file: Operation not permitted while changing ownership of /home/justin/pn2/vendor//lib/libril-qc-hal-qmi.so
dump_file: Operation not permitted while changing ownership of /home/justin/pn2/vendor//lib/libril-qc-ltedirectdisc.so
dump_file: Operation not permitted while changing ownership of /home/justin/pn2/vendor//lib/libril-qc-qmi-1.so
dump_file: Operation not permitted while changing ownership of /home/justin/pn2/vendor//lib/libril-qc-radioconfig.so
dump_file: Operation not permitted while changing ownership of /home/justin/pn2/vendor//lib/libril-qcril-hook-oem.so
dump_file: Operation not permitted while changing ownership of /home/justin/pn2/vendor//lib/libril.so
dump_file: Operation not permitted while changing ownership of /home/justin/pn2/vendor//lib/librilqmiservices.so
dump_file: Operation not permitted while changing ownership of /home/justin/pn2/vendor//lib/librilutils.so
dump_file: Operation not permitted while changing ownership of /home/justin/pn2/vendor//lib/librmnetctl.so
dump_file: Operation not permitted while changing ownership of /home/justin/pn2/vendor//lib/librmp.so
dump_file: Operation not permitted while changing ownership of /home/justin/pn2/vendor//lib/librpmb.so
dump_file: Operation not permitted while changing ownership of /home/justin/pn2/vendor//lib/librs_adreno.so
dump_file: Operation not permitted while changing ownership of /home/justin/pn2/vendor//lib/librs_adreno_sha1.so
dump_file: Operation not permitted while changing ownership of /home/justin/pn2/vendor//lib/libscveBlobDescriptor.so
dump_file: Operation not permitted while changing ownership of /home/justin/pn2/vendor//lib/libscveBlobDescriptor_stub.so
dump_file: Operation not permitted while changing ownership of /home/justin/pn2/vendor//lib/libscveCommon.so
dump_file: Operation not permitted while changing ownership of /home/justin/pn2/vendor//lib/libscveCommon_stub.so
dump_file: Operation not permitted while changing ownership of /home/justin/pn2/vendor//lib/libscveFaceLandmarks.so
dump_file: Operation not permitted while changing ownership of /home/justin/pn2/vendor//lib/libscveFaceRecognition.so
dump_file: Operation not permitted while changing ownership of /home/justin/pn2/vendor//lib/libscveImageCorrection.so
dump_file: Operation not permitted while changing ownership of /home/justin/pn2/vendor//lib/libscveObjectSegmentation.so
dump_file: Operation not permitted while changing ownership of /home/justin/pn2/vendor//lib/libscveObjectTracker.so
dump_file: Operation not permitted while changing ownership of /home/justin/pn2/vendor//lib/libscveObjectTracker_stub.so
dump_file: Operation not permitted while changing ownership of /home/justin/pn2/vendor//lib/libscvePanorama.so
dump_file: Operation not permitted while changing ownership of /home/justin/pn2/vendor//lib/libscvePanorama_lite.so
dump_file: Operation not permitted while changing ownership of /home/justin/pn2/vendor//lib/libscveScan3D.so
dump_file: Operation not permitted while changing ownership of /home/justin/pn2/vendor//lib/libsdedrm.so
dump_file: Operation not permitted while changing ownership of /home/justin/pn2/vendor//lib/libsdm-color.so
dump_file: Operation not permitted while changing ownership of /home/justin/pn2/vendor//lib/libsdm-diag.so
dump_file: Operation not permitted while changing ownership of /home/justin/pn2/vendor//lib/libsdm-disp-vndapis.so
dump_file: Operation not permitted while changing ownership of /home/justin/pn2/vendor//lib/libsdmcore.so
dump_file: Operation not permitted while changing ownership of /home/justin/pn2/vendor//lib/libsdmextension.so
dump_file: Operation not permitted while changing ownership of /home/justin/pn2/vendor//lib/libsdmutils.so
dump_file: Operation not permitted while changing ownership of /home/justin/pn2/vendor//lib/libsdsprpc.so
dump_file: Operation not permitted while changing ownership of /home/justin/pn2/vendor//lib/libsecureui.so
dump_file: Operation not permitted while changing ownership of /home/justin/pn2/vendor//lib/libsecureui_svcsock.so
dump_file: Operation not permitted while changing ownership of /home/justin/pn2/vendor//lib/libsensor_low_lat.so
dump_file: Operation not permitted while changing ownership of /home/justin/pn2/vendor//lib/libsensorcal.so
dump_file: Operation not permitted while changing ownership of /home/justin/pn2/vendor//lib/libsensorslog.so
dump_file: Operation not permitted while changing ownership of /home/justin/pn2/vendor//lib/libsettings.so
dump_file: Operation not permitted while changing ownership of /home/justin/pn2/vendor//lib/libsi.so
dump_file: Operation not permitted while changing ownership of /home/justin/pn2/vendor//lib/libslimclient.so
dump_file: Operation not permitted while changing ownership of /home/justin/pn2/vendor//lib/libsmemlog.so
dump_file: Operation not permitted while changing ownership of /home/justin/pn2/vendor//lib/libsmwrapper.so
dump_file: Operation not permitted while changing ownership of /home/justin/pn2/vendor//lib/libsns_low_lat_stream_stub.so
dump_file: Operation not permitted while changing ownership of /home/justin/pn2/vendor//lib/libsnsapi.so
dump_file: Operation not permitted while changing ownership of /home/justin/pn2/vendor//lib/libsnsdiaglog.so
dump_file: Operation not permitted while changing ownership of /home/justin/pn2/vendor//lib/libspcom.so
dump_file: Operation not permitted while changing ownership of /home/justin/pn2/vendor//lib/libspl.so
dump_file: Operation not permitted while changing ownership of /home/justin/pn2/vendor//lib/libssc.so
dump_file: Operation not permitted while changing ownership of /home/justin/pn2/vendor//lib/libssc_default_listener.so
dump_file: Operation not permitted while changing ownership of /home/justin/pn2/vendor//lib/libssd.so
dump_file: Operation not permitted while changing ownership of /home/justin/pn2/vendor//lib/libstagefrighthw.so
dump_file: Operation not permitted while changing ownership of /home/justin/pn2/vendor//lib/libstreamparser.so
dump_file: Operation not permitted while changing ownership of /home/justin/pn2/vendor//lib/libsubsystem_control.so
dump_file: Operation not permitted while changing ownership of /home/justin/pn2/vendor//lib/libsurround_3mic_proc.so
dump_file: Operation not permitted while changing ownership of /home/justin/pn2/vendor//lib/libswregistrationalgo.so
dump_file: Operation not permitted while changing ownership of /home/justin/pn2/vendor//lib/libswvdec.so
dump_file: Operation not permitted while changing ownership of /home/justin/pn2/vendor//lib/libsysmon_cdsp_skel.so
dump_file: Operation not permitted while changing ownership of /home/justin/pn2/vendor//lib/libsystem_health_mon.so
dump_file: Operation not permitted while changing ownership of /home/justin/pn2/vendor//lib/libthermalclient.so
dump_file: Operation not permitted while changing ownership of /home/justin/pn2/vendor//lib/libtime_genoff.so
dump_file: Operation not permitted while changing ownership of /home/justin/pn2/vendor//lib/libtinycompress_vendor.so
dump_file: Operation not permitted while changing ownership of /home/justin/pn2/vendor//lib/libtinyxml.so
dump_file: Operation not permitted while changing ownership of /home/justin/pn2/vendor//lib/libtinyxml2_1.so
dump_file: Operation not permitted while changing ownership of /home/justin/pn2/vendor//lib/libtzdrmgenprov.so
dump_file: Operation not permitted while changing ownership of /home/justin/pn2/vendor//lib/libulp2.so
dump_file: Operation not permitted while changing ownership of /home/justin/pn2/vendor//lib/libvideoutils.so
dump_file: Operation not permitted while changing ownership of /home/justin/pn2/vendor//lib/libvppclient.so
dump_file: Operation not permitted while changing ownership of /home/justin/pn2/vendor//lib/libvpphcp.so
dump_file: Operation not permitted while changing ownership of /home/justin/pn2/vendor//lib/libvpphvx.so
dump_file: Operation not permitted while changing ownership of /home/justin/pn2/vendor//lib/libvpplibrary.so
dump_file: Operation not permitted while changing ownership of /home/justin/pn2/vendor//lib/libvpptestutils.so
dump_file: Operation not permitted while changing ownership of /home/justin/pn2/vendor//lib/libvraudio_client.so
dump_file: Operation not permitted while changing ownership of /home/justin/pn2/vendor//lib/libwebrtc_audio_preprocessing.so
dump_file: Operation not permitted while changing ownership of /home/justin/pn2/vendor//lib/libwfdcommonutils_proprietary.so
dump_file: Operation not permitted while changing ownership of /home/justin/pn2/vendor//lib/libwfdhaldsmanager.so
dump_file: Operation not permitted while changing ownership of /home/justin/pn2/vendor//lib/libwfdhdcpcp.so
dump_file: Operation not permitted while changing ownership of /home/justin/pn2/vendor//lib/libwfdmmservice.so
dump_file: Operation not permitted while changing ownership of /home/justin/pn2/vendor//lib/libwfdmodulehdcpsession.so
dump_file: Operation not permitted while changing ownership of /home/justin/pn2/vendor//lib/libwifi-hal-qcom.so
dump_file: Operation not permitted while changing ownership of /home/justin/pn2/vendor//lib/libwms.so
dump_file: Operation not permitted while changing ownership of /home/justin/pn2/vendor//lib/libwpa_client.so
dump_file: Operation not permitted while changing ownership of /home/justin/pn2/vendor//lib/libwqe.so
dump_file: Operation not permitted while changing ownership of /home/justin/pn2/vendor//lib/libxml.so
dump_file: Operation not permitted while changing ownership of /home/justin/pn2/vendor//lib/libxtadapter.so
dump_file: Operation not permitted while changing ownership of /home/justin/pn2/vendor//lib/libxtwifi_ulp_adaptor.so
dump_file: Operation not permitted while changing ownership of /home/justin/pn2/vendor//lib/mediacas/libclearkeycasplugin.so
rdump: Operation not permitted while changing ownership of /home/justin/pn2/vendor//lib/mediacas
dump_file: Operation not permitted while changing ownership of /home/justin/pn2/vendor//lib/mediadrm/libdrmclearkeyplugin.so
dump_file: Operation not permitted while changing ownership of /home/justin/pn2/vendor//lib/mediadrm/libwvdrmengine.so
rdump: Operation not permitted while changing ownership of /home/justin/pn2/vendor//lib/mediadrm
dump_file: Operation not permitted while changing ownership of /home/justin/pn2/vendor//lib/modules/llcc_perfmon.ko
dump_file: Operation not permitted while changing ownership of /home/justin/pn2/vendor//lib/modules/modules.alias
dump_file: Operation not permitted while changing ownership of /home/justin/pn2/vendor//lib/modules/modules.dep
dump_file: Operation not permitted while changing ownership of /home/justin/pn2/vendor//lib/modules/mpq-adapter.ko
dump_file: Operation not permitted while changing ownership of /home/justin/pn2/vendor//lib/modules/mpq-dmx-hw-plugin.ko
dump_file: Operation not permitted while changing ownership of /home/justin/pn2/vendor//lib/modules/msm_11ad_proxy.ko
dump_file: Operation not permitted while changing ownership of /home/justin/pn2/vendor//lib/modules/pinctrl-wcd.ko
dump_file: Operation not permitted while changing ownership of /home/justin/pn2/vendor//lib/modules/qca_cld3_wlan.ko
dump_file: Operation not permitted while changing ownership of /home/justin/pn2/vendor//lib/modules/rdbg.ko
dump_file: Operation not permitted while changing ownership of /home/justin/pn2/vendor//lib/modules/snd-soc-sdm845.ko
dump_file: Operation not permitted while changing ownership of /home/justin/pn2/vendor//lib/modules/snd-soc-wcd-mbhc.ko
dump_file: Operation not permitted while changing ownership of /home/justin/pn2/vendor//lib/modules/snd-soc-wcd-spi.ko
dump_file: Operation not permitted while changing ownership of /home/justin/pn2/vendor//lib/modules/snd-soc-wcd934x.ko
dump_file: Operation not permitted while changing ownership of /home/justin/pn2/vendor//lib/modules/snd-soc-wcd9xxx.ko
dump_file: Operation not permitted while changing ownership of /home/justin/pn2/vendor//lib/modules/snd-soc-wsa881x.ko
dump_file: Operation not permitted while changing ownership of /home/justin/pn2/vendor//lib/modules/swr-wcd-ctrl.ko
dump_file: Operation not permitted while changing ownership of /home/justin/pn2/vendor//lib/modules/tspp.ko
dump_file: Operation not permitted while changing ownership of /home/justin/pn2/vendor//lib/modules/wcd-core.ko
dump_file: Operation not permitted while changing ownership of /home/justin/pn2/vendor//lib/modules/wcd-dsp-glink.ko
dump_file: Operation not permitted while changing ownership of /home/justin/pn2/vendor//lib/modules/wil6210.ko
rdump: Operation not permitted while changing ownership of /home/justin/pn2/vendor//lib/modules
dump_file: Operation not permitted while changing ownership of /home/justin/pn2/vendor//lib/qcdrm/playready/lib/drm/libdrmprplugin_customer.so
rdump: Operation not permitted while changing ownership of /home/justin/pn2/vendor//lib/qcdrm/playready/lib/drm
dump_file: Operation not permitted while changing ownership of /home/justin/pn2/vendor//lib/qcdrm/playready/lib/libprdrmdecrypt_customer.so
dump_file: Operation not permitted while changing ownership of /home/justin/pn2/vendor//lib/qcdrm/playready/lib/libtzplayready_customer.so
dump_file: Operation not permitted while changing ownership of /home/justin/pn2/vendor//lib/qcdrm/playready/lib/mediadrm/libprmediadrmdecrypt_customer.so
dump_file: Operation not permitted while changing ownership of /home/justin/pn2/vendor//lib/qcdrm/playready/lib/mediadrm/libprmediadrmplugin_customer.so
rdump: Operation not permitted while changing ownership of /home/justin/pn2/vendor//lib/qcdrm/playready/lib/mediadrm
rdump: Operation not permitted while changing ownership of /home/justin/pn2/vendor//lib/qcdrm/playready/lib
rdump: Operation not permitted while changing ownership of /home/justin/pn2/vendor//lib/qcdrm/playready
rdump: Operation not permitted while changing ownership of /home/justin/pn2/vendor//lib/qcdrm
dump_file: Operation not permitted while changing ownership of /home/justin/pn2/vendor//lib/rfsa/adsp/libFastRPC_UTF_Forward_skel.so
dump_file: Operation not permitted while changing ownership of /home/justin/pn2/vendor//lib/rfsa/adsp/libVC1Dec.so
dump_file: Operation not permitted while changing ownership of /home/justin/pn2/vendor//lib/rfsa/adsp/libVC1DecDsp_skel.so
dump_file: Operation not permitted while changing ownership of /home/justin/pn2/vendor//lib/rfsa/adsp/libapps_mem_heap.so
dump_file: Operation not permitted while changing ownership of /home/justin/pn2/vendor//lib/rfsa/adsp/libdspCV_skel.so
dump_file: Operation not permitted while changing ownership of /home/justin/pn2/vendor//lib/rfsa/adsp/libdsp_streamer_add_constant.so
dump_file: Operation not permitted while changing ownership of /home/justin/pn2/vendor//lib/rfsa/adsp/libdsp_streamer_binning.so
dump_file: Operation not permitted while changing ownership of /home/justin/pn2/vendor//lib/rfsa/adsp/libdsp_streamer_skel.so
dump_file: Operation not permitted while changing ownership of /home/justin/pn2/vendor//lib/rfsa/adsp/libexternal_dog_skel.so
dump_file: Operation not permitted while changing ownership of /home/justin/pn2/vendor//lib/rfsa/adsp/libfastcvadsp.so
dump_file: Operation not permitted while changing ownership of /home/justin/pn2/vendor//lib/rfsa/adsp/libfastcvdsp_skel.so
dump_file: Operation not permitted while changing ownership of /home/justin/pn2/vendor//lib/rfsa/adsp/libhvxMathVIO.so
dump_file: Operation not permitted while changing ownership of /home/justin/pn2/vendor//lib/rfsa/adsp/libscveBlobDescriptor_skel.so
dump_file: Operation not permitted while changing ownership of /home/justin/pn2/vendor//lib/rfsa/adsp/libscveT2T_skel.so
dump_file: Operation not permitted while changing ownership of /home/justin/pn2/vendor//lib/rfsa/adsp/libsns_low_lat_stream_skel.so
rdump: Operation not permitted while changing ownership of /home/justin/pn2/vendor//lib/rfsa/adsp
rdump: Operation not permitted while changing ownership of /home/justin/pn2/vendor//lib/rfsa
dump_file: Operation not permitted while changing ownership of /home/justin/pn2/vendor//lib/sensors-common-eeprom.pvr.so
dump_file: Operation not permitted while changing ownership of /home/justin/pn2/vendor//lib/sensors-common-imu.pvr.so
dump_file: Operation not permitted while changing ownership of /home/justin/pn2/vendor//lib/sensors-common-ndifpga.pvr.so
dump_file: Operation not permitted while changing ownership of /home/justin/pn2/vendor//lib/sensors-icmxx.pvr.so
dump_file: Operation not permitted while changing ownership of /home/justin/pn2/vendor//lib/sensors-light.pvr.so
dump_file: Operation not permitted while changing ownership of /home/justin/pn2/vendor//lib/sensors.ssc.so
dump_file: Operation not permitted while changing ownership of /home/justin/pn2/vendor//lib/soundfx/libasphere.so
dump_file: Operation not permitted while changing ownership of /home/justin/pn2/vendor//lib/soundfx/libaudiopreprocessing.so
dump_file: Operation not permitted while changing ownership of /home/justin/pn2/vendor//lib/soundfx/libbundlewrapper.so
dump_file: Operation not permitted while changing ownership of /home/justin/pn2/vendor//lib/soundfx/libdownmix.so
dump_file: Operation not permitted while changing ownership of /home/justin/pn2/vendor//lib/soundfx/libeffectproxy.so
dump_file: Operation not permitted while changing ownership of /home/justin/pn2/vendor//lib/soundfx/libldnhncr.so
dump_file: Operation not permitted while changing ownership of /home/justin/pn2/vendor//lib/soundfx/libqcbassboost.so
dump_file: Operation not permitted while changing ownership of /home/justin/pn2/vendor//lib/soundfx/libqcompostprocbundle.so
dump_file: Operation not permitted while changing ownership of /home/justin/pn2/vendor//lib/soundfx/libqcomvisualizer.so
dump_file: Operation not permitted while changing ownership of /home/justin/pn2/vendor//lib/soundfx/libqcomvoiceprocessing.so
dump_file: Operation not permitted while changing ownership of /home/justin/pn2/vendor//lib/soundfx/libqcreverb.so
dump_file: Operation not permitted while changing ownership of /home/justin/pn2/vendor//lib/soundfx/libqcvirt.so
dump_file: Operation not permitted while changing ownership of /home/justin/pn2/vendor//lib/soundfx/libreverbwrapper.so
dump_file: Operation not permitted while changing ownership of /home/justin/pn2/vendor//lib/soundfx/libshoebox.so
dump_file: Operation not permitted while changing ownership of /home/justin/pn2/vendor//lib/soundfx/libvisualizer.so
dump_file: Operation not permitted while changing ownership of /home/justin/pn2/vendor//lib/soundfx/libvolumelistener.so
rdump: Operation not permitted while changing ownership of /home/justin/pn2/vendor//lib/soundfx
dump_file: Operation not permitted while changing ownership of /home/justin/pn2/vendor//lib/vendor.display.color@1.0_vendor.so
dump_file: Operation not permitted while changing ownership of /home/justin/pn2/vendor//lib/vendor.display.color@1.1_vendor.so
dump_file: Operation not permitted while changing ownership of /home/justin/pn2/vendor//lib/vendor.display.config@1.0_vendor.so
dump_file: Operation not permitted while changing ownership of /home/justin/pn2/vendor//lib/vendor.display.config@1.1_vendor.so
dump_file: Operation not permitted while changing ownership of /home/justin/pn2/vendor//lib/vendor.display.postproc@1.0_vendor.so
dump_file: Operation not permitted while changing ownership of /home/justin/pn2/vendor//lib/vendor.nxp.hardware.nfc@1.0_vendor.so
dump_file: Operation not permitted while changing ownership of /home/justin/pn2/vendor//lib/vendor.qti.esepowermanager@1.0_vendor.so
dump_file: Operation not permitted while changing ownership of /home/justin/pn2/vendor//lib/vendor.qti.gnss@1.0_vendor.so
dump_file: Operation not permitted while changing ownership of /home/justin/pn2/vendor//lib/vendor.qti.gnss@1.1_vendor.so
dump_file: Operation not permitted while changing ownership of /home/justin/pn2/vendor//lib/vendor.qti.hardware.alarm@1.0.so
dump_file: Operation not permitted while changing ownership of /home/justin/pn2/vendor//lib/vendor.qti.hardware.camera.device@1.0_vendor.so
dump_file: Operation not permitted while changing ownership of /home/justin/pn2/vendor//lib/vendor.qti.hardware.data.latency@1.0_vendor.so
dump_file: Operation not permitted while changing ownership of /home/justin/pn2/vendor//lib/vendor.qti.hardware.fingerprint@1.0.so
dump_file: Operation not permitted while changing ownership of /home/justin/pn2/vendor//lib/vendor.qti.hardware.fm@1.0_vendor.so
dump_file: Operation not permitted while changing ownership of /home/justin/pn2/vendor//lib/vendor.qti.hardware.improvetouch.blobmanager@1.0-service.so
dump_file: Operation not permitted while changing ownership of /home/justin/pn2/vendor//lib/vendor.qti.hardware.improvetouch.blobmanager@1.0_vendor.so
dump_file: Operation not permitted while changing ownership of /home/justin/pn2/vendor//lib/vendor.qti.hardware.improvetouch.gesturemanager@1.0-service.so
dump_file: Operation not permitted while changing ownership of /home/justin/pn2/vendor//lib/vendor.qti.hardware.improvetouch.gesturemanager@1.0_vendor.so
dump_file: Operation not permitted while changing ownership of /home/justin/pn2/vendor//lib/vendor.qti.hardware.improvetouch.touchcompanion@1.0-service.so
dump_file: Operation not permitted while changing ownership of /home/justin/pn2/vendor//lib/vendor.qti.hardware.improvetouch.touchcompanion@1.0_vendor.so
dump_file: Operation not permitted while changing ownership of /home/justin/pn2/vendor//lib/vendor.qti.hardware.iop@1.0_vendor.so
dump_file: Operation not permitted while changing ownership of /home/justin/pn2/vendor//lib/vendor.qti.hardware.iop@2.0_vendor.so
dump_file: Operation not permitted while changing ownership of /home/justin/pn2/vendor//lib/vendor.qti.hardware.limits@1.0_vendor.so
dump_file: Operation not permitted while changing ownership of /home/justin/pn2/vendor//lib/vendor.qti.hardware.perf@1.0_vendor.so
dump_file: Operation not permitted while changing ownership of /home/justin/pn2/vendor//lib/vendor.qti.hardware.qdutils_disp@1.0_vendor.so
dump_file: Operation not permitted while changing ownership of /home/justin/pn2/vendor//lib/vendor.qti.hardware.qteeconnector@1.0_vendor.so
dump_file: Operation not permitted while changing ownership of /home/justin/pn2/vendor//lib/vendor.qti.hardware.radio.am@1.0_vendor.so
dump_file: Operation not permitted while changing ownership of /home/justin/pn2/vendor//lib/vendor.qti.hardware.radio.atcmdfwd@1.0_vendor.so
dump_file: Operation not permitted while changing ownership of /home/justin/pn2/vendor//lib/vendor.qti.hardware.radio.ims@1.0_vendor.so
dump_file: Operation not permitted while changing ownership of /home/justin/pn2/vendor//lib/vendor.qti.hardware.radio.lpa@1.0_vendor.so
dump_file: Operation not permitted while changing ownership of /home/justin/pn2/vendor//lib/vendor.qti.hardware.radio.qcrilhook@1.0_vendor.so
dump_file: Operation not permitted while changing ownership of /home/justin/pn2/vendor//lib/vendor.qti.hardware.radio.qtiradio@1.0_vendor.so
dump_file: Operation not permitted while changing ownership of /home/justin/pn2/vendor//lib/vendor.qti.hardware.radio.uim@1.0_vendor.so
dump_file: Operation not permitted while changing ownership of /home/justin/pn2/vendor//lib/vendor.qti.hardware.radio.uim@1.1_vendor.so
dump_file: Operation not permitted while changing ownership of /home/justin/pn2/vendor//lib/vendor.qti.hardware.radio.uim_remote_client@1.0_vendor.so
dump_file: Operation not permitted while changing ownership of /home/justin/pn2/vendor//lib/vendor.qti.hardware.radio.uim_remote_server@1.0_vendor.so
dump_file: Operation not permitted while changing ownership of /home/justin/pn2/vendor//lib/vendor.qti.hardware.seccam@1.0_vendor.so
dump_file: Operation not permitted while changing ownership of /home/justin/pn2/vendor//lib/vendor.qti.hardware.sensorscalibrate@1.0.so
dump_file: Operation not permitted while changing ownership of /home/justin/pn2/vendor//lib/vendor.qti.hardware.tui_comm@1.0_vendor.so
dump_file: Operation not permitted while changing ownership of /home/justin/pn2/vendor//lib/vendor.qti.hardware.vpp@1.1_vendor.so
dump_file: Operation not permitted while changing ownership of /home/justin/pn2/vendor//lib/vendor.qti.hardware.wigig.supptunnel@1.0.so
dump_file: Operation not permitted while changing ownership of /home/justin/pn2/vendor//lib/vendor.qti.hardware.wipower@1.0_vendor.so
dump_file: Operation not permitted while changing ownership of /home/justin/pn2/vendor//lib/vendor.qti.imsrtpservice@1.0-service-Impl.so
dump_file: Operation not permitted while changing ownership of /home/justin/pn2/vendor//lib/vendor.qti.imsrtpservice@1.0_vendor.so
dump_file: Operation not permitted while changing ownership of /home/justin/pn2/vendor//lib/vendor.qti.voiceprint@1.0.so
rdump: Operation not permitted while changing ownership of /home/justin/pn2/vendor//lib
dump_file: Operation not permitted while changing ownership of /home/justin/pn2/vendor//lib64/android.hidl.base@1.0.so
dump_file: Operation not permitted while changing ownership of /home/justin/pn2/vendor//lib64/camera/com.qti.sensor.adi9036_1016.so
dump_file: Operation not permitted while changing ownership of /home/justin/pn2/vendor//lib64/camera/com.qti.sensor.max7366_ov6211.so
dump_file: Operation not permitted while changing ownership of /home/justin/pn2/vendor//lib64/camera/com.qti.sensor.max7366_ov9282.so
dump_file: Operation not permitted while changing ownership of /home/justin/pn2/vendor//lib64/camera/com.qti.sensormodule.liteon_max7366_ov6211.bin
dump_file: Operation not permitted while changing ownership of /home/justin/pn2/vendor//lib64/camera/com.qti.sensormodule.liteon_max7366_ov9282.bin
dump_file: Operation not permitted while changing ownership of /home/justin/pn2/vendor//lib64/camera/com.qti.sensormodule.truly_adi9036_1016.bin
dump_file: Operation not permitted while changing ownership of /home/justin/pn2/vendor//lib64/camera/com.qti.tuned.altek1_imx577.bin
dump_file: Operation not permitted while changing ownership of /home/justin/pn2/vendor//lib64/camera/com.qti.tuned.altek_imx577.bin
dump_file: Operation not permitted while changing ownership of /home/justin/pn2/vendor//lib64/camera/com.qti.tuned.default.bin
dump_file: Operation not permitted while changing ownership of /home/justin/pn2/vendor//lib64/camera/com.qti.tuned.default_full_iq.bin
dump_file: Operation not permitted while changing ownership of /home/justin/pn2/vendor//lib64/camera/com.qti.tuned.liteon_imx318.bin
dump_file: Operation not permitted while changing ownership of /home/justin/pn2/vendor//lib64/camera/com.qti.tuned.liteon_imx362.bin
dump_file: Operation not permitted while changing ownership of /home/justin/pn2/vendor//lib64/camera/com.qti.tuned.liteon_max7366_6dof.bin
dump_file: Operation not permitted while changing ownership of /home/justin/pn2/vendor//lib64/camera/com.qti.tuned.liteon_max7366_eyetrack.bin
dump_file: Operation not permitted while changing ownership of /home/justin/pn2/vendor//lib64/camera/com.qti.tuned.liteon_max7366_ov9282.bin
dump_file: Operation not permitted while changing ownership of /home/justin/pn2/vendor//lib64/camera/com.qti.tuned.ofilm_ov12a10.bin
dump_file: Operation not permitted while changing ownership of /home/justin/pn2/vendor//lib64/camera/com.qti.tuned.ofilm_ov13855.bin
dump_file: Operation not permitted while changing ownership of /home/justin/pn2/vendor//lib64/camera/com.qti.tuned.ofilm_ov13880.bin
dump_file: Operation not permitted while changing ownership of /home/justin/pn2/vendor//lib64/camera/com.qti.tuned.semco_imx258.bin
dump_file: Operation not permitted while changing ownership of /home/justin/pn2/vendor//lib64/camera/com.qti.tuned.semco_imx386.bin
dump_file: Operation not permitted while changing ownership of /home/justin/pn2/vendor//lib64/camera/com.qti.tuned.sunny_imx576.bin
dump_file: Operation not permitted while changing ownership of /home/justin/pn2/vendor//lib64/camera/com.qti.tuned.sunny_s5k2l7.bin
dump_file: Operation not permitted while changing ownership of /home/justin/pn2/vendor//lib64/camera/com.qti.tuned.sunny_s5k2x5sp.bin
dump_file: Operation not permitted while changing ownership of /home/justin/pn2/vendor//lib64/camera/com.qti.tuned.truly_ov8856.bin
dump_file: Operation not permitted while changing ownership of /home/justin/pn2/vendor//lib64/camera/components/com.qti.camx.chiiqutils.so
dump_file: Operation not permitted while changing ownership of /home/justin/pn2/vendor//lib64/camera/components/com.qti.hvx.addconstant.so
dump_file: Operation not permitted while changing ownership of /home/justin/pn2/vendor//lib64/camera/components/com.qti.hvx.binning.so
dump_file: Operation not permitted while changing ownership of /home/justin/pn2/vendor//lib64/camera/components/com.qti.node.depth.so
dump_file: Operation not permitted while changing ownership of /home/justin/pn2/vendor//lib64/camera/components/com.qti.node.dummyrtb.so
dump_file: Operation not permitted while changing ownership of /home/justin/pn2/vendor//lib64/camera/components/com.qti.node.dummysat.so
dump_file: Operation not permitted while changing ownership of /home/justin/pn2/vendor//lib64/camera/components/com.qti.node.eisv2.so
dump_file: Operation not permitted while changing ownership of /home/justin/pn2/vendor//lib64/camera/components/com.qti.node.eisv3.so
dump_file: Operation not permitted while changing ownership of /home/justin/pn2/vendor//lib64/camera/components/com.qti.node.gpu.so
dump_file: Operation not permitted while changing ownership of /home/justin/pn2/vendor//lib64/camera/components/com.qti.node.memcpy.so
dump_file: Operation not permitted while changing ownership of /home/justin/pn2/vendor//lib64/camera/components/com.qti.node.remosaic.so
dump_file: Operation not permitted while changing ownership of /home/justin/pn2/vendor//lib64/camera/components/com.qti.node.stich.so
dump_file: Operation not permitted while changing ownership of /home/justin/pn2/vendor//lib64/camera/components/com.qti.node.swregistration.so
dump_file: Operation not permitted while changing ownership of /home/justin/pn2/vendor//lib64/camera/components/com.qti.stats.awbwrapper.so
dump_file: Operation not permitted while changing ownership of /home/justin/pn2/vendor//lib64/camera/components/com.qtistatic.stats.aec.so
dump_file: Operation not permitted while changing ownership of /home/justin/pn2/vendor//lib64/camera/components/com.qtistatic.stats.af.so
dump_file: Operation not permitted while changing ownership of /home/justin/pn2/vendor//lib64/camera/components/com.qtistatic.stats.awb.so
dump_file: Operation not permitted while changing ownership of /home/justin/pn2/vendor//lib64/camera/components/com.qtistatic.stats.pdlib.so
dump_file: Operation not permitted while changing ownership of /home/justin/pn2/vendor//lib64/camera/components/libdepthmapwrapper.so
rdump: Operation not permitted while changing ownership of /home/justin/pn2/vendor//lib64/camera/components
dump_file: Operation not permitted while changing ownership of /home/justin/pn2/vendor//lib64/camera/fdconfigpreview.bin
dump_file: Operation not permitted while changing ownership of /home/justin/pn2/vendor//lib64/camera/fdconfigpreviewlite.bin
dump_file: Operation not permitted while changing ownership of /home/justin/pn2/vendor//lib64/camera/fdconfigvideo.bin
dump_file: Operation not permitted while changing ownership of /home/justin/pn2/vendor//lib64/camera/fdconfigvideolite.bin
rdump: Operation not permitted while changing ownership of /home/justin/pn2/vendor//lib64/camera
dump_file: Operation not permitted while changing ownership of /home/justin/pn2/vendor//lib64/camera.device@1.0-impl.so
dump_file: Operation not permitted while changing ownership of /home/justin/pn2/vendor//lib64/camera.device@3.2-impl.so
dump_file: Operation not permitted while changing ownership of /home/justin/pn2/vendor//lib64/camera.device@3.3-impl.so
dump_file: Operation not permitted while changing ownership of /home/justin/pn2/vendor//lib64/com.qualcomm.qti.ant@1.0_vendor.so
dump_file: Operation not permitted while changing ownership of /home/justin/pn2/vendor//lib64/com.qualcomm.qti.bluetooth_audio@1.0_vendor.so
dump_file: Operation not permitted while changing ownership of /home/justin/pn2/vendor//lib64/com.qualcomm.qti.dpm.api@1.0_vendor.so
dump_file: Operation not permitted while changing ownership of /home/justin/pn2/vendor//lib64/com.qualcomm.qti.imscmservice@1.0_vendor.so
dump_file: Operation not permitted while changing ownership of /home/justin/pn2/vendor//lib64/com.qualcomm.qti.wifidisplayhal@1.0-halimpl.so
dump_file: Operation not permitted while changing ownership of /home/justin/pn2/vendor//lib64/com.qualcomm.qti.wifidisplayhal@1.0-impl.so
dump_file: Operation not permitted while changing ownership of /home/justin/pn2/vendor//lib64/com.qualcomm.qti.wifidisplayhal@1.0_vendor.so
dump_file: Operation not permitted while changing ownership of /home/justin/pn2/vendor//lib64/com.quicinc.cne.api@1.0.so
dump_file: Operation not permitted while changing ownership of /home/justin/pn2/vendor//lib64/com.quicinc.cne.constants@1.0.so
dump_file: Operation not permitted while changing ownership of /home/justin/pn2/vendor//lib64/com.quicinc.cne.constants@2.0.so
dump_file: Operation not permitted while changing ownership of /home/justin/pn2/vendor//lib64/com.quicinc.cne.server@1.0.so
dump_file: Operation not permitted while changing ownership of /home/justin/pn2/vendor//lib64/com.quicinc.cne.server@2.0.so
dump_file: Operation not permitted while changing ownership of /home/justin/pn2/vendor//lib64/egl/eglSubDriverAndroid.so
dump_file: Operation not permitted while changing ownership of /home/justin/pn2/vendor//lib64/egl/libEGL_adreno.so
dump_file: Operation not permitted while changing ownership of /home/justin/pn2/vendor//lib64/egl/libGLESv1_CM_adreno.so
dump_file: Operation not permitted while changing ownership of /home/justin/pn2/vendor//lib64/egl/libGLESv2_adreno.so
dump_file: Operation not permitted while changing ownership of /home/justin/pn2/vendor//lib64/egl/libQTapGLES.so
dump_file: Operation not permitted while changing ownership of /home/justin/pn2/vendor//lib64/egl/libq3dtools_adreno.so
dump_file: Operation not permitted while changing ownership of /home/justin/pn2/vendor//lib64/egl/libq3dtools_esx.so
rdump: Operation not permitted while changing ownership of /home/justin/pn2/vendor//lib64/egl
dump_file: Operation not permitted while changing ownership of /home/justin/pn2/vendor//lib64/hw/android.hardware.audio.effect@2.0-impl.so
dump_file: Operation not permitted while changing ownership of /home/justin/pn2/vendor//lib64/hw/android.hardware.audio@2.0-impl.so
dump_file: Operation not permitted while changing ownership of /home/justin/pn2/vendor//lib64/hw/android.hardware.bluetooth@1.0-impl-qti.so
dump_file: Operation not permitted while changing ownership of /home/justin/pn2/vendor//lib64/hw/android.hardware.camera.provider@2.4-impl.so
dump_file: Operation not permitted while changing ownership of /home/justin/pn2/vendor//lib64/hw/android.hardware.contexthub@1.0-impl.generic.so
dump_file: Operation not permitted while changing ownership of /home/justin/pn2/vendor//lib64/hw/android.hardware.gatekeeper@1.0-impl-qti.so
dump_file: Operation not permitted while changing ownership of /home/justin/pn2/vendor//lib64/hw/android.hardware.gnss@1.0-impl-qti.so
dump_file: Operation not permitted while changing ownership of /home/justin/pn2/vendor//lib64/hw/android.hardware.graphics.allocator@2.0-impl.so
dump_file: Operation not permitted while changing ownership of /home/justin/pn2/vendor//lib64/hw/android.hardware.graphics.composer@2.1-impl.so
dump_file: Operation not permitted while changing ownership of /home/justin/pn2/vendor//lib64/hw/android.hardware.graphics.mapper@2.0-impl.so
dump_file: Operation not permitted while changing ownership of /home/justin/pn2/vendor//lib64/hw/android.hardware.health@1.0-impl.so
dump_file: Operation not permitted while changing ownership of /home/justin/pn2/vendor//lib64/hw/android.hardware.keymaster@3.0-impl-qti.so
dump_file: Operation not permitted while changing ownership of /home/justin/pn2/vendor//lib64/hw/android.hardware.light@2.0-impl.so
dump_file: Operation not permitted while changing ownership of /home/justin/pn2/vendor//lib64/hw/android.hardware.memtrack@1.0-impl.so
dump_file: Operation not permitted while changing ownership of /home/justin/pn2/vendor//lib64/hw/android.hardware.nfc@1.0-impl.so
dump_file: Operation not permitted while changing ownership of /home/justin/pn2/vendor//lib64/hw/android.hardware.power@1.0-impl.so
dump_file: Operation not permitted while changing ownership of /home/justin/pn2/vendor//lib64/hw/android.hardware.renderscript@1.0-impl.so
dump_file: Operation not permitted while changing ownership of /home/justin/pn2/vendor//lib64/hw/android.hardware.sensors@1.0-impl.so
dump_file: Operation not permitted while changing ownership of /home/justin/pn2/vendor//lib64/hw/android.hardware.thermal@1.0-impl.so
dump_file: Operation not permitted while changing ownership of /home/justin/pn2/vendor//lib64/hw/android.hardware.vibrator@1.0-impl.so
dump_file: Operation not permitted while changing ownership of /home/justin/pn2/vendor//lib64/hw/android.hardware.vr@1.0-impl.so
dump_file: Operation not permitted while changing ownership of /home/justin/pn2/vendor//lib64/hw/audio.primary.default.so
dump_file: Operation not permitted while changing ownership of /home/justin/pn2/vendor//lib64/hw/audio.primary.sdm845.so
dump_file: Operation not permitted while changing ownership of /home/justin/pn2/vendor//lib64/hw/audio.r_submix.default.so
dump_file: Operation not permitted while changing ownership of /home/justin/pn2/vendor//lib64/hw/audio.usb.default.so
dump_file: Operation not permitted while changing ownership of /home/justin/pn2/vendor//lib64/hw/camera.qcom.so
dump_file: Operation not permitted while changing ownership of /home/justin/pn2/vendor//lib64/hw/com.qti.chi.override.so
dump_file: Operation not permitted while changing ownership of /home/justin/pn2/vendor//lib64/hw/com.qualcomm.qti.ant@1.0-impl.so
dump_file: Operation not permitted while changing ownership of /home/justin/pn2/vendor//lib64/hw/com.qualcomm.qti.bluetooth_audio@1.0-impl.so
dump_file: Operation not permitted while changing ownership of /home/justin/pn2/vendor//lib64/hw/gralloc.default.so
dump_file: Operation not permitted while changing ownership of /home/justin/pn2/vendor//lib64/hw/gralloc.sdm845.so
dump_file: Operation not permitted while changing ownership of /home/justin/pn2/vendor//lib64/hw/hwcomposer.sdm845.so
dump_file: Operation not permitted while changing ownership of /home/justin/pn2/vendor//lib64/hw/lights.sdm845.so
dump_file: Operation not permitted while changing ownership of /home/justin/pn2/vendor//lib64/hw/local_time.default.so
dump_file: Operation not permitted while changing ownership of /home/justin/pn2/vendor//lib64/hw/memtrack.sdm845.so
dump_file: Operation not permitted while changing ownership of /home/justin/pn2/vendor//lib64/hw/nfc_nci.nqx.default.so
dump_file: Operation not permitted while changing ownership of /home/justin/pn2/vendor//lib64/hw/power.default.so
dump_file: Operation not permitted while changing ownership of /home/justin/pn2/vendor//lib64/hw/power.qcom.so
dump_file: Operation not permitted while changing ownership of /home/justin/pn2/vendor//lib64/hw/sound_trigger.primary.sdm845.so
dump_file: Operation not permitted while changing ownership of /home/justin/pn2/vendor//lib64/hw/thermal.sdm845.so
dump_file: Operation not permitted while changing ownership of /home/justin/pn2/vendor//lib64/hw/vendor.nxp.hardware.nfc@1.0-impl.so
dump_file: Operation not permitted while changing ownership of /home/justin/pn2/vendor//lib64/hw/vendor.qti.esepowermanager@1.0-impl.so
dump_file: Operation not permitted while changing ownership of /home/justin/pn2/vendor//lib64/hw/vendor.qti.gnss@1.1-impl.so
dump_file: Operation not permitted while changing ownership of /home/justin/pn2/vendor//lib64/hw/vendor.qti.hardware.factory@1.0-impl.so
dump_file: Operation not permitted while changing ownership of /home/justin/pn2/vendor//lib64/hw/vendor.qti.hardware.fm@1.0-impl.so
dump_file: Operation not permitted while changing ownership of /home/justin/pn2/vendor//lib64/hw/vendor.qti.hardware.iop@2.0-impl.so
dump_file: Operation not permitted while changing ownership of /home/justin/pn2/vendor//lib64/hw/vendor.qti.hardware.qteeconnector@1.0-impl.so
dump_file: Operation not permitted while changing ownership of /home/justin/pn2/vendor//lib64/hw/vendor.qti.hardware.sensorscalibrate@1.0-impl.so
dump_file: Operation not permitted while changing ownership of /home/justin/pn2/vendor//lib64/hw/vibrator.default.so
dump_file: Operation not permitted while changing ownership of /home/justin/pn2/vendor//lib64/hw/vr.sdm845.so
dump_file: Operation not permitted while changing ownership of /home/justin/pn2/vendor//lib64/hw/vulkan.sdm845.so
rdump: Operation not permitted while changing ownership of /home/justin/pn2/vendor//lib64/hw
dump_file: Operation not permitted while changing ownership of /home/justin/pn2/vendor//lib64/lib-dplmedia.so
dump_file: Operation not permitted while changing ownership of /home/justin/pn2/vendor//lib64/lib-imscmservice.so
dump_file: Operation not permitted while changing ownership of /home/justin/pn2/vendor//lib64/lib-imsdpl.so
dump_file: Operation not permitted while changing ownership of /home/justin/pn2/vendor//lib64/lib-imsqimf.so
dump_file: Operation not permitted while changing ownership of /home/justin/pn2/vendor//lib64/lib-imsrcs-v2.so
dump_file: Operation not permitted while changing ownership of /home/justin/pn2/vendor//lib64/lib-imsxml.so
dump_file: Operation not permitted while changing ownership of /home/justin/pn2/vendor//lib64/lib-rtpcommon.so
dump_file: Operation not permitted while changing ownership of /home/justin/pn2/vendor//lib64/lib-rtpcore.so
dump_file: Operation not permitted while changing ownership of /home/justin/pn2/vendor//lib64/lib-rtpdaemoninterface.so
dump_file: Operation not permitted while changing ownership of /home/justin/pn2/vendor//lib64/lib-rtpsl.so
dump_file: Operation not permitted while changing ownership of /home/justin/pn2/vendor//lib64/lib-uceservice.so
dump_file: Operation not permitted while changing ownership of /home/justin/pn2/vendor//lib64/libAlacSwDec.so
dump_file: Operation not permitted while changing ownership of /home/justin/pn2/vendor//lib64/libApeSwDec.so
dump_file: Operation not permitted while changing ownership of /home/justin/pn2/vendor//lib64/libC2D2.so
dump_file: Operation not permitted while changing ownership of /home/justin/pn2/vendor//lib64/libCB.so
dump_file: Operation not permitted while changing ownership of /home/justin/pn2/vendor//lib64/libDRPlugin.so
dump_file: Operation not permitted while changing ownership of /home/justin/pn2/vendor//lib64/libFlacSwDec.so
dump_file: Operation not permitted while changing ownership of /home/justin/pn2/vendor//lib64/libGPTEE_vendor.so
dump_file: Operation not permitted while changing ownership of /home/justin/pn2/vendor//lib64/libGPreqcancel.so
dump_file: Operation not permitted while changing ownership of /home/justin/pn2/vendor//lib64/libGPreqcancel_svc.so
dump_file: Operation not permitted while changing ownership of /home/justin/pn2/vendor//lib64/libI420colorconvert.so
dump_file: Operation not permitted while changing ownership of /home/justin/pn2/vendor//lib64/libMpeg4SwEncoder.so
dump_file: Operation not permitted while changing ownership of /home/justin/pn2/vendor//lib64/libOmxAacDec.so
dump_file: Operation not permitted while changing ownership of /home/justin/pn2/vendor//lib64/libOmxAacEnc.so
dump_file: Operation not permitted while changing ownership of /home/justin/pn2/vendor//lib64/libOmxAlacDec.so
dump_file: Operation not permitted while changing ownership of /home/justin/pn2/vendor//lib64/libOmxAlacDecSw.so
dump_file: Operation not permitted while changing ownership of /home/justin/pn2/vendor//lib64/libOmxAmrDec.so
dump_file: Operation not permitted while changing ownership of /home/justin/pn2/vendor//lib64/libOmxAmrEnc.so
dump_file: Operation not permitted while changing ownership of /home/justin/pn2/vendor//lib64/libOmxAmrwbplusDec.so
dump_file: Operation not permitted while changing ownership of /home/justin/pn2/vendor//lib64/libOmxApeDec.so
dump_file: Operation not permitted while changing ownership of /home/justin/pn2/vendor//lib64/libOmxApeDecSw.so
dump_file: Operation not permitted while changing ownership of /home/justin/pn2/vendor//lib64/libOmxCore.so
dump_file: Operation not permitted while changing ownership of /home/justin/pn2/vendor//lib64/libOmxEvrcDec.so
dump_file: Operation not permitted while changing ownership of /home/justin/pn2/vendor//lib64/libOmxEvrcEnc.so
dump_file: Operation not permitted while changing ownership of /home/justin/pn2/vendor//lib64/libOmxG711Dec.so
dump_file: Operation not permitted while changing ownership of /home/justin/pn2/vendor//lib64/libOmxG711Enc.so
dump_file: Operation not permitted while changing ownership of /home/justin/pn2/vendor//lib64/libOmxQcelp13Dec.so
dump_file: Operation not permitted while changing ownership of /home/justin/pn2/vendor//lib64/libOmxQcelp13Enc.so
dump_file: Operation not permitted while changing ownership of /home/justin/pn2/vendor//lib64/libOmxSwVdec.so
dump_file: Operation not permitted while changing ownership of /home/justin/pn2/vendor//lib64/libOmxSwVencMpeg4.so
dump_file: Operation not permitted while changing ownership of /home/justin/pn2/vendor//lib64/libOmxVdec.so
dump_file: Operation not permitted while changing ownership of /home/justin/pn2/vendor//lib64/libOmxVenc.so
dump_file: Operation not permitted while changing ownership of /home/justin/pn2/vendor//lib64/libOmxVpp.so
dump_file: Operation not permitted while changing ownership of /home/justin/pn2/vendor//lib64/libOmxWmaDec.so
dump_file: Operation not permitted while changing ownership of /home/justin/pn2/vendor//lib64/libOpenCL.so
dump_file: Operation not permitted while changing ownership of /home/justin/pn2/vendor//lib64/libPlaneDetect.so
dump_file: Operation not permitted while changing ownership of /home/justin/pn2/vendor//lib64/libQSEEComAPI.so
dump_file: Operation not permitted while changing ownership of /home/justin/pn2/vendor//lib64/libQTEEConnector_vendor.so
dump_file: Operation not permitted while changing ownership of /home/justin/pn2/vendor//lib64/libRSDriver_adreno.so
dump_file: Operation not permitted while changing ownership of /home/justin/pn2/vendor//lib64/libSEESalt.so
dump_file: Operation not permitted while changing ownership of /home/justin/pn2/vendor//lib64/libSafetyAreaRecovery.so
dump_file: Operation not permitted while changing ownership of /home/justin/pn2/vendor//lib64/libSecureUILib.so
dump_file: Operation not permitted while changing ownership of /home/justin/pn2/vendor//lib64/libSensorCalLibNative.so
dump_file: Operation not permitted while changing ownership of /home/justin/pn2/vendor//lib64/libStDrvInt.so
dump_file: Operation not permitted while changing ownership of /home/justin/pn2/vendor//lib64/libSubSystemShutdown.so
dump_file: Operation not permitted while changing ownership of /home/justin/pn2/vendor//lib64/libUSTANative.so
dump_file: Operation not permitted while changing ownership of /home/justin/pn2/vendor//lib64/libUserAgent.so
dump_file: Operation not permitted while changing ownership of /home/justin/pn2/vendor//lib64/lib_drplugin_server.so
dump_file: Operation not permitted while changing ownership of /home/justin/pn2/vendor//lib64/lib_remote_simlock.so
dump_file: Operation not permitted while changing ownership of /home/justin/pn2/vendor//lib64/libacdb-fts.so
dump_file: Operation not permitted while changing ownership of /home/justin/pn2/vendor//lib64/libacdbloader.so
dump_file: Operation not permitted while changing ownership of /home/justin/pn2/vendor//lib64/libacdbrtac.so
dump_file: Operation not permitted while changing ownership of /home/justin/pn2/vendor//lib64/libadiertac.so
dump_file: Operation not permitted while changing ownership of /home/justin/pn2/vendor//lib64/libadreno_utils.so
dump_file: Operation not permitted while changing ownership of /home/justin/pn2/vendor//lib64/libadsp_default_listener.so
dump_file: Operation not permitted while changing ownership of /home/justin/pn2/vendor//lib64/libadsprpc.so
dump_file: Operation not permitted while changing ownership of /home/justin/pn2/vendor//lib64/libalarmservice_jni.so
dump_file: Operation not permitted while changing ownership of /home/justin/pn2/vendor//lib64/libalsautils.so
dump_file: Operation not permitted while changing ownership of /home/justin/pn2/vendor//lib64/libaoa.so
dump_file: Operation not permitted while changing ownership of /home/justin/pn2/vendor//lib64/libaudcal.so
dump_file: Operation not permitted while changing ownership of /home/justin/pn2/vendor//lib64/libaudio_log_utils.so
dump_file: Operation not permitted while changing ownership of /home/justin/pn2/vendor//lib64/libaudioalsa.so
dump_file: Operation not permitted while changing ownership of /home/justin/pn2/vendor//lib64/libaudioparsers.so
dump_file: Operation not permitted while changing ownership of /home/justin/pn2/vendor//lib64/libbase64.so
dump_file: Operation not permitted while changing ownership of /home/justin/pn2/vendor//lib64/libbccQTI.so
dump_file: Operation not permitted while changing ownership of /home/justin/pn2/vendor//lib64/libbrisk.so
dump_file: Operation not permitted while changing ownership of /home/justin/pn2/vendor//lib64/libbt-hidlclient.so
dump_file: Operation not permitted while changing ownership of /home/justin/pn2/vendor//lib64/libbt-vendor.so
dump_file: Operation not permitted while changing ownership of /home/justin/pn2/vendor//lib64/libbthost_if.so
dump_file: Operation not permitted while changing ownership of /home/justin/pn2/vendor//lib64/libbtnv.so
dump_file: Operation not permitted while changing ownership of /home/justin/pn2/vendor//lib64/libc2d30_bltlib.so
dump_file: Operation not permitted while changing ownership of /home/justin/pn2/vendor//lib64/libc2dcolorconvert.so
dump_file: Operation not permitted while changing ownership of /home/justin/pn2/vendor//lib64/libcamxfdalgov7.so
dump_file: Operation not permitted while changing ownership of /home/justin/pn2/vendor//lib64/libcamxfdengine.so
dump_file: Operation not permitted while changing ownership of /home/justin/pn2/vendor//lib64/libcamxstatscore.so
dump_file: Operation not permitted while changing ownership of /home/justin/pn2/vendor//lib64/libcamxtintlessalgo.so
dump_file: Operation not permitted while changing ownership of /home/justin/pn2/vendor//lib64/libcdsp_default_listener.so
dump_file: Operation not permitted while changing ownership of /home/justin/pn2/vendor//lib64/libcdsprpc.so
dump_file: Operation not permitted while changing ownership of /home/justin/pn2/vendor//lib64/libcld80211.so
dump_file: Operation not permitted while changing ownership of /home/justin/pn2/vendor//lib64/libcne.so
dump_file: Operation not permitted while changing ownership of /home/justin/pn2/vendor//lib64/libcneapiclient.so
dump_file: Operation not permitted while changing ownership of /home/justin/pn2/vendor//lib64/libcneoplookup.so
dump_file: Operation not permitted while changing ownership of /home/justin/pn2/vendor//lib64/libcneqmiutils.so
dump_file: Operation not permitted while changing ownership of /home/justin/pn2/vendor//lib64/libcom.qti.chinodeutils.so
dump_file: Operation not permitted while changing ownership of /home/justin/pn2/vendor//lib64/libconfigdb.so
dump_file: Operation not permitted while changing ownership of /home/justin/pn2/vendor//lib64/libcsm_data.so
dump_file: Operation not permitted while changing ownership of /home/justin/pn2/vendor//lib64/libdataitems.so
dump_file: Operation not permitted while changing ownership of /home/justin/pn2/vendor//lib64/libdiag.so
dump_file: Operation not permitted while changing ownership of /home/justin/pn2/vendor//lib64/libdiagjni.so
dump_file: Operation not permitted while changing ownership of /home/justin/pn2/vendor//lib64/libdisp-aba.so
dump_file: Operation not permitted while changing ownership of /home/justin/pn2/vendor//lib64/libdisplayqos.so
dump_file: Operation not permitted while changing ownership of /home/justin/pn2/vendor//lib64/libdpmqmihal.so
dump_file: Operation not permitted while changing ownership of /home/justin/pn2/vendor//lib64/libdrm.so
dump_file: Operation not permitted while changing ownership of /home/justin/pn2/vendor//lib64/libdrmfs.so
dump_file: Operation not permitted while changing ownership of /home/justin/pn2/vendor//lib64/libdrmtime.so
dump_file: Operation not permitted while changing ownership of /home/justin/pn2/vendor//lib64/libdrmutils.so
dump_file: Operation not permitted while changing ownership of /home/justin/pn2/vendor//lib64/libdrplugin_client.so
dump_file: Operation not permitted while changing ownership of /home/justin/pn2/vendor//lib64/libdsi_netctrl.so
dump_file: Operation not permitted while changing ownership of /home/justin/pn2/vendor//lib64/libdsutils.so
dump_file: Operation not permitted while changing ownership of /home/justin/pn2/vendor//lib64/libeffects.so
dump_file: Operation not permitted while changing ownership of /home/justin/pn2/vendor//lib64/libese-sysdeps.so
dump_file: Operation not permitted while changing ownership of /home/justin/pn2/vendor//lib64/libese.so
dump_file: Operation not permitted while changing ownership of /home/justin/pn2/vendor//lib64/libevent_observer.so
dump_file: Operation not permitted while changing ownership of /home/justin/pn2/vendor//lib64/libfastcvdsp_stub.so
dump_file: Operation not permitted while changing ownership of /home/justin/pn2/vendor//lib64/libfastcvopt.so
dump_file: Operation not permitted while changing ownership of /home/justin/pn2/vendor//lib64/libfastrpc_utf_stub.so
dump_file: Operation not permitted while changing ownership of /home/justin/pn2/vendor//lib64/libfeedbackhandler.so
dump_file: Operation not permitted while changing ownership of /home/justin/pn2/vendor//lib64/libflp.so
dump_file: Operation not permitted while changing ownership of /home/justin/pn2/vendor//lib64/libgarden.so
dump_file: Operation not permitted while changing ownership of /home/justin/pn2/vendor//lib64/libgcs-calwrapper.so
dump_file: Operation not permitted while changing ownership of /home/justin/pn2/vendor//lib64/libgcs-ipc.so
dump_file: Operation not permitted while changing ownership of /home/justin/pn2/vendor//lib64/libgcs-osal.so
dump_file: Operation not permitted while changing ownership of /home/justin/pn2/vendor//lib64/libgcs.so
dump_file: Operation not permitted while changing ownership of /home/justin/pn2/vendor//lib64/libgdtap.so
dump_file: Operation not permitted while changing ownership of /home/justin/pn2/vendor//lib64/libgeofence.so
dump_file: Operation not permitted while changing ownership of /home/justin/pn2/vendor//lib64/libgflags.so
dump_file: Operation not permitted while changing ownership of /home/justin/pn2/vendor//lib64/libglog.so
dump_file: Operation not permitted while changing ownership of /home/justin/pn2/vendor//lib64/libgnss.so
dump_file: Operation not permitted while changing ownership of /home/justin/pn2/vendor//lib64/libgnsspps.so
dump_file: Operation not permitted while changing ownership of /home/justin/pn2/vendor//lib64/libgpqese.so
dump_file: Operation not permitted while changing ownership of /home/justin/pn2/vendor//lib64/libgps.utils.so
dump_file: Operation not permitted while changing ownership of /home/justin/pn2/vendor//lib64/libgpu_tonemapper.so
dump_file: Operation not permitted while changing ownership of /home/justin/pn2/vendor//lib64/libgrallocutils.so
dump_file: Operation not permitted while changing ownership of /home/justin/pn2/vendor//lib64/libgsl.so
dump_file: Operation not permitted while changing ownership of /home/justin/pn2/vendor//lib64/libhbtpclient.so
dump_file: Operation not permitted while changing ownership of /home/justin/pn2/vendor//lib64/libhbtpdsp.so
dump_file: Operation not permitted while changing ownership of /home/justin/pn2/vendor//lib64/libhbtpfrmwk.so
dump_file: Operation not permitted while changing ownership of /home/justin/pn2/vendor//lib64/libhdcp1prov.so
dump_file: Operation not permitted while changing ownership of /home/justin/pn2/vendor//lib64/libhdcp2p2prov.so
dump_file: Operation not permitted while changing ownership of /home/justin/pn2/vendor//lib64/libhdcpsrm.so
dump_file: Operation not permitted while changing ownership of /home/justin/pn2/vendor//lib64/libhdr_tm.so
dump_file: Operation not permitted while changing ownership of /home/justin/pn2/vendor//lib64/libhwc2on1adapter.so
dump_file: Operation not permitted while changing ownership of /home/justin/pn2/vendor//lib64/libhwminijail.so
dump_file: Operation not permitted while changing ownership of /home/justin/pn2/vendor//lib64/libidl.so
dump_file: Operation not permitted while changing ownership of /home/justin/pn2/vendor//lib64/libipanat.so
dump_file: Operation not permitted while changing ownership of /home/justin/pn2/vendor//lib64/libizat_client_api.so
dump_file: Operation not permitted while changing ownership of /home/justin/pn2/vendor//lib64/libizat_core.so
dump_file: Operation not permitted while changing ownership of /home/justin/pn2/vendor//lib64/libjson.so
dump_file: Operation not permitted while changing ownership of /home/justin/pn2/vendor//lib64/libkeymasterdeviceutils.so
dump_file: Operation not permitted while changing ownership of /home/justin/pn2/vendor//lib64/libkeymasterprovision.so
dump_file: Operation not permitted while changing ownership of /home/justin/pn2/vendor//lib64/libkeymasterutils.so
dump_file: Operation not permitted while changing ownership of /home/justin/pn2/vendor//lib64/libkeystore-engine-wifi-hidl.so
dump_file: Operation not permitted while changing ownership of /home/justin/pn2/vendor//lib64/libkeystore-wifi-hidl.so
dump_file: Operation not permitted while changing ownership of /home/justin/pn2/vendor//lib64/liblbs_core.so
dump_file: Operation not permitted while changing ownership of /home/justin/pn2/vendor//lib64/liblearningmodule.so
dump_file: Operation not permitted while changing ownership of /home/justin/pn2/vendor//lib64/liblldservice_client.qti.so
dump_file: Operation not permitted while changing ownership of /home/justin/pn2/vendor//lib64/libllvm-glnext.so
dump_file: Operation not permitted while changing ownership of /home/justin/pn2/vendor//lib64/libllvm-qcom.so
dump_file: Operation not permitted while changing ownership of /home/justin/pn2/vendor//lib64/libloc_api_v02.so
dump_file: Operation not permitted while changing ownership of /home/justin/pn2/vendor//lib64/libloc_core.so
dump_file: Operation not permitted while changing ownership of /home/justin/pn2/vendor//lib64/libloc_ds_api.so
dump_file: Operation not permitted while changing ownership of /home/justin/pn2/vendor//lib64/libloc_externalDr.so
dump_file: Operation not permitted while changing ownership of /home/justin/pn2/vendor//lib64/libloc_pla.so
dump_file: Operation not permitted while changing ownership of /home/justin/pn2/vendor//lib64/libloc_stub.so
dump_file: Operation not permitted while changing ownership of /home/justin/pn2/vendor//lib64/liblocation_api.so
dump_file: Operation not permitted while changing ownership of /home/justin/pn2/vendor//lib64/liblocationservice.so
dump_file: Operation not permitted while changing ownership of /home/justin/pn2/vendor//lib64/liblocationservice_glue.so
dump_file: Operation not permitted while changing ownership of /home/justin/pn2/vendor//lib64/liblowi_client.so
dump_file: Operation not permitted while changing ownership of /home/justin/pn2/vendor//lib64/liblowi_wifihal.so
dump_file: Operation not permitted while changing ownership of /home/justin/pn2/vendor//lib64/liblqe.so
dump_file: Operation not permitted while changing ownership of /home/justin/pn2/vendor//lib64/libmdmdetect.so
dump_file: Operation not permitted while changing ownership of /home/justin/pn2/vendor//lib64/libmdsprpc.so
dump_file: Operation not permitted while changing ownership of /home/justin/pn2/vendor//lib64/libmeters.so
dump_file: Operation not permitted while changing ownership of /home/justin/pn2/vendor//lib64/libminijail_vendor.so
dump_file: Operation not permitted while changing ownership of /home/justin/pn2/vendor//lib64/libminksocket.so
dump_file: Operation not permitted while changing ownership of /home/justin/pn2/vendor//lib64/libmm-color-convertor.so
dump_file: Operation not permitted while changing ownership of /home/justin/pn2/vendor//lib64/libmm-disp-apis.so
dump_file: Operation not permitted while changing ownership of /home/justin/pn2/vendor//lib64/libmm-hdcpmgr.so
dump_file: Operation not permitted while changing ownership of /home/justin/pn2/vendor//lib64/libmm-omxcore.so
dump_file: Operation not permitted while changing ownership of /home/justin/pn2/vendor//lib64/libmm-qdcm.so
dump_file: Operation not permitted while changing ownership of /home/justin/pn2/vendor//lib64/libmmcamera_faceproc.so
dump_file: Operation not permitted while changing ownership of /home/justin/pn2/vendor//lib64/libmmcamera_faceproc2.so
dump_file: Operation not permitted while changing ownership of /home/justin/pn2/vendor//lib64/libmmi_jni.so
dump_file: Operation not permitted while changing ownership of /home/justin/pn2/vendor//lib64/libmmosal_proprietary.so
dump_file: Operation not permitted while changing ownership of /home/justin/pn2/vendor//lib64/libmulawdec.so
dump_file: Operation not permitted while changing ownership of /home/justin/pn2/vendor//lib64/libnbaio_mono.so
dump_file: Operation not permitted while changing ownership of /home/justin/pn2/vendor//lib64/libnetfilter_conntrack.so
dump_file: Operation not permitted while changing ownership of /home/justin/pn2/vendor//lib64/libnetmgr.so
dump_file: Operation not permitted while changing ownership of /home/justin/pn2/vendor//lib64/libnfnetlink.so
dump_file: Operation not permitted while changing ownership of /home/justin/pn2/vendor//lib64/liboffloadhal.so
dump_file: Operation not permitted while changing ownership of /home/justin/pn2/vendor//lib64/libopencv.so
dump_file: Operation not permitted while changing ownership of /home/justin/pn2/vendor//lib64/libopencv_java3.so
dump_file: Operation not permitted while changing ownership of /home/justin/pn2/vendor//lib64/libp61-jcop-kit.so
dump_file: Operation not permitted while changing ownership of /home/justin/pn2/vendor//lib64/libpdmapper.so
dump_file: Operation not permitted while changing ownership of /home/justin/pn2/vendor//lib64/libpdnotifier.so
dump_file: Operation not permitted while changing ownership of /home/justin/pn2/vendor//lib64/libperfgluelayer.so
dump_file: Operation not permitted while changing ownership of /home/justin/pn2/vendor//lib64/libperipheral_client.so
dump_file: Operation not permitted while changing ownership of /home/justin/pn2/vendor//lib64/libplatformconfig.so
dump_file: Operation not permitted while changing ownership of /home/justin/pn2/vendor//lib64/libpvr.so
dump_file: Operation not permitted while changing ownership of /home/justin/pn2/vendor//lib64/libqcci_legacy.so
dump_file: Operation not permitted while changing ownership of /home/justin/pn2/vendor//lib64/libqcmaputils.so
dump_file: Operation not permitted while changing ownership of /home/justin/pn2/vendor//lib64/libqcrilFramework.so
dump_file: Operation not permitted while changing ownership of /home/justin/pn2/vendor//lib64/libqdMetaData.so
dump_file: Operation not permitted while changing ownership of /home/justin/pn2/vendor//lib64/libqdi.so
dump_file: Operation not permitted while changing ownership of /home/justin/pn2/vendor//lib64/libqdp.so
dump_file: Operation not permitted while changing ownership of /home/justin/pn2/vendor//lib64/libqdutils.so
dump_file: Operation not permitted while changing ownership of /home/justin/pn2/vendor//lib64/libqfp-service.so
dump_file: Operation not permitted while changing ownership of /home/justin/pn2/vendor//lib64/libqisl.so
dump_file: Operation not permitted while changing ownership of /home/justin/pn2/vendor//lib64/libqmi.so
dump_file: Operation not permitted while changing ownership of /home/justin/pn2/vendor//lib64/libqmi_cci.so
dump_file: Operation not permitted while changing ownership of /home/justin/pn2/vendor//lib64/libqmi_client_helper.so
dump_file: Operation not permitted while changing ownership of /home/justin/pn2/vendor//lib64/libqmi_client_qmux.so
dump_file: Operation not permitted while changing ownership of /home/justin/pn2/vendor//lib64/libqmi_common_so.so
dump_file: Operation not permitted while changing ownership of /home/justin/pn2/vendor//lib64/libqmi_csi.so
dump_file: Operation not permitted while changing ownership of /home/justin/pn2/vendor//lib64/libqmi_encdec.so
dump_file: Operation not permitted while changing ownership of /home/justin/pn2/vendor//lib64/libqmiservices.so
dump_file: Operation not permitted while changing ownership of /home/justin/pn2/vendor//lib64/libqseed3.so
dump_file: Operation not permitted while changing ownership of /home/justin/pn2/vendor//lib64/libqservice.so
dump_file: Operation not permitted while changing ownership of /home/justin/pn2/vendor//lib64/libqti-gt-prop.so
dump_file: Operation not permitted while changing ownership of /home/justin/pn2/vendor//lib64/libqti-iopd-client.so
dump_file: Operation not permitted while changing ownership of /home/justin/pn2/vendor//lib64/libqti-iopd.so
dump_file: Operation not permitted while changing ownership of /home/justin/pn2/vendor//lib64/libqti-perfd-client.so
dump_file: Operation not permitted while changing ownership of /home/justin/pn2/vendor//lib64/libqti-perfd.so
dump_file: Operation not permitted while changing ownership of /home/justin/pn2/vendor//lib64/libqti-util.so
dump_file: Operation not permitted while changing ownership of /home/justin/pn2/vendor//lib64/libqti-utils.so
dump_file: Operation not permitted while changing ownership of /home/justin/pn2/vendor//lib64/libqtigef.so
dump_file: Operation not permitted while changing ownership of /home/justin/pn2/vendor//lib64/libquipc_os_api.so
dump_file: Operation not permitted while changing ownership of /home/justin/pn2/vendor//lib64/libqvop-service.so
dump_file: Operation not permitted while changing ownership of /home/justin/pn2/vendor//lib64/libqvrcamera_client.so
dump_file: Operation not permitted while changing ownership of /home/justin/pn2/vendor//lib64/libqvrservice_client.so
dump_file: Operation not permitted while changing ownership of /home/justin/pn2/vendor//lib64/librecovery_updater_msm.so
dump_file: Operation not permitted while changing ownership of /home/justin/pn2/vendor//lib64/libreference-ril.so
dump_file: Operation not permitted while changing ownership of /home/justin/pn2/vendor//lib64/libreffeature.so
dump_file: Operation not permitted while changing ownership of /home/justin/pn2/vendor//lib64/libril-qc-hal-qmi.so
dump_file: Operation not permitted while changing ownership of /home/justin/pn2/vendor//lib64/libril-qc-ltedirectdisc.so
dump_file: Operation not permitted while changing ownership of /home/justin/pn2/vendor//lib64/libril-qc-qmi-1.so
dump_file: Operation not permitted while changing ownership of /home/justin/pn2/vendor//lib64/libril-qc-radioconfig.so
dump_file: Operation not permitted while changing ownership of /home/justin/pn2/vendor//lib64/libril-qcril-hook-oem.so
dump_file: Operation not permitted while changing ownership of /home/justin/pn2/vendor//lib64/libril.so
dump_file: Operation not permitted while changing ownership of /home/justin/pn2/vendor//lib64/librilqmiservices.so
dump_file: Operation not permitted while changing ownership of /home/justin/pn2/vendor//lib64/librilutils.so
dump_file: Operation not permitted while changing ownership of /home/justin/pn2/vendor//lib64/librmnetctl.so
dump_file: Operation not permitted while changing ownership of /home/justin/pn2/vendor//lib64/librmp.so
dump_file: Operation not permitted while changing ownership of /home/justin/pn2/vendor//lib64/librpmb.so
dump_file: Operation not permitted while changing ownership of /home/justin/pn2/vendor//lib64/librs_adreno.so
dump_file: Operation not permitted while changing ownership of /home/justin/pn2/vendor//lib64/librs_adreno_sha1.so
dump_file: Operation not permitted while changing ownership of /home/justin/pn2/vendor//lib64/libscveBlobDescriptor.so
dump_file: Operation not permitted while changing ownership of /home/justin/pn2/vendor//lib64/libscveBlobDescriptor_stub.so
dump_file: Operation not permitted while changing ownership of /home/justin/pn2/vendor//lib64/libscveCommon.so
dump_file: Operation not permitted while changing ownership of /home/justin/pn2/vendor//lib64/libscveCommon_stub.so
dump_file: Operation not permitted while changing ownership of /home/justin/pn2/vendor//lib64/libscveFaceLandmarks.so
dump_file: Operation not permitted while changing ownership of /home/justin/pn2/vendor//lib64/libscveFaceRecognition.so
dump_file: Operation not permitted while changing ownership of /home/justin/pn2/vendor//lib64/libscveImageCorrection.so
dump_file: Operation not permitted while changing ownership of /home/justin/pn2/vendor//lib64/libscveObjectSegmentation.so
dump_file: Operation not permitted while changing ownership of /home/justin/pn2/vendor//lib64/libscveObjectTracker.so
dump_file: Operation not permitted while changing ownership of /home/justin/pn2/vendor//lib64/libscveObjectTracker_stub.so
dump_file: Operation not permitted while changing ownership of /home/justin/pn2/vendor//lib64/libscvePanorama.so
dump_file: Operation not permitted while changing ownership of /home/justin/pn2/vendor//lib64/libscvePanorama_lite.so
dump_file: Operation not permitted while changing ownership of /home/justin/pn2/vendor//lib64/libscveScan3D.so
dump_file: Operation not permitted while changing ownership of /home/justin/pn2/vendor//lib64/libsdedrm.so
dump_file: Operation not permitted while changing ownership of /home/justin/pn2/vendor//lib64/libsdm-color.so
dump_file: Operation not permitted while changing ownership of /home/justin/pn2/vendor//lib64/libsdm-diag.so
dump_file: Operation not permitted while changing ownership of /home/justin/pn2/vendor//lib64/libsdm-disp-vndapis.so
dump_file: Operation not permitted while changing ownership of /home/justin/pn2/vendor//lib64/libsdmcore.so
dump_file: Operation not permitted while changing ownership of /home/justin/pn2/vendor//lib64/libsdmextension.so
dump_file: Operation not permitted while changing ownership of /home/justin/pn2/vendor//lib64/libsdmutils.so
dump_file: Operation not permitted while changing ownership of /home/justin/pn2/vendor//lib64/libsdsprpc.so
dump_file: Operation not permitted while changing ownership of /home/justin/pn2/vendor//lib64/libsecureui.so
dump_file: Operation not permitted while changing ownership of /home/justin/pn2/vendor//lib64/libsecureui_svcsock.so
dump_file: Operation not permitted while changing ownership of /home/justin/pn2/vendor//lib64/libselinux_vendor.so
dump_file: Operation not permitted while changing ownership of /home/justin/pn2/vendor//lib64/libsensor_low_lat.so
dump_file: Operation not permitted while changing ownership of /home/justin/pn2/vendor//lib64/libsensorcal.so
dump_file: Operation not permitted while changing ownership of /home/justin/pn2/vendor//lib64/libsensorndkbridge.so
dump_file: Operation not permitted while changing ownership of /home/justin/pn2/vendor//lib64/libsensorslog.so
dump_file: Operation not permitted while changing ownership of /home/justin/pn2/vendor//lib64/libsettings.so
dump_file: Operation not permitted while changing ownership of /home/justin/pn2/vendor//lib64/libsi.so
dump_file: Operation not permitted while changing ownership of /home/justin/pn2/vendor//lib64/libslimclient.so
dump_file: Operation not permitted while changing ownership of /home/justin/pn2/vendor//lib64/libsmemlog.so
dump_file: Operation not permitted while changing ownership of /home/justin/pn2/vendor//lib64/libsns_low_lat_stream_stub.so
dump_file: Operation not permitted while changing ownership of /home/justin/pn2/vendor//lib64/libsnsapi.so
dump_file: Operation not permitted while changing ownership of /home/justin/pn2/vendor//lib64/libsnsdiaglog.so
dump_file: Operation not permitted while changing ownership of /home/justin/pn2/vendor//lib64/libspcom.so
dump_file: Operation not permitted while changing ownership of /home/justin/pn2/vendor//lib64/libspl.so
dump_file: Operation not permitted while changing ownership of /home/justin/pn2/vendor//lib64/libssc.so
dump_file: Operation not permitted while changing ownership of /home/justin/pn2/vendor//lib64/libssc_default_listener.so
dump_file: Operation not permitted while changing ownership of /home/justin/pn2/vendor//lib64/libssd.so
dump_file: Operation not permitted while changing ownership of /home/justin/pn2/vendor//lib64/libstagefrighthw.so
dump_file: Operation not permitted while changing ownership of /home/justin/pn2/vendor//lib64/libsubsystem_control.so
dump_file: Operation not permitted while changing ownership of /home/justin/pn2/vendor//lib64/libswvdec.so
dump_file: Operation not permitted while changing ownership of /home/justin/pn2/vendor//lib64/libsysmon_cdsp_skel.so
dump_file: Operation not permitted while changing ownership of /home/justin/pn2/vendor//lib64/libsystem_health_mon.so
dump_file: Operation not permitted while changing ownership of /home/justin/pn2/vendor//lib64/libthermalclient.so
dump_file: Operation not permitted while changing ownership of /home/justin/pn2/vendor//lib64/libtime_genoff.so
dump_file: Operation not permitted while changing ownership of /home/justin/pn2/vendor//lib64/libtinycompress_vendor.so
dump_file: Operation not permitted while changing ownership of /home/justin/pn2/vendor//lib64/libtinyxml.so
dump_file: Operation not permitted while changing ownership of /home/justin/pn2/vendor//lib64/libtinyxml2_1.so
dump_file: Operation not permitted while changing ownership of /home/justin/pn2/vendor//lib64/libtzdrmgenprov.so
dump_file: Operation not permitted while changing ownership of /home/justin/pn2/vendor//lib64/libulp2.so
dump_file: Operation not permitted while changing ownership of /home/justin/pn2/vendor//lib64/libvppclient.so
dump_file: Operation not permitted while changing ownership of /home/justin/pn2/vendor//lib64/libvpphcp.so
dump_file: Operation not permitted while changing ownership of /home/justin/pn2/vendor//lib64/libvpphvx.so
dump_file: Operation not permitted while changing ownership of /home/justin/pn2/vendor//lib64/libvpplibrary.so
dump_file: Operation not permitted while changing ownership of /home/justin/pn2/vendor//lib64/libvpptestutils.so
dump_file: Operation not permitted while changing ownership of /home/justin/pn2/vendor//lib64/libvraudio_client.so
dump_file: Operation not permitted while changing ownership of /home/justin/pn2/vendor//lib64/libwebrtc_audio_preprocessing.so
dump_file: Operation not permitted while changing ownership of /home/justin/pn2/vendor//lib64/libwfdcommonutils_proprietary.so
dump_file: Operation not permitted while changing ownership of /home/justin/pn2/vendor//lib64/libwfdhaldsmanager.so
dump_file: Operation not permitted while changing ownership of /home/justin/pn2/vendor//lib64/libwfdhdcpcp.so
dump_file: Operation not permitted while changing ownership of /home/justin/pn2/vendor//lib64/libwfdmmservice.so
dump_file: Operation not permitted while changing ownership of /home/justin/pn2/vendor//lib64/libwfdmodulehdcpsession.so
dump_file: Operation not permitted while changing ownership of /home/justin/pn2/vendor//lib64/libwifi-hal-qcom.so
dump_file: Operation not permitted while changing ownership of /home/justin/pn2/vendor//lib64/libwifi-hal.so
dump_file: Operation not permitted while changing ownership of /home/justin/pn2/vendor//lib64/libwms.so
dump_file: Operation not permitted while changing ownership of /home/justin/pn2/vendor//lib64/libwpa_client.so
dump_file: Operation not permitted while changing ownership of /home/justin/pn2/vendor//lib64/libwqe.so
dump_file: Operation not permitted while changing ownership of /home/justin/pn2/vendor//lib64/libxml.so
dump_file: Operation not permitted while changing ownership of /home/justin/pn2/vendor//lib64/libxtadapter.so
dump_file: Operation not permitted while changing ownership of /home/justin/pn2/vendor//lib64/libxtwifi_ulp_adaptor.so
dump_file: Operation not permitted while changing ownership of /home/justin/pn2/vendor//lib64/mediacas/libclearkeycasplugin.so
rdump: Operation not permitted while changing ownership of /home/justin/pn2/vendor//lib64/mediacas
dump_file: Operation not permitted while changing ownership of /home/justin/pn2/vendor//lib64/mediadrm/libdrmclearkeyplugin.so
dump_file: Operation not permitted while changing ownership of /home/justin/pn2/vendor//lib64/mediadrm/libwvdrmengine.so
rdump: Operation not permitted while changing ownership of /home/justin/pn2/vendor//lib64/mediadrm
dump_file: Operation not permitted while changing ownership of /home/justin/pn2/vendor//lib64/sensors-common-eeprom.pvr.so
dump_file: Operation not permitted while changing ownership of /home/justin/pn2/vendor//lib64/sensors-common-imu.pvr.so
dump_file: Operation not permitted while changing ownership of /home/justin/pn2/vendor//lib64/sensors-common-ndifpga.pvr.so
dump_file: Operation not permitted while changing ownership of /home/justin/pn2/vendor//lib64/sensors-icmxx.pvr.so
dump_file: Operation not permitted while changing ownership of /home/justin/pn2/vendor//lib64/sensors-light.pvr.so
dump_file: Operation not permitted while changing ownership of /home/justin/pn2/vendor//lib64/sensors.ssc.so
dump_file: Operation not permitted while changing ownership of /home/justin/pn2/vendor//lib64/soundfx/libasphere.so
dump_file: Operation not permitted while changing ownership of /home/justin/pn2/vendor//lib64/soundfx/libaudiopreprocessing.so
dump_file: Operation not permitted while changing ownership of /home/justin/pn2/vendor//lib64/soundfx/libbundlewrapper.so
dump_file: Operation not permitted while changing ownership of /home/justin/pn2/vendor//lib64/soundfx/libdownmix.so
dump_file: Operation not permitted while changing ownership of /home/justin/pn2/vendor//lib64/soundfx/libeffectproxy.so
dump_file: Operation not permitted while changing ownership of /home/justin/pn2/vendor//lib64/soundfx/libldnhncr.so
dump_file: Operation not permitted while changing ownership of /home/justin/pn2/vendor//lib64/soundfx/libqcbassboost.so
dump_file: Operation not permitted while changing ownership of /home/justin/pn2/vendor//lib64/soundfx/libqcompostprocbundle.so
dump_file: Operation not permitted while changing ownership of /home/justin/pn2/vendor//lib64/soundfx/libqcomvisualizer.so
dump_file: Operation not permitted while changing ownership of /home/justin/pn2/vendor//lib64/soundfx/libqcomvoiceprocessing.so
dump_file: Operation not permitted while changing ownership of /home/justin/pn2/vendor//lib64/soundfx/libqcreverb.so
dump_file: Operation not permitted while changing ownership of /home/justin/pn2/vendor//lib64/soundfx/libqcvirt.so
dump_file: Operation not permitted while changing ownership of /home/justin/pn2/vendor//lib64/soundfx/libreverbwrapper.so
dump_file: Operation not permitted while changing ownership of /home/justin/pn2/vendor//lib64/soundfx/libshoebox.so
dump_file: Operation not permitted while changing ownership of /home/justin/pn2/vendor//lib64/soundfx/libvisualizer.so
dump_file: Operation not permitted while changing ownership of /home/justin/pn2/vendor//lib64/soundfx/libvolumelistener.so
rdump: Operation not permitted while changing ownership of /home/justin/pn2/vendor//lib64/soundfx
dump_file: Operation not permitted while changing ownership of /home/justin/pn2/vendor//lib64/vendor.display.color@1.0_vendor.so
dump_file: Operation not permitted while changing ownership of /home/justin/pn2/vendor//lib64/vendor.display.color@1.1_vendor.so
dump_file: Operation not permitted while changing ownership of /home/justin/pn2/vendor//lib64/vendor.display.config@1.0_vendor.so
dump_file: Operation not permitted while changing ownership of /home/justin/pn2/vendor//lib64/vendor.display.config@1.1_vendor.so
dump_file: Operation not permitted while changing ownership of /home/justin/pn2/vendor//lib64/vendor.display.postproc@1.0_vendor.so
dump_file: Operation not permitted while changing ownership of /home/justin/pn2/vendor//lib64/vendor.nxp.hardware.nfc@1.0_vendor.so
dump_file: Operation not permitted while changing ownership of /home/justin/pn2/vendor//lib64/vendor.qti.esepowermanager@1.0_vendor.so
dump_file: Operation not permitted while changing ownership of /home/justin/pn2/vendor//lib64/vendor.qti.gnss@1.0_vendor.so
dump_file: Operation not permitted while changing ownership of /home/justin/pn2/vendor//lib64/vendor.qti.gnss@1.1_vendor.so
dump_file: Operation not permitted while changing ownership of /home/justin/pn2/vendor//lib64/vendor.qti.hardware.alarm@1.0.so
dump_file: Operation not permitted while changing ownership of /home/justin/pn2/vendor//lib64/vendor.qti.hardware.camera.device@1.0_vendor.so
dump_file: Operation not permitted while changing ownership of /home/justin/pn2/vendor//lib64/vendor.qti.hardware.data.latency@1.0_vendor.so
dump_file: Operation not permitted while changing ownership of /home/justin/pn2/vendor//lib64/vendor.qti.hardware.fingerprint@1.0.so
dump_file: Operation not permitted while changing ownership of /home/justin/pn2/vendor//lib64/vendor.qti.hardware.fm@1.0_vendor.so
dump_file: Operation not permitted while changing ownership of /home/justin/pn2/vendor//lib64/vendor.qti.hardware.improvetouch.blobmanager@1.0-service.so
dump_file: Operation not permitted while changing ownership of /home/justin/pn2/vendor//lib64/vendor.qti.hardware.improvetouch.blobmanager@1.0_vendor.so
dump_file: Operation not permitted while changing ownership of /home/justin/pn2/vendor//lib64/vendor.qti.hardware.improvetouch.gesturemanager@1.0-service.so
dump_file: Operation not permitted while changing ownership of /home/justin/pn2/vendor//lib64/vendor.qti.hardware.improvetouch.gesturemanager@1.0_vendor.so
dump_file: Operation not permitted while changing ownership of /home/justin/pn2/vendor//lib64/vendor.qti.hardware.improvetouch.touchcompanion@1.0-service.so
dump_file: Operation not permitted while changing ownership of /home/justin/pn2/vendor//lib64/vendor.qti.hardware.improvetouch.touchcompanion@1.0_vendor.so
dump_file: Operation not permitted while changing ownership of /home/justin/pn2/vendor//lib64/vendor.qti.hardware.iop@1.0_vendor.so
dump_file: Operation not permitted while changing ownership of /home/justin/pn2/vendor//lib64/vendor.qti.hardware.iop@2.0_vendor.so
dump_file: Operation not permitted while changing ownership of /home/justin/pn2/vendor//lib64/vendor.qti.hardware.limits@1.0_vendor.so
dump_file: Operation not permitted while changing ownership of /home/justin/pn2/vendor//lib64/vendor.qti.hardware.perf@1.0_vendor.so
dump_file: Operation not permitted while changing ownership of /home/justin/pn2/vendor//lib64/vendor.qti.hardware.qdutils_disp@1.0_vendor.so
dump_file: Operation not permitted while changing ownership of /home/justin/pn2/vendor//lib64/vendor.qti.hardware.qteeconnector@1.0_vendor.so
dump_file: Operation not permitted while changing ownership of /home/justin/pn2/vendor//lib64/vendor.qti.hardware.radio.am@1.0_vendor.so
dump_file: Operation not permitted while changing ownership of /home/justin/pn2/vendor//lib64/vendor.qti.hardware.radio.atcmdfwd@1.0_vendor.so
dump_file: Operation not permitted while changing ownership of /home/justin/pn2/vendor//lib64/vendor.qti.hardware.radio.ims@1.0_vendor.so
dump_file: Operation not permitted while changing ownership of /home/justin/pn2/vendor//lib64/vendor.qti.hardware.radio.lpa@1.0_vendor.so
dump_file: Operation not permitted while changing ownership of /home/justin/pn2/vendor//lib64/vendor.qti.hardware.radio.qcrilhook@1.0_vendor.so
dump_file: Operation not permitted while changing ownership of /home/justin/pn2/vendor//lib64/vendor.qti.hardware.radio.qtiradio@1.0_vendor.so
dump_file: Operation not permitted while changing ownership of /home/justin/pn2/vendor//lib64/vendor.qti.hardware.radio.uim@1.0_vendor.so
dump_file: Operation not permitted while changing ownership of /home/justin/pn2/vendor//lib64/vendor.qti.hardware.radio.uim@1.1_vendor.so
dump_file: Operation not permitted while changing ownership of /home/justin/pn2/vendor//lib64/vendor.qti.hardware.radio.uim_remote_client@1.0_vendor.so
dump_file: Operation not permitted while changing ownership of /home/justin/pn2/vendor//lib64/vendor.qti.hardware.radio.uim_remote_server@1.0_vendor.so
dump_file: Operation not permitted while changing ownership of /home/justin/pn2/vendor//lib64/vendor.qti.hardware.seccam@1.0_vendor.so
dump_file: Operation not permitted while changing ownership of /home/justin/pn2/vendor//lib64/vendor.qti.hardware.sensorscalibrate@1.0.so
dump_file: Operation not permitted while changing ownership of /home/justin/pn2/vendor//lib64/vendor.qti.hardware.tui_comm@1.0_vendor.so
dump_file: Operation not permitted while changing ownership of /home/justin/pn2/vendor//lib64/vendor.qti.hardware.vpp@1.1_vendor.so
dump_file: Operation not permitted while changing ownership of /home/justin/pn2/vendor//lib64/vendor.qti.hardware.wifi.supplicant@1.0_vendor.so
dump_file: Operation not permitted while changing ownership of /home/justin/pn2/vendor//lib64/vendor.qti.hardware.wifi.supplicant@1.1_vendor.so
dump_file: Operation not permitted while changing ownership of /home/justin/pn2/vendor//lib64/vendor.qti.hardware.wigig.supptunnel@1.0.so
dump_file: Operation not permitted while changing ownership of /home/justin/pn2/vendor//lib64/vendor.qti.hardware.wipower@1.0_vendor.so
dump_file: Operation not permitted while changing ownership of /home/justin/pn2/vendor//lib64/vendor.qti.imsrtpservice@1.0-service-Impl.so
dump_file: Operation not permitted while changing ownership of /home/justin/pn2/vendor//lib64/vendor.qti.imsrtpservice@1.0_vendor.so
dump_file: Operation not permitted while changing ownership of /home/justin/pn2/vendor//lib64/vendor.qti.voiceprint@1.0.so
rdump: Operation not permitted while changing ownership of /home/justin/pn2/vendor//lib64
dump_file: Operation not permitted while changing ownership of /home/justin/pn2/vendor//manifest.xml
dump_file: Operation not permitted while changing ownership of /home/justin/pn2/vendor//overlay/OptInAppOverlay/OptInAppOverlay.apk
rdump: Operation not permitted while changing ownership of /home/justin/pn2/vendor//overlay/OptInAppOverlay
dump_file: Operation not permitted while changing ownership of /home/justin/pn2/vendor//overlay/SysuiDarkTheme/SysuiDarkThemeOverlay.apk
rdump: Operation not permitted while changing ownership of /home/justin/pn2/vendor//overlay/SysuiDarkTheme
rdump: Operation not permitted while changing ownership of /home/justin/pn2/vendor//overlay
dump_file: Operation not permitted while changing ownership of /home/justin/pn2/vendor//package/CTA/.preloadspec
dump_file: Operation not permitted while changing ownership of /home/justin/pn2/vendor//package/CTA/system/vendor/vendor.prop
rdump: Operation not permitted while changing ownership of /home/justin/pn2/vendor//package/CTA/system/vendor
rdump: Operation not permitted while changing ownership of /home/justin/pn2/vendor//package/CTA/system
rdump: Operation not permitted while changing ownership of /home/justin/pn2/vendor//package/CTA
rdump: Operation not permitted while changing ownership of /home/justin/pn2/vendor//package
dump_file: Operation not permitted while changing ownership of /home/justin/pn2/vendor//radio/qcril_database/qcril.db
rdump: Operation not permitted while changing ownership of /home/justin/pn2/vendor//radio/qcril_database
rdump: Operation not permitted while changing ownership of /home/justin/pn2/vendor//radio
rdump: Operation not permitted while changing ownership of /home/justin/pn2/vendor//rfs/apq/gnss/readonly/vendor
rdump: Operation not permitted while changing ownership of /home/justin/pn2/vendor//rfs/apq/gnss/readonly
rdump: Operation not permitted while changing ownership of /home/justin/pn2/vendor//rfs/apq/gnss
rdump: Operation not permitted while changing ownership of /home/justin/pn2/vendor//rfs/apq
rdump: Operation not permitted while changing ownership of /home/justin/pn2/vendor//rfs/mdm/adsp/readonly/vendor
rdump: Operation not permitted while changing ownership of /home/justin/pn2/vendor//rfs/mdm/adsp/readonly
rdump: Operation not permitted while changing ownership of /home/justin/pn2/vendor//rfs/mdm/adsp
rdump: Operation not permitted while changing ownership of /home/justin/pn2/vendor//rfs/mdm/mpss/readonly/vendor
rdump: Operation not permitted while changing ownership of /home/justin/pn2/vendor//rfs/mdm/mpss/readonly
rdump: Operation not permitted while changing ownership of /home/justin/pn2/vendor//rfs/mdm/mpss
rdump: Operation not permitted while changing ownership of /home/justin/pn2/vendor//rfs/mdm/slpi/readonly
rdump: Operation not permitted while changing ownership of /home/justin/pn2/vendor//rfs/mdm/slpi
rdump: Operation not permitted while changing ownership of /home/justin/pn2/vendor//rfs/mdm/tn/readonly
rdump: Operation not permitted while changing ownership of /home/justin/pn2/vendor//rfs/mdm/tn
rdump: Operation not permitted while changing ownership of /home/justin/pn2/vendor//rfs/mdm
rdump: Operation not permitted while changing ownership of /home/justin/pn2/vendor//rfs/msm/adsp/readonly/vendor
rdump: Operation not permitted while changing ownership of /home/justin/pn2/vendor//rfs/msm/adsp/readonly
rdump: Operation not permitted while changing ownership of /home/justin/pn2/vendor//rfs/msm/adsp
rdump: Operation not permitted while changing ownership of /home/justin/pn2/vendor//rfs/msm/mpss/readonly/vendor
rdump: Operation not permitted while changing ownership of /home/justin/pn2/vendor//rfs/msm/mpss/readonly
rdump: Operation not permitted while changing ownership of /home/justin/pn2/vendor//rfs/msm/mpss
rdump: Operation not permitted while changing ownership of /home/justin/pn2/vendor//rfs/msm/slpi/readonly
rdump: Operation not permitted while changing ownership of /home/justin/pn2/vendor//rfs/msm/slpi
rdump: Operation not permitted while changing ownership of /home/justin/pn2/vendor//rfs/msm
rdump: Operation not permitted while changing ownership of /home/justin/pn2/vendor//rfs
dump_file: Operation not permitted while changing ownership of /home/justin/pn2/vendor//ueventd.rc
rdump: Operation not permitted while changing ownership of /home/justin/pn2/vendor/
debugfs 1.47.2 (1-Jan-2025)
dump_file: Operation not permitted while changing ownership of /home/justin/pn2/sysinit/init/airservice.rc
dump_file: Operation not permitted while changing ownership of /home/justin/pn2/sysinit/init/android.hidl.allocator@1.0-service.rc
dump_file: Operation not permitted while changing ownership of /home/justin/pn2/sysinit/init/atrace.rc
dump_file: Operation not permitted while changing ownership of /home/justin/pn2/sysinit/init/audioserver.rc
dump_file: Operation not permitted while changing ownership of /home/justin/pn2/sysinit/init/bootanim.rc
dump_file: Operation not permitted while changing ownership of /home/justin/pn2/sysinit/init/bootstat.rc
dump_file: Operation not permitted while changing ownership of /home/justin/pn2/sysinit/init/cameraserver.rc
dump_file: Operation not permitted while changing ownership of /home/justin/pn2/sysinit/init/dpmd.rc
dump_file: Operation not permitted while changing ownership of /home/justin/pn2/sysinit/init/drmserver.rc
dump_file: Operation not permitted while changing ownership of /home/justin/pn2/sysinit/init/dumpstate.rc
dump_file: Operation not permitted while changing ownership of /home/justin/pn2/sysinit/init/fanservice.rc
dump_file: Operation not permitted while changing ownership of /home/justin/pn2/sysinit/init/gatekeeperd.rc
dump_file: Operation not permitted while changing ownership of /home/justin/pn2/sysinit/init/hwservicemanager.rc
dump_file: Operation not permitted while changing ownership of /home/justin/pn2/sysinit/init/init.qti.fm.rc
dump_file: Operation not permitted while changing ownership of /home/justin/pn2/sysinit/init/installd.rc
dump_file: Operation not permitted while changing ownership of /home/justin/pn2/sysinit/init/keystore.rc
dump_file: Operation not permitted while changing ownership of /home/justin/pn2/sysinit/init/lmkd.rc
dump_file: Operation not permitted while changing ownership of /home/justin/pn2/sysinit/init/logd.rc
dump_file: Operation not permitted while changing ownership of /home/justin/pn2/sysinit/init/mdnsd.rc
dump_file: Operation not permitted while changing ownership of /home/justin/pn2/sysinit/init/mediadrmserver.rc
dump_file: Operation not permitted while changing ownership of /home/justin/pn2/sysinit/init/mediaextractor.rc
dump_file: Operation not permitted while changing ownership of /home/justin/pn2/sysinit/init/mediametrics.rc
dump_file: Operation not permitted while changing ownership of /home/justin/pn2/sysinit/init/mediaserver.rc
dump_file: Operation not permitted while changing ownership of /home/justin/pn2/sysinit/init/mtpd.rc
dump_file: Operation not permitted while changing ownership of /home/justin/pn2/sysinit/init/netd.rc
dump_file: Operation not permitted while changing ownership of /home/justin/pn2/sysinit/init/pvrservice.rc
dump_file: Operation not permitted while changing ownership of /home/justin/pn2/sysinit/init/racoon.rc
dump_file: Operation not permitted while changing ownership of /home/justin/pn2/sysinit/init/servicemanager.rc
dump_file: Operation not permitted while changing ownership of /home/justin/pn2/sysinit/init/storaged.rc
dump_file: Operation not permitted while changing ownership of /home/justin/pn2/sysinit/init/surfaceflinger.rc
dump_file: Operation not permitted while changing ownership of /home/justin/pn2/sysinit/init/thermalservice.rc
dump_file: Operation not permitted while changing ownership of /home/justin/pn2/sysinit/init/tombstoned.rc
dump_file: Operation not permitted while changing ownership of /home/justin/pn2/sysinit/init/uncrypt.rc
dump_file: Operation not permitted while changing ownership of /home/justin/pn2/sysinit/init/vdc.rc
dump_file: Operation not permitted while changing ownership of /home/justin/pn2/sysinit/init/virtual_input.rc
dump_file: Operation not permitted while changing ownership of /home/justin/pn2/sysinit/init/vold.rc
dump_file: Operation not permitted while changing ownership of /home/justin/pn2/sysinit/init/webview_zygote32.rc
dump_file: Operation not permitted while changing ownership of /home/justin/pn2/sysinit/init/webview_zygote64.rc
dump_file: Operation not permitted while changing ownership of /home/justin/pn2/sysinit/init/wfdservice.rc
dump_file: Operation not permitted while changing ownership of /home/justin/pn2/sysinit/init/wifi-events.rc
dump_file: Operation not permitted while changing ownership of /home/justin/pn2/sysinit/init/wificond.rc
rdump: Operation not permitted while changing ownership of /home/justin/pn2/sysinit/init
debugfs 1.47.2 (1-Jan-2025)
dump_file: Operation not permitted while changing ownership of /home/justin/pn2/sysinit/permissions/LteDirectDiscovery.xml
dump_file: Operation not permitted while changing ownership of /home/justin/pn2/sysinit/permissions/RemoteSimlock.xml
dump_file: Operation not permitted while changing ownership of /home/justin/pn2/sysinit/permissions/RemoteSimlockManager.xml
dump_file: Operation not permitted while changing ownership of /home/justin/pn2/sysinit/permissions/UimService.xml
dump_file: Operation not permitted while changing ownership of /home/justin/pn2/sysinit/permissions/android.software.webview.xml
dump_file: Operation not permitted while changing ownership of /home/justin/pn2/sysinit/permissions/android.wipower.xml
dump_file: Operation not permitted while changing ownership of /home/justin/pn2/sysinit/permissions/audiosphere.xml
dump_file: Operation not permitted while changing ownership of /home/justin/pn2/sysinit/permissions/btmultisim.xml
dump_file: Operation not permitted while changing ownership of /home/justin/pn2/sysinit/permissions/cneapiclient.xml
dump_file: Operation not permitted while changing ownership of /home/justin/pn2/sysinit/permissions/com.android.location.provider.xml
dump_file: Operation not permitted while changing ownership of /home/justin/pn2/sysinit/permissions/com.android.media.remotedisplay.xml
dump_file: Operation not permitted while changing ownership of /home/justin/pn2/sysinit/permissions/com.android.mediadrm.signer.xml
dump_file: Operation not permitted while changing ownership of /home/justin/pn2/sysinit/permissions/com.gsma.services.nfc.xml
dump_file: Operation not permitted while changing ownership of /home/justin/pn2/sysinit/permissions/com.nxp.nfc.nq.xml
dump_file: Operation not permitted while changing ownership of /home/justin/pn2/sysinit/permissions/com.qti.dpmframework.xml
dump_file: Operation not permitted while changing ownership of /home/justin/pn2/sysinit/permissions/com.qti.location.sdk.xml
dump_file: Operation not permitted while changing ownership of /home/justin/pn2/sysinit/permissions/com.qti.snapdragon.sdk.display.xml
dump_file: Operation not permitted while changing ownership of /home/justin/pn2/sysinit/permissions/com.qualcomm.location.xml
dump_file: Operation not permitted while changing ownership of /home/justin/pn2/sysinit/permissions/com.qualcomm.qti.imscmservice.xml
dump_file: Operation not permitted while changing ownership of /home/justin/pn2/sysinit/permissions/com.qualcomm.qti.libesewrapper.xml
dump_file: Operation not permitted while changing ownership of /home/justin/pn2/sysinit/permissions/com.quicinc.cne.xml
dump_file: Operation not permitted while changing ownership of /home/justin/pn2/sysinit/permissions/com.quicinc.wbc.xml
dump_file: Operation not permitted while changing ownership of /home/justin/pn2/sysinit/permissions/com.quicinc.wbcservice.xml
dump_file: Operation not permitted while changing ownership of /home/justin/pn2/sysinit/permissions/dpmapi.xml
dump_file: Operation not permitted while changing ownership of /home/justin/pn2/sysinit/permissions/embms.xml
dump_file: Operation not permitted while changing ownership of /home/justin/pn2/sysinit/permissions/handheld_core_hardware.xml
dump_file: Operation not permitted while changing ownership of /home/justin/pn2/sysinit/permissions/izat.xt.srv.xml
dump_file: Operation not permitted while changing ownership of /home/justin/pn2/sysinit/permissions/lpa.xml
dump_file: Operation not permitted while changing ownership of /home/justin/pn2/sysinit/permissions/org.simalliance.openmobileapi.xml
dump_file: Operation not permitted while changing ownership of /home/justin/pn2/sysinit/permissions/platform.xml
dump_file: Operation not permitted while changing ownership of /home/justin/pn2/sysinit/permissions/privapp-permissions-com.qualcomm.location.xml
dump_file: Operation not permitted while changing ownership of /home/justin/pn2/sysinit/permissions/privapp-permissions-platform.xml
dump_file: Operation not permitted while changing ownership of /home/justin/pn2/sysinit/permissions/privapp-permissions-qti.xml
dump_file: Operation not permitted while changing ownership of /home/justin/pn2/sysinit/permissions/qcom_logkit.xml
dump_file: Operation not permitted while changing ownership of /home/justin/pn2/sysinit/permissions/qcrilhook.xml
dump_file: Operation not permitted while changing ownership of /home/justin/pn2/sysinit/permissions/qti-vzw-ims-internal.xml
dump_file: Operation not permitted while changing ownership of /home/justin/pn2/sysinit/permissions/qti_libpermissions.xml
dump_file: Operation not permitted while changing ownership of /home/justin/pn2/sysinit/permissions/qti_permissions.xml
dump_file: Operation not permitted while changing ownership of /home/justin/pn2/sysinit/permissions/rcs_service_aidl.xml
dump_file: Operation not permitted while changing ownership of /home/justin/pn2/sysinit/permissions/rcs_service_api.xml
dump_file: Operation not permitted while changing ownership of /home/justin/pn2/sysinit/permissions/telephonyservice.xml
rdump: Operation not permitted while changing ownership of /home/justin/pn2/sysinit/permissions
