--------- beginning of main
I/chatty  ( 1150): uid=0(root) /init expire 1 line
D/PvrPlatform( 1150): Already keep stationary state for 20 secend
D/PvrPlatform( 1150): Already keep stationary state for 21 secend
I/chatty  ( 1150): uid=0(root) /init identical 1 line
D/PvrPlatform( 1150): Already keep stationary state for 21 secend
E/cmd     ( 3921): open() failed for /dev/cgroup_info/cgroup.rc: No such file or directory
E/libprocessgroup( 3921): CgroupMap::LoadRcFile called for [3921] failed
E/libprocessgroup( 3921): CgroupMap::FindController called for [3921] failed, RC file was not initialized properly
W/libprocessgroup( 3921): Controller cpuset is not found
E/libprocessgroup( 3921): CgroupMap::FindController called for [3921] failed, RC file was not initialized properly
W/libprocessgroup( 3921): Controller cpuset is not found
E/libprocessgroup( 3921): CgroupMap::FindController called for [3921] failed, RC file was not initialized properly
W/libprocessgroup( 3921): Controller cpuset is not found
E/libprocessgroup( 3921): CgroupMap::FindController called for [3921] failed, RC file was not initialized properly
W/libprocessgroup( 3921): Controller memory is not found
E/libprocessgroup( 3921): CgroupMap::FindController called for [3921] failed, RC file was not initialized properly
W/libprocessgroup( 3921): Controller memory is not found
E/libprocessgroup( 3921): CgroupMap::FindController called for [3921] failed, RC file was not initialized properly
W/libprocessgroup( 3921): Controller memory is not found
E/libprocessgroup( 3921): CgroupMap::FindController called for [3921] failed, RC file was not initialized properly
W/libprocessgroup( 3921): Controller schedtune is not found
E/libprocessgroup( 3921): CgroupMap::FindController called for [3921] failed, RC file was not initialized properly
W/libprocessgroup( 3921): Controller schedtune is not found
E/libprocessgroup( 3921): CgroupMap::FindController called for [3921] failed, RC file was not initialized properly
W/libprocessgroup( 3921): Controller cpu is not found
E/libprocessgroup( 3921): CgroupMap::FindController called for [3921] failed, RC file was not initialized properly
W/libprocessgroup( 3921): Controller cpu is not found
E/libprocessgroup( 3921): CgroupMap::FindController called for [3921] failed, RC file was not initialized properly
W/libprocessgroup( 3921): JoinCgroup: controller schedtune is not found
E/libprocessgroup( 3921): CgroupMap::FindController called for [3921] failed, RC file was not initialized properly
W/libprocessgroup( 3921): JoinCgroup: controller schedtune is not found
E/libprocessgroup( 3921): CgroupMap::FindController called for [3921] failed, RC file was not initialized properly
W/libprocessgroup( 3921): JoinCgroup: controller schedtune is not found
E/libprocessgroup( 3921): CgroupMap::FindController called for [3921] failed, RC file was not initialized properly
W/libprocessgroup( 3921): JoinCgroup: controller schedtune is not found
E/libprocessgroup( 3921): CgroupMap::FindController called for [3921] failed, RC file was not initialized properly
W/libprocessgroup( 3921): JoinCgroup: controller schedtune is not found
W/libprocessgroup( 3921): SetAttribute: unknown attribute: STunePreferIdle
W/libprocessgroup( 3921): SetAttribute: unknown attribute: STunePreferIdle
E/libprocessgroup( 3921): CgroupMap::FindController called for [3921] failed, RC file was not initialized properly
W/libprocessgroup( 3921): JoinCgroup: controller cpuset is not found
E/libprocessgroup( 3921): CgroupMap::FindController called for [3921] failed, RC file was not initialized properly
W/libprocessgroup( 3921): JoinCgroup: controller cpuset is not found
E/libprocessgroup( 3921): CgroupMap::FindController called for [3921] failed, RC file was not initialized properly
W/libprocessgroup( 3921): JoinCgroup: controller cpuset is not found
E/libprocessgroup( 3921): CgroupMap::FindController called for [3921] failed, RC file was not initialized properly
W/libprocessgroup( 3921): JoinCgroup: controller cpuset is not found
E/libprocessgroup( 3921): CgroupMap::FindController called for [3921] failed, RC file was not initialized properly
W/libprocessgroup( 3921): JoinCgroup: controller cpuset is not found
E/libprocessgroup( 3921): CgroupMap::FindController called for [3921] failed, RC file was not initialized properly
W/libprocessgroup( 3921): JoinCgroup: controller cpuset is not found
E/libprocessgroup( 3921): CgroupMap::FindController called for [3921] failed, RC file was not initialized properly
W/libprocessgroup( 3921): JoinCgroup: controller cpuset is not found
E/libprocessgroup( 3921): CgroupMap::FindController called for [3921] failed, RC file was not initialized properly
W/libprocessgroup( 3921): JoinCgroup: controller cpuset is not found
E/libprocessgroup( 3921): CgroupMap::FindController called for [3921] failed, RC file was not initialized properly
W/libprocessgroup( 3921): JoinCgroup: controller cpuset is not found
E/libprocessgroup( 3921): CgroupMap::FindController called for [3921] failed, RC file was not initialized properly
W/libprocessgroup( 3921): JoinCgroup: controller cpuset is not found
E/libprocessgroup( 3921): CgroupMap::FindController called for [3921] failed, RC file was not initialized properly
W/libprocessgroup( 3921): JoinCgroup: controller cpuset is not found
E/libprocessgroup( 3921): CgroupMap::FindController called for [3921] failed, RC file was not initialized properly
W/libprocessgroup( 3921): JoinCgroup: controller cpuset is not found
E/libprocessgroup( 3921): CgroupMap::FindController called for [3921] failed, RC file was not initialized properly
W/libprocessgroup( 3921): JoinCgroup: controller cpuset is not found
E/libprocessgroup( 3921): CgroupMap::FindController called for [3921] failed, RC file was not initialized properly
W/libprocessgroup( 3921): JoinCgroup: controller cpuset is not found
E/libprocessgroup( 3921): CgroupMap::FindController called for [3921] failed, RC file was not initialized properly
W/libprocessgroup( 3921): JoinCgroup: controller blkio is not found
E/libprocessgroup( 3921): CgroupMap::FindController called for [3921] failed, RC file was not initialized properly
W/libprocessgroup( 3921): JoinCgroup: controller blkio is not found
E/libprocessgroup( 3921): CgroupMap::FindController called for [3921] failed, RC file was not initialized properly
W/libprocessgroup( 3921): JoinCgroup: controller blkio is not found
E/libprocessgroup( 3921): CgroupMap::FindController called for [3921] failed, RC file was not initialized properly
W/libprocessgroup( 3921): JoinCgroup: controller blkio is not found
W/libprocessgroup( 3921): SetAttribute: unknown attribute: MemSoftLimit
W/libprocessgroup( 3921): SetAttribute: unknown attribute: MemSwappiness
W/libprocessgroup( 3921): SetAttribute: unknown attribute: MemSoftLimit
W/libprocessgroup( 3921): SetAttribute: unknown attribute: MemSwappiness
E/libprocessgroup( 3921): CgroupMap::FindController called for [3921] failed, RC file was not initialized properly
W/libprocessgroup( 3921): JoinCgroup: controller memory is not found
--------- beginning of system
I/UsbPortManager( 1655): ClientCallback V1_0: otg_default
I/ActivityTaskManager( 1655): START u0 {flg=0x10000000 cmp=com.pvr.vrshell/.MainActivity} from uid 0
W/system_server( 1655): resources.arsc in APK '/system/priv-app/VRShell2/VRShell2.apk' is compressed.
E/system_server( 1655): Invalid ID 0x00000000.
W/System  ( 1655): ClassLoader referenced unknown path: 
D/Zygote  ( 1371): Forked child process 3924
I/ActivityManager( 1655): Start proc 3924:com.pvr.vrshell/1000 for pre-top-activity {com.pvr.vrshell/com.pvr.vrshell.MainActivity}
E/libprocessgroup( 3924): CgroupMap::FindController called for [3924] failed, RC file was not initialized properly
E/libprocessgroup( 3924): CgroupMap::FindController called for [3924] failed, RC file was not initialized properly
E/libprocessgroup( 3924): Failed to make and chown /uid_1000: Read-only file system
W/Zygote  ( 3924): createProcessGroup failed, kernel missing CONFIG_CGROUP_CPUACCT?
I/Zygote  ( 3924): seccomp disabled by setenforce 0
E/libprocessgroup( 3924): CgroupMap::FindController called for [3924] failed, RC file was not initialized properly
I/hwservicemanager(  561): getTransport: Cannot find entry android.hardware.graphics.mapper@3.0::IMapper/default in either framework or device manifest.
W/Gralloc3( 1655): mapper 3.x is not supported
W/OomAdjuster( 1655): Fallback pre-set sched group to default: not expected top priority
I/com.pvr.vrshell( 3924): type=1400 audit(0.0:659): avc: denied { getattr } for path="/system/priv-app/VRShell2/VRShell2.apk" dev="sda7" ino=6469 scontext=u:r:system_app:s0 tcontext=u:object_r:unlabeled:s0 tclass=file permissive=1
I/com.pvr.vrshell( 3924): type=1400 audit(0.0:660): avc: denied { read } for name="VRShell2.apk" dev="sda7" ino=6469 scontext=u:r:system_app:s0 tcontext=u:object_r:unlabeled:s0 tclass=file permissive=1
I/com.pvr.vrshell( 3924): type=1400 audit(0.0:661): avc: denied { open } for path="/system/priv-app/VRShell2/VRShell2.apk" dev="sda7" ino=6469 scontext=u:r:system_app:s0 tcontext=u:object_r:unlabeled:s0 tclass=file permissive=1
W/com.pvr.vrshel( 3924): JIT profile information will not be recorded: profile file does not exits.
W/com.pvr.vrshel( 3924): resources.arsc in APK '/system/priv-app/VRShell2/VRShell2.apk' is compressed.
D/ImageWallpaper( 1922): wallpaper visibility changes to: false
E/GraphicsEnv( 3924): Failed to get gpu service
I/ashmem  ( 3924): memfd: device VNDK version (27) is < Q so using ashmem.
I/UnityNativeActivityPico( 3924): onCreate enter
D/PvrClient( 3924): android.content.pm.PackageManager$NameNotFoundException: com.pvr.pvrservice
I/com.pvr.vrshell( 3924): type=1400 audit(0.0:662): avc: denied { execute } for path="/system/priv-app/VRShell2/lib/arm64/libPvr_UnitySDK.so" dev="sda7" ino=6466 scontext=u:r:system_app:s0 tcontext=u:object_r:unlabeled:s0 tclass=file permissive=1
D/UnityNativeActivityPico( 3924): DISFT isJavaService =falseisPhoneHmdType = false
I/VrApi   ( 3924): open replaceable Scuccessed libPvr_UnitySDKExt11.so
I/VrApi   ( 3924): couldBeLoaded
I/VrApi   ( 3924): 0x73db225c18
I/VrApi   ( 3924): open replaceable Scuccessed 2
I/VrApi   ( 3924): current version >=2.7.4.4
I/VrApi   ( 3924): APP version, 2, 8, 6, 16
I/VrApi   ( 3924): lib version, 2, 8, 6, 15
I/VrApi   ( 3924): open replaceable aborted
I/VrApi   ( 3924): pvr_OnLoad()
I/VrApi   ( 3924): Using caller's JNIEnv
I/VrApi   ( 3924): Get SdcardPath = /storage/emulated/0, 0x73db616110
I/VrApi   ( 3924): BuildVersionSDK 29
I/VrApi   ( 3924): pvr_Init
I/UnityNativeActivityPico( 3924): bypass_presentation = -1
W/ContextImpl( 3924): Calling a method in the system process without a qualified user: android.app.ContextImpl.bindService:1649 android.content.ContextWrapper.bindService:705 com.unity3d.player.UnityPlayerNativeActivityPico.PicoVRInit:115 com.unity3d.player.UnityPlayerNativeActivityPico.onCreate:14 com.pvr.vrshell.MainActivity.onCreate:0 
D/VRDataUtils( 3924): HMD not exist
D/PvrClient( 3924): mirroring or not lg return
D/Zygote  ( 1371): Forked child process 3957
I/ActivityManager( 1655): Start proc 3957:com.pvr.verify/1000 for service {com.pvr.verify/com.pvr.verify.VerifyService}
E/libprocessgroup( 3957): CgroupMap::FindController called for [3957] failed, RC file was not initialized properly
E/libprocessgroup( 3957): CgroupMap::FindController called for [3957] failed, RC file was not initialized properly
E/libprocessgroup( 3957): Failed to make and chown /uid_1000: Read-only file system
W/Zygote  ( 3957): createProcessGroup failed, kernel missing CONFIG_CGROUP_CPUACCT?
I/Zygote  ( 3957): seccomp disabled by setenforce 0
E/ConfigApi( 3924): Not Initialize Global Configs
I/ConfigApi( 3924): Initialize Global Configs
I/ConfigApi( 3924): file is not exist: /sdcard/psmart/phoenix/psmvrapi_config.txt
I/psmvrConfig( 3924): Load file /system/etc/pvr/psmvrapi_config.txt, 1
I/com.pvr.vrshell( 3924): type=1400 audit(0.0:663): avc: denied { read } for name="IMUParams.txt" dev="sda2" ino=418 scontext=u:r:system_app:s0 tcontext=u:object_r:persist_file:s0 tclass=file permissive=1
I/com.pvr.vrshell( 3924): type=1400 audit(0.0:664): avc: denied { open } for path="/persist/calibration/Bosh/IMUParams.txt" dev="sda2" ino=418 scontext=u:r:system_app:s0 tcontext=u:object_r:persist_file:s0 tclass=file permissive=1
I/com.pvr.vrshell( 3924): type=1400 audit(0.0:665): avc: denied { getattr } for path="/persist/calibration/Bosh/IMUParams.txt" dev="sda2" ino=418 scontext=u:r:system_app:s0 tcontext=u:object_r:persist_file:s0 tclass=file permissive=1
E/psmvrConfig( 3924): Undefined variable -- iEnableStageLevel
E/psmvrConfig( 3924): Undefined variable -- fCylinderDistortionBoundThreshold
E/psmvrConfig( 3924): Undefined variable -- fCylinderDistortionBoundSetValue
I/ConfigApi( 3924): DIATW Update Config Parameters From VRService
E/VrServiceApi( 3924): InitServiceClient: priority native or java service : order = 0
I/VrServiceApi( 3924): load service priority default
I/VrServiceApi( 3924): dlopen ok
I/VrServiceApi( 3924): dlsym for getPVRModule ok
V/PvrService( 1150): registerClient() client 0x73ba63dd80, pid 3924
W/com.pvr.verify( 3957): JIT profile information will not be recorded: profile file does not exits.
W/com.pvr.verify( 3957): resources.arsc in APK '/system/priv-app/PVRVerify/PVRVerify.apk' is compressed.
E/Paul    ( 3924): IsInitialized
E/HaveDir ( 3924): HaveDir
E/Paul    ( 3924): open_calib_file_ok
E/GyroMatrix( 3924): c:1.000000,0.000000,0.000000,0.000000,1.000000,0.000000,0.000000,0.000000,1.000000
E/SensorConstruct( 3924): SensorConstruct
E/PvrServiceClient( 3924): Open library<lib6DofReset.so> failed:(null)
E/PvrServiceClient( 3924): Get function<mUpdateOffsets> failed:undefined symbol: updateOffsets
E/PvrServiceClient( 3924): Get function<mGetResetPos> failed:undefined symbol: getResetPos
E/PvrPlatform( 1150): Override displayinfo:w=3840 h=2160 fps=72.000008
D/RefBase ( 1150): RefBase: Explicit destruction, weak count = 0 (in 0x73b6c06598)
W/RefBase ( 1150): CallStack::getCurrentInternal not linked, returning null
W/RefBase ( 1150): CallStack::logStackInternal not linked
I/ConfigApi( 3924): UpdateDisplayInfo predict=(0.000000,0.000000,0.000000,0.000000),0.000000,hasPredictInfo = 0
D/PvrPlatform( 1150): Falcon CV2.Use parameters - lensParameters_falconCV2_eu_us_mode1
I/PvrPlatform( 1150): Override configs by config file
I/PvrPlatform( 1150): Override fov value:101.000000
I/ConfigApi( 3924): psmvr_UpdateLensAndDisplayInfoFromVRService UpdateLensInfo
D/VRBoundary( 3924): mSTSettingExist = true
D/VRBoundary( 3924): globalBoundaryStatus = -1
D/VRBoundary( 3924): appBoundaryStatus = 1
D/VRBoundary( 3924): globalBoundaryStatusToC = 1
D/VRBoundary( 3924): globalBoundaryStatusToB = -1
I/UnityNativeActivityPico( 3924): Shell shell_mode = 1
I/UnityNativeActivityPico( 3924): force_cancel_unity_pause = -1
I/VerifyApplication( 3957): onCreate# 
I/c       ( 3957): check# change host url
I/initServerJar( 3957): ??DoGetUrlFromDBWithSuffix,uriStr=content://com.picovr.initserver.serverSetting/server_setting/store-AppStore3
I/InitServer( 3390): Porvider????query,projection = null***selection = null**selectionArgs = null
E/TrafficController( 1382): Failed to set the counterSet: Bad file descriptor, fd: -1
I/ashmem  ( 3957): memfd: device VNDK version (27) is < Q so using ashmem.
I/initServerJar( 3957): cursor::count=0
I/initServerJar( 3957): content=
I/initServerJar( 3957): urlViaSuffix=
I/initServerJar( 3957): ????,????DoGetUrlFromDBWithSuffix,uriCommon=content://com.picovr.initserver.serverSetting/server_setting/AppStore3
I/InitServer( 3390): Porvider????query,projection = null***selection = null**selectionArgs = null
I/initServerJar( 3957): cursor::count=1
I/initServerJar( 3957): content=https://us-appstore.picovr.com/api/
I/initServerJar( 3957): urlViaSuffix=https://us-appstore.picovr.com/api/
W/ContextImpl( 3957): Calling a method in the system process without a qualified user: android.app.ContextImpl.startForegroundService:1576 android.content.ContextWrapper.startForegroundService:674 com.pvr.verify.utils.CommonUtils.startService:6 com.pvr.verify.a.b.a:14 com.pvr.verify.VerifyService.onCreate:30 
W/ActivityManager( 1655): Unable to start service Intent { act=com.picovr.nest.sys.server pkg=com.picovr.nestserver } U=0: not found
W/ContextImpl( 3957): Calling a method in the system process without a qualified user: android.app.ContextImpl.bindService:1649 android.content.ContextWrapper.bindService:705 com.pvr.verify.a.b.a:20 com.pvr.verify.VerifyService.onCreate:30 android.app.ActivityThread.handleCreateService:3953 
W/ActivityManager( 1655): Unable to start service Intent { act=com.picovr.nest.sys.server pkg=com.picovr.nestserver } U=0: not found
I/b       ( 3957): check# bind: bind Verify Service
I/VerifyService( 3957): onCreate# 
I/VerifyService( 3957): onBind: ---
I/UnityNativeActivityPico( 3924): has android.permission.READ_EXTERNAL_STORAGE this
I/UnityNativeActivityPico( 3924): create enter
D/VRResUtils( 3924): sdPath /system/etc/pvr/res.json
D/VRResUtils( 3924): size = 127365
D/VRResUtils( 3924): locale = en
D/UnityNativeActivityPico( 3924): false = SCRN_BRIGHTNESS
I/UnityNativeActivityPico( 3924): EnableAppOverlayType = false
D/PvrClient( 3924): android.content.pm.PackageManager$NameNotFoundException: com.pvr.pvrservice
E/PvrClientJava( 3924): initNative end
E/PvrClientJava( 3924): status = 0,argCnt = 0
D/UnityNativeActivityPico( 3924): com.psmart.vrlib.PvrClient@d4c3856 PvrClient created
I/LoadingUtils( 3924): 2D loading dir: system/media/LoadingRes
D/NetworkSecurityConfig( 3924): No Network Security Config specified, using platform default
I/UnityPlugin( 3924): PVR_SetCpuLevel  level 9999
I/PvrPlatform( 1150): setCPULevel:9999 1
E/ResolverController( 1382): No valid NAT64 prefix (100, <unspecified>/0)
I/MSM-irqbalance( 1593): Discovered a new IRQ: 203
I/MSM-irqbalance( 1593): Discovered a new IRQ: 204
E/MSM-irqbalance( 1593): IRQ 76 not found in internal structure or should be ignored
D/HalDevMgr( 1655): onDebugRingBufferDataAvailable
D/HalDevMgr( 1655): onDebugRingBufferDataAvailable
D/HalDevMgr( 1655): onDebugRingBufferDataAvailable
I/chatty  ( 1655): uid=1000(system) HwBinder:1655_1 identical 1 line
D/HalDevMgr( 1655): onDebugRingBufferDataAvailable
D/HalDevMgr( 1655): onDebugRingBufferDataAvailable
I/chatty  ( 1655): uid=1000(system) HwBinder:1655_3 identical 3 lines
D/HalDevMgr( 1655): onDebugRingBufferDataAvailable
D/HalDevMgr( 1655): onDebugRingBufferDataAvailable
I/chatty  ( 1655): uid=1000(system) HwBinder:1655_4 identical 3 lines
D/HalDevMgr( 1655): onDebugRingBufferDataAvailable
E/PvrService( 1150): PvrService getTrackingDataExt ret(0)
E/PvrService( 1150): PvrService getTrackingDataExt rotation(-0.015903, -0.013765, 0.009651, 0.999732)
E/PvrService( 1150): PvrService getTrackingDataExt position(0.000826, -0.002590, -0.082833)
D/PvrService( 1150): PvrService::setShareMemoryData(680175):
D/PvrService( 1150):  -0.015902,-0.013762,0.009654,0.999732,0.000825,-0.002590,-0.082833	[694032387963]	[694031538067]	[1113542]	[934010]
D/PvrService( 1150): threadLoop continue: 1
D/HalDevMgr( 1655): onDebugRingBufferDataAvailable
D/HalDevMgr( 1655): onDebugRingBufferDataAvailable
D/HalDevMgr( 1655): onDebugRingBufferDataAvailable
I/chatty  ( 1655): uid=1000(system) HwBinder:1655_3 identical 1 line
D/HalDevMgr( 1655): onDebugRingBufferDataAvailable
I/LoadingUtils( 3924): file path is /system/media/LoadingRes/inside_background_img.png
I/LoadingUtils( 3924): calculateParams Text config 1080   720
I/LoadingUtils( 3924): Text config 1080   720
I/LoadingUtils( 3924): file path is /system/media/LoadingRes/img/loading_animation_00001.png
I/LoadingUtils( 3924): file path is /system/media/LoadingRes/img/loading_animation_00004.png
I/LoadingUtils( 3924): file path is /system/media/LoadingRes/img/loading_animation_00002.png
I/LoadingUtils( 3924): file path is /system/media/LoadingRes/img/loading_animation_00010.png
I/LoadingUtils( 3924): file path is /system/media/LoadingRes/img/loading_animation_00022.png
I/LoadingUtils( 3924): file path is /system/media/LoadingRes/img/loading_animation_00007.png
I/LoadingUtils( 3924): file path is /system/media/LoadingRes/img/loading_animation_00012.png
I/LoadingUtils( 3924): file path is /system/media/LoadingRes/img/loading_animation_00000.png
I/LoadingUtils( 3924): file path is /system/media/LoadingRes/img/loading_animation_00008.png
I/LoadingUtils( 3924): file path is /system/media/LoadingRes/img/loading_animation_00020.png
I/LoadingUtils( 3924): file path is /system/media/LoadingRes/img/loading_animation_00011.png
I/LoadingUtils( 3924): file path is /system/media/LoadingRes/img/loading_animation_00013.png
I/LoadingUtils( 3924): file path is /system/media/LoadingRes/img/loading_animation_00009.png
I/LoadingUtils( 3924): file path is /system/media/LoadingRes/img/loading_animation_00023.png
I/LoadingUtils( 3924): file path is /system/media/LoadingRes/img/loading_animation_00014.png
I/LoadingUtils( 3924): file path is /system/media/LoadingRes/img/loading_animation_00003.png
I/LoadingUtils( 3924): file path is /system/media/LoadingRes/img/loading_animation_00021.png
I/LoadingUtils( 3924): file path is /system/media/LoadingRes/img/loading_animation_00019.png
I/LoadingUtils( 3924): file path is /system/media/LoadingRes/img/loading_animation_00006.png
I/LoadingUtils( 3924): file path is /system/media/LoadingRes/img/loading_animation_00018.png
I/LoadingUtils( 3924): file path is /system/media/LoadingRes/img/loading_animation_00016.png
I/LoadingUtils( 3924): file path is /system/media/LoadingRes/img/loading_animation_00017.png
I/LoadingUtils( 3924): file path is /system/media/LoadingRes/img/loading_animation_00015.png
I/LoadingUtils( 3924): file path is /system/media/LoadingRes/img/loading_animation_00005.png
I/UnityNativeActivityPico( 3924): presentationDisplays.length 0
I/UnityNativeActivityPico( 3924): default
I/PVRShell( 3924): ==========onCreate
I/PVRShell( 3924): LanguageCountry = en-US
I/PVRShell( 3924): isDebug = false
I/PVRShell( 3924): default ime is com.android.inputmethod.latin/.LatinIME
I/PVRShell( 3924): sogou ime is , default ime is com.android.inputmethod.latin/.LatinIME
D/UnityNativeActivityPico( 3924): onStart
I/UnityNativeActivityPico( 3924): registerDisplayListener
I/PVRShell( 3924): ==========onStart
I/PVRShell( 3924): sogou ime is 
E/PvrManagerInternal( 3924): Could not instantiate PvrManagerService when construct PvrManagerInternal.
E/PvrManagerInternal( 3924): addPvrCallBack PvrManagerService dont instantiate properly,please check it.
I/UnityNativeActivityPico( 3924): onResume
D/PvrPlatform( 1150): Already keep stationary state for 22 secend
I/chatty  ( 1150): uid=0(root) /init identical 1 line
D/PvrPlatform( 1150): Already keep stationary state for 22 secend
D/HalDevMgr( 1655): onDebugRingBufferDataAvailable
I/chatty  ( 1655): uid=1000(system) HwBinder:1655_3 identical 2 lines
D/HalDevMgr( 1655): onDebugRingBufferDataAvailable
D/HalDevMgr( 1655): onDebugRingBufferDataAvailable
E/PvrPlatform( 1150): ALOOPER_POLL_TIMEOUT
D/HalDevMgr( 1655): onDebugRingBufferDataAvailable
I/chatty  ( 1655): uid=1000(system) HwBinder:1655_1 identical 7 lines
D/HalDevMgr( 1655): onDebugRingBufferDataAvailable
D/HalDevMgr( 1655): onDebugRingBufferDataAvailable
D/VRBoundary( 3924): head6dofReset = falseservice6dofStopped = false
D/VRDataUtils( 3924): finish the toast fore
D/VRDataUtils( 3924): finish the toast fore
W/ContextImpl( 3924): Calling a method in the system process without a qualified user: android.app.ContextImpl.startForegroundService:1576 android.content.ContextWrapper.startForegroundService:674 com.psmart.vrlib.VRDataUtils.finishToastActivity:86 com.unity3d.player.UnityPlayerNativeActivityPico.finishToastActivity:0 com.unity3d.player.UnityPlayerNativeActivityPico.onResume:108 
D/VRDataUtils( 3924): java.lang.IllegalArgumentException: Service Intent must be explicit: Intent { act=com.lg.uplus.agent.service_action (has extras) }
D/VRConfigUtils( 3924): restore level00
I/UnityPlugin( 3924): PVR_SetGpuLevel_ level 0
I/PvrPlatform( 1150): setGPULevel:0 1
D/HalDevMgr( 1655): onDebugRingBufferDataAvailable
I/chatty  ( 1655): uid=1000(system) HwBinder:1655_1 identical 3 lines
D/HalDevMgr( 1655): onDebugRingBufferDataAvailable
I/PvrPlatform( 1150): svrSetPerformanceLevels GPU level[0] Freq[710000000] done
I/UnityPlugin( 3924): PVR_SetCpuLevel  level 0
I/PvrPlatform( 1150): setCPULevel:0 1
D/HalDevMgr( 1655): onDebugRingBufferDataAvailable
I/chatty  ( 1655): uid=1000(system) HwBinder:1655_1 identical 2 lines
D/HalDevMgr( 1655): onDebugRingBufferDataAvailable
D/HalDevMgr( 1655): onDebugRingBufferDataAvailable
I/chatty  ( 1655): uid=1000(system) HwBinder:1655_4 identical 4 lines
D/HalDevMgr( 1655): onDebugRingBufferDataAvailable
D/HalDevMgr( 1655): onDebugRingBufferDataAvailable
I/chatty  ( 1655): uid=1000(system) HwBinder:1655_1 identical 1 line
D/HalDevMgr( 1655): onDebugRingBufferDataAvailable
D/HalDevMgr( 1655): onDebugRingBufferDataAvailable
D/HalDevMgr( 1655): onDebugRingBufferDataAvailable
E/TrafficController( 1382): Failed to delete the counterSet: Bad file descriptor
D/HalDevMgr( 1655): onDebugRingBufferDataAvailable
I/chatty  ( 1655): uid=1000(system) HwBinder:1655_3 identical 4 lines
D/HalDevMgr( 1655): onDebugRingBufferDataAvailable
D/HalDevMgr( 1655): onDebugRingBufferDataAvailable
I/chatty  ( 1655): uid=1000(system) HwBinder:1655_1 identical 3 lines
D/HalDevMgr( 1655): onDebugRingBufferDataAvailable
D/HalDevMgr( 1655): onDebugRingBufferDataAvailable
I/chatty  ( 1655): uid=1000(system) HwBinder:1655_3 identical 2 lines
D/HalDevMgr( 1655): onDebugRingBufferDataAvailable
D/HalDevMgr( 1655): onDebugRingBufferDataAvailable
D/HalDevMgr( 1655): onDebugRingBufferDataAvailable
I/chatty  ( 1655): uid=1000(system) HwBinder:1655_5 identical 3 lines
D/HalDevMgr( 1655): onDebugRingBufferDataAvailable
D/HalDevMgr( 1655): onDebugRingBufferDataAvailable
I/chatty  ( 1655): uid=1000(system) HwBinder:1655_1 identical 7 lines
D/HalDevMgr( 1655): onDebugRingBufferDataAvailable
D/HalDevMgr( 1655): onDebugRingBufferDataAvailable
D/PvrPlatform( 1150): Already keep stationary state for 23 secend
I/chatty  ( 1150): uid=0(root) /init identical 1 line
D/PvrPlatform( 1150): Already keep stationary state for 23 secend
I/PvrPlatform( 1150): svrSetPerformanceLevels CPU level[0] B[2803200] done
I/UnityNativeActivityPico( 3924): onResume   animation is not null 
I/UnityNativeActivityPico( 3924): Notify Unity resume
I/UnityNativeActivityPico( 3924): onResume test
I/LoadingUtils( 3924): start  setting vrmode 2d and ORIENTATION 0
I/PVRShell( 3924): ==========onResume
E/PVRShell( 3924): VirtualDisplay is null
I/PVRShell( 3924): ==========onTopResumedActivityChanged, isTopResumedActivity = true
D/UnityNativeActivityPico( 3924): connect ok
I/PVRShell( 3924): android.net.wifi.STATE_CHANGE, state = true
I/PVRShell( 3924): android.net.wifi.WIFI_STATE_CHANGED, state = 3
I/PVRShell( 3924): android.intent.action.BATTERY_CHANGED, percent = 82, status = 2
I/UnityNativeActivityPico( 3924): onAttachedToWindow!!!!!!!!!!!
I/LoadingUtils( 3924): start  setting vrmode 2d and ORIENTATION 0
E/PvrManagerInternal( 3924): PvrManagerService dont instantiate properly,please check it.
I/chatty  ( 3924): uid=1000(system) com.pvr.vrshell identical 4 lines
E/PvrManagerInternal( 3924): PvrManagerService dont instantiate properly,please check it.
I/LoadingUtils( 3924):  set vrmode 2d and ORIENTATION 0 end
I/LoadingUtils( 3924): width  3840  1968
I/Adreno  ( 3924): QUALCOMM build                   : 2d5c972, I8302e904d2
I/Adreno  ( 3924): Build Date                       : 03/29/19
I/Adreno  ( 3924): OpenGL ES Shader Compiler Version: EV031.26.03.00
I/Adreno  ( 3924): Local Branch                     : mybranche951d0e9-8bc7-f187-be97-5cb90179c3d8
I/Adreno  ( 3924): Remote Branch                    : quic/gfx-adreno.lnx.1.0.r65-rel
I/Adreno  ( 3924): Remote Branch                    : NONE
I/Adreno  ( 3924): Reconstruct Branch               : NOTHING
I/Adreno  ( 3924): Build Config                     : S L 4.0.10 AArch64
I/Adreno  ( 3924): PFP: 0x016ee183, ME: 0x00000000
I/FrameAnimation( 3924): surfacecreate success
I/LoadingUtils( 3924): start  setting vrmode 2d and ORIENTATION 0
E/PvrManagerInternal( 3924): PvrManagerService dont instantiate properly,please check it.
I/chatty  ( 3924): uid=1000(system) com.pvr.vrshell identical 4 lines
E/PvrManagerInternal( 3924): PvrManagerService dont instantiate properly,please check it.
I/LoadingUtils( 3924):  set vrmode 2d and ORIENTATION 0 end
I/LoadingUtils( 3924): width  3840  1968
I/hwservicemanager(  561): getTransport: Cannot find entry android.hardware.graphics.mapper@3.0::IMapper/default in either framework or device manifest.
I/Thread-5( 3924): type=1400 audit(0.0:680): avc: denied { read } for name="inside_background_img.png" dev="sda7" ino=6434 scontext=u:r:system_app:s0 tcontext=u:object_r:unlabeled:s0 tclass=file permissive=1
I/Thread-5( 3924): type=1400 audit(0.0:681): avc: denied { open } for path="/system/media/LoadingRes/inside_background_img.png" dev="sda7" ino=6434 scontext=u:r:system_app:s0 tcontext=u:object_r:unlabeled:s0 tclass=file permissive=1
I/Thread-5( 3924): type=1400 audit(0.0:682): avc: denied { getattr } for path="/system/media/LoadingRes/inside_background_img.png" dev="sda7" ino=6434 scontext=u:r:system_app:s0 tcontext=u:object_r:unlabeled:s0 tclass=file permissive=1
W/Gralloc3( 3924): mapper 3.x is not supported
I/ActivityTaskManager( 1655): Displayed com.pvr.vrshell/.MainActivity: +2s12ms
I/PVRShell( 3924): onWindowFocusChanged, hasFocus = true
I/PVRShell( 3924): onForegroundActivitiesChanged-->2209, 10156, false
I/PVRShell( 3924): ----------switchApp----------
E/PVRShell( 3924): VirtualDisplay is null
I/FrameAnimation( 3924): mBitmap.recycle
I/Unity   ( 3924): SystemInfo CPU = ARM64 FP ASIMD AES, Cores = 8, Memory = 5685mb
I/Unity   ( 3924): SystemInfo ARM big.LITTLE configuration: 4 big (mask: 0xf0), 4 little (mask: 0xf)
I/Unity   ( 3924): ApplicationInfo com.pvr.vrshell version 2.0.81 build <unknown>
I/Unity   ( 3924): Built from '2018.4/china_unity/release' branch, Version '2018.4.21f1 (8586c82ced4c)', Build type 'Release', Scripting Backend 'il2cpp', CPU 'arm64-v8a'
I/UnityMain( 3924): type=1400 audit(0.0:683): avc: denied { execute } for path="/system/priv-app/VRShell2/lib/arm64/libil2cpp.so" dev="sda7" ino=6462 scontext=u:r:system_app:s0 tcontext=u:object_r:unlabeled:s0 tclass=file permissive=1
E/InputDispatcher( 1655): Window handle nav_input_consumer has no registered input channel
E/InputDispatcher( 1655): Window handle nav_input_consumer has no registered input channel
I/FrameAnimation( 3924): mBitmap.recycle
E/libprocessgroup( 3924): set_timerslack_ns write failed: Operation not permitted
I/chatty  ( 3924): uid=1000(system) com.pvr.vrshell identical 14 lines
E/libprocessgroup( 3924): set_timerslack_ns write failed: Operation not permitted
E/Unity   ( 3924): Unable to find AudioPlugin_AM3DSpatializer
D/Unity   ( 3924):  GL_OES_EGL_image GL_OES_EGL_image_external GL_OES_EGL_sync GL_OES_vertex_half_float GL_OES_framebuffer_object GL_OES_rgb8_rgba8 GL_OES_compressed_ETC1_RGB8_texture GL_AMD_compressed_ATC_texture GL_KHR_texture_compression_astc_ldr GL_KHR_texture_compression_astc_hdr GL_OES_texture_compression_astc GL_OES_texture_npot GL_EXT_texture_filter_anisotropic GL_EXT_texture_format_BGRA8888 GL_EXT_read_format_bgra GL_OES_texture_3D GL_EXT_color_buffer_float GL_EXT_color_buffer_half_float GL_QCOM_alpha_test GL_OES_depth24 GL_OES_packed_depth_stencil GL_OES_depth_texture GL_OES_depth_texture_cube_map GL_EXT_sRGB GL_OES_texture_float GL_OES_texture_float_linear GL_OES_texture_half_float GL_OES_texture_half_float_linear GL_EXT_texture_type_2_10_10_10_REV GL_EXT_texture_sRGB_decode GL_EXT_texture_format_sRGB_override GL_OES_element_index_uint GL_EXT_copy_image GL_EXT_geometry_shader GL_EXT_tessellation_shader GL_OES_texture_stencil8 GL_EXT_shader_io_blocks GL_OES_shader_image_atomic GL_OES_sample_variables GL_EXT_texture_b
D/Unity   ( 3924): order_clamp GL_EXT_EGL_image_external_wrap_modes GL_EXT_multisampled_render_to_texture GL_EXT_multisampled_render_to_texture2 GL_OES_shader_multisample_interpolation GL_EXT_texture_cube_map_array GL_EXT_draw_buffers_indexed GL_EXT_gpu_shader5 GL_EXT_robustness GL_EXT_texture_buffer GL_EXT_shader_framebuffer_fetch GL_ARM_shader_framebuffer_fetch_depth_stencil GL_OES_texture_storage_multisample_2d_array GL_OES_sample_shading GL_OES_get_program_binary GL_EXT_debug_label GL_KHR_blend_equation_advanced GL_KHR_blend_equation_advanced_coherent GL_QCOM_tiled_rendering GL_ANDROID_extension_pack_es31a GL_EXT_primitive_bounding_box GL_OES_standard_derivatives GL_OES_vertex_array_object GL_EXT_disjoint_timer_query GL_KHR_debug GL_EXT_YUV_target GL_EXT_sRGB_write_control GL_EXT_texture_norm16 GL_EXT_discard_framebuffer GL_OES_surfaceless_context GL_OVR_multiview GL_OVR_multiview2 GL_EXT_texture_sRGB_R8 GL_KHR_no_error GL_EXT_debug_marker GL_OES_EGL_image_external_essl3 GL_OVR_multiview_multisampled_render_to_texture GL_E
D/Unity   ( 3924): XT_buffer_storage GL_EXT_external_buffer GL_EXT_blit_framebuffer_params GL_EXT_clip_cull_distance GL_EXT_protected_textures GL_EXT_shader_non_constant_global_initializers GL_QCOM_texture_foveated GL_QCOM_texture_foveated_subsampled_layout GL_QCOM_shader_framebuffer_fetch_noncoherent GL_QCOM_shader_framebuffer_fetch_rate GL_EXT_memory_object GL_EXT_memory_object_fd GL_EXT_EGL_image_array GL_NV_shader_noperspective_interpolation GL_KHR_robust_buffer_access_behavior GL_EXT_EGL_image_storage GL_EXT_blend_func_extended GL_EXT_clip_control GL_OES_texture_view GL_EXT_fragment_invocation_density
I/FrameAnimation( 3924): mBitmap.recycle
D/AudioFlinger( 1757): Client defaulted notificationFrames to 1024 for frameCount 2048
D/AF::TrackHandle( 1757): OpPlayAudio: track:57 usage:1 not muted
W/AudioTrack( 3924): Use of stream types is deprecated for operations other than volume control
W/AudioTrack( 3924): See the documentation of AudioTrack() for what to use instead with android.media.AudioAttributes to qualify your playback use case
V/MediaRouter( 1655): Selecting route: RouteInfo{ name=Phone, description=null, status=null, category=RouteCategory{ name=System types=ROUTE_TYPE_LIVE_AUDIO ROUTE_TYPE_LIVE_VIDEO  groupable=false }, supportedTypes=ROUTE_TYPE_LIVE_AUDIO ROUTE_TYPE_LIVE_VIDEO , presentationDisplay=null }
V/AvrcpMediaPlayerList( 1900): onPlaybackConfigChanged(): Configs list size=3
W/AudioFlinger( 1757): moveEffectChain_l() effect chain for session 0 not on source thread 0x7611f54200
E/volume_listener( 1763): check_and_set_gain_dep_cal: Failed to set gain dep cal level
W/EffectHAL( 1763): Effect 0xecddfcc0 command SET_CONFIG returned status: Invalid argument
D/audio_hw_primary( 1763): start_output_stream: enter: stream(0xed318800)usecase(0: deep-buffer-playback) devices(0x2)
D/audio_hw_primary( 1763): select_devices for use case (deep-buffer-playback)
D/audio_hw_primary( 1763): select_devices: out_snd_device(2: speaker) in_snd_device(0: )
I/msm8974_platform( 1763): platform_check_and_set_codec_backend_cfg:becf: afe: bitwidth 16, samplerate 48000 channels 2, backend_idx 0 usecase = 0 device (speaker)
D/msm8974_platform( 1763): platform_split_snd_device: snd_device(2) num devices(1) new_snd_devices(0)
I/msm8974_platform( 1763): platform_check_and_set_codec_backend_cfg: new_snd_devices[0] is 2
I/msm8974_platform( 1763): platform_check_codec_backend_cfg:becf: afe: bitwidth 16, samplerate 48000 channels 2, backend_idx 0 usecase = 0 device (speaker)
D/msm8974_platform( 1763): platform_check_codec_backend_cfg:becf: afe: playback on codec device not supporting native playback set default Sample Rate(48k)
I/msm8974_platform( 1763): platform_check_codec_backend_cfg:becf: afe: Codec selected backend: 0 updated bit width: 16 and sample rate: 48000
D/audio_hw_primary( 1763): check_usecases_codec_backend:becf: force routing 0
E/msm8974_platform( 1763): platform_check_backends_match: Invalid snd_device = 
D/audio_hw_primary( 1763): check_usecases_codec_backend:becf: (62) check_usecases curr device: speaker, usecase device: backends match 0
D/audio_hw_primary( 1763): check_usecases_codec_backend:becf: check_usecases num.of Usecases to switch 0
D/msm8974_platform( 1763): platform_split_snd_device: snd_device(2) num devices(0) new_snd_devices(2)
D/hardware_info( 1763): hw_info_append_hw_type : device_name = speaker
D/msm8974_platform( 1763): platform_split_snd_device: snd_device(2) num devices(0) new_snd_devices(0)
D/audio_hw_primary( 1763): enable_snd_device: snd_device(2: speaker)
I/soundtrigger( 1763): audio_extn_sound_trigger_update_device_status: device 0x2 of type 0 for Event 1, with Raise=0
D/audio_route( 1763): Apply path: speaker
V/qcbassboost( 1763): 
V/qcbassboost( 1763): 	EffectCreate start session 41
V/qcbassboost( 1763): 	GlobalSession_init start
I/qcbassboost( 1763): 	EffectCreate: Allocating SessionNo 0 for SessionId 41
V/qcbassboost( 1763): 
V/qcbassboost( 1763): 	EffectCreate created ctxt 0xecde3280 for session 41
D/offload_effect_pbe( 1763): pbe_load_config pbe_app_type = 0x00011134
D/offload_effect_pbe( 1763): pbe_load_config ret = 0, len = 176
V/qcbassboost( 1763): 	Effect_command: ctxt 0xecde3280, cmd 0
V/qcbassboost( 1763): 	BassBoost_init start
V/qcbassboost( 1763): 	BassBoost_init start, ctxt 0xecde3280
V/qcbassboost( 1763): 	pbe_init start
E/qcbassboost( 1763): 	ERROR: invalid sample rate
D/offload_effect_pbe( 1763): pbe_load_config pbe_app_type = 0x00011134
D/offload_effect_pbe( 1763): pbe_load_config ret = 0, len = 176
V/qcbassboost( 1763): 	Effect_command: ctxt 0xecde3280, cmd 1
V/qcbassboost( 1763): 	BassBoost_setConfig: ctxt 0xecde3280
E/qcbassboost( 1763): 	[vendor/qcom/proprietary/mm-audio-noship/audio-effects/safx/android-adapter/qcbassboost/qcbassboost.c:541] Assertion fail: pConfig->inputCfg.format == AUDIO_FORMAT_PCM_16_BIT
W/EffectHAL( 1763): Effect 0xecddfd90 command SET_CONFIG returned status: Invalid argument
V/qcbassboost( 1763): 	Effect_command: ctxt 0xecde3280, cmd 1
V/qcbassboost( 1763): 	BassBoost_setConfig: ctxt 0xecde3280
V/qcbassboost( 1763): 	BassBoost_init start
V/qcbassboost( 1763): 	BassBoost_init start, ctxt 0xecde3280
V/qcbassboost( 1763): 	pbe_init start
D/pbecalconfig( 1763): pbe_load_acdb_params pbe_app_type = 0x00011134
D/pbecalconfig( 1763): pbe_load_acdb_params ret = 0, len = 176
V/qcbassboost( 1763): 	Effect_command: ctxt 0xecde3280, cmd 9
V/qcbassboost( 1763): 	EFFECT_CMD_SET_DEVICEi(2) enable BASS_PBE
I/offload_effect_bb( 1763): bassboost_set_device: ctxt 0xecd2c698, disabled based on device
V/qcbassboost( 1763): 	Effect_command: ctxt 0xecde3280, cmd 8
V/qcbassboost( 1763): 	BassBoost_getParameter(): ctxt 0xecde3280, param 0, 
V/qcvirt  ( 1763): 
V/qcvirt  ( 1763): 	EffectCreate start session 41
V/qcvirt  ( 1763): 	GlobalSession_init start
I/qcvirt  ( 1763): 	EffectCreate: Allocating SessionNo 0 for SessionId 41
V/qcvirt  ( 1763): 
V/qcvirt  ( 1763): 	EffectCreate created ctxt 0xeec27e80 for session 41
V/qcvirt  ( 1763): 	Effect_command, ctxt 0xeec27e80, cmd 0
V/qcvirt  ( 1763): 	Virtualizer_init start ctxt 0xeec27e80
V/qcvirt  ( 1763): 	Effect_command, ctxt 0xeec27e80, cmd 1
V/qcvirt  ( 1763): 	Virtualizer_setConfig, ctxt 0xeec27e80
E/qcvirt  ( 1763): 	[vendor/qcom/proprietary/mm-audio-noship/audio-effects/safx/android-adapter/qcvirt/qcvirt.c:590] Assertion fail: pConfig->inputCfg.format == AUDIO_FORMAT_PCM_16_BIT
W/EffectHAL( 1763): Effect 0xecddfe00 command SET_CONFIG returned status: Invalid argument
V/qcvirt  ( 1763): 	Effect_command, ctxt 0xeec27e80, cmd 1
V/qcvirt  ( 1763): 	Virtualizer_setConfig, ctxt 0xeec27e80
V/qcvirt  ( 1763): 	Virtualizer_init start ctxt 0xeec27e80
D/soundtrigger( 1763): audio_extn_sound_trigger_update_stream_status: uc_id 0 of type 0 for Event 3, with Raise=1
D/sound_trigger_platform( 1763): platform_stdev_check_and_update_concurrency: concurrency active 0, tx 0, rx 1, concurrency session_allowed 1
D/audio_hw_utils( 1763): audio_extn_utils_send_app_type_cfg: usecase->out_snd_device speaker
D/msm8974_platform( 1763): platform_split_snd_device: snd_device(2) num devices(0) new_snd_devices(0)
D/audio_hw_utils( 1763): audio_extn_btsco_get_sample_rate:Not a BT SCO device, need not update sampling rate
I/audio_hw_utils( 1763): send_app_type_cfg_for_device PLAYBACK app_type 69936, acdb_dev_id 15, sample_rate 48000, snd_device_be_idx 2
I/sensors-hal( 1111): flush:190, android.sensor.accelerometer/34
D/msm8974_platform( 1763): platform_split_snd_device: snd_device(2) num devices(1) new_snd_devices(0)
D/ACDB-LOADER( 1763): ACDB -> send_audio_cal, acdb_id = 15, path = 0, app id = 0x11130, sample rate = 48000
D/ACDB-LOADER( 1763): ACDB -> send_asm_topology
D/ACDB-LOADER( 1763): ACDB -> ACDB_CMD_GET_AUDPROC_STREAM_TOPOLOGY_ID
D/ACDB-LOADER( 1763): ACDB -> send_adm_topology
D/ACDB-LOADER( 1763): ACDB -> ACDB_CMD_GET_AUDPROC_COMMON_TOPOLOGY_ID
D/ACDB-LOADER( 1763): ACDB -> send_audtable
D/ACDB-LOADER( 1763): ACDB -> ACDB_CMD_GET_AUDPROC_COMMON_TABLE_SIZE
D/ACDB-LOADER( 1763): ACDB -> ACDB_CMD_GET_AUDPROC_COMMON_TABLE
D/ACDB-LOADER( 1763): ACDB -> AUDIO_SET_AUDPROC_CAL
D/ACDB-LOADER( 1763): ACDB -> send_audvoltable
D/ACDB-LOADER( 1763): ACDB -> ACDB_CMD_GET_AUDPROC_VOL_STEP_TABLE_SIZE
D/ACDB-LOADER( 1763): ACDB -> ACDB_CMD_GET_AUDPROC_GAIN_DEP_STEP_TABLE, vol index 0
D/ACDB-LOADER( 1763): ACDB -> AUDIO_SET_VOL_CAL cal type = 12
D/ACDB-LOADER( 1763): ACDB -> ACDB_CMD_GET_AUDPROC_STREAM_TABLE_SIZE
D/ACDB-LOADER( 1763): ACDB -> send_audstrmtable
D/ACDB-LOADER( 1763): ACDB -> ACDB_CMD_GET_AUDPROC_STREAM_TABLE_V2
D/ACDB-LOADER( 1763): ACDB -> audstrm_cal->cal_type.cal_data.cal_size = 456
D/ACDB-LOADER( 1763): ACDB -> send_afe_topology
D/ACDB-LOADER( 1763): ACDB -> ACDB_CMD_GET_AFE_TOPOLOGY_ID
D/ACDB-LOADER( 1763): ACDB -> GET_AFE_TOPOLOGY_ID for adcd_id 15, Topology Id 1025e
D/ACDB-LOADER( 1763): ACDB -> send_afe_cal
D/ACDB-LOADER( 1763): ACDB -> ACDB_CMD_GET_AFE_COMMON_TABLE_SIZE
D/ACDB-LOADER( 1763): ACDB -> ACDB_CMD_GET_AFE_COMMON_TABLE
D/ACDB-LOADER( 1763): ACDB -> AUDIO_SET_AFE_CAL
D/ACDB-LOADER( 1763): ACDB -> send_hw_delay : acdb_id = 15 path = 0
D/ACDB-LOADER( 1763): ACDB -> ACDB_AVSYNC_INFO: ACDB_CMD_GET_DEVICE_PROPERTY
D/audio_hw_primary( 1763): enable_audio_route: apply mixer and update path: deep-buffer-playback
D/audio_route( 1763): Apply path: deep-buffer-playback
I/sensors-hal( 1111): flush:196, android.sensor.accelerometer/34 completed
D/audio_hw_primary( 1763): select_devices: done
V/qcvirt  ( 1763): 	Effect_command, ctxt 0xeec27e80, cmd 9
I/qcvirt  ( 1763): 	EFFECT_CMD_SET_DEVICE device(0x2) is invalid for VIRTUALIZER
I/offload_effect_virtualizer( 1763): virtualizer_set_device: ctxt 0xeec442a0, disabled based on device
V/qcvirt  ( 1763): 	Effect_command, ctxt 0xeec27e80, cmd 8
V/qcvirt  ( 1763): 	Virtualizer_getParameter, ctxt 0xeec27e80, param 0
V/qcreverb( 1763): 
V/qcreverb( 1763): 	EffectCreate start session 41
V/qcreverb( 1763): 	EffectCreate - UUID matched Reverb type 3, UUID = b08a0e38
V/qcreverb( 1763): 	EffectCreate - PRESET
V/qcreverb( 1763): 	EffectCreate - INS
V/qcreverb( 1763): 
V/qcreverb( 1763): 	EffectCreate created ctxt 0xecde3300 for session 41
V/qcreverb( 1763): 	Effect_command, ctxt 0xecde3300, cmd 0
V/qcreverb( 1763): 	Reverb_init start, ctxt 0xecde3300
V/qcreverb( 1763): 	Effect_command, ctxt 0xecde3300, cmd 1
V/qcreverb( 1763): 	Reverb_setConfig, ctxt 0xecde3300
E/qcreverb( 1763): 	[vendor/qcom/proprietary/mm-audio-noship/audio-effects/safx/android-adapter/qcreverb/qcreverb.c:478] Assertion fail: pConfig->inputCfg.format == AUDIO_FORMAT_PCM_16_BIT
W/EffectHAL( 1763): Effect 0xecddfe50 command SET_CONFIG returned status: Invalid argument
V/qcreverb( 1763): 	Effect_command, ctxt 0xecde3300, cmd 1
V/qcreverb( 1763): 	Reverb_setConfig, ctxt 0xecde3300
V/qcreverb( 1763): 	Reverb_init start, ctxt 0xecde3300
V/MediaRouter( 3924): Selecting route: RouteInfo{ name=Phone, description=null, status=null, category=RouteCategory{ name=System types=ROUTE_TYPE_LIVE_AUDIO ROUTE_TYPE_LIVE_VIDEO  groupable=false }, supportedTypes=ROUTE_TYPE_LIVE_AUDIO ROUTE_TYPE_LIVE_VIDEO , presentationDisplay=null }
V/qcbassboost( 1763): 	Effect_command: ctxt 0xecde3280, cmd 5
V/qcbassboost( 1763): 	BassBoost_setParameter(): ctxt 0xecde3280, param 1, value: 0
V/qcbassboost( 1763): 	BassBoost_setParameter() BASSBOOST_PARAM_STRENGTH value is 0
D/qcbassboost( 1763): BassBoost_setParameter ignore set strength
D/offload_effect_bass( 1763): bass_set_parameter ignore set strength, index 1
V/qcreverb( 1763): 	Effect_command, ctxt 0xecde3300, cmd 5
V/qcreverb( 1763): Reverb_setParameter: ctxt 0xecde3300, param: 0, value: 0
V/qcreverb( 1763): 	Reverb_updateCfg, ctxt 0xecde3300
V/qcvirt  ( 1763): 	Effect_command, ctxt 0xeec27e80, cmd 5
V/qcvirt  ( 1763): Virtualizer_setParameter: ctxt 0xeec27e80, param: 1, value: 0
V/qcvirt  ( 1763): 	Virtualizer_setParameter() VIRTUALIZER_PARAM_STRENGTH value is 0
I/FrameAnimation( 3924): mBitmap.recycle
D/msm8974_platform( 1763): platform_set_channel_map mixer_ctl_name:Playback Channel Map0
D/msm8974_platform( 1763): platform_set_channel_map: set mapping(1 2 0 0 0 0 0 0) for channel:2
D/audio_hw_primary( 1763): start_output_stream: exit
D/audio_hw_primary( 1763): out_write: retry previous failed cal level set
D/msm8974_platform( 1763): platform_split_snd_device: snd_device(2) num devices(1) new_snd_devices(0)
D/ACDB-LOADER( 1763): ACDB -> send_audvoltable
D/ACDB-LOADER( 1763): ACDB -> ACDB_CMD_GET_AUDPROC_VOL_STEP_TABLE_SIZE
D/ACDB-LOADER( 1763): ACDB -> ACDB_CMD_GET_AUDPROC_GAIN_DEP_STEP_TABLE, vol index 1
D/ACDB-LOADER( 1763): ACDB -> AUDIO_SET_VOL_CAL cal type = 40
D/msm8974_platform( 1763): platform_split_snd_device: snd_device(2) num devices(1) new_snd_devices(0)
I/FrameAnimation( 3924): mBitmap.recycle
D/AF::Track( 1757): interceptBuffer: took 516us to intercept 0 tracks
I/Unity   ( 3924): DISFT Unity Version:2018.4.21f1
I/Unity   ( 3924): Pvr_UnitySDKManager:Awake()
I/Unity   ( 3924):  
I/Unity   ( 3924): (Filename: ./Runtime/Export/Debug.bindings.h Line: 45)
I/Unity   ( 3924): 
I/Unity   ( 3924): DISFT Customize NeckOffset:(0.0, 0.1, 0.1)
I/Unity   ( 3924): Pvr_UnitySDKManager:Awake()
I/Unity   ( 3924):  
I/Unity   ( 3924): (Filename: ./Runtime/Export/Debug.bindings.h Line: 45)
I/Unity   ( 3924): 
I/Unity   ( 3924): DISFT MSAA :X_2
I/Unity   ( 3924): Pvr_UnitySDKManager:Awake()
I/Unity   ( 3924):  
I/Unity   ( 3924): (Filename: ./Runtime/Export/Debug.bindings.h Line: 45)
I/Unity   ( 3924): 
D/AudioFlinger( 1757): mixer(0x7583895f40) throttle end: throttle time(39)
I/Unity   ( 3924): DISFT Content Proctect :False
I/Unity   ( 3924): Pvr_UnitySDKManager:Awake()
I/Unity   ( 3924):  
I/Unity   ( 3924): (Filename: ./Runtime/Export/Debug.bindings.h Line: 45)
I/Unity   ( 3924): 
I/Unity   ( 3924): DISFT Customize FPS :72
I/Unity   ( 3924): Pvr_UnitySDKManager:Awake()
I/Unity   ( 3924):  
I/Unity   ( 3924): (Filename: ./Runtime/Export/Debug.bindings.h Line: 45)
I/Unity   ( 3924): 
I/UnityPlugin( 3924): DISFT FFR = 0
I/Unity   ( 3924): PvrLog SDK Version :  2.8.6.16  Unity Script Version :2.8.6.9
I/Unity   ( 3924): Pvr_UnitySDKRender:ConnectToAndriod()
I/Unity   ( 3924): Pvr_UnitySDKRender:.ctor()
I/Unity   ( 3924): Pvr_UnitySDKRender:get_Instance()
I/Unity   ( 3924): Pvr_UnitySDKEyeManager:OnEnable()
I/Unity   ( 3924):  
I/Unity   ( 3924): (Filename: ./Runtime/Export/Debug.bindings.h Line: 45)
I/Unity   ( 3924): 
D/VrActivity( 3924): is pico ,return
D/VrActivity( 3924): context = com.pvr.vrshell.MainActivity@ceb7900
I/UnityClient( 3924): systemproc is 0
I/UnityNativeActivityPico( 3924): Unity Pvr_setMonoPresentation begin
I/UnityNativeActivityPico( 3924): Unity presentationDisplays.length = 0
I/UnityNativeActivityPico( 3924): DISFT MonoPresentation = Disable
I/UnityNativeActivityPico( 3924): Unity Pvr_setMonoPresentation failed
I/UnityNativeActivityPico( 3924): Unity Pvr_setMonoPresentation end
I/Unity   ( 3924): ConnectToAndriod set monoPresentation success ?-------------True
I/Unity   ( 3924): Pvr_UnitySDKRender:ConnectToAndriod()
I/Unity   ( 3924): Pvr_UnitySDKRender:.ctor()
I/Unity   ( 3924): Pvr_UnitySDKRender:get_Instance()
I/Unity   ( 3924): Pvr_UnitySDKEyeManager:OnEnable()
I/Unity   ( 3924):  
I/Unity   ( 3924): (Filename: ./Runtime/Export/Debug.bindings.h Line: 45)
I/Unity   ( 3924): 
I/Unity   ( 3924): ConnectToAndriod presentation existed ?-------------False
I/Unity   ( 3924): Pvr_UnitySDKRender:ConnectToAndriod()
I/Unity   ( 3924): Pvr_UnitySDKRender:.ctor()
I/Unity   ( 3924): Pvr_UnitySDKRender:get_Instance()
I/Unity   ( 3924): Pvr_UnitySDKEyeManager:OnEnable()
I/Unity   ( 3924):  
I/Unity   ( 3924): (Filename: ./Runtime/Export/Debug.bindings.h Line: 45)
I/Unity   ( 3924): 
I/Unity   ( 3924): DISFT Customize RenderTexture:(2496.0, 2496.0), scaleFactor: 1
I/Unity   ( 3924): Pvr_UnitySDKRender:GetEyeBufferResolution()
I/Unity   ( 3924): Pvr_UnitySDKRender:CreateEyeBuffer()
I/Unity   ( 3924): Pvr_UnitySDKRender:InitRenderAbility()
I/Unity   ( 3924): Pvr_UnitySDKRender:Init()
I/Unity   ( 3924): Pvr_UnitySDKRender:.ctor()
I/Unity   ( 3924): Pvr_UnitySDKRender:get_Instance()
I/Unity   ( 3924): Pvr_UnitySDKEyeManager:OnEnable()
I/Unity   ( 3924):  
I/Unity   ( 3924): (Filename: ./Runtime/Export/Debug.bindings.h Line: 45)
I/Unity   ( 3924): 
I/FrameAnimation( 3924): mBitmap.recycle
I/UnityPlugin( 3924): SinglePass::unity set single pass depth buffer (width X height) = (2496 X 2496)
I/Unity   ( 3924): MultiPass ConfigureEyeBuffer eyeTextureIndex 0
I/Unity   ( 3924): Pvr_UnitySDKRender:ConfigureEyeBuffer(Int32, Vector2)
I/Unity   ( 3924): Pvr_UnitySDKRender:CreateEyeBuffer()
I/Unity   ( 3924): Pvr_UnitySDKRender:InitRenderAbility()
I/Unity   ( 3924): Pvr_UnitySDKRender:Init()
I/Unity   ( 3924): Pvr_UnitySDKRender:.ctor()
I/Unity   ( 3924): Pvr_UnitySDKRender:get_Instance()
I/Unity   ( 3924): Pvr_UnitySDKEyeManager:OnEnable()
I/Unity   ( 3924):  
I/Unity   ( 3924): (Filename: ./Runtime/Export/Debug.bindings.h Line: 45)
I/Unity   ( 3924): 
I/Unity   ( 3924): eyeTextureIndex : 0
I/Unity   ( 3924): Pvr_UnitySDKRender:ConfigureEyeBuffer(Int32, Vector2)
I/Unity   ( 3924): Pvr_UnitySDKRender:CreateEyeBuffer()
I/Unity   ( 3924): Pvr_UnitySDKRender:InitRenderAbility()
I/Unity   ( 3924): Pvr_UnitySDKRender:Init()
I/Unity   ( 3924): Pvr_UnitySDKRender:.ctor()
I/Unity   ( 3924): Pvr_UnitySDKRender:get_Instance()
I/Unity   ( 3924): Pvr_UnitySDKEyeManager:OnEnable()
I/Unity   ( 3924):  
I/Unity   ( 3924): (Filename: ./Runtime/Export/Debug.bindings.h Line: 45)
I/Unity   ( 3924): 
I/Unity   ( 3924): MultiPass ConfigureEyeBuffer eyeTextureIndex 1
I/Unity   ( 3924): Pvr_UnitySDKRender:ConfigureEyeBuffer(Int32, Vector2)
I/Unity   ( 3924): Pvr_UnitySDKRender:CreateEyeBuffer()
I/Unity   ( 3924): Pvr_UnitySDKRender:InitRenderAbility()
I/Unity   ( 3924): Pvr_UnitySDKRender:Init()
I/Unity   ( 3924): Pvr_UnitySDKRender:.ctor()
I/Unity   ( 3924): Pvr_UnitySDKRender:get_Instance()
I/Unity   ( 3924): Pvr_UnitySDKEyeManager:OnEnable()
I/Unity   ( 3924):  
I/Unity   ( 3924): (Filename: ./Runtime/Export/Debug.bindings.h Line: 45)
I/Unity   ( 3924): 
I/Unity   ( 3924): eyeTextureIndex : 1
I/Unity   ( 3924): Pvr_UnitySDKRender:ConfigureEyeBuffer(Int32, Vector2)
I/Unity   ( 3924): Pvr_UnitySDKRender:CreateEyeBuffer()
I/Unity   ( 3924): Pvr_UnitySDKRender:InitRenderAbility()
I/Unity   ( 3924): Pvr_UnitySDKRender:Init()
I/Unity   ( 3924): Pvr_UnitySDKRender:.ctor()
I/Unity   ( 3924): Pvr_UnitySDKRender:get_Instance()
I/Unity   ( 3924): Pvr_UnitySDKEyeManager:OnEnable()
I/Unity   ( 3924):  
I/Unity   ( 3924): (Filename: ./Runtime/Export/Debug.bindings.h Line: 45)
I/Unity   ( 3924): 
I/Unity   ( 3924): MultiPass ConfigureEyeBuffer eyeTextureIndex 2
I/Unity   ( 3924): Pvr_UnitySDKRender:ConfigureEyeBuffer(Int32, Vector2)
I/Unity   ( 3924): Pvr_UnitySDKRender:CreateEyeBuffer()
I/Unity   ( 3924): Pvr_UnitySDKRender:InitRenderAbility()
I/Unity   ( 3924): Pvr_UnitySDKRender:Init()
I/Unity   ( 3924): Pvr_UnitySDKRender:.ctor()
I/Unity   ( 3924): Pvr_UnitySDKRender:get_Instance()
I/Unity   ( 3924): Pvr_UnitySDKEyeManager:OnEnable()
I/Unity   ( 3924):  
I/Unity   ( 3924): (Filename: ./Runtime/Export/Debug.bindings.h Line: 45)
I/Unity   ( 3924): 
I/Unity   ( 3924): eyeTextureIndex : 2
I/Unity   ( 3924): Pvr_UnitySDKRender:ConfigureEyeBuffer(Int32, Vector2)
I/Unity   ( 3924): Pvr_UnitySDKRender:CreateEyeBuffer()
I/Unity   ( 3924): Pvr_UnitySDKRender:InitRenderAbility()
I/Unity   ( 3924): Pvr_UnitySDKRender:Init()
I/Unity   ( 3924): Pvr_UnitySDKRender:.ctor()
I/Unity   ( 3924): Pvr_UnitySDKRender:get_Instance()
I/Unity   ( 3924): Pvr_UnitySDKEyeManager:OnEnable()
I/Unity   ( 3924):  
I/Unity   ( 3924): (Filename: ./Runtime/Export/Debug.bindings.h Line: 45)
I/Unity   ( 3924): 
I/Unity   ( 3924): MultiPass ConfigureEyeBuffer eyeTextureIndex 3
I/Unity   ( 3924): Pvr_UnitySDKRender:ConfigureEyeBuffer(Int32, Vector2)
I/Unity   ( 3924): Pvr_UnitySDKRender:CreateEyeBuffer()
I/Unity   ( 3924): Pvr_UnitySDKRender:InitRenderAbility()
I/Unity   ( 3924): Pvr_UnitySDKRender:Init()
I/Unity   ( 3924): Pvr_UnitySDKRender:.ctor()
I/Unity   ( 3924): Pvr_UnitySDKRender:get_Instance()
I/Unity   ( 3924): Pvr_UnitySDKEyeManager:OnEnable()
I/Unity   ( 3924):  
I/Unity   ( 3924): (Filename: ./Runtime/Export/Debug.bindings.h Line: 45)
I/Unity   ( 3924): 
I/Unity   ( 3924): eyeTextureIndex : 3
I/Unity   ( 3924): Pvr_UnitySDKRender:ConfigureEyeBuffer(Int32, Vector2)
I/Unity   ( 3924): Pvr_UnitySDKRender:CreateEyeBuffer()
I/Unity   ( 3924): Pvr_UnitySDKRender:InitRenderAbility()
I/Unity   ( 3924): Pvr_UnitySDKRender:Init()
I/Unity   ( 3924): Pvr_UnitySDKRender:.ctor()
I/Unity   ( 3924): Pvr_UnitySDKRender:get_Instance()
I/Unity   ( 3924): Pvr_UnitySDKEyeManager:OnEnable()
I/Unity   ( 3924):  
I/Unity   ( 3924): (Filename: ./Runtime/Export/Debug.bindings.h Line: 45)
I/Unity   ( 3924): 
I/Unity   ( 3924): MultiPass ConfigureEyeBuffer eyeTextureIndex 4
I/Unity   ( 3924): Pvr_UnitySDKRender:ConfigureEyeBuffer(Int32, Vector2)
I/Unity   ( 3924): Pvr_UnitySDKRender:CreateEyeBuffer()
I/Unity   ( 3924): Pvr_UnitySDKRender:InitRenderAbility()
I/Unity   ( 3924): Pvr_UnitySDKRender:Init()
I/Unity   ( 3924): Pvr_UnitySDKRender:.ctor()
I/Unity   ( 3924): Pvr_UnitySDKRender:get_Instance()
I/Unity   ( 3924): Pvr_UnitySDKEyeManager:OnEnable()
I/Unity   ( 3924):  
I/Unity   ( 3924): (Filename: ./Runtime/Export/Debug.bindings.h Line: 45)
I/Unity   ( 3924): 
I/Unity   ( 3924): eyeTextureIndex : 4
I/Unity   ( 3924): Pvr_UnitySDKRender:ConfigureEyeBuffer(Int32, Vector2)
I/Unity   ( 3924): Pvr_UnitySDKRender:CreateEyeBuffer()
I/Unity   ( 3924): Pvr_UnitySDKRender:InitRenderAbility()
I/Unity   ( 3924): Pvr_UnitySDKRender:Init()
I/Unity   ( 3924): Pvr_UnitySDKRender:.ctor()
I/Unity   ( 3924): Pvr_UnitySDKRender:get_Instance()
I/Unity   ( 3924): Pvr_UnitySDKEyeManager:OnEnable()
I/Unity   ( 3924):  
I/Unity   ( 3924): (Filename: ./Runtime/Export/Debug.bindings.h Line: 45)
I/Unity   ( 3924): 
I/Unity   ( 3924): MultiPass ConfigureEyeBuffer eyeTextureIndex 5
I/Unity   ( 3924): Pvr_UnitySDKRender:ConfigureEyeBuffer(Int32, Vector2)
I/Unity   ( 3924): Pvr_UnitySDKRender:CreateEyeBuffer()
I/Unity   ( 3924): Pvr_UnitySDKRender:InitRenderAbility()
I/Unity   ( 3924): Pvr_UnitySDKRender:Init()
I/Unity   ( 3924): Pvr_UnitySDKRender:.ctor()
I/Unity   ( 3924): Pvr_UnitySDKRender:get_Instance()
I/Unity   ( 3924): Pvr_UnitySDKEyeManager:OnEnable()
I/Unity   ( 3924):  
I/Unity   ( 3924): (Filename: ./Runtime/Export/Debug.bindings.h Line: 45)
I/Unity   ( 3924): 
I/Unity   ( 3924): eyeTextureIndex : 5
I/Unity   ( 3924): Pvr_UnitySDKRender:ConfigureEyeBuffer(Int32, Vector2)
I/Unity   ( 3924): Pvr_UnitySDKRender:CreateEyeBuffer()
I/Unity   ( 3924): Pvr_UnitySDKRender:InitRenderAbility()
I/Unity   ( 3924): Pvr_UnitySDKRender:Init()
I/Unity   ( 3924): Pvr_UnitySDKRender:.ctor()
I/Unity   ( 3924): Pvr_UnitySDKRender:get_Instance()
I/Unity   ( 3924): Pvr_UnitySDKEyeManager:OnEnable()
I/Unity   ( 3924):  
I/Unity   ( 3924): (Filename: ./Runtime/Export/Debug.bindings.h Line: 45)
I/Unity   ( 3924): 
I/Unity   ( 3924): DISFT IPD:0.063
I/Unity   ( 3924): Pvr_UnitySDKAPI.System:UPvr_GetIPD()
I/Unity   ( 3924): Pvr_UnitySDKRender:InitRenderAbility()
I/Unity   ( 3924): Pvr_UnitySDKRender:Init()
I/Unity   ( 3924): Pvr_UnitySDKRender:.ctor()
I/Unity   ( 3924): Pvr_UnitySDKRender:get_Instance()
I/Unity   ( 3924): Pvr_UnitySDKEyeManager:OnEnable()
I/Unity   ( 3924):  
I/Unity   ( 3924): (Filename: ./Runtime/Export/Debug.bindings.h Line: 45)
I/Unity   ( 3924): 
I/Unity   ( 3924): PvrLog Init Render Ability Success!
I/Unity   ( 3924): Pvr_UnitySDKRender:Init()
I/Unity   ( 3924): Pvr_UnitySDKRender:.ctor()
I/Unity   ( 3924): Pvr_UnitySDKRender:get_Instance()
I/Unity   ( 3924): Pvr_UnitySDKEyeManager:OnEnable()
I/Unity   ( 3924):  
I/Unity   ( 3924): (Filename: ./Runtime/Export/Debug.bindings.h Line: 45)
I/Unity   ( 3924): 
I/Unity   ( 3924): PUI--------------ro.pvr.product.name = FalconCV2
I/Unity   ( 3924): PUI_UnityAPI:GetDeviceMode()
I/Unity   ( 3924): InputController:GetInstance()
I/Unity   ( 3924): CursorManager:Awake()
I/Unity   ( 3924):  
I/Unity   ( 3924): (Filename: ./Runtime/Export/Debug.bindings.h Line: 45)
I/Unity   ( 3924): 
I/FrameAnimation( 3924): mBitmap.recycle
I/Unity   ( 3924): ????? ??:  Object reference not set to an instance of an object.
I/Unity   ( 3924): InputController:GetInstance()
I/Unity   ( 3924): CursorManager:Awake()
I/Unity   ( 3924):  
I/Unity   ( 3924): (Filename: ./Runtime/Export/Debug.bindings.h Line: 45)
I/Unity   ( 3924): 
I/Unity   ( 3924): ??????:en
I/Unity   ( 3924): StatusBar:SetLaunguage()
I/Unity   ( 3924): StatusBar:Awake()
I/Unity   ( 3924):  
I/Unity   ( 3924): (Filename: ./Runtime/Export/Debug.bindings.h Line: 45)
I/Unity   ( 3924): 
I/vrUserCenter.UserInfoProvider( 3374): UserInfoProvider????query
I/PVRShell( 3924): getUserInfo success,userInfo =
I/vrUserCenter.UserInfoProvider( 3374): UserInfoProvider????query
E/PVRShell( 3924): avatarString is null
I/Unity   ( 3924): VRShell------->User not login!
I/Unity   ( 3924): UserInfoView:RefreshInfoView()
I/Unity   ( 3924): StatusBar:GetUserInfo()
I/Unity   ( 3924): StatusBar:Awake()
I/Unity   ( 3924):  
I/Unity   ( 3924): (Filename: ./Runtime/Export/Debug.bindings.h Line: 45)
I/Unity   ( 3924): 
I/vrUserCenter.UserInfoProvider( 3374): UserInfoProvider????query
E/PVRShell( 3924): avatarString is null
I/Unity   ( 3924): VRShell------->User not login!
I/Unity   ( 3924): UserInfoView:RefreshInfoView()
I/Unity   ( 3924): StatusBar:Awake()
I/Unity   ( 3924):  
I/Unity   ( 3924): (Filename: ./Runtime/Export/Debug.bindings.h Line: 45)
I/Unity   ( 3924): 
I/Unity   ( 3924): DISFT EyeMask = Enable
I/Unity   ( 3924): Pvr_UnityEyeMask:Awake()
I/Unity   ( 3924):  
I/Unity   ( 3924): (Filename: ./Runtime/Export/Debug.bindings.h Line: 45)
I/Unity   ( 3924): 
W/Unity   ( 3924): Stencil Mesh is not exist, disable EyeMask.
W/Unity   ( 3924): Pvr_UnityEyeMask:CreateCommandBuffer()
W/Unity   ( 3924): Pvr_UnityEyeMask:OnEnable()
W/Unity   ( 3924):  
W/Unity   ( 3924): (Filename: ./Runtime/Export/Debug.bindings.h Line: 45)
W/Unity   ( 3924): 
I/Unity   ( 3924): PvrLog Controller GameObject:ControllerManager
I/Unity   ( 3924): Pvr_ControllerLink:.ctor(String)
I/Unity   ( 3924): Pvr_ControllerManager:Awake()
I/Unity   ( 3924):  
I/Unity   ( 3924): (Filename: ./Runtime/Export/Debug.bindings.h Line: 45)
I/Unity   ( 3924): 
I/Unity   ( 3924): PvrLog platform2
I/Unity   ( 3924): Pvr_ControllerLink:StartHummingBirdService()
I/Unity   ( 3924): Pvr_ControllerLink:.ctor(String)
I/Unity   ( 3924): Pvr_ControllerManager:Awake()
I/Unity   ( 3924):  
I/Unity   ( 3924): (Filename: ./Runtime/Export/Debug.bindings.h Line: 45)
I/Unity   ( 3924): 
I/Unity   ( 3924): PvrLog trackingmode4
I/Unity   ( 3924): Pvr_ControllerLink:StartHummingBirdService()
I/Unity   ( 3924): Pvr_ControllerLink:.ctor(String)
I/Unity   ( 3924): Pvr_ControllerManager:Awake()
I/Unity   ( 3924):  
I/Unity   ( 3924): (Filename: ./Runtime/Export/Debug.bindings.h Line: 45)
I/Unity   ( 3924): 
I/Unity   ( 3924): PvrLog systemProp4
I/Unity   ( 3924): Pvr_ControllerLink:StartHummingBirdService()
I/Unity   ( 3924): Pvr_ControllerLink:.ctor(String)
I/Unity   ( 3924): Pvr_ControllerManager:Awake()
I/Unity   ( 3924):  
I/Unity   ( 3924): (Filename: ./Runtime/Export/Debug.bindings.h Line: 45)
I/Unity   ( 3924): 
I/Unity   ( 3924): PvrLog enablehand6dofbyhead1
I/Unity   ( 3924): Pvr_ControllerLink:StartHummingBirdService()
I/Unity   ( 3924): Pvr_ControllerLink:.ctor(String)
I/Unity   ( 3924): Pvr_ControllerManager:Awake()
I/Unity   ( 3924):  
I/Unity   ( 3924): (Filename: ./Runtime/Export/Debug.bindings.h Line: 45)
I/Unity   ( 3924): 
I/Unity   ( 3924): PvrLog SetGameObjectToJar ControllerManager
I/Unity   ( 3924): Pvr_ControllerLink:SetGameObjectToJar(String)
I/Unity   ( 3924): Pvr_ControllerLink:StartHummingBirdService()
I/Unity   ( 3924): Pvr_ControllerLink:.ctor(String)
I/Unity   ( 3924): Pvr_ControllerManager:Awake()
I/Unity   ( 3924):  
I/Unity   ( 3924): (Filename: ./Runtime/Export/Debug.bindings.h Line: 45)
I/Unity   ( 3924): 
D/ControllerClient( 3924): unityObjectName = ControllerManager
I/UnityClient( 3924): start CVservice
I/Unity   ( 3924): PvrLog ServiceExisted ?True
I/Unity   ( 3924): Pvr_ControllerLink:IsServiceExisted()
I/Unity   ( 3924): Pvr_ControllerLink:StartHummingBirdService()
I/Unity   ( 3924): Pvr_ControllerLink:.ctor(String)
I/Unity   ( 3924): Pvr_ControllerManager:Awake()
I/Unity   ( 3924):  
I/Unity   ( 3924): (Filename: ./Runtime/Export/Debug.bindings.h Line: 45)
I/Unity   ( 3924): 
I/Unity   ( 3924): PvrLog Bind Service
I/Unity   ( 3924): Pvr_ControllerLink:BindService()
I/Unity   ( 3924): Pvr_ControllerLink:StartHummingBirdService()
I/Unity   ( 3924): Pvr_ControllerLink:.ctor(String)
I/Unity   ( 3924): Pvr_ControllerManager:Awake()
I/Unity   ( 3924):  
I/Unity   ( 3924): (Filename: ./Runtime/Export/Debug.bindings.h Line: 45)
I/Unity   ( 3924): 
I/UnityClient( 3924): System proc = 4 configfile =  4
I/UnityClient( 3924): bind CVservice
W/ContextImpl( 3924): Calling a method in the system process without a qualified user: android.app.ContextImpl.bindService:1649 android.content.ContextWrapper.bindService:705 com.picovr.picovrlib.cvcontrollerclient.ControllerClient.bindControllerService:17 com.picovr.picovrlib.hummingbirdclient.UnityClient.bindService:65 com.unity3d.player.UnityPlayer.nativeRender:-2 
W/ActivityManager( 1655): Unable to start service Intent { act=com.picovr.picovrlib.cvcontrollerlib.CVControllerAIDLService pkg=com.picovr.picovrlib.cvcontroller } U=0: not found
D/ControllerClient( 3924): Bind CVControllerAIDLService.
I/Binder:1150_2( 1150): type=1400 audit(0.0:684): avc: denied { read } for name="sixdof" dev="sysfs" ino=71255 scontext=u:r:shell:s0 tcontext=u:object_r:sysfs:s0 tclass=file permissive=1
I/UnityPlugin( 3924): Pvr_InitSensor_ ENTER
I/UnityPlugin( 3924): Pvr_InitSensor_ EXIT
I/UnityPlugin( 3924): Pvr_StartSensor_ enter
I/VrApi   ( 3924): this is a Main Sensor
I/VrApi   ( 3924): PVR_SERVICE_QUATERNION_MODE Start GlobalTracking = 2
I/VrApi   ( 3924): PVR_SERVICE_QUATERNION_MODE, ENABLE_BOUNDARY, change GlobalTracking to 2 from 2
I/VrServiceApi( 3924): SetTrackingMode entry trackingMode = 2
I/PvrServiceClient( 3924): Call setTrackingMode in PvrServiceClient,mode=2
E/PvrService( 1150): VRModeStateClient::setTrackingMode pid=3924, trackingMode=2
I/PvrService( 1150): mPrevTrackingMode 1, trackingMode 1
D/PvrService( 1150): setParameter:name(ShowSafetyTip), value(false)
D/PvrService( 1150): Do not show safety tip
E/PvrService( 1150): VRModeStateClient::setClientSafetyTipStatus pid=3924, status=0
I/VrApi   ( 3924): StartSensor ShowSafetyTip false
E/PvrService( 1150): VRModeStateClient::startVRMode pid=3924
D/PvrService( 1150): ================6dof camera status:1===============
I/PvrService( 1150): Set m6DofCameraReady = true
I/PvrService( 1150): mPrevTrackingMode 1, trackingMode 3
I/PvrService( 1150): VRModeStateClient::onVRStateChanged trackingMode=3
I/PvrService( 1150): Call setTrackingMode in ServiceCore, cur=1 new=3
E/PvrService( 1150): setTrackingMode:Try to get tracking lock mutex
E/PvrService( 1150): setTrackingMode:Get tracking lock mutex
I/PvrService( 1150): Call setTrackingModeThread
I/PvrService( 1150): Call setEyeTrackingMode in ServiceCore, cur=0 new=3
E/PvrPlatform( 1150): Call setTrackingMode in platform, trackingMode=2
E/PvrPlatform( 1150): qcom tracking mode
E/PvrPlatform( 1150): start QVR_SERVICE_MODE Sensor
I/svr     ( 1150): svrInitialize
I/svr     ( 1150): svrApi Version : 2.1.0, Apr  9 2021 - 19:36:37
I/svr     ( 1150): Calling QVRServiceClient_Create()...
I/FrameAnimation( 3924): mBitmap.recycle
E/svr     ( 1150):     QVR Serivce reported VR not supported
E/PvrPlatform( 1150): svrInitialize fail!!!
E/PvrService( 1150): setTrackingModeThread:release tracking lock mutex
D/PvrService( 1150): ---------------------No safety tip for pid:3924
I/UnityPlugin( 3924): Pvr_StartSensor_ exit
I/Unity   ( 3924): OnApplicationPause-------------------------false
I/Unity   ( 3924): Pvr_UnitySDKManager:OnApplicationPause(Boolean)
I/Unity   ( 3924):  
I/Unity   ( 3924): (Filename: ./Runtime/Export/Debug.bindings.h Line: 45)
I/Unity   ( 3924): 
I/UnityPlugin( 3924): Pvr_StartSensor_ enter
I/VrApi   ( 3924): this is a Main Sensor
I/VrApi   ( 3924): PVR_SERVICE_QUATERNION_MODE Start GlobalTracking = 2
I/VrApi   ( 3924): PVR_SERVICE_QUATERNION_MODE, ENABLE_BOUNDARY, change GlobalTracking to 2 from 2
I/VrServiceApi( 3924): SetTrackingMode entry trackingMode = 2
I/PvrServiceClient( 3924): Call setTrackingMode in PvrServiceClient,mode=2
E/PvrService( 1150): VRModeStateClient::setTrackingMode pid=3924, trackingMode=2
I/PvrService( 1150): mPrevTrackingMode 3, trackingMode 3
D/PvrService( 1150): setParameter:name(ShowSafetyTip), value(false)
D/PvrService( 1150): Do not show safety tip
E/PvrService( 1150): VRModeStateClient::setClientSafetyTipStatus pid=3924, status=0
I/VrApi   ( 3924): StartSensor ShowSafetyTip false
E/PvrService( 1150): VRModeStateClient::startVRMode pid=3924
I/PvrService( 1150): mPrevTrackingMode 3, trackingMode 3
D/PvrService( 1150): ---------------------No safety tip for pid:3924
I/UnityPlugin( 3924): Pvr_StartSensor_ exit
I/UnityNativeActivityPico( 3924): Unity Pvr_setMonoPresentation begin
I/UnityNativeActivityPico( 3924): Unity presentationDisplays.length = 0
I/UnityNativeActivityPico( 3924): DISFT MonoPresentation = Disable
I/UnityNativeActivityPico( 3924): Unity Pvr_setMonoPresentation failed
I/UnityNativeActivityPico( 3924): Unity Pvr_setMonoPresentation end
I/Unity   ( 3924): DISFT IPD:0.063
I/Unity   ( 3924): Pvr_UnitySDKAPI.System:UPvr_GetIPD()
I/Unity   ( 3924): <OnResume>d__124:MoveNext()
I/Unity   ( 3924): UnityEngine.SetupCoroutine:InvokeMoveNext(IEnumerator, IntPtr)
I/Unity   ( 3924):  
I/Unity   ( 3924): (Filename: ./Runtime/Export/Debug.bindings.h Line: 45)
I/Unity   ( 3924): 
I/chatty  ( 3924): uid=1000(system) com.pvr.vrshell identical 1 line
I/Unity   ( 3924): DISFT IPD:0.063
I/Unity   ( 3924): Pvr_UnitySDKAPI.System:UPvr_GetIPD()
I/Unity   ( 3924): <OnResume>d__124:MoveNext()
I/Unity   ( 3924): UnityEngine.SetupCoroutine:InvokeMoveNext(IEnumerator, IntPtr)
I/Unity   ( 3924):  
I/Unity   ( 3924): (Filename: ./Runtime/Export/Debug.bindings.h Line: 45)
I/Unity   ( 3924): 
I/Unity   ( 3924): VRShell------->OnApplicationPause = False
I/Unity   ( 3924): MainScreen:OnApplicationPause(Boolean)
I/Unity   ( 3924):  
I/Unity   ( 3924): (Filename: ./Runtime/Export/Debug.bindings.h Line: 45)
I/Unity   ( 3924): 
I/Unity   ( 3924): VRShell------->Coroutine SwitchApp
I/Unity   ( 3924): <SwitchApp>d__23:MoveNext()
I/Unity   ( 3924): UnityEngine.SetupCoroutine:InvokeMoveNext(IEnumerator, IntPtr)
I/Unity   ( 3924): MainScreen:OnApplicationPause(Boolean)
I/Unity   ( 3924):  
I/Unity   ( 3924): (Filename: ./Runtime/Export/Debug.bindings.h Line: 45)
I/Unity   ( 3924): 
I/PVRShell( 3924): Provision component is com.picovr.provision/com.picovr.provision.UnityActivity
I/UnityPlugin( 3924): Pvr_SetTrackingOriginType UNITY level type 0 supportFloor 1
I/UnityPlugin( 3924): Pvr_SetTrackingOriginType UNITY enter EYELEVEL
I/UnityPlugin( 3924): Pvr_OptionalResetSensor_ enter
I/VrApi   ( 3924): PVR_SERVICE_QUATERNION_MODE ResetSensor
I/PvrServiceClient( 3924): Call resetTracking in PvrServiceClient,mode=3
E/Paul    ( 1150): track_flag:0,3,1
E/Paul    ( 1150): Orientation:1.849027,0.980971
E/Paul    ( 1150): pose_offset_reset:0,0.000000,0.025581,0.000000,0.999673,0.000000,0.000000,0.000000
E/Paul    ( 1150): Reset
E/Paul    ( 1150): fix-no-smooth
E/Paul    ( 1150): new-struct
D/PvrService( 1150): newTracker resetTracking mode=[3] pose_offset [0.000000,0.025581,0.000000,0.999673,0.000000,0.000000,0.000000] flag=[1]
I/PvrService( 1150): alg_reset successfully: 0
E/PvrService( 1150): Call resetTracking in PvrServiceCore,mode=3, 0,1,0
E/PvrService( 1150): resetTracking:Try to get tracking lock mutex
E/PvrService( 1150): resetTracking:Get tracking lock mutex
I/PvrService( 1150): Call resetTrackingThread in PvrServiceCore,mode=3, 0,1,0
E/PvrService( 1150): Reset 3dof rotation [0 1 0]
D/PvrOrientationTracker( 1150): Reset value = 0,1,0
D/PvrOrientationTracker( 1150): SensorFusion::RecenterYaw()
I/PvrService( 1150): Status callback:VR_CLIENT_STATUS_ORIENTATION_RESETTED
I/PvrService( 1150): Status callback:VR_CLIENT_STATUS_ORIENTATION_RESETTED done
E/PvrService( 1150): resetTrackingThread:release tracking lock mutex
I/UnityPlugin( 3924): Pvr_OptionalResetSensor_ exit
I/Unity   ( 3924): PvrLog OptionalResetUnitySDKSensor OK!11
I/Unity   ( 3924): Pvr_UnitySDKSensor:OptionalResetUnitySDKSensor(Int32, Int32)
I/Unity   ( 3924): LauncherSceneManager:LoadSeeThroughScene()
I/Unity   ( 3924):  
I/Unity   ( 3924): (Filename: ./Runtime/Export/Debug.bindings.h Line: 45)
I/Unity   ( 3924): 
I/vrUserCenter.UserInfoProvider( 3374): UserInfoProvider????query
I/PVRShell( 3924): getUserInfo success,userInfo =
I/vrUserCenter.UserInfoProvider( 3374): UserInfoProvider????query
E/PVRShell( 3924): avatarString is null
D/PvrService( 1150): Notification Client[0] onClientStatusChange
I/Unity   ( 3924): VRShell------->User not login!
I/Unity   ( 3924): UserInfoView:RefreshInfoView()
I/Unity   ( 3924): StatusBar:GetUserInfo()
I/Unity   ( 3924):  
I/Unity   ( 3924): (Filename: ./Runtime/Export/Debug.bindings.h Line: 45)
I/Unity   ( 3924): 
E/PvrClientJava( 3924): status = 11,argCnt = 0
D/PvrClient( 3924): args0 = 11
W/SensorService( 1655): sensor 00000022 already enabled in connection 0x73db903b80 (ignoring)
I/sensors-hal( 1111): flush:190, android.sensor.accelerometer/34
--------- beginning of crash
F/libc    ( 1150): Fatal signal 11 (SIGSEGV), code 1 (SEGV_MAPERR), fault addr 0x0 in tid 1852 (pvrservice), pid 1150 (Binder:1150_2)
I/sensors-hal( 1111): flush:196, android.sensor.accelerometer/34 completed
I/UnityPlugin( 3924): Pvr_SetTrackingOriginType UNITY level type 0 supportFloor 1
I/UnityPlugin( 3924): Pvr_SetTrackingOriginType UNITY enter EYELEVEL
I/Unity   ( 3924): VRShell------->Start
I/Unity   ( 3924): MainScreen:Start()
I/Unity   ( 3924):  
I/Unity   ( 3924): (Filename: ./Runtime/Export/Debug.bindings.h Line: 45)
I/Unity   ( 3924): 
I/Unity   ( 3924): VRShell------->3840|2160|640
I/Unity   ( 3924): <InitSurface>d__20:MoveNext()
I/Unity   ( 3924): UnityEngine.SetupCoroutine:InvokeMoveNext(IEnumerator, IntPtr)
I/Unity   ( 3924): MainScreen:Start()
I/Unity   ( 3924):  
I/Unity   ( 3924): (Filename: ./Runtime/Export/Debug.bindings.h Line: 45)
I/Unity   ( 3924): 
D/PvrClient( 3924): notify the orientation reseted
I/PVRShell( 3924): Provision component is com.picovr.provision/com.picovr.provision.UnityActivity
I/Unity   ( 3924): ??Navigation data ????
I/Unity   ( 3924): StartUpApp:GetOutSideNav_Data()
I/Unity   ( 3924): StartUpApp:Start()
I/Unity   ( 3924):  
I/Unity   ( 3924): (Filename: ./Runtime/Export/Debug.bindings.h Line: 45)
I/Unity   ( 3924): 
D/HalDevMgr( 1655): onDebugRingBufferDataAvailable
I/chatty  ( 1655): uid=1000(system) HwBinder:1655_1 identical 1 line
D/HalDevMgr( 1655): onDebugRingBufferDataAvailable
D/HalDevMgr( 1655): onDebugRingBufferDataAvailable
D/HalDevMgr( 1655): onDebugRingBufferDataAvailable
I/FrameAnimation( 3924): mBitmap.recycle
E/InputDispatcher( 1655): Window handle nav_input_consumer has no registered input channel
I/crash_dump64( 4078): obtaining output fd from tombstoned, type: kDebuggerdTombstone
I//system/bin/tombstoned( 1403): received crash request for pid 1852
I/crash_dump64( 4078): performing dump of process 1150 (target tid = 1852)
E/ResolverController( 1382): No valid NAT64 prefix (100, <unspecified>/0)
F/DEBUG   ( 4078): *** *** *** *** *** *** *** *** *** *** *** *** *** *** *** ***
F/DEBUG   ( 4078): LineageOS Version: '17.1-20210808-UNOFFICIAL-'
F/DEBUG   ( 4078): Build fingerprint: 'unknown/unknown/PICOA7B10:10/QQ3A.200805.001/eng.crossg.20210808.163339:userdebug/test-keys'
F/DEBUG   ( 4078): Revision: '0'
F/DEBUG   ( 4078): ABI: 'arm64'
F/DEBUG   ( 4078): Timestamp: 2026-08-13 15:27:04-0400
F/DEBUG   ( 4078): pid: 1150, tid: 1852, name: pvrservice  >>> /system/bin/pvrservice <<<
F/DEBUG   ( 4078): uid: 0
F/DEBUG   ( 4078): signal 11 (SIGSEGV), code 1 (SEGV_MAPERR), fault addr 0x0
F/DEBUG   ( 4078): Cause: null pointer dereference
F/DEBUG   ( 4078):     x0  00000073b8e02008  x1  0000000000000000  x2  00000073b8e01590  x3  00000073b8e016f0
F/DEBUG   ( 4078):     x4  0000000000000000  x5  00000073b8e01810  x6  00000073c0a23c00  x7  0000000000000000
F/DEBUG   ( 4078):     x8  0000000000000001  x9  00000073b8e00fe8  x10 00000073b8e01464  x11 00000073b8e01400
F/DEBUG   ( 4078):     x12 00000073b8e00ffa  x13 0000000000000080  x14 0000000000000010  x15 00000073bfd3d40a
F/DEBUG   ( 4078):     x16 00000073bfd437d0  x17 00000073bfcd4e88  x18 0000000000000000  x19 00000073b8e015b8
F/DEBUG   ( 4078):     x20 0000000000000000  x21 00000073b8e01590  x22 00000073b8e02020  x23 00000073b8e02008
F/DEBUG   ( 4078):     x24 000000007fffffff  x25 00000073be5d77ac  x26 00000073c0a17480  x27 0000000000000000
F/DEBUG   ( 4078):     x28 0000000000000000  x29 00000073b8e01580
F/DEBUG   ( 4078):     sp  00000073b8e00e00  lr  00000073bfd1215c  pc  00000073bfd1232c
F/DEBUG   ( 4078): 
F/DEBUG   ( 4078): backtrace:
F/DEBUG   ( 4078):       #00 pc 00000000000bf32c  /apex/com.android.runtime/lib64/bionic/libc.so (__vfprintf+524) (BuildId: bf14cf7a62d1f91755beddd4a937354d)
F/DEBUG   ( 4078):       #01 pc 00000000000dd5a4  /apex/com.android.runtime/lib64/bionic/libc.so (vsnprintf+148) (BuildId: bf14cf7a62d1f91755beddd4a937354d)
F/DEBUG   ( 4078):       #02 pc 00000000000a9260  /apex/com.android.runtime/lib64/bionic/libc.so (__vsnprintf_chk+60) (BuildId: bf14cf7a62d1f91755beddd4a937354d)
F/DEBUG   ( 4078):       #03 pc 00000000000087a0  /system/lib64/liblog.so (__android_log_print+140) (BuildId: abc9e34f45037deab475aefb9194f1bd)
F/DEBUG   ( 4078):       #04 pc 000000000000d0d4  /system/lib64/libpvrservice.so (PVR::serviceStatusCallback(void*)+472) (BuildId: ef73632132c7a65384410709437d5734)
F/DEBUG   ( 4078):       #05 pc 00000000000e2390  /apex/com.android.runtime/lib64/bionic/libc.so (__pthread_start(void*)+36) (BuildId: bf14cf7a62d1f91755beddd4a937354d)
F/DEBUG   ( 4078):       #06 pc 0000000000083ab0  /apex/com.android.runtime/lib64/bionic/libc.so (__start_thread+64) (BuildId: bf14cf7a62d1f91755beddd4a937354d)
I/FrameAnimation( 3924): mBitmap.recycle
E/system_server( 1655): Invalid ID 0x00000000.
W/NativeCrashListener( 1655): Couldn't find ProcessRecord for pid 1150
E//system/bin/tombstoned( 1403): Tombstone written to: /data/tombstones/tombstone_19
E/InputDispatcher( 1655): Window handle nav_input_consumer has no registered input channel
I/BootReceiver( 1655): Copying /data/tombstones/tombstone_19 to DropBox (SYSTEM_TOMBSTONE)
I/DropBoxManagerService( 1655): add tag=SYSTEM_TOMBSTONE isTagEnabled=true flags=0x2
W/PvrServiceClient( 3924): Pvr Service server binderdied!
I/ServiceManager(  560): service 'pvrservice' died
I/PvrServiceClient( 3924): resetShareMemory reset-1
W/PvrServiceClient( 3924): getServiceThread::reset begin - 3943
E/PvrServiceClient( 3924): ReInitService stopSocket done
E/PvrServiceClient( 3924): ReInitService setPvrServicePointerNull done
E/PvrClientJava( 3924): status = 1,argCnt = 0
E/PvrServiceClient( 3924): ReInitService mClientStatusCallBack done
W/PvrServiceClient( 3924): getServiceThread::reset end - 3943
E/InputDispatcher( 1655): Window handle nav_input_consumer has no registered input channel
I/sensors-hal( 1111): activate:128, android.sensor.magnetic_field/17 en=0
I/sensors-hal( 1111): activate:139, android.sensor.magnetic_field/17 en=0 completed
I/sensors-hal( 1111): config_direct_report:358, config_direct_report : enter
I/chatty  ( 1111): uid=1000(system) sensors@1.0-ser identical 2 lines
I/sensors-hal( 1111): config_direct_report:358, config_direct_report : enter
W/PvrServiceClient( 3924): getServiceThread::threadLoop
I/ServiceManager( 3924): Waiting for service 'pvrservice' on '/dev/binder'...
I/sensors-hal( 1111): activate:128, android.sensor.gyroscope/26 en=0
I/sensors-hal( 1111): activate:139, android.sensor.gyroscope/26 en=0 completed
I/sensors-hal( 1111): activate:128, android.sensor.gyroscope_uncalibrated/28 en=0
E/InputDispatcher( 1655): Window handle nav_input_consumer has no registered input channel
I/sensors-hal( 1111): activate:139, android.sensor.gyroscope_uncalibrated/28 en=0 completed
I/sensors-hal( 1111): batch:161, android.sensor.accelerometer/34, period=20000000, max_latency=0
I/sensors-hal( 1111): batch:170, android.sensor.accelerometer/34, period=20000000, max_latency=0 request completed
I/Adreno  ( 1655): QUALCOMM build                   : 2d5c972, I8302e904d2
I/Adreno  ( 1655): Build Date                       : 03/29/19
I/Adreno  ( 1655): OpenGL ES Shader Compiler Version: EV031.26.03.00
I/Adreno  ( 1655): Local Branch                     : mybranche951d0e9-8bc7-f187-be97-5cb90179c3d8
I/Adreno  ( 1655): Remote Branch                    : quic/gfx-adreno.lnx.1.0.r65-rel
I/Adreno  ( 1655): Remote Branch                    : NONE
I/Adreno  ( 1655): Reconstruct Branch               : NOTHING
I/Adreno  ( 1655): Build Config                     : S L 4.0.10 AArch64
I/Adreno  ( 1655): PFP: 0x016ee183, ME: 0x00000000
E/InputDispatcher( 1655): Window handle nav_input_consumer has no registered input channel
I/FrameAnimation( 3924): mBitmap.recycle
E/InputDispatcher( 1655): Window handle nav_input_consumer has no registered input channel
I/PVRShell( 3924): onWindowFocusChanged, hasFocus = false
E/InputDispatcher( 1655): Window handle nav_input_consumer has no registered input channel
E/InputDispatcher( 1655): Window handle nav_input_consumer has no registered input channel
I/Unity   ( 3924): [{"packageName":"com.pvr.home","className":"com.pvr.home.RecActivity","actionName":"pvr.intent.action.HOME_REC","showName":"Recommend","iconUrl":"Image/ic_recommend"},{"packageName":"com.pvr.home","className":"com.pvr.home.AllAppActivity","actionName":"pvr.intent.action.HOME_APP","showName":"All_App","iconUrl":"Image/ic_allapp"},{"packageName":"com.picovr.store","className":"","actionName":"","showName":"Store","iconUrl":"Image/ic_store"},
I/Unity   ( 3924): {"packageName":"com.pvr.filemanager","className":"","actionName":"","showName":"File_Management","iconUrl":"Image/ic_files"},{"packageName":"com.picovr.settings","className":"","actionName":"pui.settings.action.SETTINGS","showName":"Settings","iconUrl":"Image/ic_setting"}]
I/Unity   ( 3924): StartUpApp:Start()
I/Unity   ( 3924):  
I/Unity   ( 3924): (Filename: ./Runtime/Export/Debug.bindings.h Line: 45)
I/Unity   ( 3924): 
I/ashmem  ( 4088): memfd: device VNDK version (27) is < Q so using ashmem.
I/pvrservice( 4088): type=1400 audit(0.0:697): avc: denied { dac_override } for capability=1 scontext=u:r:shell:s0 tcontext=u:r:shell:s0 tclass=capability permissive=1
I/FrameAnimation( 3924): mBitmap.recycle
I/PvrService( 4088): newTracker: Create Share Memory Success
I/PvrService( 4088): newTracker: ShareMemory address:0x7a8fcf4000
E/Paul    ( 4088): IsInitialized
E/HaveDir ( 4088): HaveDir
E/Paul    ( 4088): open_calib_file_ok
E/GyroMatrix( 4088): c:1.000000,0.000000,0.000000,0.000000,1.000000,0.000000,0.000000,0.000000,1.000000
E/SensorConstruct( 4088): SensorConstruct
D/PvrService( 4088): neck mode:position<0.000000,0.000000,0.000000> args<0.000000,-0.075000,0.080500>
I/PvrService( 4088): Load libpvrmodule_orientationtracker.so success
D/PvrOrientationTracker( 4088): GLOBAL_TRACKING_VERSION 2.51
D/PvrOrientationTracker( 4088): OrientationTracker Constructor
D/PvrOrientationTracker( 4088): OrientationTracker InitializeInternal
D/PvrOrientationTracker( 4088): SensorDataFusion Constructor
D/PvrOrientationTracker( 4088): SensorFusion::Reset()
D/PvrOrientationTracker( 4088): Open user calibration file FAIL
D/PvrOrientationTracker( 4088): open calibration file Fail,use default calibration data
D/PvrOrientationTracker( 4088): GeomagneticSwitch = 1
E/SensorConstruct( 4088): SensorConstruct
E/HaveDir ( 4088): HaveDir
D/PvrOrientationTracker( 4088): OrientationTracker addr=0x7a8fbe8000
D/PvrOrientationTracker( 4088): OrientationTracker getSensorRequirement: sensors=22
E/PvrService( 4088): Sensor mask is 22
E/PvrService( 4088): Open library<libHeadImuCalibrate_int.so> failed:dlopen failed: library "libHeadImuCalibrate_int.so" not found
I/Unity   ( 3924): 6
I/Unity   ( 3924): NavigationManager:InitDataList(List`1)
I/Unity   ( 3924):  
I/Unity   ( 3924): (Filename: ./Runtime/Export/Debug.bindings.h Line: 45)
I/Unity   ( 3924): 
E//system/bin/pvrservice( 4088): open() failed for /dev/cgroup_info/cgroup.rc: No such file or directory
E/libprocessgroup( 4088): CgroupMap::LoadRcFile called for [4088] failed
I/PvrService( 4088): Load libpvrmodule_platform.so success
I/PvrPlatform( 4088): Platform config file path:/system/etc/pvr/pvrservice_platform_G2U3_PU.ini
I/PvrPlatform( 4088): All config item is exist!
I/PvrPlatform( 4088): Successfully parse platform config file
E/PvrPlatform( 4088): Open library<lib6DofReset.so> failed:(null)
E/libprocessgroup( 4088): CgroupMap::FindController called for [4088] failed, RC file was not initialized properly
E/PvrPlatform( 4088): Get function<mUpdateOffsets> failed:undefined symbol: updateOffsets
W/libprocessgroup( 4088): Controller cpuset is not found
E/libprocessgroup( 4088): CgroupMap::FindController called for [4088] failed, RC file was not initialized properly
W/libprocessgroup( 4088): Controller cpuset is not found
E/libprocessgroup( 4088): CgroupMap::FindController called for [4088] failed, RC file was not initialized properly
W/libprocessgroup( 4088): Controller cpuset is not found
E/libprocessgroup( 4088): CgroupMap::FindController called for [4088] failed, RC file was not initialized properly
W/libprocessgroup( 4088): Controller memory is not found
E/PvrPlatform( 4088): Get function<mGetResetPos> failed:undefined symbol: getResetPos
E/libprocessgroup( 4088): CgroupMap::FindController called for [4088] failed, RC file was not initialized properly
W/libprocessgroup( 4088): Controller memory is not found
E/PvrPlatform( 4088): display panel:JDI554K
E/libprocessgroup( 4088): CgroupMap::FindController called for [4088] failed, RC file was not initialized properly
I/PvrPlatform( 4088): Get lens axis offset:0.114761,0.150000,-0.109855,0.132770
W/libprocessgroup( 4088): Controller memory is not found
E/libprocessgroup( 4088): CgroupMap::FindController called for [4088] failed, RC file was not initialized properly
W/libprocessgroup( 4088): Controller schedtune is not found
E/libprocessgroup( 4088): CgroupMap::FindController called for [4088] failed, RC file was not initialized properly
W/libprocessgroup( 4088): Controller schedtune is not found
E/libprocessgroup( 4088): CgroupMap::FindController called for [4088] failed, RC file was not initialized properly
W/libprocessgroup( 4088): Controller cpu is not found
E/PvrService( 4088): Open library<libpvrmodule_externalhmd.so> failed:dlopen failed: library "libpvrmodule_externalhmd.so" not found
E/PvrService( 4088): load external hmd module failed
E/libprocessgroup( 4088): CgroupMap::FindController called for [4088] failed, RC file was not initialized properly
W/libprocessgroup( 4088): Controller cpu is not found
E/libprocessgroup( 4088): CgroupMap::FindController called for [4088] failed, RC file was not initialized properly
W/libprocessgroup( 4088): JoinCgroup: controller schedtune is not found
E/libprocessgroup( 4088): CgroupMap::FindController called for [4088] failed, RC file was not initialized properly
W/libprocessgroup( 4088): JoinCgroup: controller schedtune is not found
E/libprocessgroup( 4088): CgroupMap::FindController called for [4088] failed, RC file was not initialized properly
W/libprocessgroup( 4088): JoinCgroup: controller schedtune is not found
E/libprocessgroup( 4088): CgroupMap::FindController called for [4088] failed, RC file was not initialized properly
W/libprocessgroup( 4088): JoinCgroup: controller schedtune is not found
E/libprocessgroup( 4088): CgroupMap::FindController called for [4088] failed, RC file was not initialized properly
W/libprocessgroup( 4088): JoinCgroup: controller schedtune is not found
W/libprocessgroup( 4088): SetAttribute: unknown attribute: STunePreferIdle
W/libprocessgroup( 4088): SetAttribute: unknown attribute: STunePreferIdle
E/libprocessgroup( 4088): CgroupMap::FindController called for [4088] failed, RC file was not initialized properly
W/libprocessgroup( 4088): JoinCgroup: controller cpuset is not found
E/libprocessgroup( 4088): CgroupMap::FindController called for [4088] failed, RC file was not initialized properly
W/libprocessgroup( 4088): JoinCgroup: controller cpuset is not found
E/libprocessgroup( 4088): CgroupMap::FindController called for [4088] failed, RC file was not initialized properly
W/libprocessgroup( 4088): JoinCgroup: controller cpuset is not found
E/libprocessgroup( 4088): CgroupMap::FindController called for [4088] failed, RC file was not initialized properly
W/libprocessgroup( 4088): JoinCgroup: controller cpuset is not found
E/libprocessgroup( 4088): CgroupMap::FindController called for [4088] failed, RC file was not initialized properly
W/libprocessgroup( 4088): JoinCgroup: controller cpuset is not found
E/libprocessgroup( 4088): CgroupMap::FindController called for [4088] failed, RC file was not initialized properly
W/libprocessgroup( 4088): JoinCgroup: controller cpuset is not found
E/libprocessgroup( 4088): CgroupMap::FindController called for [4088] failed, RC file was not initialized properly
W/libprocessgroup( 4088): JoinCgroup: controller cpuset is not found
E/libprocessgroup( 4088): CgroupMap::FindController called for [4088] failed, RC file was not initialized properly
W/libprocessgroup( 4088): JoinCgroup: controller cpuset is not found
E/libprocessgroup( 4088): CgroupMap::FindController called for [4088] failed, RC file was not initialized properly
W/libprocessgroup( 4088): JoinCgroup: controller cpuset is not found
E/libprocessgroup( 4088): CgroupMap::FindController called for [4088] failed, RC file was not initialized properly
W/libprocessgroup( 4088): JoinCgroup: controller cpuset is not found
E/libprocessgroup( 4088): CgroupMap::FindController called for [4088] failed, RC file was not initialized properly
W/libprocessgroup( 4088): JoinCgroup: controller cpuset is not found
E/libprocessgroup( 4088): CgroupMap::FindController called for [4088] failed, RC file was not initialized properly
W/libprocessgroup( 4088): JoinCgroup: controller cpuset is not found
E/libprocessgroup( 4088): CgroupMap::FindController called for [4088] failed, RC file was not initialized properly
W/libprocessgroup( 4088): JoinCgroup: controller cpuset is not found
E/libprocessgroup( 4088): CgroupMap::FindController called for [4088] failed, RC file was not initialized properly
W/libprocessgroup( 4088): JoinCgroup: controller cpuset is not found
E/libprocessgroup( 4088): CgroupMap::FindController called for [4088] failed, RC file was not initialized properly
W/libprocessgroup( 4088): JoinCgroup: controller blkio is not found
E/libprocessgroup( 4088): CgroupMap::FindController called for [4088] failed, RC file was not initialized properly
W/libprocessgroup( 4088): JoinCgroup: controller blkio is not found
E/libprocessgroup( 4088): CgroupMap::FindController called for [4088] failed, RC file was not initialized properly
W/libprocessgroup( 4088): JoinCgroup: controller blkio is not found
E/libprocessgroup( 4088): CgroupMap::FindController called for [4088] failed, RC file was not initialized properly
W/libprocessgroup( 4088): JoinCgroup: controller blkio is not found
W/libprocessgroup( 4088): SetAttribute: unknown attribute: MemSoftLimit
W/libprocessgroup( 4088): SetAttribute: unknown attribute: MemSwappiness
W/libprocessgroup( 4088): SetAttribute: unknown attribute: MemSoftLimit
W/libprocessgroup( 4088): SetAttribute: unknown attribute: MemSwappiness
E/libprocessgroup( 4088): CgroupMap::FindController called for [4088] failed, RC file was not initialized properly
W/libprocessgroup( 4088): JoinCgroup: controller memory is not found
I/sensors-hal( 1111): flush:190, android.sensor.accelerometer/34
E/InputDispatcher( 1655): Window handle nav_input_consumer has no registered input channel
I/sensors-hal( 1111): flush:196, android.sensor.accelerometer/34 completed
I/sensors-hal( 1111): batch:161, android.sensor.accelerometer/34, period=2000000, max_latency=0
I/sensors-hal( 1111): batch:170, android.sensor.accelerometer/34, period=2000000, max_latency=0 request completed
I/sensors-hal( 1111): batch:161, android.sensor.gyroscope/26, period=200000000, max_latency=0
I/sensors-hal( 1111): batch:170, android.sensor.gyroscope/26, period=200000000, max_latency=0 request completed
I/sensors-hal( 1111): activate:128, android.sensor.gyroscope/26 en=1
I/Unity   ( 3924): xxxxxxxxxxxxx
I/Unity   ( 3924): NavigationManager:InitDataList(List`1)
I/Unity   ( 3924):  
I/Unity   ( 3924): (Filename: ./Runtime/Export/Debug.bindings.h Line: 45)
I/Unity   ( 3924): 
D/HalDevMgr( 1655): onDebugRingBufferDataAvailable
I/chatty  ( 1655): uid=1000(system) HwBinder:1655_2 identical 3 lines
D/HalDevMgr( 1655): onDebugRingBufferDataAvailable
I/Unity   ( 3924): PUI--------------ro.pvr.product.name = FalconCV2
I/Unity   ( 3924): PUI_UnityAPI:GetDeviceMode()
I/Unity   ( 3924): StatusBarView:SetUIPos()
I/Unity   ( 3924): StatusBarView:Start()
I/Unity   ( 3924):  
I/Unity   ( 3924): (Filename: ./Runtime/Export/Debug.bindings.h Line: 45)
I/Unity   ( 3924): 
W/System.err( 3924): android.content.pm.PackageManager$NameNotFoundException: com.pvr.seethrough.setting
W/System.err( 3924): 	at android.app.ApplicationPackageManager.getPackageInfoAsUser(ApplicationPackageManager.java:193)
W/System.err( 3924): 	at android.app.ApplicationPackageManager.getPackageInfo(ApplicationPackageManager.java:162)
W/System.err( 3924): 	at com.pvr.vrshell.utils.Utils.isInstalled(Unknown Source:5)
W/System.err( 3924): 	at com.pvr.vrshell.utils.Utils.isUsable(Unknown Source:10)
W/System.err( 3924): 	at com.pvr.vrshell.utils.ShellUtils.isUsable(Unknown Source:11)
W/System.err( 3924): 	at com.unity3d.player.UnityPlayer.nativeRender(Native Method)
W/System.err( 3924): 	at com.unity3d.player.UnityPlayer.e(Unknown Source:0)
W/System.err( 3924): 	at com.unity3d.player.UnityPlayer$f$2.queueIdle(Unknown Source:125)
W/System.err( 3924): 	at android.os.MessageQueue.next(MessageQueue.java:405)
W/System.err( 3924): 	at android.os.Looper.loop(Looper.java:174)
W/System.err( 3924): 	at com.unity3d.player.UnityPlayer$f.run(Unknown Source:32)
I/sensors-hal( 1111): activate:139, android.sensor.gyroscope/26 en=1 completed
I/sensors-hal( 1111): batch:161, android.sensor.gyroscope/26, period=2000000, max_latency=0
I/sensors-hal( 1111): batch:170, android.sensor.gyroscope/26, period=2000000, max_latency=0 request completed
I/sensors-hal( 1111): batch:161, android.sensor.magnetic_field/17, period=200000000, max_latency=0
I/sensors-hal( 1111): batch:170, android.sensor.magnetic_field/17, period=200000000, max_latency=0 request completed
I/sensors-hal( 1111): activate:128, android.sensor.magnetic_field/17 en=1
I/Unity   ( 3924): ime create
I/Unity   ( 3924): SGIme:Create(ImeDelegateBase)
I/Unity   ( 3924): ImeManager:Start()
I/Unity   ( 3924):  
I/Unity   ( 3924): (Filename: ./Runtime/Export/Debug.bindings.h Line: 45)
I/Unity   ( 3924): 
W/ContextImpl( 3924): Calling a method in the system process without a qualified user: android.app.ContextImpl.bindService:1649 android.content.ContextWrapper.bindService:705 com.sohu.inputmethod.sogou.sgrenderproxy.RenderProxy.start:54 com.sohu.inputmethod.sogou.sgrenderproxy.RenderProxyUnity.<init>:23 com.unity3d.player.UnityPlayer.nativeRender:-2 
W/ActivityManager( 1655): Unable to start service Intent { cmp=com.sohu.inputmethod.sogou.car/.RenderService } U=0: not found
I/Unity   ( 3924): ime hide
I/Unity   ( 3924): SGIme:Hide()
I/Unity   ( 3924): ImeManager:Hide()
I/Unity   ( 3924):  
I/Unity   ( 3924): (Filename: ./Runtime/Export/Debug.bindings.h Line: 45)
I/Unity   ( 3924): 
I/Unity   ( 3924): OnIMEHide
I/Unity   ( 3924): ImeDelegateImpl_kbd:OnIMEHide()
I/Unity   ( 3924):  
I/Unity   ( 3924): (Filename: ./Runtime/Export/Debug.bindings.h Line: 45)
I/Unity   ( 3924): 
I/sensors-hal( 1111): activate:139, android.sensor.magnetic_field/17 en=1 completed
I/sensors-hal( 1111): batch:161, android.sensor.magnetic_field/17, period=10000000, max_latency=0
E/UnityPlugin( 3924): Get sensor failed. Render thread not initialized.
E/InputDispatcher( 1655): Window handle nav_input_consumer has no registered input channel
I/sensors-hal( 1111): batch:170, android.sensor.magnetic_field/17, period=10000000, max_latency=0 request completed
I/sensors-hal( 1111): batch:161, android.sensor.gyroscope_uncalibrated/28, period=200000000, max_latency=0
I/sensors-hal( 1111): batch:170, android.sensor.gyroscope_uncalibrated/28, period=200000000, max_latency=0 request completed
I/sensors-hal( 1111): activate:128, android.sensor.gyroscope_uncalibrated/28 en=1
E/CRASH   ( 3924): signal 11 (SIGSEGV), code 1 (SEGV_MAPERR), fault addr 0000000000000000
E/CRASH   ( 3924): *** *** *** *** *** *** *** *** *** *** *** *** *** *** *** ***
E/CRASH   ( 3924): Build type 'Release', Scripting Backend 'il2cpp', CPU 'arm64-v8a'
E/CRASH   ( 3924): Build fingerprint: 'unknown/unknown/PICOA7B10:10/QQ3A.200805.001/eng.crossg.20210808.163339:userdebug/test-keys'
E/CRASH   ( 3924): Revision: '0'
E/CRASH   ( 3924): pid: 3924, tid: 3989, name: UnityMain  >>> com.pvr.vrshell <<<
E/CRASH   ( 3924):     x0   0000000000000000  x1   00000074caf7a680  x2   0000000000000200  x3   0000657461657243
E/CRASH   ( 3924):     x4   00000073d5b7fe6e  x5   00000074caf7a6a7  x6   7574726956727670  x7   437475706e496c61
E/CRASH   ( 3924):     x8   0000000000000001  x9   0000000000004001  x10  0000000000000000  x11  00000074cae72d57
E/CRASH   ( 3924):     x12  00000074cae72d42  x13  6574616572437475  x14  ffffff0000000000  x15  ffffffffffffffff
E/CRASH   ( 3924):     x16  0000000000000000  x17  00000074cae9e318  x18  00000073ea9b743e  x19  0000000000000001
E/CRASH   ( 3924):     x20  0000000000000000  x21  000000739f5f7010  x22  00000073d5b80210  x23  0000007434b253ed
E/CRASH   ( 3924):     x24  0000000000000014  x25  00000073d5b83020  x26  00000073dd6c5cb0  x27  0000000000000005
E/CRASH   ( 3924):     x28  00000073d5b7ff90  x29  00000073d5b7ff60  x30  000000739f5e6784
E/CRASH   ( 3924):     sp   00000073d5b7ff20  pc   0000000000000000  pstate 0000000080000000
E/CRASH   ( 3924): 
E/CRASH   ( 3924): backtrace:
I/pvrservice( 4088): type=1400 audit(0.0:698): avc: denied { read } for name="wake_lock" dev="sysfs" ino=23665 scontext=u:r:shell:s0 tcontext=u:object_r:sysfs_wake_lock:s0 tclass=file permissive=1
I/pvrservice( 4088): type=1400 audit(0.0:699): avc: denied { open } for path="/sys/power/wake_lock" dev="sysfs" ino=23665 scontext=u:r:shell:s0 tcontext=u:object_r:sysfs_wake_lock:s0 tclass=file permissive=1
I/pvrservice( 4088): type=1400 audit(0.0:700): avc: denied { sys_nice } for capability=23 scontext=u:r:shell:s0 tcontext=u:r:shell:s0 tclass=capability permissive=1
I/sensors-hal( 1111): activate:139, android.sensor.gyroscope_uncalibrated/28 en=1 completed
I/sensors-hal( 1111): batch:161, android.sensor.gyroscope_uncalibrated/28, period=2000000, max_latency=0
I/sensors-hal( 1111): batch:170, android.sensor.gyroscope_uncalibrated/28, period=2000000, max_latency=0 request completed
E/PvrService( 4088): Open library<libpvrmodule_controller.so> failed:dlopen failed: library "libpvrmodule_controller.so" not found
E/PvrService( 4088): load controller module failed
D/PvrPlatform( 4088): Start display interrupt thread failed
I/PvrService( 4088): PvrService get tracking data through share-memory.
D/PvrService( 4088): call PvrServiceCore::getShareMemoryNewTracker()
D/PvrService( 4088): call OrientationTracker::getShareMemoryNewTracker()
D/PvrService( 4088): startServiceStatusCallThread done.
I/PvrService( 4088): Call setTrackingMode in ServiceCore, cur=1 new=1
E/PvrService( 4088): setTrackingMode:Try to get tracking lock mutex
E/PvrService( 4088): setTrackingMode:Get tracking lock mutex
I/PvrService( 4088): Call setTrackingModeThread
I/PvrService( 4088): Call setEyeTrackingMode in ServiceCore, cur=0 new=1
E/PvrService( 4088): setTrackingModeThread:release tracking lock mutex
E/InputDispatcher( 1655): Window handle nav_input_consumer has no registered input channel
E/PvrPlatform( 4088): Vsync listener thread is started
E/PvrPlatform( 4088): Enable receiver
D/PvrService( 4088): PvrService::setShareMemoryData(0):
D/PvrService( 4088):  0.000000,0.000000,0.000000,1.000000,0.000000,0.000000,-0.080500	[696255087076]	[696253945931]	[696255087076]	[1154479]
D/PvrService( 4088): threadLoop continue: 1
I/pvrservice( 4088): type=1400 audit(0.0:701): avc: denied { call } for scontext=u:r:shell:s0 tcontext=u:r:system_suspend:s0 tclass=binder permissive=1
D/HalDevMgr( 1655): onDebugRingBufferDataAvailable
I/chatty  ( 1655): uid=1000(system) HwBinder:1655_1 identical 1 line
D/HalDevMgr( 1655): onDebugRingBufferDataAvailable
D/HalDevMgr( 1655): onDebugRingBufferDataAvailable
D/HalDevMgr( 1655): onDebugRingBufferDataAvailable
D/PvrPlatform( 4088): Already keep stationary state for 0 secend
I/chatty  ( 4088): uid=0(root) /system/bin/pvrservice identical 1 line
D/PvrPlatform( 4088): Already keep stationary state for 0 secend
E/PvrPlatform( 4088): no accl data for 2 seconds!!!!!!!!!!!!!!!
E/PvrPlatform( 4088): no uncali-gyro data for 2 seconds!!!!!!!!
V/qcreverb( 1763): 	Effect_command, ctxt 0xecde3300, cmd 2
V/qcreverb( 1763): 	Reverb_setConfig, ctxt 0xecde3300
V/qcvirt  ( 1763): 	Effect_command, ctxt 0xeec27e80, cmd 2
V/qcvirt  ( 1763): 	Virtualizer_setConfig, ctxt 0xeec27e80
V/qcbassboost( 1763): 	Effect_command: ctxt 0xecde3280, cmd 2
V/qcbassboost( 1763): 	BassBoost_setConfig: ctxt 0xecde3280
D/HalDevMgr( 1655): onDebugRingBufferDataAvailable
I/chatty  ( 1655): uid=1000(system) HwBinder:1655_3 identical 3 lines
D/HalDevMgr( 1655): onDebugRingBufferDataAvailable
V/qcreverb( 1763): 	Effect_command, ctxt 0xecde3300, cmd 2
V/qcreverb( 1763): 	Reverb_setConfig, ctxt 0xecde3300
V/qcvirt  ( 1763): 	Effect_command, ctxt 0xeec27e80, cmd 2
V/qcvirt  ( 1763): 	Virtualizer_setConfig, ctxt 0xeec27e80
V/qcbassboost( 1763): 	Effect_command: ctxt 0xecde3280, cmd 2
V/qcbassboost( 1763): 	BassBoost_setConfig: ctxt 0xecde3280
V/qcreverb( 1763): 	Effect_command, ctxt 0xecde3300, cmd 2
V/qcreverb( 1763): 	Reverb_setConfig, ctxt 0xecde3300
V/qcvirt  ( 1763): 	Effect_command, ctxt 0xeec27e80, cmd 2
V/qcvirt  ( 1763): 	Virtualizer_setConfig, ctxt 0xeec27e80
V/qcbassboost( 1763): 	Effect_command: ctxt 0xecde3280, cmd 2
V/qcbassboost( 1763): 	BassBoost_setConfig: ctxt 0xecde3280
V/qcreverb( 1763): 	Effect_command, ctxt 0xecde3300, cmd 2
V/qcreverb( 1763): 	Reverb_setConfig, ctxt 0xecde3300
V/qcvirt  ( 1763): 	Effect_command, ctxt 0xeec27e80, cmd 2
V/qcvirt  ( 1763): 	Virtualizer_setConfig, ctxt 0xeec27e80
V/qcbassboost( 1763): 	Effect_command: ctxt 0xecde3280, cmd 2
V/qcbassboost( 1763): 	BassBoost_setConfig: ctxt 0xecde3280
V/qcreverb( 1763): 	Effect_command, ctxt 0xecde3300, cmd 2
V/qcreverb( 1763): 	Reverb_setConfig, ctxt 0xecde3300
V/qcvirt  ( 1763): 	Effect_command, ctxt 0xeec27e80, cmd 2
V/qcvirt  ( 1763): 	Virtualizer_setConfig, ctxt 0xeec27e80
V/qcbassboost( 1763): 	Effect_command: ctxt 0xecde3280, cmd 2
V/qcbassboost( 1763): 	BassBoost_setConfig: ctxt 0xecde3280
V/qcreverb( 1763): 	Effect_command, ctxt 0xecde3300, cmd 2
V/qcreverb( 1763): 	Reverb_setConfig, ctxt 0xecde3300
V/qcvirt  ( 1763): 	Effect_command, ctxt 0xeec27e80, cmd 2
V/qcvirt  ( 1763): 	Virtualizer_setConfig, ctxt 0xeec27e80
V/qcbassboost( 1763): 	Effect_command: ctxt 0xecde3280, cmd 2
V/qcbassboost( 1763): 	BassBoost_setConfig: ctxt 0xecde3280
V/qcreverb( 1763): 	Effect_command, ctxt 0xecde3300, cmd 2
V/qcreverb( 1763): 	Reverb_setConfig, ctxt 0xecde3300
V/qcvirt  ( 1763): 	Effect_command, ctxt 0xeec27e80, cmd 2
V/qcvirt  ( 1763): 	Virtualizer_setConfig, ctxt 0xeec27e80
V/qcbassboost( 1763): 	Effect_command: ctxt 0xecde3280, cmd 2
V/qcbassboost( 1763): 	BassBoost_setConfig: ctxt 0xecde3280
D/HalDevMgr( 1655): onDebugRingBufferDataAvailable
D/HalDevMgr( 1655): onDebugRingBufferDataAvailable
D/HalDevMgr( 1655): onDebugRingBufferDataAvailable
I/chatty  ( 1655): uid=1000(system) HwBinder:1655_5 identical 1 line
D/HalDevMgr( 1655): onDebugRingBufferDataAvailable
V/qcreverb( 1763): 	Effect_command, ctxt 0xecde3300, cmd 2
V/qcreverb( 1763): 	Reverb_setConfig, ctxt 0xecde3300
V/qcvirt  ( 1763): 	Effect_command, ctxt 0xeec27e80, cmd 2
V/qcvirt  ( 1763): 	Virtualizer_setConfig, ctxt 0xeec27e80
V/qcbassboost( 1763): 	Effect_command: ctxt 0xecde3280, cmd 2
V/qcbassboost( 1763): 	BassBoost_setConfig: ctxt 0xecde3280
V/qcreverb( 1763): 	Effect_command, ctxt 0xecde3300, cmd 2
V/qcreverb( 1763): 	Reverb_setConfig, ctxt 0xecde3300
V/qcvirt  ( 1763): 	Effect_command, ctxt 0xeec27e80, cmd 2
V/qcvirt  ( 1763): 	Virtualizer_setConfig, ctxt 0xeec27e80
V/qcbassboost( 1763): 	Effect_command: ctxt 0xecde3280, cmd 2
V/qcbassboost( 1763): 	BassBoost_setConfig: ctxt 0xecde3280
D/HalDevMgr( 1655): onDebugRingBufferDataAvailable
D/HalDevMgr( 1655): onDebugRingBufferDataAvailable
D/HalDevMgr( 1655): onDebugRingBufferDataAvailable
I/chatty  ( 1655): uid=1000(system) HwBinder:1655_2 identical 1 line
D/HalDevMgr( 1655): onDebugRingBufferDataAvailable
W/InputDispatcher( 1655): channel '546c68f com.pvr.vrshell/com.pvr.vrshell.MainActivity (server)' ~ Consumer closed input channel or an error occurred.  events=0x9
E/InputDispatcher( 1655): channel '546c68f com.pvr.vrshell/com.pvr.vrshell.MainActivity (server)' ~ Channel is unrecoverably broken and will be disposed!
I/sensors-hal( 1111): batch:161, android.sensor.accelerometer/34, period=2000000, max_latency=0
I/sensors-hal( 1111): batch:170, android.sensor.accelerometer/34, period=2000000, max_latency=0 request completed
I/WindowManager( 1655): WIN DEATH: Window{546c68f u0 com.pvr.vrshell/com.pvr.vrshell.MainActivity}
W/InputDispatcher( 1655): Attempted to unregister already unregistered input channel '546c68f com.pvr.vrshell/com.pvr.vrshell.MainActivity (server)'
V/AvrcpMediaPlayerList( 1900): onPlaybackConfigChanged(): Configs list size=2
I/ActivityManager( 1655): Process com.pvr.vrshell (pid 3924) has died: fore TOP 
E/libprocessgroup( 1655): CgroupMap::FindController called for [1655] failed, RC file was not initialized properly
E/libprocessgroup( 1655): CgroupMap::FindController called for [1655] failed, RC file was not initialized properly
I/libprocessgroup( 1655): Successfully killed process cgroup uid 1000 pid 3924 in 0ms
I/Zygote  ( 1371): Process 3924 exited due to signal 11 (Segmentation fault)
V/qcreverb( 1763): 	Effect_command, ctxt 0xecde3300, cmd 2
V/qcreverb( 1763): 	Reverb_setConfig, ctxt 0xecde3300
V/qcvirt  ( 1763): 	Effect_command, ctxt 0xeec27e80, cmd 2
V/qcvirt  ( 1763): 	Virtualizer_setConfig, ctxt 0xeec27e80
V/qcbassboost( 1763): 	Effect_command: ctxt 0xecde3280, cmd 2
V/qcbassboost( 1763): 	BassBoost_setConfig: ctxt 0xecde3280
D/HalDevMgr( 1655): onDebugRingBufferDataAvailable
D/HalDevMgr( 1655): onDebugRingBufferDataAvailable
I/chatty  ( 1655): uid=1000(system) HwBinder:1655_5 identical 2 lines
D/HalDevMgr( 1655): onDebugRingBufferDataAvailable
W/ActivityTaskManager( 1655): Force removing ActivityRecord{1a11fd7 u0 com.pvr.vrshell/.MainActivity t12}: app died, no saved state
E/InputDispatcher( 1655): Window handle nav_input_consumer has no registered input channel
W/ActivityManager( 1655): setHasOverlayUi called on unknown pid: 3924
I/b       ( 3957): check# unBind: unBind Verify Service
W/ActivityManager( 1655): Unbind failed: could not find connection for android.os.BinderProxy@46f353f
V/qcreverb( 1763): 	Effect_command, ctxt 0xecde3300, cmd 2
V/qcreverb( 1763): 	Reverb_setConfig, ctxt 0xecde3300
V/qcvirt  ( 1763): 	Effect_command, ctxt 0xeec27e80, cmd 2
V/qcvirt  ( 1763): 	Virtualizer_setConfig, ctxt 0xeec27e80
V/qcbassboost( 1763): 	Effect_command: ctxt 0xecde3280, cmd 2
V/qcbassboost( 1763): 	BassBoost_setConfig: ctxt 0xecde3280
E/InputDispatcher( 1655): Window handle nav_input_consumer has no registered input channel
W/ActivityManager( 1655): Unable to start service Intent { act=com.android.launcher3.WINDOW_OVERLAY dat=app://com.android.launcher3:10156?v=9&cv=14 pkg=com.google.android.googlequicksearchbox } U=0: not found
E/InputDispatcher( 1655): Window handle nav_input_consumer has no registered input channel
V/qcreverb( 1763): 	Effect_command, ctxt 0xecde3300, cmd 2
V/qcreverb( 1763): 	Reverb_setConfig, ctxt 0xecde3300
V/qcvirt  ( 1763): 	Effect_command, ctxt 0xeec27e80, cmd 2
V/qcvirt  ( 1763): 	Virtualizer_setConfig, ctxt 0xeec27e80
V/qcbassboost( 1763): 	Effect_command: ctxt 0xecde3280, cmd 2
V/qcbassboost( 1763): 	BassBoost_setConfig: ctxt 0xecde3280
E/InputDispatcher( 1655): Window handle nav_input_consumer has no registered input channel
D/ImageWallpaper( 1922): wallpaper visibility changes to: true
V/qcreverb( 1763): 	Effect_command, ctxt 0xecde3300, cmd 2
V/qcreverb( 1763): 	Reverb_setConfig, ctxt 0xecde3300
V/qcvirt  ( 1763): 	Effect_command, ctxt 0xeec27e80, cmd 2
V/qcvirt  ( 1763): 	Virtualizer_setConfig, ctxt 0xeec27e80
V/qcbassboost( 1763): 	Effect_command: ctxt 0xecde3280, cmd 2
V/qcbassboost( 1763): 	BassBoost_setConfig: ctxt 0xecde3280
E/InputDispatcher( 1655): Window handle nav_input_consumer has no registered input channel
E/InputDispatcher( 1655): Window handle Window{b6be203 u0 ImmersiveModeConfirmation} has no registered input channel
E/InputDispatcher( 1655): Window handle nav_input_consumer has no registered input channel
V/qcreverb( 1763): 	Effect_command, ctxt 0xecde3300, cmd 2
V/qcreverb( 1763): 	Reverb_setConfig, ctxt 0xecde3300
V/qcvirt  ( 1763): 	Effect_command, ctxt 0xeec27e80, cmd 2
V/qcvirt  ( 1763): 	Virtualizer_setConfig, ctxt 0xeec27e80
V/qcbassboost( 1763): 	Effect_command: ctxt 0xecde3280, cmd 2
V/qcbassboost( 1763): 	BassBoost_setConfig: ctxt 0xecde3280
D/msm8974_platform( 1763): platform_split_snd_device: snd_device(2) num devices(1) new_snd_devices(0)
D/ACDB-LOADER( 1763): ACDB -> send_audvoltable
D/ACDB-LOADER( 1763): ACDB -> ACDB_CMD_GET_AUDPROC_VOL_STEP_TABLE_SIZE
D/ACDB-LOADER( 1763): ACDB -> ACDB_CMD_GET_AUDPROC_GAIN_DEP_STEP_TABLE, vol index 5
D/ACDB-LOADER( 1763): ACDB -> AUDIO_SET_VOL_CAL cal type = 40
W/AudioFlinger( 1757): moveEffectChain_l() effect chain for session 0 not on source thread 0x7583895f40
W/APM_AudioPolicyManager( 1757): unregisterEffect effect 19 enabled
V/qcvirt  ( 1763): 	Effect_command, ctxt 0xeec27e80, cmd 1
V/qcvirt  ( 1763): 	Virtualizer_setConfig, ctxt 0xeec27e80
E/qcvirt  ( 1763): 	[vendor/qcom/proprietary/mm-audio-noship/audio-effects/safx/android-adapter/qcvirt/qcvirt.c:590] Assertion fail: pConfig->inputCfg.format == AUDIO_FORMAT_PCM_16_BIT
W/EffectHAL( 1763): Effect 0xecddfe00 command SET_CONFIG returned status: Invalid argument
V/qcvirt  ( 1763): 	Effect_command, ctxt 0xeec27e80, cmd 1
V/qcvirt  ( 1763): 	Virtualizer_setConfig, ctxt 0xeec27e80
V/qcvirt  ( 1763): 	Virtualizer_init start ctxt 0xeec27e80
V/qcbassboost( 1763): 	EffectRelease: Releasing Effect 0xecde3280 for SessionId 41
V/qcvirt  ( 1763): 	EffectRelease: Releasing Effect 0xeec27e80 for SessionId 41
V/qcreverb( 1763): 	Effect_command, ctxt 0xecde3300, cmd 1
V/qcreverb( 1763): 	Reverb_setConfig, ctxt 0xecde3300
E/InputDispatcher( 1655): Window handle nav_input_consumer has no registered input channel
E/qcreverb( 1763): 	[vendor/qcom/proprietary/mm-audio-noship/audio-effects/safx/android-adapter/qcreverb/qcreverb.c:478] Assertion fail: pConfig->inputCfg.format == AUDIO_FORMAT_PCM_16_BIT
W/EffectHAL( 1763): Effect 0xecddfe50 command SET_CONFIG returned status: Invalid argument
V/qcreverb( 1763): 	Effect_command, ctxt 0xecde3300, cmd 1
V/qcreverb( 1763): 	Reverb_setConfig, ctxt 0xecde3300
V/qcreverb( 1763): 	Reverb_init start, ctxt 0xecde3300
V/qcreverb( 1763): 	EffectRelease: Releasing Effect 0xecde3300
D/HalDevMgr( 1655): onDebugRingBufferDataAvailable
I/chatty  ( 1655): uid=1000(system) HwBinder:1655_1 identical 3 lines
D/HalDevMgr( 1655): onDebugRingBufferDataAvailable
E/InputDispatcher( 1655): Window handle nav_input_consumer has no registered input channel
D/HalDevMgr( 1655): onDebugRingBufferDataAvailable
I/chatty  ( 1655): uid=1000(system) HwBinder:1655_3 identical 3 lines
D/HalDevMgr( 1655): onDebugRingBufferDataAvailable
D/KeyguardClockSwitch( 1922): Updating clock: 3:27
D/HalDevMgr( 1655): onDebugRingBufferDataAvailable
I/chatty  ( 1655): uid=1000(system) HwBinder:1655_3 identical 3 lines
D/HalDevMgr( 1655): onDebugRingBufferDataAvailable
D/HalDevMgr( 1655): onDebugRingBufferDataAvailable
I/chatty  ( 1655): uid=1000(system) HwBinder:1655_4 identical 3 lines
D/HalDevMgr( 1655): onDebugRingBufferDataAvailable
D/HalDevMgr( 1655): onDebugRingBufferDataAvailable
I/chatty  ( 1655): uid=1000(system) HwBinder:1655_5 identical 3 lines
D/HalDevMgr( 1655): onDebugRingBufferDataAvailable
D/HalDevMgr( 1655): onDebugRingBufferDataAvailable
I/chatty  ( 1655): uid=1000(system) HwBinder:1655_4 identical 3 lines
D/HalDevMgr( 1655): onDebugRingBufferDataAvailable
D/PvrPlatform( 4088): Already keep stationary state for 1 secend
I/chatty  ( 4088): uid=0(root) /system/bin/pvrservice identical 1 line
D/PvrPlatform( 4088): Already keep stationary state for 1 secend
E/PvrService( 4088): Get status notifycation:status = 7
E/PvrService( 4088): Get status notifycation:status = 9
I/PvrService( 4088): reset tracker by wake up - status[9]
D/PvrService( 4088): call PvrServiceCore::getShareMemoryNewTracker()
D/PvrService( 4088): call OrientationTracker::getShareMemoryNewTracker()
E/PvrService( 4088): Call resetTracking in PvrServiceCore,mode=3, 0,0,0
E/PvrService( 4088): resetTracking:Try to get tracking lock mutex
E/PvrService( 4088): resetTracking:Get tracking lock mutex
I/PvrService( 4088): Call resetTrackingThread in PvrServiceCore,mode=3, 0,0,0
E/PvrService( 4088): Reset 3dof rotation [0 0 0]
D/PvrOrientationTracker( 4088): Reset value = 0,0,0
D/PvrOrientationTracker( 4088): SensorFusion::Reset()
I/PvrService( 4088): Status callback:VR_CLIENT_STATUS_ORIENTATION_RESETTED
I/PvrService( 4088): Status callback:VR_CLIENT_STATUS_ORIENTATION_RESETTED done
E/PvrService( 4088): resetTrackingThread:release tracking lock mutex
D/PvrService( 4088): force to 3dof by wake up
D/PvrService( 4088): call PvrServiceCore::getShareMemoryNewTracker()
D/PvrService( 4088): call OrientationTracker::getShareMemoryNewTracker()
I/PvrService( 4088): newTracker startSensorListener begin.
I/PvrService( 4088): newTracker startSensorListener mSensorState=[0]
D/PvrService( 4088): start get sensor data
D/PvrService( 4088): mask=3
E/PvrService( 4088): ???????
I/hwservicemanager(  561): getTransport: Cannot find entry android.hardware.graphics.mapper@3.0::IMapper/default in either framework or device manifest.
W/Gralloc3( 4088): mapper 3.x is not supported
I/hwservicemanager(  561): getTransport: Cannot find entry android.hardware.graphics.allocator@3.0::IAllocator/default in either framework or device manifest.
W/Gralloc3( 4088): allocator 3.x is not supported
D/PvrService( 4088): threadReader alloc hwBuffer 0x7a89804500 0x7a89804500
I/sensors-hal( 1111): register_direct_channel:257, register_direct_channel : enter
I/rpcmem: edge:( 1111): remote_register_buf: 0x7f89794ed8
D/PvrService( 4088): threadReader channelID 1 
I/sensors-hal( 1111): config_direct_report:358, config_direct_report : enter
I/sensors-hal( 1111): config_direct_report:435, config_direct_report : config direct report, TS_offset=-3500028447
I/sensors-hal( 1111): config_direct_report:358, config_direct_report : enter
I/sensors-hal( 1111): config_direct_report:435, config_direct_report : config direct report, TS_offset=-3500028447
I/sensors-hal( 1111): config_direct_report:358, config_direct_report : enter
I/sensors-hal( 1111): config_direct_report:435, config_direct_report : config direct report, TS_offset=-3500028447
I/sensors-hal( 1111): config_direct_report:358, config_direct_report : enter
I/sensors-hal( 1111): config_direct_report:435, config_direct_report : config direct report, TS_offset=-3500028447
D/PvrService( 4088): threadReader start threadReader
D/PvrService( 4088): start startupState 1
I/PvrService( 4088): newTracker startSensorListener mSensorState=[1]
I/PvrService( 4088): newTracker startSensorListener end.
D/PvrService( 4088): force to 3dof by wake up done
W/NotificationService( 1655): Object died trying to hide notification android.app.ITransientNotification$Stub$Proxy@8113227 in package com.pvr.vrshell
E/InputDispatcher( 1655): Window handle nav_input_consumer has no registered input channel
D/PvrPlatform( 4088): Already keep stationary state for 2 secend
I/chatty  ( 4088): uid=0(root) /system/bin/pvrservice identical 1 line
D/PvrPlatform( 4088): Already keep stationary state for 2 secend
E/PvrService( 4088): PvrService getTrackingDataExt ret(0)
E/PvrService( 4088): PvrService getTrackingDataExt rotation(0.000000, 0.000000, 0.000000, 1.000000)
E/PvrService( 4088): PvrService getTrackingDataExt position(0.000000, 0.000000, -0.080500)
D/HalDevMgr( 1655): onDebugRingBufferDataAvailable
I/chatty  ( 1655): uid=1000(system) HwBinder:1655_4 identical 4 lines
D/HalDevMgr( 1655): onDebugRingBufferDataAvailable
D/HalDevMgr( 1655): onDebugRingBufferDataAvailable
D/HalDevMgr( 1655): onDebugRingBufferDataAvailable
D/HalDevMgr( 1655): onDebugRingBufferDataAvailable
D/HalDevMgr( 1655): onDebugRingBufferDataAvailable
D/PvrPlatform( 4088): Already keep stationary state for 3 secend
I/chatty  ( 4088): uid=0(root) /system/bin/pvrservice identical 1 line
D/PvrPlatform( 4088): Already keep stationary state for 3 secend
D/audio_hw_primary( 1763): out_standby: enter: stream (0xed318800) usecase(0: deep-buffer-playback)
D/audio_hw_primary( 1763): disable_audio_route: reset and update mixer path: deep-buffer-playback
D/soundtrigger( 1763): audio_extn_sound_trigger_update_stream_status: uc_id 0 of type 0 for Event 2, with Raise=1
D/sound_trigger_platform( 1763): platform_stdev_check_and_update_concurrency: concurrency active 0, tx 0, rx 0, concurrency session_allowed 1
D/hardware_info( 1763): hw_info_append_hw_type : device_name = speaker
D/audio_hw_primary( 1763): disable_snd_device: snd_device(2: speaker)
D/msm8974_platform( 1763): platform_split_snd_device: snd_device(2) num devices(0) new_snd_devices(0)
I/soundtrigger( 1763): audio_extn_sound_trigger_update_device_status: device 0x2 of type 0 for Event 0, with Raise=0
D/audio_hw_primary( 1763): out_standby: exit
D/PvrPlatform( 4088): Already keep stationary state for 4 secend
I/chatty  ( 4088): uid=0(root) /system/bin/pvrservice identical 1 line
D/PvrPlatform( 4088): Already keep stationary state for 4 secend
D/HalDevMgr( 1655): onDebugRingBufferDataAvailable
I/chatty  ( 1655): uid=1000(system) HwBinder:1655_4 identical 1 line
D/HalDevMgr( 1655): onDebugRingBufferDataAvailable
D/HalDevMgr( 1655): onDebugRingBufferDataAvailable
I/chatty  ( 1655): uid=1000(system) HwBinder:1655_5 identical 5 lines
D/HalDevMgr( 1655): onDebugRingBufferDataAvailable
I/shareMemoryServ( 4088): type=1400 audit(0.0:703): avc: denied { write } for name="Gyrooffset.txt" dev="sda2" ino=691 scontext=u:r:shell:s0 tcontext=u:object_r:persist_file:s0 tclass=file permissive=1
E/PvrService( 4088): PvrService getTrackingDataExt ret(0)
E/PvrService( 4088): PvrService getTrackingDataExt rotation(0.000000, 0.000000, 0.000000, 1.000000)
E/PvrService( 4088): PvrService getTrackingDataExt position(0.000000, 0.000000, -0.080500)
D/PvrPlatform( 4088): Already keep stationary state for 5 secend
I/chatty  ( 4088): uid=0(root) /system/bin/pvrservice identical 1 line
D/PvrPlatform( 4088): Already keep stationary state for 5 secend
D/PvrService( 4088): threadLoop continue: 1
D/PvrPlatform( 4088): Already keep stationary state for 6 secend
I/chatty  ( 4088): uid=0(root) /system/bin/pvrservice identical 1 line
D/PvrPlatform( 4088): Already keep stationary state for 6 secend
D/PvrPlatform( 4088): Already keep stationary state for 7 secend
I/chatty  ( 4088): uid=0(root) /system/bin/pvrservice identical 1 line
D/PvrPlatform( 4088): Already keep stationary state for 7 secend
D/HalDevMgr( 1655): onDebugRingBufferDataAvailable
I/chatty  ( 1655): uid=1000(system) HwBinder:1655_5 identical 2 lines
D/HalDevMgr( 1655): onDebugRingBufferDataAvailable
D/HalDevMgr( 1655): onDebugRingBufferDataAvailable
D/HalDevMgr( 1655): onDebugRingBufferDataAvailable
D/HalDevMgr( 1655): onDebugRingBufferDataAvailable
I/chatty  ( 1655): uid=1000(system) HwBinder:1655_3 identical 7 lines
D/HalDevMgr( 1655): onDebugRingBufferDataAvailable
E/PvrService( 4088): PvrService getTrackingDataExt ret(0)
E/PvrService( 4088): PvrService getTrackingDataExt rotation(0.000000, 0.000000, 0.000000, 1.000000)
E/PvrService( 4088): PvrService getTrackingDataExt position(0.000000, 0.000000, -0.080500)
E/MSM-irqbalance( 1593): IRQ 76 not found in internal structure or should be ignored
D/PvrPlatform( 4088): Already keep stationary state for 8 secend
I/chatty  ( 4088): uid=0(root) /system/bin/pvrservice identical 1 line
D/PvrPlatform( 4088): Already keep stationary state for 8 secend
D/PvrPlatform( 4088): Already keep stationary state for 9 secend
I/chatty  ( 4088): uid=0(root) /system/bin/pvrservice identical 1 line
D/PvrPlatform( 4088): Already keep stationary state for 9 secend
E/PvrService( 4088): PvrService getTrackingDataExt ret(0)
E/PvrService( 4088): PvrService getTrackingDataExt rotation(0.000000, 0.000000, 0.000000, 1.000000)
E/PvrService( 4088): PvrService getTrackingDataExt position(0.000000, 0.000000, -0.080500)
D/PvrPlatform( 4088): Already keep stationary state for 10 secend
I/chatty  ( 4088): uid=0(root) /system/bin/pvrservice identical 1 line
D/PvrPlatform( 4088): Already keep stationary state for 10 secend
D/HalDevMgr( 1655): onDebugRingBufferDataAvailable
