--------- beginning of main
D/PvrPlatform( 5931): Already keep stationary state for 0 secend
I/chatty  ( 5931): uid=0(root) /system/bin/pvrservice identical 1 line
D/PvrPlatform( 5931): Already keep stationary state for 0 secend
D/NtpTrustedTime( 1294): currentTimeMillis() cache hit
D/NtpTrustedTime( 1294): currentTimeMillis() cache hit
--------- beginning of system
I/ActivityManager( 1294): Force stopping com.pvr.vrshell appid=1000 user=0: from pid 9760
E/ANDR-IOP(  778): IOP HAL: Received pkg_name = com.pvr.vrshell pid = 0
I/ActivityManager( 1294): Killing 6272:com.pvr.vrshell/1000 (adj 900): stop com.pvr.vrshell
E/ANDR-IOP(  778): IOP HAL: Received pkg_name = com.pvr.vrshell pid = 0
W/system_server( 1294): kill(-6272, 9) failed: No such process
I/ActivityManager( 1294):   Force finishing activity ActivityRecord{1824b28 u0 com.pvr.vrshell/.MainActivity t1945}
W/system_server( 1294): kill(-6272, 9) failed: No such process
E/PhoneInterfaceManager( 1664): [PhoneIntfMgr] getCarrierPackageNamesForIntent: No UICC
D/CarrierSvcBindHelper( 1664): No carrier app for: 0
E/PhoneInterfaceManager( 1664): [PhoneIntfMgr] getCarrierPackageNamesForIntent: No UICC
D/CarrierSvcBindHelper( 1664): No carrier app for: 1
I/chatty  ( 9527): uid=10095(com.alvr.pico2) expire 1 line
W/system_server( 1294): kill(-6272, 9) failed: No such process
I/b       ( 2340): check# unBind: unBind Verify Service
I/chatty  ( 9527): uid=10095(com.alvr.pico2) Thread-2 expire 7 lines
W/system_server( 1294): kill(-6272, 9) failed: No such process
W/system_server( 1294): kill(-6272, 9) failed: No such process
W/system_server( 1294): kill(-6272, 9) failed: No such process
W/system_server( 1294): kill(-6272, 9) failed: No such process
W/system_server( 1294): kill(-6272, 9) failed: No such process
W/system_server( 1294): kill(-6272, 9) failed: No such process
W/system_server( 1294): kill(-6272, 9) failed: No such process
W/system_server( 1294): kill(-6272, 9) failed: No such process
W/system_server( 1294): kill(-6272, 9) failed: No such process
W/system_server( 1294): kill(-6272, 9) failed: No such process
W/system_server( 1294): kill(-6272, 9) failed: No such process
W/system_server( 1294): kill(-6272, 9) failed: No such process
W/system_server( 1294): kill(-6272, 9) failed: No such process
W/system_server( 1294): kill(-6272, 9) failed: No such process
W/system_server( 1294): kill(-6272, 9) failed: No such process
W/system_server( 1294): kill(-6272, 9) failed: No such process
W/system_server( 1294): kill(-6272, 9) failed: No such process
W/system_server( 1294): kill(-6272, 9) failed: No such process
W/system_server( 1294): kill(-6272, 9) failed: No such process
D/PvrManagerService( 1294): PvrCallback for pid 6272 died.
D/PvrManagerService( 1294): PvrCallback for pid 6272 died.
D/PvrManagerService( 1294): PvrCallback for pid 6272 died.
I/VirtualDisplayAdapter( 1294): Virtual display device released because application token died: com.pvr.vrshell
D/PvrManagerService( 1294): PvrCallback for pid 6272 died.
D/PvrManagerService( 1294): PvrCallback for pid 6272 died.
D/PvrManagerService( 1294): PvrCallback for pid 6272 died.
D/PvrManagerService( 1294): PvrCallback for pid 6272 died.
V/PvrService( 5931): removeNotificationClient() pid 6272
E/PvrService( 5931): VRModeStateClient::onClientDied pid=6272
I/PvrService( 5931): mPrevTrackingMode 7, trackingMode 7
D/PvrService( 5931): removeNotificationClient done
I/pvrservice( 5931): type=1400 audit(0.0:3729): avc: denied { read } for scontext=u:r:pvrservice:s0 tcontext=u:r:system_server:s0 tclass=unix_stream_socket permissive=1
I/DisplayManagerService( 1294): Display device removed: DisplayDeviceInfo{"PvrShellDisplay": uniqueId="virtual:com.pvr.vrshell:277f1a09-b88d-4d1e-8716-796f114d09cd", 1600 x 2880, modeId 3, defaultModeId 3, supportedModes [{id=3, width=1600, height=2880, fps=60.0}], colorMode 0, supportedColorModes [0], HdrCapabilities null, density 560, 560.0 x 560.0 dpi, appVsyncOff 0, presDeadline 16666666, touch VIRTUAL, rotation 0, type VIRTUAL, state ON, owner com.pvr.vrshell (uid 1000), FLAG_ROTATES_WITH_CONTENT, FLAG_OWN_CONTENT_ONLY}
W/system_server( 1294): kill(-6272, 9) failed: No such process
I/system_server( 1294): Successfully killed process cgroup uid 1000 pid 6272 in 198ms
I/callBackThread( 2550): type=1400 audit(0.0:3730): avc: denied { read } for scontext=u:r:system_app:s0 tcontext=u:r:pvrservice:s0 tclass=unix_stream_socket permissive=1
D/ActivityManager( 1294): finishAllActivitiesLocked: finishing ActivityRecord{174cf20 u0 com.pvr.home/.AllAppActivity t1947} immediately
D/ActivityManager( 1294): finishAllActivitiesLocked: finishing ActivityRecord{84ace16 u0 com.pvr.home/.RecActivity t1946} immediately
I/ActivityManager( 1294): Killing 6408:com.qualcomm.qti.qms.service.connectionsecurity/u0a63 (adj 906): empty #17
E/ANDR-IOP(  778): IOP HAL: Received pkg_name = com.qualcomm.qti.qms.service.connectionsecurity pid = 0
W/system_server( 1294): kill(-6408, 9) failed: No such process
D/ActivityManager( 1294): finishAllActivitiesLocked: finishing ActivityRecord{528dbb7 u0 com.picovr.store/.MainActivity t1952} immediately
I/ActivityManager( 1294): Killing 6462:github.daneren2005.dsub:sync/u0a69 (adj 906): empty #17
E/ANDR-IOP(  778): IOP HAL: Received pkg_name = github.daneren2005.dsub:sync pid = 0
W/ActivityManager( 1294): setHasOverlayUi called on unknown pid: 6272
W/libEGL  (  798): EGLNativeWindowType 0x7745261010 disconnect failed
I/InputReader( 1294): Reconfiguring input devices.  changes=0x00000004
I/InputReader( 1294):   Touch device 'pvr-virtual-input-1' could not query the properties of its associated display.  The device will be inoperable until the display size becomes available.
I/InputReader( 1294):   Touch device 'pvr-virtual-input-2' could not query the properties of its associated display.  The device will be inoperable until the display size becomes available.
I/RedDot  ( 9146): notify: number = 0
W/system_server( 1294): kill(-6408, 9) failed: No such process
I/PVRHome ( 7234): com.pvr.home.AllAppActivity.onDestroy
I/VersionManagerLib( 7234): VersionManager-->unbindVersionManagerService
W/system_server( 1294): kill(-6408, 9) failed: No such process
I/BaseActivity( 9146): onDestroy: 
E/ANDR-IOP(  778): IOP HAL: Received pkg_name = com.qualcomm.qti.qms.service.connectionsecurity pid = 0
I/PVRHome ( 7169): RecActivity.onDestroy
W/system_server( 1294): kill(-6408, 9) failed: No such process
I/w       ( 9146): release: 
E/ANDR-IOP(  778): IOP HAL: Received pkg_name = github.daneren2005.dsub:sync pid = 0
I/system_server( 1294): Successfully killed process cgroup uid 10063 pid 6408 in 29ms
W/system_server( 1294): kill(-6462, 9) failed: No such process
I/system_server( 1294): Successfully killed process cgroup uid 10069 pid 6462 in 0ms
D/SurfaceFlinger(  798): Not sync with hareware vsync reach 3.2 seconds. --In handleMessageRefresh(), dislayactive=1, noSyncCnt=0
E/MSM-irqbalance( 1146): IRQ 76 not found in internal structure or should be ignored
E/PvrService( 5931): PvrService getTrackingDataExt ret(0)
E/PvrService( 5931): PvrService getTrackingDataExt rotation(0.096044, 0.086417, -0.089930, 0.000000)
E/PvrService( 5931): PvrService getTrackingDataExt position(-0.007312, 0.023616, -0.001473)
D/PvrService( 5931): PvrService::setShareMemoryData(4629025):
D/PvrService( 5931):  0.096027,0.086455,-0.089928,0.000000,-0.007436,0.023085,-0.001189	[5820447138871]	[5820446135798]	[1090625]	[1063750]
D/PvrService( 5931): threadLoop continue: 1
D/NtpTrustedTime( 1294): currentTimeMillis() cache hit
D/NtpTrustedTime( 1294): currentTimeMillis() cache hit
D/SurfaceFlinger(  798): Vsync watchDog is alive
D/SurfaceFlinger(  798): WatchDog:Not sync with hareware reach 3.6 seconds.Begin resync.
I/chatty  (  755): uid=1047(cameraserver) HwBinder:755_3 expire 203 lines
D/PvrPlatform( 5931): Already keep stationary state for 0 secend
D/PvrPlatform( 5931): Already keep stationary state for 0 secend
D/NtpTrustedTime( 1294): currentTimeMillis() cache hit
D/NtpTrustedTime( 1294): currentTimeMillis() cache hit
D/PvrServiceClient( 2550): newTrackerClient getTrackingResultExt svrHeadPoseStateOutput[3] 0.066851,-0.269603,-0.040390,-0.959799,-0.111262,0.107058,0.052323	[5821285088997]	[4.428312]
I/chatty  ( 9527): uid=10095(com.alvr.pico2) Thread-2 expire 37 lines
D/PvrPlatform( 5931): Already keep stationary state for 0 secend
I/chatty  ( 9527): uid=10095(com.alvr.pico2) Thread-2 expire 4 lines
I/chatty  ( 9527): uid=10095(com.alvr.pico2) Thread-2 expire 8 lines
D/NtpTrustedTime( 1294): currentTimeMillis() cache hit
D/NtpTrustedTime( 1294): currentTimeMillis() cache hit
I/ActivityManager( 1294): START u0 {flg=0x10000000 cmp=com.pvr.vrshell/.MainActivity} from uid 2000
D/ActivityStarter( 1294): focusedDisplayId is:0
E/ANDR-PERF-JNI( 1294): com_qualcomm_qtiperformance_native_perf_io_prefetch_start
E/ANDR-IOP(  778): IOP HAL: Received pkg_name = com.pvr.vrshell pid = -1
D/ActivityTrigger( 1294): activityStartTrigger: Activity is Triggerred in full screen ApplicationInfo{3193b01 com.pvr.vrshell}
E/ActivityTrigger( 1294): activityStartTrigger: not whiteListedcom.pvr.vrshell/com.pvr.vrshell.MainActivity/681
D/CompatibilityInfo( 1294): mCompatibilityFlags - 4
D/CompatibilityInfo( 1294): applicationDensity - 640
D/CompatibilityInfo( 1294): applicationScale - 1.0
D/ActivityTrigger( 1294): activityResumeTrigger: The activity in ApplicationInfo{3193b01 com.pvr.vrshell} is now in focus and seems to be in full-screen mode
E/ActivityTrigger( 1294): activityResumeTrigger: not whiteListedcom.pvr.vrshell/com.pvr.vrshell.MainActivity/681
D/ActivityTrigger( 1294): ActivityTrigger activityPauseTrigger 
D/ActivityTrigger( 1294): activityResumeTrigger: The activity in ApplicationInfo{3193b01 com.pvr.vrshell} is now in focus and seems to be in full-screen mode
E/ActivityTrigger( 1294): activityResumeTrigger: not whiteListedcom.pvr.vrshell/com.pvr.vrshell.MainActivity/681
I/chatty  ( 9775): uid=1000(system) com.pvr.vrshell expire 154 lines
I/callBackThread(  794): type=1400 audit(0.0:3732): avc: denied { read } for scontext=u:r:airservice:s0 tcontext=u:r:pvrservice:s0 tclass=unix_stream_socket permissive=1
I/callBackThread(  798): type=1400 audit(0.0:3733): avc: denied { read } for scontext=u:r:surfaceflinger:s0 tcontext=u:r:pvrservice:s0 tclass=unix_stream_socket permissive=1
I/emSLPIThread( 2550): type=1400 audit(0.0:3734): avc: denied { read } for scontext=u:r:system_app:s0 tcontext=u:r:system_app:s0 tclass=socket permissive=1
I/ActivityManager( 1294): Start proc 9775:com.pvr.vrshell/1000 for activity com.pvr.vrshell/.MainActivity
I/PVR_VsyncListen( 5931): type=1400 audit(0.0:3735): avc: denied { read } for scontext=u:r:pvrservice:s0 tcontext=u:r:surfaceflinger:s0 tclass=unix_stream_socket permissive=1
I/chatty  ( 1294): uid=1000(system) Binder:1294_16 expire 18 lines
I/NestServer( 2064): NestSs--  onForegroundActivitiesChanged--# true
E/ANDR-IOP(  778): IOP HAL: Received pkg_name = com.pvr.vrshell pid = 0
I/PvrService( 5931): OnTransact:code=2001
E/PvrService( 5931): Set 6dof global tracking status:1
W/ContextImpl( 9775): Calling a method in the system process without a qualified user: android.app.ContextImpl.bindService:1556 android.content.ContextWrapper.bindService:684 com.unity3d.player.UnityPlayerNativeActivityPico.PicoVRInit:115 com.unity3d.player.UnityPlayerNativeActivityPico.onCreate:14 com.pvr.vrshell.MainActivity.onCreate:0 
I/chatty  ( 9775): uid=1000(system) com.pvr.vrshell expire 2 lines
I/chatty  ( 1294): uid=1000(system) Binder:1294_13 expire 16 lines
I/c       ( 2340): check# change host url
I/initServerJar( 2340): ??DoGetUrlFromDBWithSuffix,uriStr=content://com.picovr.initserver.serverSetting/server_setting/store-AppStore3
I/InitServer( 4615): Porvider????query,projection = null***selection = null**selectionArgs = null
I/initServerJar( 2340): cursor::count=0
I/initServerJar( 2340): content=
I/initServerJar( 2340): urlViaSuffix=
I/initServerJar( 2340): ????,????DoGetUrlFromDBWithSuffix,uriCommon=content://com.picovr.initserver.serverSetting/server_setting/AppStore3
I/InitServer( 4615): Porvider????query,projection = null***selection = null**selectionArgs = null
I/initServerJar( 2340): cursor::count=1
I/initServerJar( 2340): content=https://us-appstore.picovr.com/api/
I/initServerJar( 2340): urlViaSuffix=https://us-appstore.picovr.com/api/
W/ContextImpl( 2340): Calling a method in the system process without a qualified user: android.app.ContextImpl.startForegroundService:1482 android.content.ContextWrapper.startForegroundService:655 com.pvr.verify.utils.CommonUtils.startService:6 com.pvr.verify.a.b.a:14 com.pvr.verify.VerifyService.onCreate:30 
W/ContextImpl( 2340): Calling a method in the system process without a qualified user: android.app.ContextImpl.bindService:1556 android.content.ContextWrapper.bindService:684 com.pvr.verify.a.b.a:20 com.pvr.verify.VerifyService.onCreate:30 android.app.ActivityThread.handleCreateService:3495 
I/b       ( 2340): check# bind: bind Verify Service
I/VerifyService( 2340): onCreate# 
I/VerifyService( 2340): onBind: ---
I/b       ( 2340): onServiceConnected# ComponentInfo{com.picovr.nestserver/com.picovr.nestserver.core.NestSysService}
I/PVR_VsyncListen( 5931): type=1400 audit(0.0:3737): avc: denied { call } for scontext=u:r:pvrservice:s0 tcontext=u:r:surfaceflinger:s0 tclass=binder permissive=1
I/chatty  ( 9775): uid=1000(system) AsyncTask #1 expire 1 line
I/PVR_VsyncListen( 5931): type=1400 audit(0.0:3738): avc: denied { call } for scontext=u:r:pvrservice:s0 tcontext=u:r:untrusted_app:s0:c512,c768 tclass=binder permissive=1
V/PvrService( 5931): registerClient() client 0x72a7e424c0, pid 9775
I/Binder:5931_6( 5931): type=1400 audit(0.0:3740): avc: denied { use } for path="socket:[325727]" dev="sockfs" ino=325727 scontext=u:r:system_app:s0 tcontext=u:r:pvrservice:s0 tclass=fd permissive=1
I/Binder:5931_6( 5931): type=1400 audit(0.0:3741): avc: denied { write } for path="socket:[325727]" dev="sockfs" ino=325727 scontext=u:r:system_app:s0 tcontext=u:r:pvrservice:s0 tclass=unix_stream_socket permissive=1
I/Binder:798_5(  798): type=1400 audit(0.0:3745): avc: denied { transfer } for scontext=u:r:surfaceflinger:s0 tcontext=u:r:pvrservice:s0 tclass=binder permissive=1
I/Binder:5931_6( 5931): type=1400 audit(0.0:3746): avc: denied { transfer } for scontext=u:r:pvrservice:s0 tcontext=u:r:surfaceflinger:s0 tclass=binder permissive=1
E/PvrPlatform( 5931): Override displayinfo:w=2160 h=3840 fps=72.000008
D/PvrPlatform( 5931): Falcon CV2.Use parameters - lensParameters_falconCV2_eu_us_mode1
I/PvrPlatform( 5931): Override configs by config file
I/PvrPlatform( 5931): Override fov value:101.000000
I/PvrPlatform( 5931): setCPULevel:9999 1
I/sh      ( 9811): type=1400 audit(0.0:3747): avc: denied { write } for name="scaling_governor" dev="sysfs" ino=43635 scontext=u:r:pvrservice:s0 tcontext=u:object_r:sysfs_devices_system_cpu:s0 tclass=file permissive=1
E/PvrService( 5931): PvrService getTrackingDataExt ret(0)
E/PvrService( 5931): PvrService getTrackingDataExt rotation(0.072706, 0.045155, -0.085066, 0.000000)
E/PvrService( 5931): PvrService getTrackingDataExt position(-0.076500, -0.008521, -0.002993)
I/PvrService( 5931): OnTransact:code=2001
E/PvrService( 5931): Set 6dof global tracking status:1
I/chatty  ( 9527): uid=10095(com.alvr.pico2) expire 1 line
D/SurfaceFlinger(  798): Vsync watchDog is alive
D/SurfaceFlinger(  798): WatchDog:Not sync with hareware reach 0.1 seconds.
I/chatty  ( 9527): uid=10095(com.alvr.pico2) Thread-2 expire 2 lines
W/ContextImpl( 9775): Calling a method in the system process without a qualified user: android.app.ContextImpl.startForegroundService:1482 android.content.ContextWrapper.startForegroundService:655 com.psmart.vrlib.VRDataUtils.finishToastActivity:86 com.unity3d.player.UnityPlayerNativeActivityPico.finishToastActivity:0 com.unity3d.player.UnityPlayerNativeActivityPico.onResume:108 
I/PvrPlatform( 5931): setGPULevel:0 1
I/sh      ( 9826): type=1400 audit(0.0:3748): avc: denied { read } for name="devfreq" dev="sysfs" ino=49330 scontext=u:r:pvrservice:s0 tcontext=u:object_r:sysfs_kgsl:s0 tclass=lnk_file permissive=1
I/sh      ( 9826): type=1400 audit(0.0:3749): avc: denied { write } for name="governor" dev="sysfs" ino=49168 scontext=u:r:pvrservice:s0 tcontext=u:object_r:sysfs_kgsl:s0 tclass=file permissive=1
I/sh      ( 9826): type=1400 audit(0.0:3750): avc: denied { open } for path="/sys/devices/platform/soc/5000000.qcom,kgsl-3d0/devfreq/5000000.qcom,kgsl-3d0/governor" dev="sysfs" ino=49168 scontext=u:r:pvrservice:s0 tcontext=u:object_r:sysfs_kgsl:s0 tclass=file permissive=1
I/PvrPlatform( 5931): svrSetPerformanceLevels GPU level[0] Freq[710000000] done
I/PvrPlatform( 5931): setCPULevel:0 1
I/PvrPlatform( 5931): svrSetPerformanceLevels CPU level[0] B[2803200] done
I/chatty  ( 9775): uid=1000(system) RenderThread expire 7 lines
I/SurfaceFlinger(  798): setLayerBackground:name = com.pvr.vrshell/com.pvr.vrshell.MainActivity, filePath = loading)
D/SurfaceFlinger(  798): addVRInfo:name=com.pvr.vrshell/com.pvr.vrshell.MainActivity isVR=-1 isOrientation180=-1 background=0 backgroundPath=loading
D/SurfaceFlinger(  798): Add new info to vector.size=1
I/SurfaceFlinger(  798): setLayerBackground:name = SurfaceView--com.pvr.vrshell/com.pvr.vrshell.MainActivity, filePath = loading)
D/SurfaceFlinger(  798): addVRInfo:name=SurfaceView--com.pvr.vrshell/com.pvr.vrshell.MainActivity isVR=-1 isOrientation180=-1 background=0 backgroundPath=loading
D/SurfaceFlinger(  798): Add new info to vector.size=2
I/chatty  ( 1294): uid=1000(system) Binder:1294_1A expire 4 lines
D/SurfaceFlinger(  798): SetLayerVRFlag:name = com.pvr.vrshell/com.pvr.vrshell.MainActivity, type = 0)
D/SurfaceFlinger(  798): addVRInfo:name=com.pvr.vrshell/com.pvr.vrshell.MainActivity isVR=0 isOrientation180=-1 background=-1 backgroundPath=
D/SurfaceFlinger(  798): SetLayerOrientationFlag:name = com.pvr.vrshell/com.pvr.vrshell.MainActivity, type = 0)
D/SurfaceFlinger(  798): addVRInfo:name=com.pvr.vrshell/com.pvr.vrshell.MainActivity isVR=-1 isOrientation180=0 background=-1 backgroundPath=
D/SurfaceFlinger(  798): SetLayerVRFlag:name = SurfaceView--com.pvr.vrshell/com.pvr.vrshell.MainActivity, type = 0)
D/SurfaceFlinger(  798): addVRInfo:name=SurfaceView--com.pvr.vrshell/com.pvr.vrshell.MainActivity isVR=0 isOrientation180=-1 background=-1 backgroundPath=
D/SurfaceFlinger(  798): SetLayerOrientationFlag:name = SurfaceView--com.pvr.vrshell/com.pvr.vrshell.MainActivity, type = 0)
D/SurfaceFlinger(  798): addVRInfo:name=SurfaceView--com.pvr.vrshell/com.pvr.vrshell.MainActivity isVR=-1 isOrientation180=0 background=-1 backgroundPath=
I/Layer   (  798): Scene mode is 0
D/SurfaceFlinger(  798): handleVRInfo()
E/SurfaceFlinger(  798): Finish handle vr infos.size=2
I/Layer   (  798): Scene mode is 0
D/SurfaceFlinger(  798): handleVRInfo()
E/SurfaceFlinger(  798): Finish handle vr infos.size=2
I/Layer   (  798): Scene mode is 0
D/SurfaceFlinger(  798): duplicate layer name: changing SurfaceView - com.pvr.vrshell/com.pvr.vrshell.MainActivity to SurfaceView - com.pvr.vrshell/com.pvr.vrshell.MainActivity#1
I/Layer   (  798): Scene mode is 0
D/SurfaceFlinger(  798): handleVRInfo()
E/SurfaceFlinger(  798): Finish handle vr infos.size=2
D/SurfaceFlinger(  798): duplicate layer name: changing Background for - SurfaceView - com.pvr.vrshell/com.pvr.vrshell.MainActivity to Background for - SurfaceView - com.pvr.vrshell/com.pvr.vrshell.MainActivity#1
I/Layer   (  798): Scene mode is 0
I/SurfaceFlinger(  798): setLayerBackground:name = com.pvr.vrshell/com.pvr.vrshell.MainActivity, filePath = loading)
D/SurfaceFlinger(  798): setLayerBackground:Set com.pvr.vrshell/com.pvr.vrshell.MainActivity's background is success)
D/SurfaceFlinger(  798): addVRInfo:name=com.pvr.vrshell/com.pvr.vrshell.MainActivity isVR=-1 isOrientation180=-1 background=0 backgroundPath=loading
I/SurfaceFlinger(  798): setLayerBackground:name = SurfaceView--com.pvr.vrshell/com.pvr.vrshell.MainActivity, filePath = loading)
D/SurfaceFlinger(  798): setLayerBackground:Set SurfaceView--com.pvr.vrshell/com.pvr.vrshell.MainActivity's background is success)
D/SurfaceFlinger(  798): addVRInfo:name=SurfaceView--com.pvr.vrshell/com.pvr.vrshell.MainActivity isVR=-1 isOrientation180=-1 background=0 backgroundPath=loading
D/SurfaceFlinger(  798): SetLayerVRFlag:name = com.pvr.vrshell/com.pvr.vrshell.MainActivity, type = 0)
D/SurfaceFlinger(  798): SetLayerVRFlag:Set com.pvr.vrshell/com.pvr.vrshell.MainActivity's vr flag is success)
D/SurfaceFlinger(  798): addVRInfo:name=com.pvr.vrshell/com.pvr.vrshell.MainActivity isVR=0 isOrientation180=-1 background=-1 backgroundPath=
D/SurfaceFlinger(  798): SetLayerOrientationFlag:name = com.pvr.vrshell/com.pvr.vrshell.MainActivity, type = 0)
D/SurfaceFlinger(  798): SetLayerVRFlag:Set com.pvr.vrshell/com.pvr.vrshell.MainActivity's orientation flag is success)
D/SurfaceFlinger(  798): addVRInfo:name=com.pvr.vrshell/com.pvr.vrshell.MainActivity isVR=-1 isOrientation180=0 background=-1 backgroundPath=
D/SurfaceFlinger(  798): SetLayerVRFlag:name = SurfaceView--com.pvr.vrshell/com.pvr.vrshell.MainActivity, type = 0)
D/SurfaceFlinger(  798): SetLayerVRFlag:Set SurfaceView--com.pvr.vrshell/com.pvr.vrshell.MainActivity's vr flag is success)
D/SurfaceFlinger(  798): addVRInfo:name=SurfaceView--com.pvr.vrshell/com.pvr.vrshell.MainActivity isVR=0 isOrientation180=-1 background=-1 backgroundPath=
D/SurfaceFlinger(  798): SetLayerOrientationFlag:name = SurfaceView--com.pvr.vrshell/com.pvr.vrshell.MainActivity, type = 0)
D/SurfaceFlinger(  798): SetLayerVRFlag:Set SurfaceView--com.pvr.vrshell/com.pvr.vrshell.MainActivity's orientation flag is success)
D/SurfaceFlinger(  798): addVRInfo:name=SurfaceView--com.pvr.vrshell/com.pvr.vrshell.MainActivity isVR=-1 isOrientation180=0 background=-1 backgroundPath=
E/ANDR-IOP(  778): IOP HAL: Received pkg_name = com.pvr.vrshell pid = 0
I/chatty  ( 1294): uid=1000(system) android.display expire 3 lines
E/ANDR-IOP(  778): IOP HAL: Received pkg_name = com.pvr.vrshell pid = 9775
I/chatty  ( 9527): uid=10095(com.alvr.pico2) expire 2 lines
I/chatty  ( 9775): uid=1000(system) com.pvr.vrshell expire 9 lines
I/chatty  ( 9527): uid=10095(com.alvr.pico2) Thread-2 expire 4 lines
I/TimeWarp( 9527): wake VirScreen Thread to Exit
I/TimeWarp( 9527): miraCast pthread_join() called
I/TimeWarp( 9527): mSurfaceObjB received signal, Miracast thread continue
I/TimeWarp( 9527): App is destorying, curr Thread will exit
I/TimeWarp( 9527): LLLL nativeWindow = NULL
I/TimeWarp( 9527): LLLL eglCreateWindowSurface failed
I/TimeWarp( 9527): miraCastThread Loop start miraCastVirScreenPause = 0
I/TimeWarp( 9527): eglPresentationSurface = EGL_NO_SURFACE
E/BufferQueueProducer(  798): [SurfaceView - com.alvr.pico2/com.alvr.pico2.MainActivity#0] dequeueBuffer: BufferQueue has no connected producer
I/Adreno  ( 9527): DequeueBuffer: dequeueBuffer failed
I/TimeWarp( 9527):  Destroyed eglMiraCastContext.
I/TimeWarp( 9527): MiraCastThreadShutdown() - End
I/TimeWarp( 9527): miraCast pthread_join() returned
I/TimeWarp( 9527): miraCast presentationWindowANativeWindow =  null
I/TimeWarp( 9527): ---------------- Destruct MiraCast End -----------------
I/TimeWarp( 9527): ---------------- Destruct TimeWarp Start ShutdownRequest=2 ----------------
I/TimeWarp( 9527): timeWarp pthread_join() called
I/P2ALVR-native( 9527): eye: yaw=9.2 pitch=-12.7 deg Cv=(-0.161,-0.217,-0.963) open=(1.00,1.00) status=(21,21,3)
D/2DToVR  (  798): NewMode is set to 1, ModeSwitchTimeCounter is set to 45
I/surfaceflinger(  798): type=1400 audit(0.0:3751): avc: denied { call } for scontext=u:r:surfaceflinger:s0 tcontext=u:r:pvrservice:s0 tclass=binder permissive=1
D/2DToVR  (  798): Enter vr mode
D/PvrService( 5931): setParameter:name(ShowSafetyTip), value(false)
D/PvrService( 5931): Do not show safety tip
E/PvrService( 5931): VRModeStateClient::setClientSafetyTipStatus pid=798, status=0
E/PvrService( 5931): VRModeStateClient::startVRMode pid=798
I/PvrService( 5931): mPrevTrackingMode 7, trackingMode 7
D/PvrService( 5931): ---------------------No safety tip for pid:798
E/BufferQueueProducer(  798): [SurfaceView - com.alvr.pico2/com.alvr.pico2.MainActivity#0] dequeueBuffer: BufferQueue has no connected producer
I/Adreno  ( 9527): DequeueBuffer: dequeueBuffer failed
I/chatty  ( 1294): uid=1000(system) ActivityManager expire 1 line
I/vendor.qti.hard(  778): type=1400 audit(0.0:3752): avc: denied { read } for name="0" dev="sda10" ino=4194306 scontext=u:r:hal_iop_default:s0 tcontext=u:object_r:system_data_file:s0 tclass=lnk_file permissive=1
I/vendor.qti.hard(  778): type=1400 audit(0.0:3753): avc: denied { read } for name="com.pvr.vrshell" dev="sda10" ino=786845 scontext=u:r:hal_iop_default:s0 tcontext=u:object_r:system_app_data_file:s0 tclass=dir permissive=1
I/vendor.qti.hard(  778): type=1400 audit(0.0:3754): avc: denied { open } for path="/data/data/com.pvr.vrshell" dev="sda10" ino=786845 scontext=u:r:hal_iop_default:s0 tcontext=u:object_r:system_app_data_file:s0 tclass=dir permissive=1
I/vendor.qti.hard(  778): type=1400 audit(0.0:3755): avc: denied { read } for name="device_detail.xml" dev="sda10" ino=917535 scontext=u:r:hal_iop_default:s0 tcontext=u:object_r:system_app_data_file:s0 tclass=file permissive=1
I/vendor.qti.hard(  778): type=1400 audit(0.0:3756): avc: denied { open } for path="/data/data/com.pvr.vrshell/shared_prefs/device_detail.xml" dev="sda10" ino=917535 scontext=u:r:hal_iop_default:s0 tcontext=u:object_r:system_app_data_file:s0 tclass=file permissive=1
I/vendor.qti.hard(  778): type=1400 audit(0.0:3757): avc: denied { getattr } for path="/data/data/com.pvr.vrshell/shared_prefs/device_detail.xml" dev="sda10" ino=917535 scontext=u:r:hal_iop_default:s0 tcontext=u:object_r:system_app_data_file:s0 tclass=file permissive=1
I/txIMURead( 2550): type=1400 audit(0.0:3758): avc: denied { ioctl } for path="/dev/spidev1.0" dev="tmpfs" ino=26182 ioctlcmd=0x6b07 scontext=u:r:system_app:s0 tcontext=u:object_r:device:s0 tclass=chr_file permissive=1
I/chatty  ( 9775): uid=1000(system) UnityMain expire 113 lines
E/BufferQueueProducer(  798): [SurfaceView - com.alvr.pico2/com.alvr.pico2.MainActivity#0] dequeueBuffer: BufferQueue has no connected producer
I/Adreno  ( 9527): DequeueBuffer: dequeueBuffer failed
I/TimeWarp( 9527): WarpThread ShutdownRequest received
D/2DToVR  (  798): ---SingleBufferRender Thread Init: try at 1 times sleep 100 ms--
I/chatty  ( 9775): uid=1000(system) Binder:9775_3 expire 3 lines
I/TimeWarp(  798): -------------------- TimeWarpLocal() --------------------
I/TimeWarp(  798): Current EGL_CONTEXT_CLIENT_VERSION:3
I/TimeWarp(  798): Share context eglConfig has 8 stencil bits
I/TimeWarp(  798): Requesting EGL_CONTEXT_PRIORITY_HIGH_IMG
I/TimeWarp(  798): WarpThreadInit()
I/TimeWarp(  798): eglWarpContext: 0x76befbed00
I/TimeWarp(  798): Context is EGL_CONTEXT_PRIORITY_HIGH_IMG
I/TimeWarp(  798): eglMakeCurrent on 0x7742f6f300
I/DirectRender(  798): 0x76be16c960 DirectRender::InitForCurrentSurface(true)
I/DirectRender(  798): Performing an initial swapbuffers for Mali and/or Android-L
E/BufferQueueProducer(  798): [SurfaceView - com.alvr.pico2/com.alvr.pico2.MainActivity#0] query: BufferQueue has been abandoned
I/DirectRender(  798): surface size: 2160 x 3840
I/DirectRender(  798): gvrFrontbufferExtension = FALSE
I/DirectRender(  798): Adreno GPU
W/2DToVR  (  798): WARNING!!!: setMode during mode is not switched yet
E/BufferQueueProducer(  798): [SurfaceView - com.alvr.pico2/com.alvr.pico2.MainActivity#0] dequeueBuffer: BufferQueue has been abandoned
I/Adreno  ( 9527): DequeueBuffer: dequeueBuffer failed
W/GrallocMapperPassthrough( 9527): buffer descriptor with invalid usage bits 0x2000
E/BufferQueueProducer(  798): [SurfaceView - com.alvr.pico2/com.alvr.pico2.MainActivity#0] query: BufferQueue has been abandoned
E/BufferQueueProducer(  798): [SurfaceView - com.alvr.pico2/com.alvr.pico2.MainActivity#0] dequeueBuffer: BufferQueue has been abandoned
I/Adreno  ( 9527): DequeueBuffer: dequeueBuffer failed
I/Thread-2( 9527): type=1400 audit(0.0:3759): avc: denied { call } for scontext=u:r:untrusted_app:s0:c512,c768 tcontext=u:r:pvrservice:s0 tclass=binder permissive=1
I/TimeWarp( 9527): WarpThreadShutdown()
E/BufferQueueProducer(  798): [SurfaceView - com.alvr.pico2/com.alvr.pico2.MainActivity#0] query: BufferQueue has been abandoned
E/BufferQueueProducer(  798): [SurfaceView - com.alvr.pico2/com.alvr.pico2.MainActivity#0] dequeueBuffer: BufferQueue has been abandoned
I/Adreno  ( 9527): DequeueBuffer: dequeueBuffer failed
I/TimeWarp( 9527): EEEE DestroyFrameworkGraphics destroying eye render target 0
I/TimeWarp( 9527): EEEE DestroyFrameworkGraphics destroying eye render target 1
I/TimeWarp( 9527): EEEE DestroyEyeTargetGraphics
I/TimeWarp( 9527): EEEE DestroyEyeTargetGraphics end
E/BufferQueueProducer(  798): [SurfaceView - com.alvr.pico2/com.alvr.pico2.MainActivity#0] query: BufferQueue has been abandoned
E/BufferQueueProducer(  798): [SurfaceView - com.alvr.pico2/com.alvr.pico2.MainActivity#0] dequeueBuffer: BufferQueue has been abandoned
I/Adreno  ( 9527): DequeueBuffer: dequeueBuffer failed
W/2DToVR  (  798): WARNING!!!: setMode during mode is not switched yet
W/GrallocMapperPassthrough( 9527): buffer descriptor with invalid usage bits 0x2000
I/TimeWarp( 9527): WarpThreadShutdown() - End
I/TimeWarp( 9527): Exiting WarpThreadLoop()
I/TimeWarp( 9527): timeWarp pthread_join() returned
I/TimeWarp( 9527): ---------------- Destruct TimeWarp End ----------------
I/P2ALVR-native( 9527): HW compositor: warp paused for surface teardown
E/libEGL  ( 9527): eglDestroySurface:830 error 300d (EGL_BAD_SURFACE)
I/P2ALVR-native( 9527): window surface destroyed -> pausing render
I/TimeWarp(  798): WarpThreadInit() - End
I/TimeWarp(  798): WarpThreadLoop()
I/TimeWarp(  798): Changing vsync from 0.000000 to 377875.000000
I/TimeWarp(  798): ----------------- TimeWarpLocal() End -----------------
I/TimeWarp(  798): Warp GPU time: 0.0000000000 ms
I/TimeWarp(  798): WarpToScreen: No valid Eye Buffers
I/2DToVR  (  798): Loading texture file at: /system/media/images/55070.png.
W/2DToVR  (  798): Texture failed to load at path: /system/media/images/55070.png
I/2DToVR  (  798): Succesfully loaded: /system/media/images/55070.png.
I/2DToVR  (  798): Loading texture file at: /system/media/images/mask.png.
W/2DToVR  (  798): Texture failed to load at path: /system/media/images/mask.png
I/2DToVR  (  798): Succesfully loaded: /system/media/images/mask.png.
D/2DToVR  (  798): ---SingleBufferRender Thread Init: complete at 1th time --
I/2DToVR  (  798): Enable chromatic aberration correction
D/2DToVR  (  798): Mode switch from 0 to 1
I/2DToVR  (  798): setTrackingStatus:1
D/2DToVR  (  798): Mode switch to Loading
D/2DToVR  (  798): mDisableInput is set to true
I/EyeBuffers(  798): Reallocating buffers
I/EyeBuffers(  798): Allocate FBO: res=2560 color=0 depth=0
I/EyeBuffers(  798): textureFilter = TEXTURE_FILTER_BILINEAR
I/EyeBuffers(  798): Making a 2 sample buffer with glFramebufferTexture2DMultisample
I/EyeBuffers(  798): textureFilter = TEXTURE_FILTER_BILINEAR
I/EyeBuffers(  798): Making a 2 sample buffer with glFramebufferTexture2DMultisample
W/GrallocMapperPassthrough( 9527): buffer descriptor with invalid usage bits 0x2000
W/[ALVR NATIVE-RUST]( 9527): Video frame queue overflow!
D/2DToVR  (  798): ++++++++2D FPS:0.1++++++++
I/EyeBuffers(  798): Reallocating buffers
I/EyeBuffers(  798): Allocate FBO: res=2560 color=0 depth=0
I/EyeBuffers(  798): textureFilter = TEXTURE_FILTER_BILINEAR
I/EyeBuffers(  798): Making a 2 sample buffer with glFramebufferTexture2DMultisample
I/EyeBuffers(  798): textureFilter = TEXTURE_FILTER_BILINEAR
I/EyeBuffers(  798): Making a 2 sample buffer with glFramebufferTexture2DMultisample
W/[ALVR NATIVE-RUST]( 9527): Video frame queue overflow!
W/[ALVR NATIVE-RUST]( 9527): Video frame queue overflow!
I/EyeBuffers(  798): Reallocating buffers
I/EyeBuffers(  798): Allocate FBO: res=2560 color=0 depth=0
I/EyeBuffers(  798): textureFilter = TEXTURE_FILTER_BILINEAR
I/EyeBuffers(  798): Making a 2 sample buffer with glFramebufferTexture2DMultisample
I/EyeBuffers(  798): textureFilter = TEXTURE_FILTER_BILINEAR
I/EyeBuffers(  798): Making a 2 sample buffer with glFramebufferTexture2DMultisample
E/SchedPolicy( 9775): set_timerslack_ns write failed: Operation not permitted
W/[ALVR NATIVE-RUST]( 9527): Video frame queue overflow!
I/P2ALVR-native( 9527): REAL_TIME_CONFIG: no foveation change
W/[ALVR NATIVE-RUST]( 9527): Video frame queue overflow!
I/chatty  ( 1294): uid=1000(system) NetworkStats expire 16 lines
W/[ALVR NATIVE-RUST]( 9527): Video frame queue overflow!
I/AudioPolicyManagerCustom( 1007): setting force DEEP buffer now 
I/AudioPolicyManagerCustom( 1007): setting force DEEP buffer now 
I/AudioPolicyManagerCustom( 1007): setting force DEEP buffer now 
D/AudioPolicyManagerCustom( 1007): Force Direct Flag .. old flags(0x0)
I/AudioFlinger( 1007): openOutput() this 0xef045000, module 10 Device 2, SamplingRate 24000, Format 0x000001, Channels 3, flags 1
D/audio_hw_primary(  753): adev_open_output_stream: enter: format(0x1) sample_rate(24000) channel_mask(0x3) devices(0x2) flags(0x1)        stream_handle(0xf399f000)
I/audio_hw_utils(  753): PCM offload Fragment size to 7680 bytes
D/audio_hw_primary(  753): adev_open_output_stream: Stream (0xf399f000) picks up usecase (compress-offload-playback2)
I/AudioFlinger( 1007): HAL output buffer size 1920 frames, normal sink buffer size 1920 frames
D/audio_hw_utils(  753): audio_extn_utils_compress_get_dsp_latency:: Using Fix DSP delay
D/audio_hw_utils(  753): audio_extn_utils_compress_get_dsp_latency:: delay in ms is 50
D/audio_hw_utils(  753): audio_extn_utils_compress_get_dsp_latency:: Using Fix DSP delay
D/audio_hw_utils(  753): audio_extn_utils_compress_get_dsp_latency:: delay in ms is 50
I/AudioFlinger( 1007): AudioFlinger's thread 0xef062000 tid=9882 ready to run
D/audio_hw_primary(  753): out_standby: enter: stream (0xf399f000) usecase(4: compress-offload-playback2)
D/audio_hw_primary(  753): out_standby: exit
D/audio_hw_utils(  753): audio_extn_utils_compress_get_dsp_latency:: Using Fix DSP delay
D/audio_hw_utils(  753): audio_extn_utils_compress_get_dsp_latency:: delay in ms is 50
I/chatty  ( 9775): uid=1000(system) FMODAudioDevice expire 3 lines
W/[ALVR NATIVE-RUST]( 9527): Video frame queue overflow!
I/chatty  ( 1294): uid=1000 system_server expire 2 lines
D/Avrcp   ( 1513): AudioManager Player: ID:23 -- type:android.media.SoundPool -- u/pid:10027/1540 -- state:idle -- attr:AudioAttributes: usage=USAGE_ASSISTANCE_SONIFICATION content=CONTENT_TYPE_SONIFICATION flags=0x0 tags= bundle=null
D/Avrcp   ( 1513): AudioManager Player: ID:199 -- type:android.media.AudioTrack -- u/pid:1000/9775 -- state:started -- attr:AudioAttributes: usage=USAGE_MEDIA content=CONTENT_TYPE_MUSIC flags=0x0 tags= bundle=null
D/Avrcp   ( 1513): AudioManager isPlaying: true
V/Avrcp   ( 1513): updateCurrentMediaState: mMediaController: null
V/Avrcp   ( 1513): isMusicActive: false getBluetoothPlayState: 2
V/Avrcp   ( 1513): updateCurrentMediaState: isPlaying = false
V/Avrcp   ( 1513): updateCurrentMediaState: mMediaController or getPlaybackState() null
V/Avrcp   ( 1513): Media update: id -1?-1? [MediaAttributes: none] : [MediaAttributes: none]
V/Avrcp   ( 1513): Check if NowPlayingList is updated
V/Avrcp   ( 1513): newPlayStatus:2mReportedPlayStatus:-1
V/Avrcp   ( 1513): updatePlaybackState, state: PlaybackState {state=2, position=-1, buffered position=0, speed=0.0, updated=5822944, actions=0, custom actions=[], active item id=-1, error=null} device: null
V/Avrcp   ( 1513): Device: no name: 
V/Avrcp   ( 1513): updatePlayerStateAndPosition, old=PlaybackState {state=2, position=-1, buffered position=0, speed=0.0, updated=5658011, actions=0, custom actions=[], active item id=-1, error=null}, state=PlaybackState {state=2, position=-1, buffered position=0, speed=0.0, updated=5822944, actions=0, custom actions=[], active item id=-1, error=null}
V/Avrcp   ( 1513): old state = PlaybackState {state=2, position=-1, buffered position=0, speed=0.0, updated=5658011, actions=0, custom actions=[], active item id=-1, error=null}, new state= PlaybackState {state=2, position=-1, buffered position=0, speed=0.0, updated=5822944, actions=0, custom actions=[], active item id=-1, error=null}
W//system/bin/hw/android.hidl.allocator@1.0-service(  752): ashmem_create_region(7680) returning hidl_memory(0x778ce2b490, 7680)
D/HeadsetStateMachine( 1513): isScoOrCallActive(): Check for SCO as well as call status.
D/HeadsetStateMachine( 1513): isInCall()
I/Avrcp   ( 1513): updatePlayStatusForDevice: device: null
V/Avrcp   ( 1513): updatePlaybackState (1): old=PlaybackState {state=2, position=-1, buffered position=0, speed=0.0, updated=5658011, actions=0, custom actions=[], active item id=-1, error=null}(2), new=PlaybackState {state=2, position=-1, buffered position=0, speed=0.0, updated=5822944, actions=0, custom actions=[], active item id=-1, error=null}(2)
I/Avrcp   ( 1513): Exit updatePlayStatusForDevice
D/Avrcp   ( 1513): Enter sendPlayPosNotificationRsp
D/Avrcp   ( 1513): sendPlayPosNotificationRsp: Not registered or requesting.
V/Avrcp   ( 1513): Exit updatePlayerStateAndPosition
W/AudioFlinger( 1007): moveEffectChain_l() effect chain for session 0 not on source thread 0xed883400
D/audio_hw_primary(  753): out_set_parameters: enter: usecase(4: compress-offload-playback2) kvpairs: routing=2
D/audio_hw_utils(  753): audio_extn_utils_compress_get_dsp_latency:: Using Fix DSP delay
D/audio_hw_utils(  753): audio_extn_utils_compress_get_dsp_latency:: delay in ms is 50
W/[ALVR NATIVE-RUST]( 9527): Video frame queue overflow!
E/volume_listener(  753): check_and_set_gain_dep_cal: Failed to set gain dep cal level
E/audio_hw_primary(  753): out_set_volume: compress mute 0
E/audio_hw_primary(  753): out_set_compr_volume:ctl for mixer cmd - Compress Playback 15 Volume, left 0.183501, right 0.183501
D/audio_hw_primary(  753): copl(0xf399f000):calling compress flush
W/audio_hw_primary(  753): out_flush called in invalid state 0
D/audio_hw_primary(  753): copl(0xf399f000):out of compress flush
D/audio_hw_primary(  753): start_output_stream: enter: stream(0xf399f000)usecase(4: compress-offload-playback2) devices(0x2)
D/audio_hw_primary(  753): select_devices for use case (compress-offload-playback2)
D/audio_hw_primary(  753): select_devices: out_snd_device(2: speaker) in_snd_device(0: )
I/msm8974_platform(  753): platform_check_and_set_codec_backend_cfg:becf: afe: bitwidth 16, samplerate 24000 channels 2, backend_idx 0 usecase = 4 device (speaker)
D/msm8974_platform(  753): platform_split_snd_device: snd_device(2) num devices(1) new_snd_devices(0)
I/msm8974_platform(  753): platform_check_and_set_codec_backend_cfg: new_snd_devices[0] is 2
I/msm8974_platform(  753): platform_check_codec_backend_cfg:becf: afe: bitwidth 16, samplerate 24000 channels 2, backend_idx 0 usecase = 4 device (speaker)
D/msm8974_platform(  753): platform_check_codec_backend_cfg:becf: afe: playback on codec device not supporting native playback set default Sample Rate(48k)
I/msm8974_platform(  753): platform_check_codec_backend_cfg:becf: afe: Codec selected backend: 0 updated bit width: 16 and sample rate: 48000
D/audio_hw_primary(  753): check_usecases_codec_backend:becf: force routing 0
E/msm8974_platform(  753): platform_check_backends_match: Invalid snd_device = 
D/audio_hw_primary(  753): check_usecases_codec_backend:becf: (62) check_usecases curr device: speaker, usecase device: backends match 0
D/audio_hw_primary(  753): check_usecases_codec_backend:becf: check_usecases num.of Usecases to switch 0
D/msm8974_platform(  753): platform_split_snd_device: snd_device(2) num devices(0) new_snd_devices(2)
D/hardware_info(  753): hw_info_append_hw_type : device_name = speaker
D/msm8974_platform(  753): platform_split_snd_device: snd_device(2) num devices(0) new_snd_devices(0)
D/audio_hw_primary(  753): enable_snd_device: snd_device(2: speaker)
I/soundtrigger(  753): audio_extn_sound_trigger_update_device_status: device 0x2 of type 0 for Event 1, with Raise=0
D/audio_route(  753): Apply path: speaker
W/[ALVR NATIVE-RUST]( 9527): Video frame queue overflow!
I/Binder:622_2(  622): type=1400 audit(0.0:3760): avc: denied { add_name } for name="globalAlert" scontext=u:r:netd:s0 tcontext=u:object_r:proc_net:s0 tclass=dir permissive=1
I/Binder:622_2(  622): type=1400 audit(0.0:3761): avc: denied { create } for name="globalAlert" scontext=u:r:netd:s0 tcontext=u:object_r:proc_net:s0 tclass=file permissive=1
I/Binder:622_2(  622): type=1400 audit(0.0:3762): avc: denied { associate } for name="globalAlert" scontext=u:object_r:proc_net:s0 tcontext=u:object_r:proc:s0 tclass=filesystem permissive=1
I/sensors-hal(  766): flush:190, android.sensor.accelerometer/34
I/sensors-hal(  766): flush:196, android.sensor.accelerometer/34 completed
D/soundtrigger(  753): audio_extn_sound_trigger_update_stream_status: uc_id 4 of type 0 for Event 3, with Raise=1
D/sound_trigger_platform(  753): platform_stdev_check_and_update_concurrency: concurrency active 0, tx 0, rx 1, concurrency session_allowed 1
D/audio_hw_utils(  753): audio_extn_utils_send_app_type_cfg: usecase->out_snd_device speaker
D/msm8974_platform(  753): platform_split_snd_device: snd_device(2) num devices(0) new_snd_devices(0)
D/audio_hw_utils(  753): audio_extn_btsco_get_sample_rate:Not a BT SCO device, need not update sampling rate
I/audio_hw_utils(  753): send_app_type_cfg_for_device PLAYBACK app_type 69936, acdb_dev_id 15, sample_rate 48000, snd_device_be_idx 2
D/msm8974_platform(  753): platform_split_snd_device: snd_device(2) num devices(1) new_snd_devices(0)
D/ACDB-LOADER(  753): ACDB -> send_audio_cal, acdb_id = 15, path = 0, app id = 0x11130, sample rate = 48000
D/ACDB-LOADER(  753): ACDB -> send_asm_topology
D/ACDB-LOADER(  753): ACDB -> ACDB_CMD_GET_AUDPROC_STREAM_TOPOLOGY_ID
W/[ALVR NATIVE-RUST]( 9527): Video frame queue overflow!
D/ACDB-LOADER(  753): ACDB -> send_adm_topology
D/ACDB-LOADER(  753): ACDB -> ACDB_CMD_GET_AUDPROC_COMMON_TOPOLOGY_ID
D/ACDB-LOADER(  753): ACDB -> send_audtable
D/ACDB-LOADER(  753): ACDB -> ACDB_CMD_GET_AUDPROC_COMMON_TABLE_SIZE
D/ACDB-LOADER(  753): ACDB -> ACDB_CMD_GET_AUDPROC_COMMON_TABLE
D/ACDB-LOADER(  753): ACDB -> AUDIO_SET_AUDPROC_CAL
D/ACDB-LOADER(  753): ACDB -> send_audvoltable
D/ACDB-LOADER(  753): ACDB -> ACDB_CMD_GET_AUDPROC_VOL_STEP_TABLE_SIZE
D/ACDB-LOADER(  753): ACDB -> ACDB_CMD_GET_AUDPROC_GAIN_DEP_STEP_TABLE, vol index 4
D/ACDB-LOADER(  753): ACDB -> AUDIO_SET_VOL_CAL cal type = 12
D/ACDB-LOADER(  753): ACDB -> ACDB_CMD_GET_AUDPROC_STREAM_TABLE_SIZE
D/ACDB-LOADER(  753): ACDB -> send_audstrmtable
D/ACDB-LOADER(  753): ACDB -> ACDB_CMD_GET_AUDPROC_STREAM_TABLE_V2
D/ACDB-LOADER(  753): ACDB -> audstrm_cal->cal_type.cal_data.cal_size = 456
D/ACDB-LOADER(  753): ACDB -> send_afe_topology
D/ACDB-LOADER(  753): ACDB -> ACDB_CMD_GET_AFE_TOPOLOGY_ID
D/ACDB-LOADER(  753): ACDB -> GET_AFE_TOPOLOGY_ID for adcd_id 15, Topology Id 1025e
D/ACDB-LOADER(  753): ACDB -> send_afe_cal
D/ACDB-LOADER(  753): ACDB -> ACDB_CMD_GET_AFE_COMMON_TABLE_SIZE
D/ACDB-LOADER(  753): ACDB -> ACDB_CMD_GET_AFE_COMMON_TABLE
D/ACDB-LOADER(  753): ACDB -> AUDIO_SET_AFE_CAL
D/ACDB-LOADER(  753): ACDB -> send_hw_delay : acdb_id = 15 path = 0
D/ACDB-LOADER(  753): ACDB -> ACDB_AVSYNC_INFO: ACDB_CMD_GET_DEVICE_PROPERTY
D/audio_hw_primary(  753): enable_audio_route: apply mixer and update path: compress-offload-playback2
D/audio_route(  753): Apply path: compress-offload-playback2
D/audio_hw_primary(  753): select_devices: done
D/msm8974_platform(  753): platform_set_channel_map mixer_ctl_name:Playback Channel Map15
D/msm8974_platform(  753): platform_set_channel_map: set mapping(1 2 0 0 0 0 0 0) for channel:2
D/audio_hw_primary(  753): audio_enable_asm_bit_width_enforce_mode: DSP bitwidth feature is disabled.
W/[ALVR NATIVE-RUST]( 9527): Video frame queue overflow!
W/[ALVR NATIVE-RUST]( 9527): Video frame queue overflow!
I/Thread-2( 9527): type=1400 audit(0.0:3763): avc: denied { search } for name="battery" dev="sysfs" ino=54415 scontext=u:r:untrusted_app:s0:c512,c768 tcontext=u:object_r:sysfs_battery_supply:s0 tclass=dir permissive=1
I/pvrservice( 5931): type=1400 audit(0.0:3764): avc: denied { read } for scontext=u:r:pvrservice:s0 tcontext=u:r:system_server:s0 tclass=unix_stream_socket permissive=1
I/Thread-2( 9527): type=1400 audit(0.0:3765): avc: denied { read } for name="capacity" dev="sysfs" ino=54432 scontext=u:r:untrusted_app:s0:c512,c768 tcontext=u:object_r:sysfs_battery_supply:s0 tclass=file permissive=1
I/Thread-2( 9527): type=1400 audit(0.0:3766): avc: denied { open } for path="/sys/devices/platform/soc/c440000.qcom,spmi/spmi-0/spmi0-02/c440000.qcom,spmi:qcom,pmi8998@2:qcom,qpnp-smb2/power_supply/battery/capacity" dev="sysfs" ino=54432 scontext=u:r:untrusted_app:s0:c512,c768 tcontext=u:object_r:sysfs_battery_supply:s0 tclass=file permissive=1
I/TimeWarp(  798): Warp GPU time: 0.0000000000 ms
W/[ALVR NATIVE-RUST]( 9527): Video frame queue overflow!
I/P2ALVR-native( 9527): eye: yaw=-3.6 pitch=-2.6 deg Cv=(0.063,-0.046,-0.997) open=(1.00,1.00) status=(21,21,3)
D/audio_hw_utils(  753): audio_extn_utils_compress_set_render_mode:: render mode 0
D/audio_hw_utils(  753): audio_extn_utils_compress_set_clk_rec_mode:: clk recovery is only supported in STC render mode
D/offload_visualizer(  753): thread enter
D/audio_hw_primary(  753): start_output_stream: exit
D/audio_hw_primary(  753): out_write: retry previous failed cal level set
D/msm8974_platform(  753): platform_split_snd_device: snd_device(2) num devices(1) new_snd_devices(0)
D/audio_hw_primary(  753): copl(0xf399f000):send new gapless metadata
W/[ALVR NATIVE-RUST]( 9527): Video frame queue overflow!
W/[ALVR NATIVE-RUST]( 9527): Video frame queue overflow!
W/[ALVR NATIVE-RUST]( 9527): Video frame queue overflow!
W/[ALVR NATIVE-RUST]( 9527): Video frame queue overflow!
W/[ALVR NATIVE-RUST]( 9527): Video frame queue overflow!
W/[ALVR NATIVE-RUST]( 9527): Video frame queue overflow!
W/[ALVR NATIVE-RUST]( 9527): Video frame queue overflow!
W/[ALVR NATIVE-RUST]( 9527): Video frame queue overflow!
W/[ALVR NATIVE-RUST]( 9527): Video frame queue overflow!
W/[ALVR NATIVE-RUST]( 9527): Video frame queue overflow!
W/[ALVR NATIVE-RUST]( 9527): Video frame queue overflow!
W/[ALVR NATIVE-RUST]( 9527): Video frame queue overflow!
W/[ALVR NATIVE-RUST]( 9527): Video frame queue overflow!
W/[ALVR NATIVE-RUST]( 9527): Video frame queue overflow!
W/[ALVR NATIVE-RUST]( 9527): Video frame queue overflow!
W/[ALVR NATIVE-RUST]( 9527): Video frame queue overflow!
I/chatty  ( 9775): uid=1000(system) UnityMain identical 14 lines
E/SchedPolicy( 9775): set_timerslack_ns write failed: Operation not permitted
D/BluetoothManagerService( 1294): MESSAGE_REGISTER_ADAPTER
I/vrUserCenter.UserInfoProvider( 2967): UserInfoProvider????query
I/P2ALVR-native( 9527): eye: yaw=-14.7 pitch=16.9 deg Cv=(0.255,0.281,-0.925) open=(1.00,1.00) status=(21,21,3)
I/vrUserCenter.UserInfoProvider( 2967): UserInfoProvider????query
I/vrUserCenter.UserInfoProvider( 2967): UserInfoProvider????query
W/[ALVR NATIVE-RUST]( 9527): Video frame queue overflow!
W/[ALVR NATIVE-RUST]( 9527): Video frame queue overflow!
W/[ALVR NATIVE-RUST]( 9527): Video frame queue overflow!
W/[ALVR NATIVE-RUST]( 9527): Video frame queue overflow!
W/[ALVR NATIVE-RUST]( 9527): Video frame queue overflow!
W/[ALVR NATIVE-RUST]( 9527): Video frame queue overflow!
W/[ALVR NATIVE-RUST]( 9527): Video frame queue overflow!
W/ContextImpl( 9775): Calling a method in the system process without a qualified user: android.app.ContextImpl.bindService:1556 android.content.ContextWrapper.bindService:684 com.picovr.picovrlib.cvcontrollerclient.ControllerClient.bindControllerService:17 com.picovr.picovrlib.hummingbirdclient.UnityClient.bindService:65 com.unity3d.player.UnityPlayer.nativeRender:-2 
D/CVControllerService( 2550): aidl supportSharmem support sharmem
E/PvrService( 5931): VRModeStateClient::setTrackingMode pid=9775, trackingMode=2
I/PvrService( 5931): mPrevTrackingMode 7, trackingMode 7
D/PvrService( 5931): setParameter:name(ShowSafetyTip), value(false)
D/PvrService( 5931): Do not show safety tip
E/PvrService( 5931): VRModeStateClient::setClientSafetyTipStatus pid=9775, status=0
W/[ALVR NATIVE-RUST]( 9527): Video frame queue overflow!
E/PvrService( 5931): VRModeStateClient::startVRMode pid=9775
I/PvrService( 5931): mPrevTrackingMode 7, trackingMode 7
D/PvrService( 5931): ---------------------No safety tip for pid:9775
E/PvrService( 5931): VRModeStateClient::setTrackingMode pid=9775, trackingMode=2
I/PvrService( 5931): mPrevTrackingMode 7, trackingMode 7
D/PvrService( 5931): setParameter:name(ShowSafetyTip), value(false)
D/PvrService( 5931): Do not show safety tip
E/PvrService( 5931): VRModeStateClient::setClientSafetyTipStatus pid=9775, status=0
E/PvrService( 5931): VRModeStateClient::startVRMode pid=9775
I/PvrService( 5931): mPrevTrackingMode 7, trackingMode 7
D/PvrService( 5931): ---------------------No safety tip for pid:9775
W/[ALVR NATIVE-RUST]( 9527): Video frame queue overflow!
E/Paul    ( 5931): track_flag:1,6,1
E/Paul    ( 5931): Yaw:-1.138293
E/Paul    ( 5931): pose_offset_reset:1,-0.000000,0.728486,-0.000000,0.685061,0.050031,0.000000,0.066259
E/Paul    ( 5931): Reset
E/Paul    ( 5931): fix-no-smooth
E/Paul    ( 5931): new-struct
D/PvrService( 5931): newTracker resetTracking mode=[6] pose_offset [-0.000000,0.728486,-0.000000,0.685061,0.050031,0.000000,0.066259] flag=[1]
I/PvrService( 5931): alg_reset successfully: 0
E/PvrService( 5931): Call resetTracking in PvrServiceCore,mode=3, 0,1,0
E/PvrService( 5931): resetTracking:Try to get tracking lock mutex
E/PvrService( 5931): resetTracking:Get tracking lock mutex
I/PvrService( 5931): Call resetTrackingThread in PvrServiceCore,mode=3, 0,1,0
E/PvrPlatform( 5931): Call resetTracking in platform:mode=3
E/PvrService( 5931): resetTrackingThread:release tracking lock mutex
I/vrUserCenter.UserInfoProvider( 2967): UserInfoProvider????query
I/vrUserCenter.UserInfoProvider( 2967): UserInfoProvider????query
W/[ALVR NATIVE-RUST]( 9527): Video frame queue overflow!
I/sensors-hal(  766): flush:190, android.sensor.accelerometer/34
I/sensors-hal(  766): flush:196, android.sensor.accelerometer/34 completed
W/[ALVR NATIVE-RUST]( 9527): Video frame queue overflow!
I/VrApi   ( 9775): PVR_SERVICE_QUATERNION_MODE ResetSensor
I/PvrServiceClient( 9775): Call resetTracking in PvrServiceClient,mode=3
E/Paul    ( 5931): track_flag:1,6,1
E/Paul    ( 5931): Yaw:-1.138036
E/Paul    ( 5931): pose_offset_reset:1,-0.000000,0.738510,-0.000000,0.674243,0.046959,0.000000,0.066363
E/Paul    ( 5931): Reset
E/Paul    ( 5931): fix-no-smooth
E/Paul    ( 5931): new-struct
D/PvrService( 5931): newTracker resetTracking mode=[6] pose_offset [-0.000000,0.738510,-0.000000,0.674243,0.046959,0.000000,0.066363] flag=[1]
I/PvrService( 5931): alg_reset successfully: 0
E/PvrService( 5931): Call resetTracking in PvrServiceCore,mode=3, 0,1,0
E/PvrService( 5931): resetTracking:Try to get tracking lock mutex
E/PvrService( 5931): resetTracking:Get tracking lock mutex
I/PvrService( 5931): Call resetTrackingThread in PvrServiceCore,mode=3, 0,1,0
E/PvrPlatform( 5931): Call resetTracking in platform:mode=3
E/PvrService( 5931): resetTrackingThread:release tracking lock mutex
I/UnityPlugin( 9775): Pvr_OptionalResetSensor_ exit
I/Unity   ( 9775): PvrLog OptionalResetUnitySDKSensor OK!11
I/Unity   ( 9775): Pvr_UnitySDKSensor:OptionalResetUnitySDKSensor(Int32, Int32)
I/Unity   ( 9775): LauncherSceneManager:LoadScene(Int32)
I/Unity   ( 9775):  
I/Unity   ( 9775): (Filename: ./Runtime/Export/Debug.bindings.h Line: 45)
I/Unity   ( 9775): 
I/Unity   ( 9775): ??Navigation data ????
I/Unity   ( 9775): StartUpApp:GetOutSideNav_Data()
I/Unity   ( 9775): StartUpApp:Start()
I/Unity   ( 9775):  
I/Unity   ( 9775): (Filename: ./Runtime/Export/Debug.bindings.h Line: 45)
I/Unity   ( 9775): 
W/[ALVR NATIVE-RUST]( 9527): Video frame queue overflow!
W/[ALVR NATIVE-RUST]( 9527): Video frame queue overflow!
I/        (  795): FanControlSetDriver fanRpm=20
W/[ALVR NATIVE-RUST]( 9527): Video frame queue overflow!
I/        (  795): FanControlSetDriver fanState=50
W/[ALVR NATIVE-RUST]( 9527): Video frame queue overflow!
I/FrameAnimation( 9775): mBitmap.recycle
W/[ALVR NATIVE-RUST]( 9527): Video frame queue overflow!
W/[ALVR NATIVE-RUST]( 9527): Video frame queue overflow!
I/P2ALVR-native( 9527): eye: yaw=-4.5 pitch=11.4 deg Cv=(0.079,0.198,-0.977) open=(1.00,1.00) status=(21,21,3)
W/[ALVR NATIVE-RUST]( 9527): Video frame queue overflow!
W/[ALVR NATIVE-RUST]( 9527): Video frame queue overflow!
I/FrameAnimation( 9775): mBitmap.recycle
W/[ALVR NATIVE-RUST]( 9527): Video frame queue overflow!
W/[ALVR NATIVE-RUST]( 9527): Video frame queue overflow!
W/[ALVR NATIVE-RUST]( 9527): Video frame queue overflow!
W/[ALVR NATIVE-RUST]( 9527): Video frame queue overflow!
W/[ALVR NATIVE-RUST]( 9527): Video frame queue overflow!
W/[ALVR NATIVE-RUST]( 9527): Video frame queue overflow!
I/FrameAnimation( 9775): mBitmap.recycle
I/chatty  ( 1018): uid=1046(mediacodec) VideoDecMsgThre expire 383 lines
W/[ALVR NATIVE-RUST]( 9527): Video frame queue overflow!
W/[ALVR NATIVE-RUST]( 9527): Video frame queue overflow!
W/[ALVR NATIVE-RUST]( 9527): Video frame queue overflow!
W/[ALVR NATIVE-RUST]( 9527): Video frame queue overflow!
W/[ALVR NATIVE-RUST]( 9527): Video frame queue overflow!
I/Unity   ( 9775): [{"packageName":"com.pvr.home","className":"com.pvr.home.RecActivity","actionName":"pvr.intent.action.HOME_REC","showName":"Recommend","iconUrl":"Image/ic_recommend"},{"packageName":"com.pvr.home","className":"com.pvr.home.AllAppActivity","actionName":"pvr.intent.action.HOME_APP","showName":"All_App","iconUrl":"Image/ic_allapp"},{"packageName":"com.picovr.store","className":"","actionName":"","showName":"Store","iconUrl":"Image/ic_store"},
I/Unity   ( 9775): {"packageName":"com.pvr.filemanager","className":"","actionName":"","showName":"File_Management","iconUrl":"Image/ic_files"},{"packageName":"com.picovr.settings","className":"","actionName":"pui.settings.action.SETTINGS","showName":"Settings","iconUrl":"Image/ic_setting"}]
I/Unity   ( 9775): StartUpApp:Start()
I/Unity   ( 9775):  
I/Unity   ( 9775): (Filename: ./Runtime/Export/Debug.bindings.h Line: 45)
I/Unity   ( 9775): 
W/[ALVR NATIVE-RUST]( 9527): Video frame queue overflow!
I/FrameAnimation( 9775): mBitmap.recycle
I/Unity   ( 9775): 6
I/Unity   ( 9775): NavigationManager:InitDataList(List`1)
I/Unity   ( 9775):  
I/Unity   ( 9775): (Filename: ./Runtime/Export/Debug.bindings.h Line: 45)
I/Unity   ( 9775): 
I/Unity   ( 9775): xxxxxxxxxxxxx
I/Unity   ( 9775): NavigationManager:InitDataList(List`1)
I/Unity   ( 9775):  
I/Unity   ( 9775): (Filename: ./Runtime/Export/Debug.bindings.h Line: 45)
I/Unity   ( 9775): 
I/Unity   ( 9775): PUI--------------ro.pvr.product.name = FalconCV2
I/Unity   ( 9775): PUI_UnityAPI:GetDeviceMode()
I/Unity   ( 9775): StatusBarView:SetUIPos()
I/Unity   ( 9775): StatusBarView:Start()
I/Unity   ( 9775):  
I/Unity   ( 9775): (Filename: ./Runtime/Export/Debug.bindings.h Line: 45)
I/Unity   ( 9775): 
W/[ALVR NATIVE-RUST]( 9527): Video frame queue overflow!
I/Unity   ( 9775): ime create
I/Unity   ( 9775): SGIme:Create(ImeDelegateBase)
I/Unity   ( 9775): ImeManager:Start()
I/Unity   ( 9775):  
I/Unity   ( 9775): (Filename: ./Runtime/Export/Debug.bindings.h Line: 45)
I/Unity   ( 9775): 
W/ContextImpl( 9775): Calling a method in the system process without a qualified user: android.app.ContextImpl.bindService:1556 android.content.ContextWrapper.bindService:684 com.sohu.inputmethod.sogou.sgrenderproxy.RenderProxy.start:54 com.sohu.inputmethod.sogou.sgrenderproxy.RenderProxyUnity.<init>:23 com.unity3d.player.UnityPlayer.nativeRender:-2 
W/ActivityManager( 1294): Unable to start service Intent { cmp=com.sohu.inputmethod.sogou.car/.RenderService } U=0: not found
I/Unity   ( 9775): ime hide
I/Unity   ( 9775): SGIme:Hide()
I/Unity   ( 9775): ImeManager:Hide()
I/Unity   ( 9775):  
I/Unity   ( 9775): (Filename: ./Runtime/Export/Debug.bindings.h Line: 45)
I/Unity   ( 9775): 
I/Unity   ( 9775): OnIMEHide
I/Unity   ( 9775): ImeDelegateImpl_kbd:OnIMEHide()
I/Unity   ( 9775):  
I/Unity   ( 9775): (Filename: ./Runtime/Export/Debug.bindings.h Line: 45)
I/Unity   ( 9775): 
E/UnityPlugin( 9775): Get sensor failed. Render thread not initialized.
W/[ALVR NATIVE-RUST]( 9527): Video frame queue overflow!
I/PvrVirtualInputClient( 9775): pvrVirtualInputCreate 0x7b2d0b3070
W/[ALVR NATIVE-RUST]( 9527): Video frame queue overflow!
I/P2ALVR-native( 9527): eye: yaw=0.6 pitch=10.3 deg Cv=(-0.011,0.180,-0.984) open=(1.00,1.00) status=(21,21,3)
W/[ALVR NATIVE-RUST]( 9527): Video frame queue overflow!
I/CVControllerService( 2550): SetUnityVersion 2 8 6 9 unityVersion 2.8.6.9
D/CVControllerService( 2550): handleMessage=====
D/CVControllerService( 2550): MSG_SET_UNITY_VERSION unityVersion = 2.8.6.9
I/VrApi   ( 2550): current version is 2869
I/Unity   ( 9775): PvrLog SetUnityVersionToJar2.8.6.9
I/Unity   ( 9775): Pvr_ControllerManager:setControllerServiceBindState(String)
I/Unity   ( 9775):  
I/Unity   ( 9775): (Filename: ./Runtime/Export/Debug.bindings.h Line: 45)
I/Unity   ( 9775): 
D/ControllerClient( 9775): call client startControllerThread(1,1)
D/CVControllerService( 2550): startCVControllerThread headSensorState = 1,handSensorState = 1
D/CVControllerService( 2550): handleMessage=====
D/CVControllerService( 2550): handleMessage===== MSG_START_SPI_THREAD  isSpiThreadStart
I/VrApi   ( 2550): PVR_SERVICE_QUATERNION_MODE StopSensor GlobalTracking
E/PvrService( 5931): VRModeStateClient::stopVRMode pid=2550
I/PvrService( 5931): mPrevTrackingMode 7, trackingMode 7
I/CvSvcJNI( 2550): Stopped Head Sensor.
I/CvSvcJNI( 2550): Track Mode: Head=1, Hand=1.
D/cvcontrollerService( 2550): CallbackControllerFirstFrame
D/CVControllerService( 2550): MSG_CONTROLLER_THREAD_READY
I/CvDataProcess( 2550): Set Head Track Mode to 1
I/CvDataProcess( 2550): Set Controller Track Mode to 1
I/VrApi   ( 2550): this is a Main Sensor
I/VrApi   ( 2550): PVR_SERVICE_QUATERNION_MODE Start GlobalTracking = 2
I/VrServiceApi( 2550): SetTrackingMode entry trackingMode = 2
I/PvrServiceClient( 2550): Call setTrackingMode in PvrServiceClient,mode=2
E/PvrService( 5931): VRModeStateClient::setTrackingMode pid=2550, trackingMode=2
I/PvrService( 5931): mPrevTrackingMode 7, trackingMode 7
D/PvrService( 5931): setParameter:name(ShowSafetyTip), value(false)
D/PvrService( 5931): Do not show safety tip
E/PvrService( 5931): VRModeStateClient::setClientSafetyTipStatus pid=2550, status=0
E/PvrService( 5931): VRModeStateClient::startVRMode pid=2550
I/PvrService( 5931): mPrevTrackingMode 7, trackingMode 7
D/PvrService( 5931): ---------------------No safety tip for pid:2550
I/CvSvcJNI( 2550): Controller has already been started, return.
D/CVControllerService( 2550): handleMessage=====
D/CVControllerService( 2550): MSG_CONTROLLER_THREAD_READY
D/ControllerClient( 2244): feedbackControllerThreadStarted unityObjectName == null
I/ControllerClient( 9775): feedbackControllerThreadStarted
I/Unity   ( 9775): PvrLog StartControllerThread11
I/Unity   ( 9775): Pvr_ControllerLink:StartControllerThread(Int32, Int32)
I/Unity   ( 9775): Pvr_ControllerManager:setControllerServiceBindState(String)
I/Unity   ( 9775):  
I/Unity   ( 9775): (Filename: ./Runtime/Export/Debug.bindings.h Line: 45)
I/Unity   ( 9775): 
D/ControllerClient( 3002): feedbackControllerThreadStarted unityObjectName == null
D/ControllerClient( 9527): feedbackControllerThreadStarted unityObjectName == null
W/[ALVR NATIVE-RUST]( 9527): Video frame queue overflow!
I/UnityPlugin( 9775): FOVEA up.focused == false!
W/[ALVR NATIVE-RUST]( 9527): Video frame queue overflow!
I/FrameAnimation( 9775): mBitmap.recycle
I/UnityPlugin( 9775): FOVEA up.focused == false!
I/UnityPlugin( 9775): FOVEA up.focused == false!
W/[ALVR NATIVE-RUST]( 9527): Video frame queue overflow!
W/[ALVR NATIVE-RUST]( 9527): Video frame queue overflow!
E/UnityPlugin( 9775): Get sensor failed. Render thread not initialized.
I/CVControllerService( 2550): persist.pvrcon.main.controller callunityversion is false and allcontrollerconnected is falseis 1
I/CVControllerService( 2550): getPvrMainController 1
I/Unity   ( 9775): CursorManager-------????????????????
I/Unity   ( 9775): CursorManager:<Awake>b__7_2()
I/Unity   ( 9775): PvrServiceStartSuccess:Invoke()
I/Unity   ( 9775):  
I/Unity   ( 9775): (Filename: ./Runtime/Export/Debug.bindings.h Line: 45)
I/Unity   ( 9775): 
W/[ALVR NATIVE-RUST]( 9527): Video frame queue overflow!
I/Unity   ( 9775): CursorManager-------????:1
I/Unity   ( 9775): CursorManager:LoadController()
I/Unity   ( 9775): CursorManager:OnControllerStateChange()
I/Unity   ( 9775): PvrServiceStartSuccess:Invoke()
I/Unity   ( 9775):  
I/Unity   ( 9775): (Filename: ./Runtime/Export/Debug.bindings.h Line: 45)
I/Unity   ( 9775): 
I/Unity   ( 9775): CursorManager-------??0??,??1??
I/Unity   ( 9775): CursorManager:LoadController()
I/Unity   ( 9775): CursorManager:OnControllerStateChange()
I/Unity   ( 9775): PvrServiceStartSuccess:Invoke()
I/Unity   ( 9775):  
I/Unity   ( 9775): (Filename: ./Runtime/Export/Debug.bindings.h Line: 45)
I/Unity   ( 9775): 
W/[ALVR NATIVE-RUST]( 9527): Video frame queue overflow!
E/Unity   ( 9775): CursorManager-------ControlCVRayShow---RayController is null!!!
E/Unity   ( 9775): CursorManager:ControlCVRayShow(GameObject, Boolean)
E/Unity   ( 9775): CursorManager:LoadController()
E/Unity   ( 9775): CursorManager:OnControllerStateChange()
E/Unity   ( 9775): PvrServiceStartSuccess:Invoke()
E/Unity   ( 9775):  
E/Unity   ( 9775): (Filename: ./Runtime/Export/Debug.bindings.h Line: 45)
E/Unity   ( 9775): 
I/Unity   ( 9775): PUI------- DOT is not null
I/Unity   ( 9775): RayController:Init()
I/Unity   ( 9775): CursorManager:ControlCVRayShow(GameObject, Boolean)
I/Unity   ( 9775): CursorManager:LoadController()
I/Unity   ( 9775): CursorManager:OnControllerStateChange()
I/Unity   ( 9775): PvrServiceStartSuccess:Invoke()
I/Unity   ( 9775):  
I/Unity   ( 9775): (Filename: ./Runtime/Export/Debug.bindings.h Line: 45)
I/Unity   ( 9775): 
I/Unity   ( 9775): PUI------- start is not null
I/Unity   ( 9775): RayController:Init()
I/Unity   ( 9775): CursorManager:ControlCVRayShow(GameObject, Boolean)
I/Unity   ( 9775): CursorManager:LoadController()
I/Unity   ( 9775): CursorManager:OnControllerStateChange()
I/Unity   ( 9775): PvrServiceStartSuccess:Invoke()
I/Unity   ( 9775):  
I/Unity   ( 9775): (Filename: ./Runtime/Export/Debug.bindings.h Line: 45)
I/Unity   ( 9775): 
I/Unity   ( 9775): PUI------- point is not null
I/Unity   ( 9775): RayController:Init()
I/Unity   ( 9775): CursorManager:ControlCVRayShow(GameObject, Boolean)
I/Unity   ( 9775): CursorManager:LoadController()
I/Unity   ( 9775): CursorManager:OnControllerStateChange()
I/Unity   ( 9775): PvrServiceStartSuccess:Invoke()
I/Unity   ( 9775):  
I/Unity   ( 9775): (Filename: ./Runtime/Export/Debug.bindings.h Line: 45)
I/Unity   ( 9775): 
W/[ALVR NATIVE-RUST]( 9527): Video frame queue overflow!
I/Unity   ( 9775): CursorManager-------ControlCVRayShow : PvrController0 True
I/Unity   ( 9775): CursorManager:ControlCVRayShow(GameObject, Boolean)
I/Unity   ( 9775): CursorManager:LoadController()
I/Unity   ( 9775): CursorManager:OnControllerStateChange()
I/Unity   ( 9775): PvrServiceStartSuccess:Invoke()
I/Unity   ( 9775):  
I/Unity   ( 9775): (Filename: ./Runtime/Export/Debug.bindings.h Line: 45)
I/Unity   ( 9775): 
E/Unity   ( 9775): CursorManager-------ControlCVRayShow---RayController is null!!!
E/Unity   ( 9775): CursorManager:ControlCVRayShow(GameObject, Boolean)
E/Unity   ( 9775): CursorManager:LoadController()
E/Unity   ( 9775): CursorManager:OnControllerStateChange()
E/Unity   ( 9775): PvrServiceStartSuccess:Invoke()
E/Unity   ( 9775):  
E/Unity   ( 9775): (Filename: ./Runtime/Export/Debug.bindings.h Line: 45)
E/Unity   ( 9775): 
I/Unity   ( 9775): PUI------- DOT is not null
I/Unity   ( 9775): RayController:Init()
I/Unity   ( 9775): CursorManager:ControlCVRayShow(GameObject, Boolean)
I/Unity   ( 9775): CursorManager:LoadController()
I/Unity   ( 9775): CursorManager:OnControllerStateChange()
I/Unity   ( 9775): PvrServiceStartSuccess:Invoke()
I/Unity   ( 9775):  
I/Unity   ( 9775): (Filename: ./Runtime/Export/Debug.bindings.h Line: 45)
I/Unity   ( 9775): 
I/Unity   ( 9775): PUI------- start is not null
I/Unity   ( 9775): RayController:Init()
I/Unity   ( 9775): CursorManager:ControlCVRayShow(GameObject, Boolean)
I/Unity   ( 9775): CursorManager:LoadController()
I/Unity   ( 9775): CursorManager:OnControllerStateChange()
I/Unity   ( 9775): PvrServiceStartSuccess:Invoke()
I/Unity   ( 9775):  
I/Unity   ( 9775): (Filename: ./Runtime/Export/Debug.bindings.h Line: 45)
I/Unity   ( 9775): 
I/FrameAnimation( 9775): mBitmap.recycle
I/Unity   ( 9775): PUI------- point is not null
I/Unity   ( 9775): RayController:Init()
I/Unity   ( 9775): CursorManager:ControlCVRayShow(GameObject, Boolean)
I/Unity   ( 9775): CursorManager:LoadController()
I/Unity   ( 9775): CursorManager:OnControllerStateChange()
I/Unity   ( 9775): PvrServiceStartSuccess:Invoke()
I/Unity   ( 9775):  
I/Unity   ( 9775): (Filename: ./Runtime/Export/Debug.bindings.h Line: 45)
I/Unity   ( 9775): 
I/Unity   ( 9775): CursorManager-------ControlCVRayShow : PvrController1 True
I/Unity   ( 9775): CursorManager:ControlCVRayShow(GameObject, Boolean)
I/Unity   ( 9775): CursorManager:LoadController()
I/Unity   ( 9775): CursorManager:OnControllerStateChange()
I/Unity   ( 9775): PvrServiceStartSuccess:Invoke()
I/Unity   ( 9775):  
I/Unity   ( 9775): (Filename: ./Runtime/Export/Debug.bindings.h Line: 45)
I/Unity   ( 9775): 
I/Unity   ( 9775): CursorManager-------ControlCVRayShow : PvrController1 True
I/Unity   ( 9775): CursorManager:ControlCVRayShow(GameObject, Boolean)
I/Unity   ( 9775): CursorManager:LoadController()
I/Unity   ( 9775): CursorManager:OnControllerStateChange()
I/Unity   ( 9775): PvrServiceStartSuccess:Invoke()
I/Unity   ( 9775):  
I/Unity   ( 9775): (Filename: ./Runtime/Export/Debug.bindings.h Line: 45)
I/Unity   ( 9775): 
I/UnityPlugin( 9775): FOVEA up.focused == false!
W/[ALVR NATIVE-RUST]( 9527): Video frame queue overflow!
I/UnityPlugin( 9775): FOVEA up.focused == false!
I/UnityPlugin( 9775): FOVEA up.focused == false!
W/[ALVR NATIVE-RUST]( 9527): Video frame queue overflow!
I/UnityPlugin( 9775): FOVEA up.focused == false!
W/[ALVR NATIVE-RUST]( 9527): Video frame queue overflow!
I/Unity   ( 9775): ?????:06
I/Unity   ( 9775): SkyBoxManager:LoadSkyBox(String)
I/Unity   ( 9775):  
I/Unity   ( 9775): (Filename: ./Runtime/Export/Debug.bindings.h Line: 45)
I/Unity   ( 9775): 
D/2DToVR  (  798): ++++++++2D FPS:71.8++++++++
W/[ALVR NATIVE-RUST]( 9527): Video frame queue overflow!
W/[ALVR NATIVE-RUST]( 9527): Video frame queue overflow!
W/[ALVR NATIVE-RUST]( 9527): Video frame queue overflow!
I/FrameAnimation( 9775): mBitmap.recycle
I/P2ALVR-native( 9527): REAL_TIME_CONFIG: no foveation change
W/[ALVR NATIVE-RUST]( 9527): Video frame queue overflow!
W/[ALVR NATIVE-RUST]( 9527): Video frame queue overflow!
W/[ALVR NATIVE-RUST]( 9527): Video frame queue overflow!
W/[ALVR NATIVE-RUST]( 9527): Video frame queue overflow!
I/FrameAnimation( 9775): mBitmap.recycle
W/[ALVR NATIVE-RUST]( 9527): Video frame queue overflow!
W/[ALVR NATIVE-RUST]( 9527): Video frame queue overflow!
W/Unity   ( 9775): The loaded level has a different lightmaps mode than the current one. Current: Directional. Loaded: Non-Directional. Will use: Directional.
W/Unity   ( 9775):  
W/Unity   ( 9775): (Filename:  Line: 258)
W/Unity   ( 9775): 
E/UnityPlugin( 9775): Get sensor failed. Render thread not initialized.
I/Unity   ( 9775): InitRenderThreadRoutine after a wait
I/Unity   ( 9775): <InitRenderThreadRoutine>d__111:MoveNext()
I/Unity   ( 9775): UnityEngine.SetupCoroutine:InvokeMoveNext(IEnumerator, IntPtr)
I/Unity   ( 9775):  
I/Unity   ( 9775): (Filename: ./Runtime/Export/Debug.bindings.h Line: 45)
I/Unity   ( 9775): 
I/TimeWarp(  798): Warp GPU time: 0.0000000000 ms
I/UnityPlugin( 9775): DIATW Unity Main Thread unityMainThreadTid: 9806
I/UnityPlugin( 9775): DIATW Unity Main Thread SetThreadAffinity Default
I/UnityPlugin( 9775): DIATW Unity Main Thread SetThreadPriority Default
I/UnityPlugin( 9775): OnRenderEvent EVENT_INIT_RENDERTHREAD
D/PvrService( 5931): setParameter:name(ShowSafetyTip), value(false)
D/PvrService( 5931): Do not show safety tip
E/PvrService( 5931): VRModeStateClient::setClientSafetyTipStatus pid=9775, status=0
I/UnityPlugin( 9775): OnRenderEvent EVENT_INIT_RENDERTHREAD ShowSafetyTip false
E/PvrService( 5931): VRModeStateClient::startVRMode pid=9775
I/PvrService( 5931): mPrevTrackingMode 7, trackingMode 7
D/PvrService( 5931): ---------------------No safety tip for pid:9775
I/UnityPlugin( 9775): PVR_setPerformanceLevels 0 , 0
I/UnityPlugin( 9775): PVR_SetCpuLevel  level 0
I/PvrPlatform( 5931): setCPULevel:0 1
W/[ALVR NATIVE-RUST]( 9527): Video frame queue overflow!
I/sh      ( 9904): type=1400 audit(0.0:3771): avc: denied { write } for name="scaling_governor" dev="sysfs" ino=43635 scontext=u:r:pvrservice:s0 tcontext=u:object_r:sysfs_devices_system_cpu:s0 tclass=file permissive=1
W/[ALVR NATIVE-RUST]( 9527): Video frame queue overflow!
I/FrameAnimation( 9775): mBitmap.recycle
W/[ALVR NATIVE-RUST]( 9527): Video frame queue overflow!
W/[ALVR NATIVE-RUST]( 9527): Video frame queue overflow!
W/[ALVR NATIVE-RUST]( 9527): Video frame queue overflow!
W/[ALVR NATIVE-RUST]( 9527): Video frame queue overflow!
I/FrameAnimation( 9775): mBitmap.recycle
I/PvrPlatform( 5931): svrSetPerformanceLevels CPU level[0] B[2803200] done
I/UnityPlugin( 9775): PVR_SetGpuLevel_ level 0
I/PvrPlatform( 5931): setGPULevel:0 1
W/[ALVR NATIVE-RUST]( 9527): Video frame queue overflow!
I/PvrPlatform( 5931): svrSetPerformanceLevels GPU level[0] Freq[710000000] done
I/UnityPlugin( 9775): PVR_InitRenderThread()
I/GlUtils ( 9775): GL_FindExtensions()--------------------------0
I/GlUtils ( 9775): GL_FindExtensions()--------------------------1
I/GlUtils ( 9775): GL_EXTENSIONS:
I/GlUtils ( 9775): es3 = TRUE
I/GlUtils ( 9775): GL_MAX_TEXTURE_SIZE = 16384
I/GlUtils ( 9775): GL_MAX_VERTEX_UNIFORM_VECTORS = 256
I/GlUtils ( 9775): GL_MAX_FRAGMENT_UNIFORM_VECTORS = 256
I/UnityPlugin( 9775): FOVEA Checking for glTextureFoveationParametersEXT support...
I/UnityPlugin( 9775): FOVEA glTextureFoveationParametersQCOM SUPPORTED
I/UnityPlugin( 9775): Mode Parms CpuLevel 2 GpuLevel 2
I/UnityPlugin( 9775): DIATW Unity Render Thread up.renderThreadTid: 9806
I/UnityPlugin( 9775): DIATW Unity Render Thread SetThreadAffinity Default
I/UnityPlugin( 9775): DIATW Unity Render Thread SetThreadPriority Default
I/UnityPlugin( 9775): ENABLE_CHROMATIC    true
I/UnityPlugin( 9775): ExternalSurface: create layer 0 oes texture id 116
I/UnityPlugin( 9775): ExternalSurface: create layer 1 oes texture id 117
I/UnityPlugin( 9775): ExternalSurface: create layer 2 oes texture id 118
I/UnityPlugin( 9775): ExternalSurface: create layer 3 oes texture id 119
I/UnityPlugin( 9775): ExternalSurface: create layer 4 oes texture id 120
I/UnityPlugin( 9775): ExternalSurface: create layer 5 oes texture id 121
I/UnityPlugin( 9775): ExternalSurface: create layer 6 oes texture id 122
I/UnityPlugin( 9775): ExternalSurface: create layer 7 oes texture id 123
I/UnityPlugin( 9775): ExternalSurface: create layer 8 oes texture id 124
I/UnityPlugin( 9775): ExternalSurface: create layer 9 oes texture id 125
I/UnityPlugin( 9775): ExternalSurface: create layer 10 oes texture id 126
I/UnityPlugin( 9775): ExternalSurface: create layer 11 oes texture id 127
I/UnityPlugin( 9775): ExternalSurface: create layer 12 oes texture id 128
I/UnityPlugin( 9775): ExternalSurface: create layer 13 oes texture id 129
I/UnityPlugin( 9775): ExternalSurface: create layer 14 oes texture id 130
I/UnityPlugin( 9775): ExternalSurface: create layer 15 oes texture id 131
I/UnityPlugin( 9775): ExternalSurface: updateTexImage=1900231304, getTimestamp=1900230872
I/UnityPlugin( 9775): unityPredict = 2.000000
I/UnityPlugin( 9775): PVR_Resume()
I/UnityPlugin( 9775): Pvr_GetTrackingOriginFloorHeight start get property ret 10
I/UnityPlugin( 9775): Pvr_GetTrackingOriginFloorHeight end g_fDeltaY -0.528610
I/UnityPlugin( 9775): PVR_Resume UNITY/NATIVE floor level getHeight -0.528610
I/VrApi   ( 9775): ---------- pvr_EnterVrMode ----------
I/GlUtils ( 9775): GL_FindExtensions()--------------------------0
I/GlUtils ( 9775): GL_FindExtensions()--------------------------1
I/GlUtils ( 9775): GL_EXTENSIONS:
I/GlUtils ( 9775): es3 = TRUE
I/GlUtils ( 9775): GL_MAX_TEXTURE_SIZE = 16384
I/GlUtils ( 9775): GL_MAX_VERTEX_UNIFORM_VECTORS = 256
I/GlUtils ( 9775): GL_MAX_FRAGMENT_UNIFORM_VECTORS = 256
I/VrApi   ( 9775): hmdInfo.lensSeparation = 0.062000
I/VrApi   ( 9775): hmdInfo.widthMeters = 0.129600
I/VrApi   ( 9775): hmdInfo.heightMeters = 0.072000
I/VrApi   ( 9775): hmdInfo.widthPixels = 3840
I/VrApi   ( 9775): hmdInfo.heightPixels = 2160
I/VrApi   ( 9775): hmdInfo.eyeTextureResolution[0] = 1080
I/VrApi   ( 9775): hmdInfo.eyeTextureResolution[1] = 1200
I/VrApi   ( 9775): hmdInfo.eyeTextureFov[0] = 80.000000
I/VrApi   ( 9775): hmdInfo.eyeTextureFov[1] = 80.000000
I/VrApi   ( 9775): Cleared JNI exception
I/TimeWarp( 9775): -------------------- Instantiate TimeWarp --------------------
I/TimeWarp( 9775): BuildPresentationGraphics len > 0
I/TimeWarp( 9775): BuildPresentationGraphics ret0 = 128, ret1 = 0
I/TimeWarp( 9775): DISFT Stencil = 0 TilingQCOM = 0
I/TimeWarp( 9775): Read VrViewer Surface Size: [3840x2160]
I/TimeWarp( 9775): 	 eglMainThreadWindowSurface : 0x7b147ca280
I/GlUtils ( 9775): glRendererString Adreno (TM) 630
I/TimeWarp( 9775): config: ASYNC  = 1
I/TimeWarp( 9775): Aysnc, with SINGLE_BUFFER = 1
I/TimeWarp( 9775): Requesting EGL_CONTEXT_PRIORITY_HIGH_IMG
I/TimeWarp( 9775): WarpThreadInit enableBack = 1
I/TimeWarp( 9775): WarpThreadInit forceRenderAngle = 0
I/TimeWarp( 9775): WarpThreadInit() miniVsyncBackStep = 2 ,forceRenderAngle =  0
I/PvrService( 5931): Set Thread Affinity: tid=9918, coreId=6, exclusive=1
I/TimeWarp( 9775): DIATW SetThreadAffinity core: 6, res 0
I/TimeWarp( 9775): SINGLE_BUFFER
I/Binder:5931_9( 5931): type=1400 audit(0.0:3772): avc: denied { setsched } for scontext=u:r:pvrservice:s0 tcontext=u:r:system_app:s0 tclass=process permissive=1
I/TimeWarp( 9775): DIATW GPUTYPE = 0x1000
I/TimeWarp( 9775): DIATW GPUTYPE Adereno
I/TimeWarp( 9775): DIATW CreateWarpContext: context has high priority
W/[ALVR NATIVE-RUST]( 9527): Video frame queue overflow!
I/Vsync   ( 9775): DIATW UpdateVSync deltaCount !=1, delta 419337, 5824122422904   -   0.000 = 5824122422904.000
I/PVR_VsyncListen( 5931): type=1400 audit(0.0:3773): avc: denied { call } for scontext=u:r:pvrservice:s0 tcontext=u:r:system_app:s0 tclass=binder permissive=1
W/[ALVR NATIVE-RUST]( 9527): Video frame queue overflow!
W/[ALVR NATIVE-RUST]( 9527): Video frame queue overflow!
I/TimeWarp( 9775): CreateWarpContext: Requested mutable EGL_BACK_BUFFER
I/TimeWarp( 9775): DIATW CreateWarpContext: Got EGL_SINGLE_BUFFER
I/TimeWarp( 9775): CreateWarpContext: Warp Surface Dimensions ( 3840 x 2160 )
I/TimeWarp( 9775): CreateWarpContext: Timewarp context successfully created
I/DirectRender( 9775): SetFrontBufferStatus to true
I/DirectRender( 9775): eglGetCurrentSurface 0x7b14980ec0
I/DirectRender( 9775): surface size: 3840 x 2160
I/DirectRender( 9775): InitForCurrentSurface gpuType = 0x1000
I/FrameAnimation( 9775): mBitmap.recycle
I/Display ( 9775): EEEE Generating Spherical Warp Mesh:
I/Display ( 9775): EEEE 	 Sphere Radius: 2.00
I/Display ( 9775): EEEE    Left Theta: [-50.5000, 50.5000]
I/Display ( 9775): EEEE    Left Phi: [-50.5000, 50.5000]
I/Display ( 9775): EEEE    Right Theta: [-50.5000, 50.5000]
I/Display ( 9775): EEEE    Right Phi: [-50.5000, 50.5000]
W/[ALVR NATIVE-RUST]( 9527): Video frame queue overflow!
E/ANDR-PERF-OPTSHANDLER(  779): perf_lock_rel: updated /sys/class/scsi_host/host0/../../../clkscale_enable with 1
E/ANDR-PERF-OPTSHANDLER(  779):  return value 2
W/[ALVR NATIVE-RUST]( 9527): Video frame queue overflow!
I/P2ALVR-native( 9527): eye: yaw=-3.7 pitch=9.8 deg Cv=(0.064,0.169,-0.983) open=(1.00,1.00) status=(21,21,3)
W/[ALVR NATIVE-RUST]( 9527): Video frame queue overflow!
I/TimeWarp( 9775): EEEE2 CreateFrameworkGraphics EYE_TEXTURE_RESOLUTION = 1664, 1664 WIDTH_PIXELS = 3840, HEIGHT_PIXELS = 2160
I/TimeWarp( 9775): EEEE2 CreateFrameworkGraphics creating eye render target 0, 2160 : 2160
I/TimeWarp( 9775): EEEE2 CreateFrameworkGraphics creating eye render target 1, 2160 : 2160
I/TimeWarp( 9775): EEEE BuildEyeTargetGraphics
I/TimeWarp( 9775): EEEE BuildEyeTargetGraphics end
I/PvrService( 5931): Set Thread Priority: tid=9918, policy=1, priority=98
I/TimeWarp( 9775): DIATW SetThreadPriority priority: 98, res 0
I/TimeWarp( 9775): Current thread, sched_getscheduler = 1
I/TimeWarp( 9775): WarpThreadInit() - End
I/TimeWarp( 9775): WarpThread Loop start
I/TimeWarp( 9775): WarpThread Changing vsync from 0.000000 to 419343.000000
I/TimeWarp( 9775): MiraCastThreadInit
I/TimeWarp( 9775): -----------------  Instantiate TimeWarp End ------------------
I/UnityPlugin( 9775): Pvr_GetTrackingOriginFloorHeight start get property ret 10
I/UnityPlugin( 9775): Pvr_GetTrackingOriginFloorHeight end g_fDeltaY -0.528610
I/TimeWarp( 9775): eglChooseConfig success numConfigs = 12
I/TimeWarp( 9775): Context is EGL_CONTEXT_PRIORITY_MEDIUM_IMG
D/AIRClient( 9775): [AIRClient]
D/AIRService(  794): AddServiceListener: Add listener 0x7ccb23fd40, 9775
I/GsCameraClient( 9775): GsCameraClient finished init.
I/GsGuardianSystem( 9775): GuardianSystem::Camera init successfully.
E/TimeWarp( 9775): try presentationViewObj object not found!
I/TimeWarp( 9775): mSurfaceObjB = NULL, Miracast thread will enter wait status
W/[ALVR NATIVE-RUST]( 9527): Video frame queue overflow!
W/[ALVR NATIVE-RUST]( 9527): Video frame queue overflow!
I/TimeWarp( 9775): DIATW SelectRT WarpToScreen: No valid Eye Buffers 0
I/TimeWarp( 9775): DIATW SelectRT Nothing to draw, draw black!
D/PvrServiceClient( 9775): Client share memory is not ready!
D/PvrServiceClient( 9775): call PvrServiceClient::getShareMemoryFD
D/PvrServiceClient( 9775): call getShareMemoryFD() before binder
D/PvrServiceClient( 5931): handle GET_SHARE_MEMORY_FD in pvrservice
D/PvrService( 5931): call PvrService::getShareMemoryFD()
D/PvrService( 5931): call PvrServiceCore::getShareMemoryFD()
D/PvrService( 5931): newTracker: getShareMemoryFD return 3
D/PvrServiceClient( 5931): Get share memory fd in service:3
D/PvrServiceClient( 9775): client get share memory fd:99
I/PvrServiceClient( 9775): mmap success
D/PvrServiceClient( 9775): Client share memory fd is 105
E/VrApi   ( 9775): DIATW Global tracking GetTrackingData 2 failed tryTimes=1
I/FrameAnimation( 9775): mBitmap.recycle
W/[ALVR NATIVE-RUST]( 9527): Video frame queue overflow!
I/TimeWarp( 9775): DIATW SelectRT WarpToScreen: No valid Eye Buffers 0
I/TimeWarp( 9775): DIATW SelectRT Nothing to draw, draw black!
I/TimeWarp( 9775): DIATW SelectRT WarpToScreen: No valid Eye Buffers 0
I/TimeWarp( 9775): DIATW SelectRT Nothing to draw, draw black!
W/[ALVR NATIVE-RUST]( 9527): Video frame queue overflow!
W/[ALVR NATIVE-RUST]( 9527): Video frame queue overflow!
I/TimeWarp( 9775): DIATW SelectRT WarpToScreen: No valid Eye Buffers 0
I/TimeWarp( 9775): DIATW SelectRT Nothing to draw, draw black!
W/[ALVR NATIVE-RUST]( 9527): Video frame queue overflow!
I/TimeWarp( 9775): DIATW SelectRT WarpToScreen: No valid Eye Buffers 0
I/TimeWarp( 9775): DIATW SelectRT Nothing to draw, draw black!
I/GsShader( 9775): Loaded Shader (99): DialogVs <=> DialogFs
I/GsDialog( 9775): Boundary::Profiler::Dialog is successfully initialized!
I/GsGuardianSystem( 9775): GuardianSystem::SeeTrough init successfully.
W/[ALVR NATIVE-RUST]( 9527): Video frame queue overflow!
I/GsShader( 9775): Loaded Shader (102): SeeThroughVs <=> SeeThroughFs
I/GsGuardianSystem( 9775): GuardianSystem::SeeTrough init successfully.
E/SafetyArea( 9775): GSALoadSafetyArea: Success, Input Data Size: 73
E/SafetyArea( 9775): GSALoadSafetyArea2: Success, Input irregular Data Size: 73
I/TimeWarp( 9775): DIATW SelectRT WarpToScreen: No valid Eye Buffers 0
I/TimeWarp( 9775): DIATW SelectRT Nothing to draw, draw black!
W/[ALVR NATIVE-RUST]( 9527): Video frame queue overflow!
I/TimeWarp( 9775): DIATW SelectRT WarpToScreen: No valid Eye Buffers 0
I/TimeWarp( 9775): DIATW SelectRT Nothing to draw, draw black!
I/FrameAnimation( 9775): mBitmap.recycle
W/[ALVR NATIVE-RUST]( 9527): Video frame queue overflow!
I/GsShader( 9775): Loaded Shader (105): BoundaryVs <=> BoundaryFs
I/GsGuardianSystem( 9775): GuardianSystem::Boundary init successfully.
I/Unity   ( 9775): PvrLog IssueRenderThread end
I/Unity   ( 9775): <InitRenderThreadRoutine>d__111:MoveNext()
I/Unity   ( 9775): UnityEngine.SetupCoroutine:InvokeMoveNext(IEnumerator, IntPtr)
I/Unity   ( 9775):  
I/Unity   ( 9775): (Filename: ./Runtime/Export/Debug.bindings.h Line: 45)
I/Unity   ( 9775): 
I/Unity   ( 9775): InitRenderThreadRoutine end
I/Unity   ( 9775): <InitRenderThreadRoutine>d__111:MoveNext()
I/Unity   ( 9775): UnityEngine.SetupCoroutine:InvokeMoveNext(IEnumerator, IntPtr)
I/Unity   ( 9775):  
I/Unity   ( 9775): (Filename: ./Runtime/Export/Debug.bindings.h Line: 45)
I/Unity   ( 9775): 
I/TimeWarp( 9775): DIATW SelectRT WarpToScreen: No valid Eye Buffers 0
I/TimeWarp( 9775): DIATW SelectRT Nothing to draw, draw black!
W/[ALVR NATIVE-RUST]( 9527): Video frame queue overflow!
I/TimeWarp( 9775): DIATW SelectRT WarpToScreen: No valid Eye Buffers 0
I/TimeWarp( 9775): DIATW SelectRT Nothing to draw, draw black!
W/[ALVR NATIVE-RUST]( 9527): Video frame queue overflow!
I/TimeWarp( 9775): DIATW SelectRT WarpToScreen: No valid Eye Buffers 0
I/TimeWarp( 9775): DIATW SelectRT Nothing to draw, draw black!
W/[ALVR NATIVE-RUST]( 9527): Video frame queue overflow!
I/TimeWarp( 9775): DIATW SelectRT WarpToScreen: No valid Eye Buffers 0
I/TimeWarp( 9775): DIATW SelectRT Nothing to draw, draw black!
W/[ALVR NATIVE-RUST]( 9527): Video frame queue overflow!
I/FrameAnimation( 9775): mBitmap.recycle
I/TimeWarp( 9775): DIATW SelectRT WarpToScreen: No valid Eye Buffers 0
I/TimeWarp( 9775): DIATW SelectRT Nothing to draw, draw black!
I/TimeWarp( 9775): DIATW SelectRT WarpToScreen: No valid Eye Buffers 0
I/TimeWarp( 9775): DIATW SelectRT Nothing to draw, draw black!
W/[ALVR NATIVE-RUST]( 9527): Video frame queue overflow!
I/UnityPlugin( 9775): PVR_SetCpuLevel  level 0
I/PvrPlatform( 5931): setCPULevel:0 1
W/[ALVR NATIVE-RUST]( 9527): Video frame queue overflow!
I/TimeWarp( 9775): DIATW SelectRT WarpToScreen: No valid Eye Buffers 0
I/TimeWarp( 9775): DIATW SelectRT Nothing to draw, draw black!
I/P2ALVR-native( 9527): eye: yaw=-14.0 pitch=-1.2 deg Cv=(0.242,-0.020,-0.970) open=(1.00,0.00) status=(21,4,3)
W/[ALVR NATIVE-RUST]( 9527): Video frame queue overflow!
I/TimeWarp( 9775): DIATW SelectRT WarpToScreen: No valid Eye Buffers 0
I/TimeWarp( 9775): DIATW SelectRT Nothing to draw, draw black!
W/[ALVR NATIVE-RUST]( 9527): Video frame queue overflow!
I/TimeWarp( 9775): DIATW SelectRT WarpToScreen: No valid Eye Buffers 0
I/TimeWarp( 9775): DIATW SelectRT Nothing to draw, draw black!
W/[ALVR NATIVE-RUST]( 9527): Video frame queue overflow!
I/TimeWarp( 9775): DIATW SelectRT WarpToScreen: No valid Eye Buffers 0
I/TimeWarp( 9775): DIATW SelectRT Nothing to draw, draw black!
I/FrameAnimation( 9775): mBitmap.recycle
W/[ALVR NATIVE-RUST]( 9527): Video frame queue overflow!
W/[ALVR NATIVE-RUST]( 9527): Video frame queue overflow!
I/TimeWarp( 9775): DIATW SelectRT WarpToScreen: No valid Eye Buffers 0
I/TimeWarp( 9775): DIATW SelectRT Nothing to draw, draw black!
I/TimeWarp( 9775): DIATW SelectRT WarpToScreen: No valid Eye Buffers 0
I/TimeWarp( 9775): DIATW SelectRT Nothing to draw, draw black!
W/[ALVR NATIVE-RUST]( 9527): Video frame queue overflow!
I/TimeWarp( 9775): DIATW SelectRT WarpToScreen: No valid Eye Buffers 0
I/TimeWarp( 9775): DIATW SelectRT Nothing to draw, draw black!
W/[ALVR NATIVE-RUST]( 9527): Video frame queue overflow!
I/TimeWarp( 9775): DIATW SelectRT WarpToScreen: No valid Eye Buffers 0
I/TimeWarp( 9775): DIATW SelectRT Nothing to draw, draw black!
I/FrameAnimation( 9775): mBitmap.recycle
W/[ALVR NATIVE-RUST]( 9527): Video frame queue overflow!
I/TimeWarp( 9775): DIATW SelectRT WarpToScreen: No valid Eye Buffers 0
I/TimeWarp( 9775): DIATW SelectRT Nothing to draw, draw black!
W/[ALVR NATIVE-RUST]( 9527): Video frame queue overflow!
I/PvrPlatform( 5931): svrSetPerformanceLevels CPU level[0] B[2803200] done
I/TimeWarp( 9775): DIATW SelectRT WarpToScreen: No valid Eye Buffers 0
I/TimeWarp( 9775): DIATW SelectRT Nothing to draw, draw black!
W/[ALVR NATIVE-RUST]( 9527): Video frame queue overflow!
W/[ALVR NATIVE-RUST]( 9527): Video frame queue overflow!
I/PVRShell( 9775): ----------switchApp----------
E/PVRShell( 9775): VirtualDisplay is null
I/Unity   ( 9775): VRShell------->OnMaskShow = false
I/Unity   ( 9775): MainScreen:OnMaskShow(String)
I/Unity   ( 9775): <SwitchApp>d__23:MoveNext()
I/Unity   ( 9775): UnityEngine.SetupCoroutine:InvokeMoveNext(IEnumerator, IntPtr)
I/Unity   ( 9775):  
I/Unity   ( 9775): (Filename: ./Runtime/Export/Debug.bindings.h Line: 45)
I/Unity   ( 9775): 
W/[ALVR NATIVE-RUST]( 9527): Video frame queue overflow!
W/[ALVR NATIVE-RUST]( 9527): Video frame queue overflow!
I/FrameAnimation( 9775): mBitmap.recycle
D/SurfaceFlinger(  798): Vsync watchDog is alive
D/SurfaceFlinger(  798): WatchDog:Not sync with hareware reach 2.1 seconds.Begin resync.
W/[ALVR NATIVE-RUST]( 9527): Video frame queue overflow!
E/VrActivity( 9775): removePlatformLogo, Send msg 1!
I/Unity   ( 9775): Reset Tracker OnLoad
I/Unity   ( 9775): <EndOfFrame>d__45:MoveNext()
I/Unity   ( 9775): UnityEngine.SetupCoroutine:InvokeMoveNext(IEnumerator, IntPtr)
I/Unity   ( 9775):  
I/Unity   ( 9775): (Filename: ./Runtime/Export/Debug.bindings.h Line: 45)
I/Unity   ( 9775): 
I/UnityPlugin( 9775): Pvr_OptionalResetSensor_ enter
I/VrApi   ( 9775): PVR_SERVICE_QUATERNION_MODE ResetSensor
I/PvrServiceClient( 9775): Call resetTracking in PvrServiceClient,mode=3
E/Paul    ( 5931): track_flag:1,6,1
E/Paul    ( 5931): Yaw:-1.139180
E/Paul    ( 5931): pose_offset_reset:1,-0.000000,0.640936,-0.000000,0.767594,0.066597,0.000000,0.061551
E/Paul    ( 5931): Reset
E/Paul    ( 5931): fix-no-smooth
E/Paul    ( 5931): new-struct
D/PvrService( 5931): newTracker resetTracking mode=[6] pose_offset [-0.000000,0.640936,-0.000000,0.767594,0.066597,0.000000,0.061551] flag=[1]
I/PvrService( 5931): alg_reset successfully: 0
E/PvrService( 5931): Call resetTracking in PvrServiceCore,mode=3, 0,1,0
E/PvrService( 5931): resetTracking:Try to get tracking lock mutex
E/PvrService( 5931): resetTracking:Get tracking lock mutex
I/PvrService( 5931): Call resetTrackingThread in PvrServiceCore,mode=3, 0,1,0
E/PvrPlatform( 5931): Call resetTracking in platform:mode=3
E/PvrService( 5931): resetTrackingThread:release tracking lock mutex
I/UnityPlugin( 9775): Pvr_OptionalResetSensor_ exit
I/Unity   ( 9775): PvrLog OptionalResetUnitySDKSensor OK!11
I/Unity   ( 9775): Pvr_UnitySDKSensor:OptionalResetUnitySDKSensor(Int32, Int32)
I/Unity   ( 9775): <EndOfFrame>d__45:MoveNext()
I/Unity   ( 9775): UnityEngine.SetupCoroutine:InvokeMoveNext(IEnumerator, IntPtr)
I/Unity   ( 9775):  
I/Unity   ( 9775): (Filename: ./Runtime/Export/Debug.bindings.h Line: 45)
I/Unity   ( 9775): 
W/[ALVR NATIVE-RUST]( 9527): Video frame queue overflow!
W/[ALVR NATIVE-RUST]( 9527): Video frame queue overflow!
I/Binder:622_2(  622): type=1400 audit(0.0:3774): avc: denied { associate } for name="globalAlert" scontext=u:object_r:proc_net:s0 tcontext=u:object_r:proc:s0 tclass=filesystem permissive=1
W/[ALVR NATIVE-RUST]( 9527): Video frame queue overflow!
I/Unity   ( 9775): VRShell------->InitSurface
I/Unity   ( 9775): <InitSurface>d__20:MoveNext()
I/Unity   ( 9775): UnityEngine.SetupCoroutine:InvokeMoveNext(IEnumerator, IntPtr)
I/Unity   ( 9775):  
I/Unity   ( 9775): (Filename: ./Runtime/Export/Debug.bindings.h Line: 45)
I/Unity   ( 9775): 
W/[ALVR NATIVE-RUST]( 9527): Video frame queue overflow!
I/FrameAnimation( 9775): mBitmap.recycle
W/[ALVR NATIVE-RUST]( 9527): Video frame queue overflow!
I/PVRShell( 9775): initSurface, width = 1600, height = 2880, dpi = 560
I/DisplayManagerService( 1294): Display device added: DisplayDeviceInfo{"PvrShellDisplay": uniqueId="virtual:com.pvr.vrshell:277f1a09-b88d-4d1e-8716-796f114d09cd", 1600 x 2880, modeId 8, defaultModeId 8, supportedModes [{id=8, width=1600, height=2880, fps=60.0}], colorMode 0, supportedColorModes [0], HdrCapabilities null, density 560, 560.0 x 560.0 dpi, appVsyncOff 0, presDeadline 16666666, touch VIRTUAL, rotation 0, type VIRTUAL, state OFF, owner com.pvr.vrshell (uid 1000), FLAG_ROTATES_WITH_CONTENT, FLAG_OWN_CONTENT_ONLY}
I/PVRShell( 9775): ++++++++++VirtualDisplay create complete++++++++++
I/PVRShell( 9775): VirtualDisplay id = 4
I/PVRShell( 9775): onDisplayAdded, displayId = 4
I/UnityNativeActivityPico( 9775): onDisplayAdded displayId = 4
I/UnityNativeActivityPico( 9775): Unity Pvr_setMonoPresentation begin
I/UnityNativeActivityPico( 9775): Unity presentationDisplays.length = 0
I/UnityNativeActivityPico( 9775): DISFT MonoPresentation = Disable
I/UnityNativeActivityPico( 9775): Unity Pvr_setMonoPresentation failed
I/UnityNativeActivityPico( 9775): Unity Pvr_setMonoPresentation end
I/DisplayManagerService( 1294): Display device changed state: "PvrShellDisplay", ON
W/[ALVR NATIVE-RUST]( 9527): Video frame queue overflow!
I/PVRShell( 9775): onDisplayChanged, displayId = 4
I/ActivityManager( 1294): Override config changes=5df8 {0.0 ?mcc?mnc ?localeList ?layoutDir sw457dp w457dp h822dp 560dpi nrml long port ?uimode ?night finger -keyb/v/h dpad/v appBounds=Rect(0, 0 - 1600, 2880)} for displayId=4
I/PVRShell( 9775): pre rotation = 0, cur rotation = 0
I/UnityNativeActivityPico( 9775): onDisplayChanged displayId = 4
W/[ALVR NATIVE-RUST]( 9527): Video frame queue overflow!
E/FrameEvents(  798): Source mDeltas not empty.
E/FrameEvents(  798): Source mDeltas not empty.
E/DisplayDevice(  798): VR mode display is 0
I/PVRShell( 9775): onDisplayChanged, displayId = 4
I/PVRShell( 9775): pre rotation = 0, cur rotation = 0
I/UnityNativeActivityPico( 9775): onDisplayChanged displayId = 4
I/PVRShell( 9775): onDisplayChanged, displayId = 4
I/PVRShell( 9775): pre rotation = 0, cur rotation = 0
I/UnityNativeActivityPico( 9775): onDisplayChanged displayId = 4
I/PVRShell( 9775): onDisplayChanged, displayId = 4
I/PVRShell( 9775): pre rotation = 0, cur rotation = 0
I/UnityNativeActivityPico( 9775): onDisplayChanged displayId = 4
W/[ALVR NATIVE-RUST]( 9527): Video frame queue overflow!
I/chatty  ( 1294): uid=1000(system) InputReader expire 3 lines
I/callBackThread(  798): type=1400 audit(0.0:3775): avc: denied { read } for scontext=u:r:surfaceflinger:s0 tcontext=u:r:pvrservice:s0 tclass=unix_stream_socket permissive=1
W/[ALVR NATIVE-RUST]( 9527): Video frame queue overflow!
I/callBackThread(  794): type=1400 audit(0.0:3776): avc: denied { read } for scontext=u:r:airservice:s0 tcontext=u:r:pvrservice:s0 tclass=unix_stream_socket permissive=1
I/chatty  ( 1294): uid=1000(system) InputDispatcher expire 312 lines
W/[ALVR NATIVE-RUST]( 9527): Video frame queue overflow!
I/chatty  (  755): uid=1047(cameraserver) HwBinder:755_2 expire 82 lines
I/FrameAnimation( 9775): mBitmap.recycle
W/[ALVR NATIVE-RUST]( 9527): Video frame queue overflow!
W/[ALVR NATIVE-RUST]( 9527): Video frame queue overflow!
I/Unity   ( 9775): Reset Tracker OnLoad
I/Unity   ( 9775): <OnResume>d__124:MoveNext()
I/Unity   ( 9775): UnityEngine.SetupCoroutine:InvokeMoveNext(IEnumerator, IntPtr)
I/Unity   ( 9775):  
I/Unity   ( 9775): (Filename: ./Runtime/Export/Debug.bindings.h Line: 45)
I/Unity   ( 9775): 
I/UnityPlugin( 9775): Pvr_OptionalResetSensor_ enter
I/VrApi   ( 9775): PVR_SERVICE_QUATERNION_MODE ResetSensor
I/PvrServiceClient( 9775): Call resetTracking in PvrServiceClient,mode=3
E/Paul    ( 5931): track_flag:1,6,1
E/Paul    ( 5931): Yaw:-1.140050
E/Paul    ( 5931): pose_offset_reset:1,-0.000000,0.586648,-0.000000,0.809842,0.071930,0.000000,0.064358
E/Paul    ( 5931): Reset
E/Paul    ( 5931): fix-no-smooth
E/Paul    ( 5931): new-struct
D/PvrService( 5931): newTracker resetTracking mode=[6] pose_offset [-0.000000,0.586648,-0.000000,0.809842,0.071930,0.000000,0.064358] flag=[1]
I/PvrService( 5931): alg_reset successfully: 0
E/PvrService( 5931): Call resetTracking in PvrServiceCore,mode=3, 0,1,0
E/PvrService( 5931): resetTracking:Try to get tracking lock mutex
E/PvrService( 5931): resetTracking:Get tracking lock mutex
I/PvrService( 5931): Call resetTrackingThread in PvrServiceCore,mode=3, 0,1,0
E/PvrPlatform( 5931): Call resetTracking in platform:mode=3
E/PvrService( 5931): resetTrackingThread:release tracking lock mutex
I/UnityPlugin( 9775): Pvr_OptionalResetSensor_ exit
I/Unity   ( 9775): PvrLog OptionalResetUnitySDKSensor OK!11
I/Unity   ( 9775): Pvr_UnitySDKSensor:OptionalResetUnitySDKSensor(Int32, Int32)
I/Unity   ( 9775): <OnResume>d__124:MoveNext()
I/Unity   ( 9775): UnityEngine.SetupCoroutine:InvokeMoveNext(IEnumerator, IntPtr)
I/Unity   ( 9775):  
I/Unity   ( 9775): (Filename: ./Runtime/Export/Debug.bindings.h Line: 45)
I/Unity   ( 9775): 
I/PVRShell( 9775): checkIntent
I/PVRShell( 9775): Intent { way=-1 args=null intent=null }
I/PVRShell( 9775): handler, IsValidIntent = false, IsFromAdapter = false
W/[ALVR NATIVE-RUST]( 9527): Video frame queue overflow!
W/[ALVR NATIVE-RUST]( 9527): Video frame queue overflow!
I/UnityNativeActivityPico( 9775):  start setting vrmode VR 
I/FrameAnimation( 9775): mBitmap.recycle
D/SurfaceFlinger(  798): SetLayerVRFlag:name = com.pvr.vrshell/com.pvr.vrshell.MainActivity, type = 1)
D/SurfaceFlinger(  798): SetLayerVRFlag:Set com.pvr.vrshell/com.pvr.vrshell.MainActivity's vr flag is success)
D/SurfaceFlinger(  798): SetLayerVRFlag:Set com.pvr.vrshell/com.pvr.vrshell.MainActivity's vr flag is success)
D/SurfaceFlinger(  798): addVRInfo:name=com.pvr.vrshell/com.pvr.vrshell.MainActivity isVR=1 isOrientation180=-1 background=-1 backgroundPath=
I/UnityNativeActivityPico( 9775): start seting  ORIENTATION  0
W/[ALVR NATIVE-RUST]( 9527): Video frame queue overflow!
D/SurfaceFlinger(  798): SetLayerOrientationFlag:name = SurfaceView--com.pvr.vrshell/com.pvr.vrshell.MainActivity, type = 0)
D/SurfaceFlinger(  798): SetLayerVRFlag:Set SurfaceView--com.pvr.vrshell/com.pvr.vrshell.MainActivity's orientation flag is success)
D/SurfaceFlinger(  798): SetLayerVRFlag:Set SurfaceView--com.pvr.vrshell/com.pvr.vrshell.MainActivity's orientation flag is success)
D/SurfaceFlinger(  798): addVRInfo:name=SurfaceView--com.pvr.vrshell/com.pvr.vrshell.MainActivity isVR=-1 isOrientation180=0 background=-1 backgroundPath=
I/chatty  ( 1294): uid=1000(system) Binder:1294_11 expire 1 line
D/SurfaceFlinger(  798): SetLayerVRFlag:name = SurfaceView--com.pvr.vrshell/com.pvr.vrshell.MainActivity, type = 1)
D/SurfaceFlinger(  798): SetLayerVRFlag:Set SurfaceView--com.pvr.vrshell/com.pvr.vrshell.MainActivity's vr flag is success)
D/SurfaceFlinger(  798): SetLayerVRFlag:Set SurfaceView--com.pvr.vrshell/com.pvr.vrshell.MainActivity's vr flag is success)
D/SurfaceFlinger(  798): addVRInfo:name=SurfaceView--com.pvr.vrshell/com.pvr.vrshell.MainActivity isVR=1 isOrientation180=-1 background=-1 backgroundPath=
I/UnityNativeActivityPico( 9775):  end setting vrmode VR and ORIENTATION 0
I/FrameAnimation( 9775): Surface is destroy
W/[ALVR NATIVE-RUST]( 9527): Video frame queue overflow!
D/2DToVR  (  798): Leave vr mode
D/2DToVR  (  798): NewMode is set to 0, ModeSwitchTimeCounter is set to 90
D/2DToVR  (  798): SingleBufferRender thread stop
I/PVR_VsyncListen( 5931): type=1400 audit(0.0:3777): avc: denied { read } for scontext=u:r:pvrservice:s0 tcontext=u:r:surfaceflinger:s0 tclass=unix_stream_socket permissive=1
W/[ALVR NATIVE-RUST]( 9527): Video frame queue overflow!
I/txIMURead( 2550): type=1400 audit(0.0:3778): avc: denied { ioctl } for path="/dev/spidev1.0" dev="tmpfs" ino=26182 ioctlcmd=0x6b07 scontext=u:r:system_app:s0 tcontext=u:object_r:device:s0 tclass=chr_file permissive=1
I/UnityPlugin( 9775): OnRenderEvent EVENT_RESUME
I/UnityPlugin( 9775): PVR_Resume()
I/UnityPlugin( 9775): Already focused, skipping
E/BufferQueueProducer(  798): [SurfaceView - com.pvr.vrshell/com.pvr.vrshell.MainActivity#1] disconnect: not connected (req=2)
W/[ALVR NATIVE-RUST]( 9527): Video frame queue overflow!
E/SurfaceFlinger(  798): Failed to find layer (SurfaceView - com.pvr.vrshell/com.pvr.vrshell.MainActivity#1) in layer parent (no-parent).
I/UnityPlugin( 9775): UnityPlugin GetTrackingMode trackingMode = 7
E/SurfaceFlinger(  798): Failed to find layer (Background for - SurfaceView - com.pvr.vrshell/com.pvr.vrshell.MainActivity#1) in layer parent (no-parent).
I/Unity   ( 9775): SetEyeTrackingMode EyeTracking False supportEyeTracking True result False
I/Unity   ( 9775): Pvr_UnitySDKEyeManager:SetEyeTrackingMode()
I/Unity   ( 9775): <OnResume>d__124:MoveNext()
I/Unity   ( 9775): UnityEngine.SetupCoroutine:InvokeMoveNext(IEnumerator, IntPtr)
I/Unity   ( 9775):  
I/Unity   ( 9775): (Filename: ./Runtime/Export/Debug.bindings.h Line: 45)
I/Unity   ( 9775): 
I/UnityPlugin( 9775): PVR_SetCpuLevel  level 0
I/PvrPlatform( 5931): setCPULevel:0 1
W/[ALVR NATIVE-RUST]( 9527): Video frame queue overflow!
W/[ALVR NATIVE-RUST]( 9527): Video frame queue overflow!
W/[ALVR NATIVE-RUST]( 9527): Video frame queue overflow!
D/2DToVR  (  798): ++++++++2D FPS:71.8++++++++
E/PvrService( 5931): PvrService getTrackingDataExt ret(0)
E/PvrService( 5931): PvrService getTrackingDataExt rotation(0.240707, 0.066667, -0.066697, 0.000000)
E/PvrService( 5931): PvrService getTrackingDataExt position(0.045052, -0.001791, 0.018726)
W/[ALVR NATIVE-RUST]( 9527): Video frame queue overflow!
I/P2ALVR-native( 9527): REAL_TIME_CONFIG: no foveation change
W/[ALVR NATIVE-RUST]( 9527): Video frame queue overflow!
W/[ALVR NATIVE-RUST]( 9527): Video frame queue overflow!
I/PvrPlatform( 5931): svrSetPerformanceLevels CPU level[0] B[2803200] done
W/[ALVR NATIVE-RUST]( 9527): Video frame queue overflow!
W/[ALVR NATIVE-RUST]( 9527): Video frame queue overflow!
W/[ALVR NATIVE-RUST]( 9527): Video frame queue overflow!
W/[ALVR NATIVE-RUST]( 9527): Video frame queue overflow!
W/[ALVR NATIVE-RUST]( 9527): Video frame queue overflow!
W/[ALVR NATIVE-RUST]( 9527): Video frame queue overflow!
I/TimeWarp(  798): Warp GPU time: 0.0000000000 ms
W/[ALVR NATIVE-RUST]( 9527): Video frame queue overflow!
W/[ALVR NATIVE-RUST]( 9527): Video frame queue overflow!
W/[ALVR NATIVE-RUST]( 9527): Video frame queue overflow!
W/[ALVR NATIVE-RUST]( 9527): Video frame queue overflow!
W/[ALVR NATIVE-RUST]( 9527): Video frame queue overflow!
W/[ALVR NATIVE-RUST]( 9527): Video frame queue overflow!
W/[ALVR NATIVE-RUST]( 9527): Video frame queue overflow!
W/[ALVR NATIVE-RUST]( 9527): Video frame queue overflow!
W/[ALVR NATIVE-RUST]( 9527): Video frame queue overflow!
W/[ALVR NATIVE-RUST]( 9527): Video frame queue overflow!
W/[ALVR NATIVE-RUST]( 9527): Video frame queue overflow!
W/[ALVR NATIVE-RUST]( 9527): Video frame queue overflow!
W/[ALVR NATIVE-RUST]( 9527): Video frame queue overflow!
W/[ALVR NATIVE-RUST]( 9527): Video frame queue overflow!
W/[ALVR NATIVE-RUST]( 9527): Video frame queue overflow!
W/[ALVR NATIVE-RUST]( 9527): Video frame queue overflow!
W/[ALVR NATIVE-RUST]( 9527): Video frame queue overflow!
W/[ALVR NATIVE-RUST]( 9527): Video frame queue overflow!
W/[ALVR NATIVE-RUST]( 9527): Video frame queue overflow!
W/[ALVR NATIVE-RUST]( 9527): Video frame queue overflow!
W/[ALVR NATIVE-RUST]( 9527): Video frame queue overflow!
W/[ALVR NATIVE-RUST]( 9527): Video frame queue overflow!
W/[ALVR NATIVE-RUST]( 9527): Video frame queue overflow!
W/[ALVR NATIVE-RUST]( 9527): Video frame queue overflow!
E/MSM-irqbalance( 1146): IRQ 76 not found in internal structure or should be ignored
W/[ALVR NATIVE-RUST]( 9527): Video frame queue overflow!
W/[ALVR NATIVE-RUST]( 9527): Video frame queue overflow!
W/[ALVR NATIVE-RUST]( 9527): Video frame queue overflow!
W/[ALVR NATIVE-RUST]( 9527): Video frame queue overflow!
W/[ALVR NATIVE-RUST]( 9527): Video frame queue overflow!
W/[ALVR NATIVE-RUST]( 9527): Video frame queue overflow!
W/[ALVR NATIVE-RUST]( 9527): Video frame queue overflow!
D/2DToVR  (  798): Mode switch from 1 to 0
W/[ALVR NATIVE-RUST]( 9527): Video frame queue overflow!
D/2DToVR  (  798): --- SingleBufferRender Thread Shutdown begin ---
I/TimeWarp(  798): ---------------- ~TimeWarpLocal() Start ----------------
I/TimeWarp(  798): pthread_join() called
W/[ALVR NATIVE-RUST]( 9527): Video frame queue overflow!
I/TimeWarp(  798): ShutdownRequest received
I/TimeWarp(  798): WarpThreadShutdown()
I/DirectRender(  798): 0x76be16c960 DirectRender::Shutdown
W/[ALVR NATIVE-RUST]( 9527): Video frame queue overflow!
I/TimeWarp(  798): WarpThreadShutdown() - End
I/TimeWarp(  798): Exiting WarpThreadLoop()
I/TimeWarp(  798): pthread_join() returned
I/TimeWarp(  798): Destroyed pbuffer.
I/TimeWarp(  798): ---------------- ~TimeWarpLocal() End ----------------
D/2DToVR  (  798): --- SingleBufferRender Thread Shutdown end ---
E/PvrService( 5931): VRModeStateClient::stopVRMode pid=798
I/PvrService( 5931): mPrevTrackingMode 7, trackingMode 7
I/GlUtils ( 9775): DIATW GL_Finish EGL_TIMEOUT_EXPIRED_KHR
W/[ALVR NATIVE-RUST]( 9527): Video frame queue overflow!
D/SurfaceFlinger(  798): Not sync with hareware vsync reach 0.8 seconds. --In handleMessageRefresh(), dislayactive=1, noSyncCnt=0
W/[ALVR NATIVE-RUST]( 9527): Video frame queue overflow!
D/KeyguardUpdateMonitor( 1540): received broadcast android.intent.action.TIME_TICK
D/KeyguardUpdateMonitor( 1540): handleTimeUpdate
W/[ALVR NATIVE-RUST]( 9527): Video frame queue overflow!
W/[ALVR NATIVE-RUST]( 9527): Video frame queue overflow!
W/[ALVR NATIVE-RUST]( 9527): Video frame queue overflow!
W/[ALVR NATIVE-RUST]( 9527): Video frame queue overflow!
W/[ALVR NATIVE-RUST]( 9527): Video frame queue overflow!
W/[ALVR NATIVE-RUST]( 9527): Video frame queue overflow!
W/[ALVR NATIVE-RUST]( 9527): Video frame queue overflow!
W/[ALVR NATIVE-RUST]( 9527): Video frame queue overflow!
E/DispSync(  798): Duration <27.834999 ms> is out of range, resync
W/[ALVR NATIVE-RUST]( 9527): Video frame queue overflow!
I/chatty  (  755): uid=1047(cameraserver) HwBinder:755_3 expire 72 lines
W/[ALVR NATIVE-RUST]( 9527): Video frame queue overflow!
W/[ALVR NATIVE-RUST]( 9527): Video frame queue overflow!
W/[ALVR NATIVE-RUST]( 9527): Video frame queue overflow!
E/DispSync(  798): Duration <27.790001 ms> is out of range, resync
W/[ALVR NATIVE-RUST]( 9527): Video frame queue overflow!
W/[ALVR NATIVE-RUST]( 9527): Video frame queue overflow!
W/[ALVR NATIVE-RUST]( 9527): Video frame queue overflow!
W/[ALVR NATIVE-RUST]( 9527): Video frame queue overflow!
E/DispSync(  798): Duration <27.850000 ms> is out of range, resync
W/[ALVR NATIVE-RUST]( 9527): Video frame queue overflow!
W/[ALVR NATIVE-RUST]( 9527): Video frame queue overflow!
W/[ALVR NATIVE-RUST]( 9527): Video frame queue overflow!
W/[ALVR NATIVE-RUST]( 9527): Video frame queue overflow!
E/DispSync(  798): Duration <27.840000 ms> is out of range, resync
W/[ALVR NATIVE-RUST]( 9527): Video frame queue overflow!
W/[ALVR NATIVE-RUST]( 9527): Video frame queue overflow!
W/[ALVR NATIVE-RUST]( 9527): Video frame queue overflow!
W/[ALVR NATIVE-RUST]( 9527): Video frame queue overflow!
E/DispSync(  798): Duration <27.834999 ms> is out of range, resync
W/[ALVR NATIVE-RUST]( 9527): Video frame queue overflow!
W/[ALVR NATIVE-RUST]( 9527): Video frame queue overflow!
I/P2ALVR-native( 9527): frame 11640 q=(-0.515,0.092,-0.098,-0.847) p=(0.013,0.667,-0.042) vr=1 surf=0
W/[ALVR NATIVE-RUST]( 9527): Video frame queue overflow!
W/[ALVR NATIVE-RUST]( 9527): Video frame queue overflow!
E/DispSync(  798): Duration <27.812000 ms> is out of range, resync
W/[ALVR NATIVE-RUST]( 9527): Video frame queue overflow!
I/P2ALVR-native( 9527): REAL_TIME_CONFIG: no foveation change
W/[ALVR NATIVE-RUST]( 9527): Video frame queue overflow!
W/[ALVR NATIVE-RUST]( 9527): Video frame queue overflow!
W/[ALVR NATIVE-RUST]( 9527): Video frame queue overflow!
W/[ALVR NATIVE-RUST]( 9527): Video frame queue overflow!
D/PvrService( 5931): threadLoop continue: 1
W/[ALVR NATIVE-RUST]( 9527): Video frame queue overflow!
E/DispSync(  798): Duration <27.836000 ms> is out of range, resync
W/[ALVR NATIVE-RUST]( 9527): Video frame queue overflow!
W/[ALVR NATIVE-RUST]( 9527): Video frame queue overflow!
V//vendor/bin/cdsprpcd( 1003): vendor/qcom/proprietary/adsprpc/src/sysmon_cdsp_imp.c:45: Got L3 frequency request from CDSP for 0KHz
W/[ALVR NATIVE-RUST]( 9527): Video frame queue overflow!
E/DispSync(  798): Duration <27.856001 ms> is out of range, resync
W/[ALVR NATIVE-RUST]( 9527): Video frame queue overflow!
W/[ALVR NATIVE-RUST]( 9527): Video frame queue overflow!
W/[ALVR NATIVE-RUST]( 9527): Video frame queue overflow!
E/DispSync(  798): Duration <27.875999 ms> is out of range, resync
W/[ALVR NATIVE-RUST]( 9527): Video frame queue overflow!
W/[ALVR NATIVE-RUST]( 9527): Video frame queue overflow!
W/[ALVR NATIVE-RUST]( 9527): Video frame queue overflow!
E/DispSync(  798): Duration <27.837999 ms> is out of range, resync
W/[ALVR NATIVE-RUST]( 9527): Video frame queue overflow!
W/[ALVR NATIVE-RUST]( 9527): Video frame queue overflow!
W/[ALVR NATIVE-RUST]( 9527): Video frame queue overflow!
W/[ALVR NATIVE-RUST]( 9527): Video frame queue overflow!
E/DispSync(  798): Duration <27.851999 ms> is out of range, resync
W/[ALVR NATIVE-RUST]( 9527): Video frame queue overflow!
W/[ALVR NATIVE-RUST]( 9527): Video frame queue overflow!
W/[ALVR NATIVE-RUST]( 9527): Video frame queue overflow!
E/DispSync(  798): Duration <27.858000 ms> is out of range, resync
W/[ALVR NATIVE-RUST]( 9527): Video frame queue overflow!
W/[ALVR NATIVE-RUST]( 9527): Video frame queue overflow!
W/[ALVR NATIVE-RUST]( 9527): Video frame queue overflow!
W/[ALVR NATIVE-RUST]( 9527): Video frame queue overflow!
W/[ALVR NATIVE-RUST]( 9527): Video frame queue overflow!
E/DispSync(  798): Duration <27.847000 ms> is out of range, resync
W/[ALVR NATIVE-RUST]( 9527): Video frame queue overflow!
W/[ALVR NATIVE-RUST]( 9527): Video frame queue overflow!
W/[ALVR NATIVE-RUST]( 9527): Video frame queue overflow!
E/DispSync(  798): Duration <27.816000 ms> is out of range, resync
W/[ALVR NATIVE-RUST]( 9527): Video frame queue overflow!
W/[ALVR NATIVE-RUST]( 9527): Video frame queue overflow!
W/[ALVR NATIVE-RUST]( 9527): Video frame queue overflow!
W/[ALVR NATIVE-RUST]( 9527): Video frame queue overflow!
W/[ALVR NATIVE-RUST]( 9527): Video frame queue overflow!
W/[ALVR NATIVE-RUST]( 9527): Video frame queue overflow!
W/[ALVR NATIVE-RUST]( 9527): Video frame queue overflow!
W/[ALVR NATIVE-RUST]( 9527): Video frame queue overflow!
E/DispSync(  798): Duration <27.872000 ms> is out of range, resync
W/[ALVR NATIVE-RUST]( 9527): Video frame queue overflow!
E/CHIUSECASE(  755): chxutils.cpp:1055 FillCameraId() FillCameraId 1 
W/[ALVR NATIVE-RUST]( 9527): Video frame queue overflow!
E/CHIUSECASE(  755): chxutils.cpp:1055 FillCameraId() FillCameraId 1 
E/CHIUSECASE(  755): chxutils.cpp:1055 FillCameraId() FillCameraId 1 
W/[ALVR NATIVE-RUST]( 9527): Video frame queue overflow!
E/DispSync(  798): Duration <27.871000 ms> is out of range, resync
E/CHIUSECASE(  755): chxutils.cpp:1055 FillCameraId() FillCameraId 1 
W/[ALVR NATIVE-RUST]( 9527): Video frame queue overflow!
E/CHIUSECASE(  755): chxutils.cpp:1055 FillCameraId() FillCameraId 1 
W/[ALVR NATIVE-RUST]( 9527): Video frame queue overflow!
E/CHIUSECASE(  755): chxutils.cpp:1055 FillCameraId() FillCameraId 1 
W/[ALVR NATIVE-RUST]( 9527): Video frame queue overflow!
E/CHIUSECASE(  755): chxutils.cpp:1055 FillCameraId() FillCameraId 1 
W/[ALVR NATIVE-RUST]( 9527): Video frame queue overflow!
E/CHIUSECASE(  755): chxutils.cpp:1055 FillCameraId() FillCameraId 1 
E/CHIUSECASE(  755): chxutils.cpp:1055 FillCameraId() FillCameraId 1 
E/DispSync(  798): Duration <27.840000 ms> is out of range, resync
W/[ALVR NATIVE-RUST]( 9527): Video frame queue overflow!
W/[ALVR NATIVE-RUST]( 9527): Video frame queue overflow!
E/CHIUSECASE(  755): chxutils.cpp:1055 FillCameraId() FillCameraId 1 
E/CHIUSECASE(  755): chxutils.cpp:1055 FillCameraId() FillCameraId 1 
W/[ALVR NATIVE-RUST]( 9527): Video frame queue overflow!
E/CHIUSECASE(  755): chxutils.cpp:1055 FillCameraId() FillCameraId 1 
W/[ALVR NATIVE-RUST]( 9527): Video frame queue overflow!
E/CHIUSECASE(  755): chxutils.cpp:1055 FillCameraId() FillCameraId 1 
W/[ALVR NATIVE-RUST]( 9527): Video frame queue overflow!
E/DispSync(  798): Duration <27.833000 ms> is out of range, resync
E/CHIUSECASE(  755): chxutils.cpp:1055 FillCameraId() FillCameraId 1 
D/SurfaceFlinger(  798): Vsync watchDog is alive
D/SurfaceFlinger(  798): WatchDog:Not sync with hareware reach 0.0 seconds.
E/CHIUSECASE(  755): chxutils.cpp:1055 FillCameraId() FillCameraId 1 
W/[ALVR NATIVE-RUST]( 9527): Video frame queue overflow!
E/CHIUSECASE(  755): chxutils.cpp:1055 FillCameraId() FillCameraId 1 
W/[ALVR NATIVE-RUST]( 9527): Video frame queue overflow!
E/CHIUSECASE(  755): chxutils.cpp:1055 FillCameraId() FillCameraId 1 
W/[ALVR NATIVE-RUST]( 9527): Video frame queue overflow!
E/CHIUSECASE(  755): chxutils.cpp:1055 FillCameraId() FillCameraId 1 
E/CHIUSECASE(  755): chxutils.cpp:1055 FillCameraId() FillCameraId 1 
W/[ALVR NATIVE-RUST]( 9527): Video frame queue overflow!
E/CHIUSECASE(  755): chxutils.cpp:1055 FillCameraId() FillCameraId 1 
W/[ALVR NATIVE-RUST]( 9527): Video frame queue overflow!
E/DispSync(  798): Duration <27.860001 ms> is out of range, resync
E/CHIUSECASE(  755): chxutils.cpp:1055 FillCameraId() FillCameraId 1 
W/[ALVR NATIVE-RUST]( 9527): Video frame queue overflow!
E/CHIUSECASE(  755): chxutils.cpp:1055 FillCameraId() FillCameraId 1 
W/[ALVR NATIVE-RUST]( 9527): Video frame queue overflow!
E/CHIUSECASE(  755): chxutils.cpp:1055 FillCameraId() FillCameraId 1 
W/[ALVR NATIVE-RUST]( 9527): Video frame queue overflow!
E/CHIUSECASE(  755): chxutils.cpp:1055 FillCameraId() FillCameraId 1 
E/CHIUSECASE(  755): chxutils.cpp:1055 FillCameraId() FillCameraId 1 
E/DispSync(  798): Duration <27.853001 ms> is out of range, resync
W/[ALVR NATIVE-RUST]( 9527): Video frame queue overflow!
E/CHIUSECASE(  755): chxutils.cpp:1055 FillCameraId() FillCameraId 1 
W/[ALVR NATIVE-RUST]( 9527): Video frame queue overflow!
E/CHIUSECASE(  755): chxutils.cpp:1055 FillCameraId() FillCameraId 1 
W/[ALVR NATIVE-RUST]( 9527): Video frame queue overflow!
E/CHIUSECASE(  755): chxutils.cpp:1055 FillCameraId() FillCameraId 1 
W/[ALVR NATIVE-RUST]( 9527): Video frame queue overflow!
E/CHIUSECASE(  755): chxutils.cpp:1055 FillCameraId() FillCameraId 1 
E/CHIUSECASE(  755): chxutils.cpp:1055 FillCameraId() FillCameraId 1 
W/[ALVR NATIVE-RUST]( 9527): Video frame queue overflow!
E/DispSync(  798): Duration <27.812000 ms> is out of range, resync
E/CHIUSECASE(  755): chxutils.cpp:1055 FillCameraId() FillCameraId 1 
W/[ALVR NATIVE-RUST]( 9527): Video frame queue overflow!
E/CHIUSECASE(  755): chxutils.cpp:1055 FillCameraId() FillCameraId 1 
W/[ALVR NATIVE-RUST]( 9527): Video frame queue overflow!
E/CHIUSECASE(  755): chxutils.cpp:1055 FillCameraId() FillCameraId 1 
E/CHIUSECASE(  755): chxutils.cpp:1055 FillCameraId() FillCameraId 1 
W/[ALVR NATIVE-RUST]( 9527): Video frame queue overflow!
E/CHIUSECASE(  755): chxutils.cpp:1055 FillCameraId() FillCameraId 1 
W/[ALVR NATIVE-RUST]( 9527): Video frame queue overflow!
E/DispSync(  798): Duration <27.839001 ms> is out of range, resync
E/CHIUSECASE(  755): chxutils.cpp:1055 FillCameraId() FillCameraId 1 
W/[ALVR NATIVE-RUST]( 9527): Video frame queue overflow!
E/CHIUSECASE(  755): chxutils.cpp:1055 FillCameraId() FillCameraId 1 
W/[ALVR NATIVE-RUST]( 9527): Video frame queue overflow!
E/CHIUSECASE(  755): chxutils.cpp:1055 FillCameraId() FillCameraId 1 
E/CHIUSECASE(  755): chxutils.cpp:1055 FillCameraId() FillCameraId 1 
W/[ALVR NATIVE-RUST]( 9527): Video frame queue overflow!
E/CHIUSECASE(  755): chxutils.cpp:1055 FillCameraId() FillCameraId 1 
W/[ALVR NATIVE-RUST]( 9527): Video frame queue overflow!
E/DispSync(  798): Duration <27.806000 ms> is out of range, resync
E/CHIUSECASE(  755): chxutils.cpp:1055 FillCameraId() FillCameraId 1 
W/[ALVR NATIVE-RUST]( 9527): Video frame queue overflow!
E/CHIUSECASE(  755): chxutils.cpp:1055 FillCameraId() FillCameraId 1 
W/[ALVR NATIVE-RUST]( 9527): Video frame queue overflow!
E/CHIUSECASE(  755): chxutils.cpp:1055 FillCameraId() FillCameraId 1 
E/CHIUSECASE(  755): chxutils.cpp:1055 FillCameraId() FillCameraId 1 
W/[ALVR NATIVE-RUST]( 9527): Video frame queue overflow!
E/CHIUSECASE(  755): chxutils.cpp:1055 FillCameraId() FillCameraId 1 
W/[ALVR NATIVE-RUST]( 9527): Video frame queue overflow!
I/P2ALVR-native( 9527): REAL_TIME_CONFIG: no foveation change
E/CHIUSECASE(  755): chxutils.cpp:1055 FillCameraId() FillCameraId 1 
W/[ALVR NATIVE-RUST]( 9527): Video frame queue overflow!
E/DispSync(  798): Duration <27.820999 ms> is out of range, resync
E/CHIUSECASE(  755): chxutils.cpp:1055 FillCameraId() FillCameraId 1 
W/[ALVR NATIVE-RUST]( 9527): Video frame queue overflow!
E/CHIUSECASE(  755): chxutils.cpp:1055 FillCameraId() FillCameraId 1 
W/[ALVR NATIVE-RUST]( 9527): Video frame queue overflow!
E/CHIUSECASE(  755): chxutils.cpp:1055 FillCameraId() FillCameraId 1 
W/[ALVR NATIVE-RUST]( 9527): Video frame queue overflow!
E/CHIUSECASE(  755): chxutils.cpp:1055 FillCameraId() FillCameraId 1 
E/CHIUSECASE(  755): chxutils.cpp:1055 FillCameraId() FillCameraId 1 
W/[ALVR NATIVE-RUST]( 9527): Video frame queue overflow!
E/DispSync(  798): Duration <27.857000 ms> is out of range, resync
E/CHIUSECASE(  755): chxutils.cpp:1055 FillCameraId() FillCameraId 1 
W/[ALVR NATIVE-RUST]( 9527): Video frame queue overflow!
E/CHIUSECASE(  755): chxutils.cpp:1055 FillCameraId() FillCameraId 1 
E/PvrService( 5931): PvrService getTrackingDataExt ret(0)
E/PvrService( 5931): PvrService getTrackingDataExt rotation(0.215904, 0.002878, -0.094980, 0.000000)
E/PvrService( 5931): PvrService getTrackingDataExt position(0.005858, -0.002158, 0.012141)
W/[ALVR NATIVE-RUST]( 9527): Video frame queue overflow!
E/CHIUSECASE(  755): chxutils.cpp:1055 FillCameraId() FillCameraId 1 
E/CHIUSECASE(  755): chxutils.cpp:1055 FillCameraId() FillCameraId 1 
W/[ALVR NATIVE-RUST]( 9527): Video frame queue overflow!
E/CHIUSECASE(  755): chxutils.cpp:1055 FillCameraId() FillCameraId 1 
W/[ALVR NATIVE-RUST]( 9527): Video frame queue overflow!
E/DispSync(  798): Duration <27.889000 ms> is out of range, resync
E/CHIUSECASE(  755): chxutils.cpp:1055 FillCameraId() FillCameraId 1 
W/[ALVR NATIVE-RUST]( 9527): Video frame queue overflow!
E/CHIUSECASE(  755): chxutils.cpp:1055 FillCameraId() FillCameraId 1 
W/[ALVR NATIVE-RUST]( 9527): Video frame queue overflow!
E/CHIUSECASE(  755): chxutils.cpp:1055 FillCameraId() FillCameraId 1 
E/CHIUSECASE(  755): chxutils.cpp:1055 FillCameraId() FillCameraId 1 
W/[ALVR NATIVE-RUST]( 9527): Video frame queue overflow!
E/CHIUSECASE(  755): chxutils.cpp:1055 FillCameraId() FillCameraId 1 
W/[ALVR NATIVE-RUST]( 9527): Video frame queue overflow!
E/DispSync(  798): Duration <27.836000 ms> is out of range, resync
E/CHIUSECASE(  755): chxutils.cpp:1055 FillCameraId() FillCameraId 1 
W/[ALVR NATIVE-RUST]( 9527): Video frame queue overflow!
E/CHIUSECASE(  755): chxutils.cpp:1055 FillCameraId() FillCameraId 1 
E/CHIUSECASE(  755): chxutils.cpp:1055 FillCameraId() FillCameraId 1 
W/[ALVR NATIVE-RUST]( 9527): Video frame queue overflow!
E/CHIUSECASE(  755): chxutils.cpp:1055 FillCameraId() FillCameraId 1 
W/[ALVR NATIVE-RUST]( 9527): Video frame queue overflow!
E/CHIUSECASE(  755): chxutils.cpp:1055 FillCameraId() FillCameraId 1 
E/DispSync(  798): Duration <27.830999 ms> is out of range, resync
W/[ALVR NATIVE-RUST]( 9527): Video frame queue overflow!
E/CHIUSECASE(  755): chxutils.cpp:1055 FillCameraId() FillCameraId 1 
W/[ALVR NATIVE-RUST]( 9527): Video frame queue overflow!
E/CHIUSECASE(  755): chxutils.cpp:1055 FillCameraId() FillCameraId 1 
E/CHIUSECASE(  755): chxutils.cpp:1055 FillCameraId() FillCameraId 1 
W/[ALVR NATIVE-RUST]( 9527): Video frame queue overflow!
W/[ALVR NATIVE-RUST]( 9527): Video frame queue overflow!
E/CHIUSECASE(  755): chxutils.cpp:1055 FillCameraId() FillCameraId 1 
E/DispSync(  798): Duration <27.865999 ms> is out of range, resync
E/CHIUSECASE(  755): chxutils.cpp:1055 FillCameraId() FillCameraId 1 
W/[ALVR NATIVE-RUST]( 9527): Video frame queue overflow!
E/CHIUSECASE(  755): chxutils.cpp:1055 FillCameraId() FillCameraId 1 
W/[ALVR NATIVE-RUST]( 9527): Video frame queue overflow!
E/CHIUSECASE(  755): chxutils.cpp:1055 FillCameraId() FillCameraId 1 
W/[ALVR NATIVE-RUST]( 9527): Video frame queue overflow!
E/CHIUSECASE(  755): chxutils.cpp:1055 FillCameraId() FillCameraId 1 
E/CHIUSECASE(  755): chxutils.cpp:1055 FillCameraId() FillCameraId 1 
W/[ALVR NATIVE-RUST]( 9527): Video frame queue overflow!
E/DispSync(  798): Duration <27.909000 ms> is out of range, resync
E/CHIUSECASE(  755): chxutils.cpp:1055 FillCameraId() FillCameraId 1 
W/[ALVR NATIVE-RUST]( 9527): Video frame queue overflow!
E/CHIUSECASE(  755): chxutils.cpp:1055 FillCameraId() FillCameraId 1 
W/[ALVR NATIVE-RUST]( 9527): Video frame queue overflow!
E/CHIUSECASE(  755): chxutils.cpp:1055 FillCameraId() FillCameraId 1 
W/[ALVR NATIVE-RUST]( 9527): Video frame queue overflow!
E/CHIUSECASE(  755): chxutils.cpp:1055 FillCameraId() FillCameraId 1 
E/DispSync(  798): Duration <27.881001 ms> is out of range, resync
W/[ALVR NATIVE-RUST]( 9527): Video frame queue overflow!
E/CHIUSECASE(  755): chxutils.cpp:1055 FillCameraId() FillCameraId 1 
E/CHIUSECASE(  755): chxutils.cpp:1055 FillCameraId() FillCameraId 1 
W/[ALVR NATIVE-RUST]( 9527): Video frame queue overflow!
E/CHIUSECASE(  755): chxutils.cpp:1055 FillCameraId() FillCameraId 1 
W/[ALVR NATIVE-RUST]( 9527): Video frame queue overflow!
E/CHIUSECASE(  755): chxutils.cpp:1055 FillCameraId() FillCameraId 1 
W/[ALVR NATIVE-RUST]( 9527): Video frame queue overflow!
E/CHIUSECASE(  755): chxutils.cpp:1055 FillCameraId() FillCameraId 1 
E/DispSync(  798): Duration <27.849001 ms> is out of range, resync
E/CHIUSECASE(  755): chxutils.cpp:1055 FillCameraId() FillCameraId 1 
W/[ALVR NATIVE-RUST]( 9527): Video frame queue overflow!
E/CHIUSECASE(  755): chxutils.cpp:1055 FillCameraId() FillCameraId 1 
W/[ALVR NATIVE-RUST]( 9527): Video frame queue overflow!
E/CHIUSECASE(  755): chxutils.cpp:1055 FillCameraId() FillCameraId 1 
W/[ALVR NATIVE-RUST]( 9527): Video frame queue overflow!
E/DispSync(  798): Duration <27.860001 ms> is out of range, resync
E/CHIUSECASE(  755): chxutils.cpp:1055 FillCameraId() FillCameraId 1 
E/CHIUSECASE(  755): chxutils.cpp:1055 FillCameraId() FillCameraId 1 
W/[ALVR NATIVE-RUST]( 9527): Video frame queue overflow!
E/CHIUSECASE(  755): chxutils.cpp:1055 FillCameraId() FillCameraId 1 
W/[ALVR NATIVE-RUST]( 9527): Video frame queue overflow!
E/CHIUSECASE(  755): chxutils.cpp:1055 FillCameraId() FillCameraId 1 
W/[ALVR NATIVE-RUST]( 9527): Video frame queue overflow!
E/CHIUSECASE(  755): chxutils.cpp:1055 FillCameraId() FillCameraId 1 
E/DispSync(  798): Duration <27.881001 ms> is out of range, resync
W/[ALVR NATIVE-RUST]( 9527): Video frame queue overflow!
E/CHIUSECASE(  755): chxutils.cpp:1055 FillCameraId() FillCameraId 1 
W/[ALVR NATIVE-RUST]( 9527): Video frame queue overflow!
E/CHIUSECASE(  755): chxutils.cpp:1055 FillCameraId() FillCameraId 1 
W/[ALVR NATIVE-RUST]( 9527): Video frame queue overflow!
E/CHIUSECASE(  755): chxutils.cpp:1055 FillCameraId() FillCameraId 1 
E/CHIUSECASE(  755): chxutils.cpp:1055 FillCameraId() FillCameraId 1 
W/[ALVR NATIVE-RUST]( 9527): Video frame queue overflow!
E/CHIUSECASE(  755): chxutils.cpp:1055 FillCameraId() FillCameraId 1 
E/DispSync(  798): Duration <27.850000 ms> is out of range, resync
W/[ALVR NATIVE-RUST]( 9527): Video frame queue overflow!
E/CHIUSECASE(  755): chxutils.cpp:1055 FillCameraId() FillCameraId 1 
W/[ALVR NATIVE-RUST]( 9527): Video frame queue overflow!
E/CHIUSECASE(  755): chxutils.cpp:1055 FillCameraId() FillCameraId 1 
W/[ALVR NATIVE-RUST]( 9527): Video frame queue overflow!
E/CHIUSECASE(  755): chxutils.cpp:1055 FillCameraId() FillCameraId 1 
E/CHIUSECASE(  755): chxutils.cpp:1055 FillCameraId() FillCameraId 1 
W/[ALVR NATIVE-RUST]( 9527): Video frame queue overflow!
E/CHIUSECASE(  755): chxutils.cpp:1055 FillCameraId() FillCameraId 1 
W/[ALVR NATIVE-RUST]( 9527): Video frame queue overflow!
E/CHIUSECASE(  755): chxutils.cpp:1055 FillCameraId() FillCameraId 1 
E/DispSync(  798): Duration <27.856001 ms> is out of range, resync
W/[ALVR NATIVE-RUST]( 9527): Video frame queue overflow!
E/CHIUSECASE(  755): chxutils.cpp:1055 FillCameraId() FillCameraId 1 
E/CHIUSECASE(  755): chxutils.cpp:1055 FillCameraId() FillCameraId 1 
W/[ALVR NATIVE-RUST]( 9527): Video frame queue overflow!
E/CHIUSECASE(  755): chxutils.cpp:1055 FillCameraId() FillCameraId 1 
W/[ALVR NATIVE-RUST]( 9527): Video frame queue overflow!
E/CHIUSECASE(  755): chxutils.cpp:1055 FillCameraId() FillCameraId 1 
W/[ALVR NATIVE-RUST]( 9527): Video frame queue overflow!
E/CHIUSECASE(  755): chxutils.cpp:1055 FillCameraId() FillCameraId 1 
W/[ALVR NATIVE-RUST]( 9527): Video frame queue overflow!
E/CHIUSECASE(  755): chxutils.cpp:1055 FillCameraId() FillCameraId 1 
E/CHIUSECASE(  755): chxutils.cpp:1055 FillCameraId() FillCameraId 1 
W/[ALVR NATIVE-RUST]( 9527): Video frame queue overflow!
E/DispSync(  798): Duration <27.847000 ms> is out of range, resync
E/CHIUSECASE(  755): chxutils.cpp:1055 FillCameraId() FillCameraId 1 
W/[ALVR NATIVE-RUST]( 9527): Video frame queue overflow!
E/CHIUSECASE(  755): chxutils.cpp:1055 FillCameraId() FillCameraId 1 
W/[ALVR NATIVE-RUST]( 9527): Video frame queue overflow!
E/CHIUSECASE(  755): chxutils.cpp:1055 FillCameraId() FillCameraId 1 
W/[ALVR NATIVE-RUST]( 9527): Video frame queue overflow!
E/CHIUSECASE(  755): chxutils.cpp:1055 FillCameraId() FillCameraId 1 
E/CHIUSECASE(  755): chxutils.cpp:1055 FillCameraId() FillCameraId 1 
E/DispSync(  798): Duration <27.820000 ms> is out of range, resync
W/[ALVR NATIVE-RUST]( 9527): Video frame queue overflow!
E/CHIUSECASE(  755): chxutils.cpp:1055 FillCameraId() FillCameraId 1 
E/CHIUSECASE(  755): chxutils.cpp:1055 FillCameraId() FillCameraId 1 
W/[ALVR NATIVE-RUST]( 9527): Video frame queue overflow!
E/CHIUSECASE(  755): chxutils.cpp:1055 FillCameraId() FillCameraId 1 
W/[ALVR NATIVE-RUST]( 9527): Video frame queue overflow!
E/CHIUSECASE(  755): chxutils.cpp:1055 FillCameraId() FillCameraId 1 
W/[ALVR NATIVE-RUST]( 9527): Video frame queue overflow!
E/DispSync(  798): Duration <27.823999 ms> is out of range, resync
W/[ALVR NATIVE-RUST]( 9527): Video frame queue overflow!
E/CHIUSECASE(  755): chxutils.cpp:1055 FillCameraId() FillCameraId 1 
E/CHIUSECASE(  755): chxutils.cpp:1055 FillCameraId() FillCameraId 1 
W/[ALVR NATIVE-RUST]( 9527): Video frame queue overflow!
D/PvrPlatform( 5931): Already keep stationary state for 0 secend
E/CHIUSECASE(  755): chxutils.cpp:1055 FillCameraId() FillCameraId 1 
W/[ALVR NATIVE-RUST]( 9527): Video frame queue overflow!
E/CHIUSECASE(  755): chxutils.cpp:1055 FillCameraId() FillCameraId 1 
E/CHIUSECASE(  755): chxutils.cpp:1055 FillCameraId() FillCameraId 1 
W/[ALVR NATIVE-RUST]( 9527): Video frame queue overflow!
E/DispSync(  798): Duration <27.846001 ms> is out of range, resync
E/CHIUSECASE(  755): chxutils.cpp:1055 FillCameraId() FillCameraId 1 
W/[ALVR NATIVE-RUST]( 9527): Video frame queue overflow!
E/CHIUSECASE(  755): chxutils.cpp:1055 FillCameraId() FillCameraId 1 
W/[ALVR NATIVE-RUST]( 9527): Video frame queue overflow!
E/CHIUSECASE(  755): chxutils.cpp:1055 FillCameraId() FillCameraId 1 
W/[ALVR NATIVE-RUST]( 9527): Video frame queue overflow!
E/CHIUSECASE(  755): chxutils.cpp:1055 FillCameraId() FillCameraId 1 
E/CHIUSECASE(  755): chxutils.cpp:1055 FillCameraId() FillCameraId 1 
W/[ALVR NATIVE-RUST]( 9527): Video frame queue overflow!
E/DispSync(  798): Duration <27.850000 ms> is out of range, resync
E/CHIUSECASE(  755): chxutils.cpp:1055 FillCameraId() FillCameraId 1 
W/[ALVR NATIVE-RUST]( 9527): Video frame queue overflow!
E/CHIUSECASE(  755): chxutils.cpp:1055 FillCameraId() FillCameraId 1 
W/[ALVR NATIVE-RUST]( 9527): Video frame queue overflow!
E/CHIUSECASE(  755): chxutils.cpp:1055 FillCameraId() FillCameraId 1 
I/P2ALVR-native( 9527): REAL_TIME_CONFIG: no foveation change
W/[ALVR NATIVE-RUST]( 9527): Video frame queue overflow!
E/CHIUSECASE(  755): chxutils.cpp:1055 FillCameraId() FillCameraId 1 
E/CHIUSECASE(  755): chxutils.cpp:1055 FillCameraId() FillCameraId 1 
W/[ALVR NATIVE-RUST]( 9527): Video frame queue overflow!
E/CHIUSECASE(  755): chxutils.cpp:1055 FillCameraId() FillCameraId 1 
W/[ALVR NATIVE-RUST]( 9527): Video frame queue overflow!
E/DispSync(  798): Duration <27.882999 ms> is out of range, resync
E/CHIUSECASE(  755): chxutils.cpp:1055 FillCameraId() FillCameraId 1 
W/[ALVR NATIVE-RUST]( 9527): Video frame queue overflow!
E/CHIUSECASE(  755): chxutils.cpp:1055 FillCameraId() FillCameraId 1 
W/[ALVR NATIVE-RUST]( 9527): Video frame queue overflow!
E/CHIUSECASE(  755): chxutils.cpp:1055 FillCameraId() FillCameraId 1 
W/[ALVR NATIVE-RUST]( 9527): Video frame queue overflow!
E/CHIUSECASE(  755): chxutils.cpp:1055 FillCameraId() FillCameraId 1 
E/CHIUSECASE(  755): chxutils.cpp:1055 FillCameraId() FillCameraId 1 
W/[ALVR NATIVE-RUST]( 9527): Video frame queue overflow!
E/CHIUSECASE(  755): chxutils.cpp:1055 FillCameraId() FillCameraId 1 
W/[ALVR NATIVE-RUST]( 9527): Video frame queue overflow!
E/DispSync(  798): Duration <27.847000 ms> is out of range, resync
E/CHIUSECASE(  755): chxutils.cpp:1055 FillCameraId() FillCameraId 1 
W/[ALVR NATIVE-RUST]( 9527): Video frame queue overflow!
E/CHIUSECASE(  755): chxutils.cpp:1055 FillCameraId() FillCameraId 1 
W/[ALVR NATIVE-RUST]( 9527): Video frame queue overflow!
E/CHIUSECASE(  755): chxutils.cpp:1055 FillCameraId() FillCameraId 1 
E/CHIUSECASE(  755): chxutils.cpp:1055 FillCameraId() FillCameraId 1 
W/[ALVR NATIVE-RUST]( 9527): Video frame queue overflow!
E/DispSync(  798): Duration <27.795000 ms> is out of range, resync
E/CHIUSECASE(  755): chxutils.cpp:1055 FillCameraId() FillCameraId 1 
W/[ALVR NATIVE-RUST]( 9527): Video frame queue overflow!
E/CHIUSECASE(  755): chxutils.cpp:1055 FillCameraId() FillCameraId 1 
W/[ALVR NATIVE-RUST]( 9527): Video frame queue overflow!
E/CHIUSECASE(  755): chxutils.cpp:1055 FillCameraId() FillCameraId 1 
E/CHIUSECASE(  755): chxutils.cpp:1055 FillCameraId() FillCameraId 1 
W/[ALVR NATIVE-RUST]( 9527): Video frame queue overflow!
E/DispSync(  798): Duration <27.843000 ms> is out of range, resync
E/CHIUSECASE(  755): chxutils.cpp:1055 FillCameraId() FillCameraId 1 
W/[ALVR NATIVE-RUST]( 9527): Video frame queue overflow!
E/CHIUSECASE(  755): chxutils.cpp:1055 FillCameraId() FillCameraId 1 
W/[ALVR NATIVE-RUST]( 9527): Video frame queue overflow!
E/CHIUSECASE(  755): chxutils.cpp:1055 FillCameraId() FillCameraId 1 
W/[ALVR NATIVE-RUST]( 9527): Video frame queue overflow!
E/DispSync(  798): Duration <27.822001 ms> is out of range, resync
E/CHIUSECASE(  755): chxutils.cpp:1055 FillCameraId() FillCameraId 1 
W/[ALVR NATIVE-RUST]( 9527): Video frame queue overflow!
E/CHIUSECASE(  755): chxutils.cpp:1055 FillCameraId() FillCameraId 1 
E/CHIUSECASE(  755): chxutils.cpp:1055 FillCameraId() FillCameraId 1 
W/[ALVR NATIVE-RUST]( 9527): Video frame queue overflow!
E/CHIUSECASE(  755): chxutils.cpp:1055 FillCameraId() FillCameraId 1 
W/[ALVR NATIVE-RUST]( 9527): Video frame queue overflow!
E/CHIUSECASE(  755): chxutils.cpp:1055 FillCameraId() FillCameraId 1 
W/[ALVR NATIVE-RUST]( 9527): Video frame queue overflow!
E/CHIUSECASE(  755): chxutils.cpp:1055 FillCameraId() FillCameraId 1 
W/[ALVR NATIVE-RUST]( 9527): Video frame queue overflow!
E/CHIUSECASE(  755): chxutils.cpp:1055 FillCameraId() FillCameraId 1 
W/[ALVR NATIVE-RUST]( 9527): Video frame queue overflow!
E/CHIUSECASE(  755): chxutils.cpp:1055 FillCameraId() FillCameraId 1 
E/DispSync(  798): Duration <27.874001 ms> is out of range, resync
E/CHIUSECASE(  755): chxutils.cpp:1055 FillCameraId() FillCameraId 1 
W/[ALVR NATIVE-RUST]( 9527): Video frame queue overflow!
E/CHIUSECASE(  755): chxutils.cpp:1055 FillCameraId() FillCameraId 1 
W/[ALVR NATIVE-RUST]( 9527): Video frame queue overflow!
E/CHIUSECASE(  755): chxutils.cpp:1055 FillCameraId() FillCameraId 1 
W/[ALVR NATIVE-RUST]( 9527): Video frame queue overflow!
E/CHIUSECASE(  755): chxutils.cpp:1055 FillCameraId() FillCameraId 1 
W/[ALVR NATIVE-RUST]( 9527): Video frame queue overflow!
E/CHIUSECASE(  755): chxutils.cpp:1055 FillCameraId() FillCameraId 1 
E/DispSync(  798): Duration <27.844000 ms> is out of range, resync
E/CHIUSECASE(  755): chxutils.cpp:1055 FillCameraId() FillCameraId 1 
W/[ALVR NATIVE-RUST]( 9527): Video frame queue overflow!
E/CHIUSECASE(  755): chxutils.cpp:1055 FillCameraId() FillCameraId 1 
W/[ALVR NATIVE-RUST]( 9527): Video frame queue overflow!
E/CHIUSECASE(  755): chxutils.cpp:1055 FillCameraId() FillCameraId 1 
W/[ALVR NATIVE-RUST]( 9527): Video frame queue overflow!
E/CHIUSECASE(  755): chxutils.cpp:1055 FillCameraId() FillCameraId 1 
E/DispSync(  798): Duration <27.841000 ms> is out of range, resync
E/CHIUSECASE(  755): chxutils.cpp:1055 FillCameraId() FillCameraId 1 
W/[ALVR NATIVE-RUST]( 9527): Video frame queue overflow!
E/CHIUSECASE(  755): chxutils.cpp:1055 FillCameraId() FillCameraId 1 
W/[ALVR NATIVE-RUST]( 9527): Video frame queue overflow!
E/CHIUSECASE(  755): chxutils.cpp:1055 FillCameraId() FillCameraId 1 
W/[ALVR NATIVE-RUST]( 9527): Video frame queue overflow!
E/CHIUSECASE(  755): chxutils.cpp:1055 FillCameraId() FillCameraId 1 
W/[ALVR NATIVE-RUST]( 9527): Video frame queue overflow!
E/CHIUSECASE(  755): chxutils.cpp:1055 FillCameraId() FillCameraId 1 
E/DispSync(  798): Duration <27.799000 ms> is out of range, resync
E/CHIUSECASE(  755): chxutils.cpp:1055 FillCameraId() FillCameraId 1 
W/[ALVR NATIVE-RUST]( 9527): Video frame queue overflow!
E/CHIUSECASE(  755): chxutils.cpp:1055 FillCameraId() FillCameraId 1 
W/[ALVR NATIVE-RUST]( 9527): Video frame queue overflow!
E/CHIUSECASE(  755): chxutils.cpp:1055 FillCameraId() FillCameraId 1 
W/[ALVR NATIVE-RUST]( 9527): Video frame queue overflow!
E/CHIUSECASE(  755): chxutils.cpp:1055 FillCameraId() FillCameraId 1 
W/[ALVR NATIVE-RUST]( 9527): Video frame queue overflow!
E/CHIUSECASE(  755): chxutils.cpp:1055 FillCameraId() FillCameraId 1 
E/DispSync(  798): Duration <27.843000 ms> is out of range, resync
E/CHIUSECASE(  755): chxutils.cpp:1055 FillCameraId() FillCameraId 1 
W/[ALVR NATIVE-RUST]( 9527): Video frame queue overflow!
E/CHIUSECASE(  755): chxutils.cpp:1055 FillCameraId() FillCameraId 1 
W/[ALVR NATIVE-RUST]( 9527): Video frame queue overflow!
E/CHIUSECASE(  755): chxutils.cpp:1055 FillCameraId() FillCameraId 1 
W/[ALVR NATIVE-RUST]( 9527): Video frame queue overflow!
E/CHIUSECASE(  755): chxutils.cpp:1055 FillCameraId() FillCameraId 1 
E/CHIUSECASE(  755): chxutils.cpp:1055 FillCameraId() FillCameraId 1 
W/[ALVR NATIVE-RUST]( 9527): Video frame queue overflow!
E/DispSync(  798): Duration <27.846001 ms> is out of range, resync
E/CHIUSECASE(  755): chxutils.cpp:1055 FillCameraId() FillCameraId 1 
W/[ALVR NATIVE-RUST]( 9527): Video frame queue overflow!
E/CHIUSECASE(  755): chxutils.cpp:1055 FillCameraId() FillCameraId 1 
W/[ALVR NATIVE-RUST]( 9527): Video frame queue overflow!
E/CHIUSECASE(  755): chxutils.cpp:1055 FillCameraId() FillCameraId 1 
W/[ALVR NATIVE-RUST]( 9527): Video frame queue overflow!
E/CHIUSECASE(  755): chxutils.cpp:1055 FillCameraId() FillCameraId 1 
E/CHIUSECASE(  755): chxutils.cpp:1055 FillCameraId() FillCameraId 1 
W/[ALVR NATIVE-RUST]( 9527): Video frame queue overflow!
E/CHIUSECASE(  755): chxutils.cpp:1055 FillCameraId() FillCameraId 1 
W/[ALVR NATIVE-RUST]( 9527): Video frame queue overflow!
E/DispSync(  798): Duration <27.851999 ms> is out of range, resync
E/CHIUSECASE(  755): chxutils.cpp:1055 FillCameraId() FillCameraId 1 
W/[ALVR NATIVE-RUST]( 9527): Video frame queue overflow!
E/CHIUSECASE(  755): chxutils.cpp:1055 FillCameraId() FillCameraId 1 
W/[ALVR NATIVE-RUST]( 9527): Video frame queue overflow!
E/CHIUSECASE(  755): chxutils.cpp:1055 FillCameraId() FillCameraId 1 
W/[ALVR NATIVE-RUST]( 9527): Video frame queue overflow!
E/CHIUSECASE(  755): chxutils.cpp:1055 FillCameraId() FillCameraId 1 
D/SurfaceFlinger(  798): Vsync watchDog is alive
D/SurfaceFlinger(  798): WatchDog:Not sync with hareware reach 0.0 seconds.
E/DispSync(  798): Duration <27.871000 ms> is out of range, resync
W/[ALVR NATIVE-RUST]( 9527): Video frame queue overflow!
E/CHIUSECASE(  755): chxutils.cpp:1055 FillCameraId() FillCameraId 1 
E/CHIUSECASE(  755): chxutils.cpp:1055 FillCameraId() FillCameraId 1 
W/[ALVR NATIVE-RUST]( 9527): Video frame queue overflow!
E/CHIUSECASE(  755): chxutils.cpp:1055 FillCameraId() FillCameraId 1 
W/[ALVR NATIVE-RUST]( 9527): Video frame queue overflow!
E/CHIUSECASE(  755): chxutils.cpp:1055 FillCameraId() FillCameraId 1 
E/CHIUSECASE(  755): chxutils.cpp:1055 FillCameraId() FillCameraId 1 
W/[ALVR NATIVE-RUST]( 9527): Video frame queue overflow!
E/CHIUSECASE(  755): chxutils.cpp:1055 FillCameraId() FillCameraId 1 
W/[ALVR NATIVE-RUST]( 9527): Video frame queue overflow!
E/DispSync(  798): Duration <27.777000 ms> is out of range, resync
E/CHIUSECASE(  755): chxutils.cpp:1055 FillCameraId() FillCameraId 1 
W/[ALVR NATIVE-RUST]( 9527): Video frame queue overflow!
E/CHIUSECASE(  755): chxutils.cpp:1055 FillCameraId() FillCameraId 1 
W/[ALVR NATIVE-RUST]( 9527): Video frame queue overflow!
D/PvrServiceClient( 9527): newTrackerClient getTrackingResultExt svrHeadPoseStateOutput[3] -0.500762,0.165863,-0.128593,-0.839757,0.033560,0.135314,-0.030051	[5828668665664]	[12.205575]
E/CHIUSECASE(  755): chxutils.cpp:1055 FillCameraId() FillCameraId 1 
W/[ALVR NATIVE-RUST]( 9527): Video frame queue overflow!
E/CHIUSECASE(  755): chxutils.cpp:1055 FillCameraId() FillCameraId 1 
E/CHIUSECASE(  755): chxutils.cpp:1055 FillCameraId() FillCameraId 1 
E/DispSync(  798): Duration <27.833000 ms> is out of range, resync
W/[ALVR NATIVE-RUST]( 9527): Video frame queue overflow!
E/CHIUSECASE(  755): chxutils.cpp:1055 FillCameraId() FillCameraId 1 
W/[ALVR NATIVE-RUST]( 9527): Video frame queue overflow!
E/CHIUSECASE(  755): chxutils.cpp:1055 FillCameraId() FillCameraId 1 
W/[ALVR NATIVE-RUST]( 9527): Video frame queue overflow!
E/CHIUSECASE(  755): chxutils.cpp:1055 FillCameraId() FillCameraId 1 
E/CHIUSECASE(  755): chxutils.cpp:1055 FillCameraId() FillCameraId 1 
W/[ALVR NATIVE-RUST]( 9527): Video frame queue overflow!
E/CHIUSECASE(  755): chxutils.cpp:1055 FillCameraId() FillCameraId 1 
W/[ALVR NATIVE-RUST]( 9527): Video frame queue overflow!
E/DispSync(  798): Duration <27.863001 ms> is out of range, resync
E/CHIUSECASE(  755): chxutils.cpp:1055 FillCameraId() FillCameraId 1 
W/[ALVR NATIVE-RUST]( 9527): Video frame queue overflow!
E/CHIUSECASE(  755): chxutils.cpp:1055 FillCameraId() FillCameraId 1 
W/[ALVR NATIVE-RUST]( 9527): Video frame queue overflow!
E/CHIUSECASE(  755): chxutils.cpp:1055 FillCameraId() FillCameraId 1 
E/CHIUSECASE(  755): chxutils.cpp:1055 FillCameraId() FillCameraId 1 
W/[ALVR NATIVE-RUST]( 9527): Video frame queue overflow!
E/DispSync(  798): Duration <27.809999 ms> is out of range, resync
E/CHIUSECASE(  755): chxutils.cpp:1055 FillCameraId() FillCameraId 1 
W/[ALVR NATIVE-RUST]( 9527): Video frame queue overflow!
E/CHIUSECASE(  755): chxutils.cpp:1055 FillCameraId() FillCameraId 1 
W/[ALVR NATIVE-RUST]( 9527): Video frame queue overflow!
E/CHIUSECASE(  755): chxutils.cpp:1055 FillCameraId() FillCameraId 1 
E/CHIUSECASE(  755): chxutils.cpp:1055 FillCameraId() FillCameraId 1 
W/[ALVR NATIVE-RUST]( 9527): Video frame queue overflow!
E/CHIUSECASE(  755): chxutils.cpp:1055 FillCameraId() FillCameraId 1 
W/[ALVR NATIVE-RUST]( 9527): Video frame queue overflow!
E/DispSync(  798): Duration <27.834000 ms> is out of range, resync
E/CHIUSECASE(  755): chxutils.cpp:1055 FillCameraId() FillCameraId 1 
W/[ALVR NATIVE-RUST]( 9527): Video frame queue overflow!
E/CHIUSECASE(  755): chxutils.cpp:1055 FillCameraId() FillCameraId 1 
E/CHIUSECASE(  755): chxutils.cpp:1055 FillCameraId() FillCameraId 1 
W/[ALVR NATIVE-RUST]( 9527): Video frame queue overflow!
W/[ALVR NATIVE-RUST]( 9527): Video frame queue overflow!
I/P2ALVR-native( 9527): REAL_TIME_CONFIG: no foveation change
E/DispSync(  798): Duration <27.843000 ms> is out of range, resync
E/CHIUSECASE(  755): chxutils.cpp:1055 FillCameraId() FillCameraId 1 
E/CHIUSECASE(  755): chxutils.cpp:1055 FillCameraId() FillCameraId 1 
W/[ALVR NATIVE-RUST]( 9527): Video frame queue overflow!
W/[ALVR NATIVE-RUST]( 9527): Video frame queue overflow!
E/CHIUSECASE(  755): chxutils.cpp:1055 FillCameraId() FillCameraId 1 
E/CHIUSECASE(  755): chxutils.cpp:1055 FillCameraId() FillCameraId 1 
W/[ALVR NATIVE-RUST]( 9527): Video frame queue overflow!
E/DispSync(  798): Duration <27.850000 ms> is out of range, resync
E/CHIUSECASE(  755): chxutils.cpp:1055 FillCameraId() FillCameraId 1 
W/[ALVR NATIVE-RUST]( 9527): Video frame queue overflow!
E/CHIUSECASE(  755): chxutils.cpp:1055 FillCameraId() FillCameraId 1 
E/CHIUSECASE(  755): chxutils.cpp:1055 FillCameraId() FillCameraId 1 
W/[ALVR NATIVE-RUST]( 9527): Video frame queue overflow!
E/CHIUSECASE(  755): chxutils.cpp:1055 FillCameraId() FillCameraId 1 
W/[ALVR NATIVE-RUST]( 9527): Video frame queue overflow!
E/CHIUSECASE(  755): chxutils.cpp:1055 FillCameraId() FillCameraId 1 
W/[ALVR NATIVE-RUST]( 9527): Video frame queue overflow!
E/DispSync(  798): Duration <27.864000 ms> is out of range, resync
E/CHIUSECASE(  755): chxutils.cpp:1055 FillCameraId() FillCameraId 1 
E/CHIUSECASE(  755): chxutils.cpp:1055 FillCameraId() FillCameraId 1 
E/OMX-VDEC-1080P( 1018): Unable to convey fps info to driver,                             performance might be affected
W/[ALVR NATIVE-RUST]( 9527): Video frame queue overflow!
E/OMX-VDEC-1080P( 1018): Unable to convey fps info to driver,                             performance might be affected
E/CHIUSECASE(  755): chxutils.cpp:1055 FillCameraId() FillCameraId 1 
W/[ALVR NATIVE-RUST]( 9527): Video frame queue overflow!
E/CHIUSECASE(  755): chxutils.cpp:1055 FillCameraId() FillCameraId 1 
E/OMX-VDEC-1080P( 1018): Unable to convey fps info to driver,                             performance might be affected
W/[ALVR NATIVE-RUST]( 9527): Video frame queue overflow!
E/CHIUSECASE(  755): chxutils.cpp:1055 FillCameraId() FillCameraId 1 
E/OMX-VDEC-1080P( 1018): Unable to convey fps info to driver,                             performance might be affected
W/[ALVR NATIVE-RUST]( 9527): Video frame queue overflow!
E/DispSync(  798): Duration <27.813999 ms> is out of range, resync
E/CHIUSECASE(  755): chxutils.cpp:1055 FillCameraId() FillCameraId 1 
E/OMX-VDEC-1080P( 1018): Unable to convey fps info to driver,                             performance might be affected
W/[ALVR NATIVE-RUST]( 9527): Video frame queue overflow!
E/CHIUSECASE(  755): chxutils.cpp:1055 FillCameraId() FillCameraId 1 
E/CHIUSECASE(  755): chxutils.cpp:1055 FillCameraId() FillCameraId 1 
E/OMX-VDEC-1080P( 1018): Unable to convey fps info to driver,                             performance might be affected
W/[ALVR NATIVE-RUST]( 9527): Video frame queue overflow!
E/CHIUSECASE(  755): chxutils.cpp:1055 FillCameraId() FillCameraId 1 
E/OMX-VDEC-1080P( 1018): Unable to convey fps info to driver,                             performance might be affected
W/[ALVR NATIVE-RUST]( 9527): Video frame queue overflow!
E/CHIUSECASE(  755): chxutils.cpp:1055 FillCameraId() FillCameraId 1 
E/OMX-VDEC-1080P( 1018): Unable to convey fps info to driver,                             performance might be affected
W/[ALVR NATIVE-RUST]( 9527): Video frame queue overflow!
E/DispSync(  798): Duration <27.844000 ms> is out of range, resync
E/CHIUSECASE(  755): chxutils.cpp:1055 FillCameraId() FillCameraId 1 
E/OMX-VDEC-1080P( 1018): Unable to convey fps info to driver,                             performance might be affected
W/[ALVR NATIVE-RUST]( 9527): Video frame queue overflow!
E/CHIUSECASE(  755): chxutils.cpp:1055 FillCameraId() FillCameraId 1 
E/CHIUSECASE(  755): chxutils.cpp:1055 FillCameraId() FillCameraId 1 
E/OMX-VDEC-1080P( 1018): Unable to convey fps info to driver,                             performance might be affected
W/[ALVR NATIVE-RUST]( 9527): Video frame queue overflow!
E/CHIUSECASE(  755): chxutils.cpp:1055 FillCameraId() FillCameraId 1 
E/OMX-VDEC-1080P( 1018): Unable to convey fps info to driver,                             performance might be affected
W/[ALVR NATIVE-RUST]( 9527): Video frame queue overflow!
E/CHIUSECASE(  755): chxutils.cpp:1055 FillCameraId() FillCameraId 1 
E/PvrService( 5931): PvrService getTrackingDataExt ret(0)
E/PvrService( 5931): PvrService getTrackingDataExt rotation(0.199590, -0.018184, -0.096191, 0.000000)
E/PvrService( 5931): PvrService getTrackingDataExt position(-0.019249, -0.048098, 0.003182)
E/DispSync(  798): Duration <27.854000 ms> is out of range, resync
E/CHIUSECASE(  755): chxutils.cpp:1055 FillCameraId() FillCameraId 1 
E/OMX-VDEC-1080P( 1018): Unable to convey fps info to driver,                             performance might be affected
W/[ALVR NATIVE-RUST]( 9527): Video frame queue overflow!
E/CHIUSECASE(  755): chxutils.cpp:1055 FillCameraId() FillCameraId 1 
E/OMX-VDEC-1080P( 1018): Unable to convey fps info to driver,                             performance might be affected
W/[ALVR NATIVE-RUST]( 9527): Video frame queue overflow!
E/CHIUSECASE(  755): chxutils.cpp:1055 FillCameraId() FillCameraId 1 
E/OMX-VDEC-1080P( 1018): Unable to convey fps info to driver,                             performance might be affected
W/[ALVR NATIVE-RUST]( 9527): Video frame queue overflow!
E/CHIUSECASE(  755): chxutils.cpp:1055 FillCameraId() FillCameraId 1 
E/OMX-VDEC-1080P( 1018): Unable to convey fps info to driver,                             performance might be affected
W/[ALVR NATIVE-RUST]( 9527): Video frame queue overflow!
E/CHIUSECASE(  755): chxutils.cpp:1055 FillCameraId() FillCameraId 1 
E/OMX-VDEC-1080P( 1018): Unable to convey fps info to driver,                             performance might be affected
W/[ALVR NATIVE-RUST]( 9527): Video frame queue overflow!
E/DispSync(  798): Duration <27.856001 ms> is out of range, resync
E/CHIUSECASE(  755): chxutils.cpp:1055 FillCameraId() FillCameraId 1 
E/OMX-VDEC-1080P( 1018): Unable to convey fps info to driver,                             performance might be affected
W/[ALVR NATIVE-RUST]( 9527): Video frame queue overflow!
E/CHIUSECASE(  755): chxutils.cpp:1055 FillCameraId() FillCameraId 1 
E/OMX-VDEC-1080P( 1018): Unable to convey fps info to driver,                             performance might be affected
W/[ALVR NATIVE-RUST]( 9527): Video frame queue overflow!
E/CHIUSECASE(  755): chxutils.cpp:1055 FillCameraId() FillCameraId 1 
E/OMX-VDEC-1080P( 1018): Unable to convey fps info to driver,                             performance might be affected
W/[ALVR NATIVE-RUST]( 9527): Video frame queue overflow!
E/CHIUSECASE(  755): chxutils.cpp:1055 FillCameraId() FillCameraId 1 
E/CHIUSECASE(  755): chxutils.cpp:1055 FillCameraId() FillCameraId 1 
E/OMX-VDEC-1080P( 1018): Unable to convey fps info to driver,                             performance might be affected
W/[ALVR NATIVE-RUST]( 9527): Video frame queue overflow!
E/DispSync(  798): Duration <27.827999 ms> is out of range, resync
E/CHIUSECASE(  755): chxutils.cpp:1055 FillCameraId() FillCameraId 1 
E/OMX-VDEC-1080P( 1018): Unable to convey fps info to driver,                             performance might be affected
W/[ALVR NATIVE-RUST]( 9527): Video frame queue overflow!
E/CHIUSECASE(  755): chxutils.cpp:1055 FillCameraId() FillCameraId 1 
E/OMX-VDEC-1080P( 1018): Unable to convey fps info to driver,                             performance might be affected
W/[ALVR NATIVE-RUST]( 9527): Video frame queue overflow!
E/CHIUSECASE(  755): chxutils.cpp:1055 FillCameraId() FillCameraId 1 
E/CHIUSECASE(  755): chxutils.cpp:1055 FillCameraId() FillCameraId 1 
E/OMX-VDEC-1080P( 1018): Unable to convey fps info to driver,                             performance might be affected
W/[ALVR NATIVE-RUST]( 9527): Video frame queue overflow!
E/CHIUSECASE(  755): chxutils.cpp:1055 FillCameraId() FillCameraId 1 
E/OMX-VDEC-1080P( 1018): Unable to convey fps info to driver,                             performance might be affected
W/[ALVR NATIVE-RUST]( 9527): Video frame queue overflow!
E/CHIUSECASE(  755): chxutils.cpp:1055 FillCameraId() FillCameraId 1 
E/DispSync(  798): Duration <27.871000 ms> is out of range, resync
E/OMX-VDEC-1080P( 1018): Unable to convey fps info to driver,                             performance might be affected
W/[ALVR NATIVE-RUST]( 9527): Video frame queue overflow!
E/CHIUSECASE(  755): chxutils.cpp:1055 FillCameraId() FillCameraId 1 
E/OMX-VDEC-1080P( 1018): Unable to convey fps info to driver,                             performance might be affected
W/[ALVR NATIVE-RUST]( 9527): Video frame queue overflow!
E/CHIUSECASE(  755): chxutils.cpp:1055 FillCameraId() FillCameraId 1 
E/CHIUSECASE(  755): chxutils.cpp:1055 FillCameraId() FillCameraId 1 
E/OMX-VDEC-1080P( 1018): Unable to convey fps info to driver,                             performance might be affected
E/CHIUSECASE(  755): chxutils.cpp:1055 FillCameraId() FillCameraId 1 
W/[ALVR NATIVE-RUST]( 9527): Video frame queue overflow!
E/OMX-VDEC-1080P( 1018): Unable to convey fps info to driver,                             performance might be affected
W/[ALVR NATIVE-RUST]( 9527): Video frame queue overflow!
E/CHIUSECASE(  755): chxutils.cpp:1055 FillCameraId() FillCameraId 1 
E/DispSync(  798): Duration <27.844999 ms> is out of range, resync
E/OMX-VDEC-1080P( 1018): Unable to convey fps info to driver,                             performance might be affected
W/[ALVR NATIVE-RUST]( 9527): Video frame queue overflow!
E/CHIUSECASE(  755): chxutils.cpp:1055 FillCameraId() FillCameraId 1 
E/OMX-VDEC-1080P( 1018): Unable to convey fps info to driver,                             performance might be affected
W/[ALVR NATIVE-RUST]( 9527): Video frame queue overflow!
E/CHIUSECASE(  755): chxutils.cpp:1055 FillCameraId() FillCameraId 1 
E/CHIUSECASE(  755): chxutils.cpp:1055 FillCameraId() FillCameraId 1 
E/OMX-VDEC-1080P( 1018): Unable to convey fps info to driver,                             performance might be affected
W/[ALVR NATIVE-RUST]( 9527): Video frame queue overflow!
E/OMX-VDEC-1080P( 1018): Unable to convey fps info to driver,                             performance might be affected
W/[ALVR NATIVE-RUST]( 9527): Video frame queue overflow!
E/CHIUSECASE(  755): chxutils.cpp:1055 FillCameraId() FillCameraId 1 
E/CHIUSECASE(  755): chxutils.cpp:1055 FillCameraId() FillCameraId 1 
E/OMX-VDEC-1080P( 1018): Unable to convey fps info to driver,                             performance might be affected
W/[ALVR NATIVE-RUST]( 9527): Video frame queue overflow!
E/CHIUSECASE(  755): chxutils.cpp:1055 FillCameraId() FillCameraId 1 
E/DispSync(  798): Duration <27.895000 ms> is out of range, resync
E/OMX-VDEC-1080P( 1018): Unable to convey fps info to driver,                             performance might be affected
W/[ALVR NATIVE-RUST]( 9527): Video frame queue overflow!
E/CHIUSECASE(  755): chxutils.cpp:1055 FillCameraId() FillCameraId 1 
E/CHIUSECASE(  755): chxutils.cpp:1055 FillCameraId() FillCameraId 1 
E/OMX-VDEC-1080P( 1018): Unable to convey fps info to driver,                             performance might be affected
W/[ALVR NATIVE-RUST]( 9527): Video frame queue overflow!
E/CHIUSECASE(  755): chxutils.cpp:1055 FillCameraId() FillCameraId 1 
E/OMX-VDEC-1080P( 1018): Unable to convey fps info to driver,                             performance might be affected
W/[ALVR NATIVE-RUST]( 9527): Video frame queue overflow!
E/CHIUSECASE(  755): chxutils.cpp:1055 FillCameraId() FillCameraId 1 
E/OMX-VDEC-1080P( 1018): Unable to convey fps info to driver,                             performance might be affected
W/[ALVR NATIVE-RUST]( 9527): Video frame queue overflow!
E/CHIUSECASE(  755): chxutils.cpp:1055 FillCameraId() FillCameraId 1 
E/DispSync(  798): Duration <27.849001 ms> is out of range, resync
E/OMX-VDEC-1080P( 1018): Unable to convey fps info to driver,                             performance might be affected
W/[ALVR NATIVE-RUST]( 9527): Video frame queue overflow!
E/CHIUSECASE(  755): chxutils.cpp:1055 FillCameraId() FillCameraId 1 
E/CHIUSECASE(  755): chxutils.cpp:1055 FillCameraId() FillCameraId 1 
E/OMX-VDEC-1080P( 1018): Unable to convey fps info to driver,                             performance might be affected
W/[ALVR NATIVE-RUST]( 9527): Video frame queue overflow!
E/CHIUSECASE(  755): chxutils.cpp:1055 FillCameraId() FillCameraId 1 
E/OMX-VDEC-1080P( 1018): Unable to convey fps info to driver,                             performance might be affected
W/[ALVR NATIVE-RUST]( 9527): Video frame queue overflow!
E/CHIUSECASE(  755): chxutils.cpp:1055 FillCameraId() FillCameraId 1 
E/OMX-VDEC-1080P( 1018): Unable to convey fps info to driver,                             performance might be affected
W/[ALVR NATIVE-RUST]( 9527): Video frame queue overflow!
E/CHIUSECASE(  755): chxutils.cpp:1055 FillCameraId() FillCameraId 1 
E/DispSync(  798): Duration <27.849001 ms> is out of range, resync
E/CHIUSECASE(  755): chxutils.cpp:1055 FillCameraId() FillCameraId 1 
E/OMX-VDEC-1080P( 1018): Unable to convey fps info to driver,                             performance might be affected
W/[ALVR NATIVE-RUST]( 9527): Video frame queue overflow!
E/CHIUSECASE(  755): chxutils.cpp:1055 FillCameraId() FillCameraId 1 
E/CHIUSECASE(  755): chxutils.cpp:1055 FillCameraId() FillCameraId 1 
E/OMX-VDEC-1080P( 1018): Unable to convey fps info to driver,                             performance might be affected
W/[ALVR NATIVE-RUST]( 9527): Video frame queue overflow!
W/[ALVR NATIVE-RUST]( 9527): Video frame queue overflow!
E/CHIUSECASE(  755): chxutils.cpp:1055 FillCameraId() FillCameraId 1 
E/OMX-VDEC-1080P( 1018): Unable to convey fps info to driver,                             performance might be affected
W/[ALVR NATIVE-RUST]( 9527): Video frame queue overflow!
E/CHIUSECASE(  755): chxutils.cpp:1055 FillCameraId() FillCameraId 1 
E/DispSync(  798): Duration <27.858999 ms> is out of range, resync
E/OMX-VDEC-1080P( 1018): Unable to convey fps info to driver,                             performance might be affected
W/[ALVR NATIVE-RUST]( 9527): Video frame queue overflow!
E/CHIUSECASE(  755): chxutils.cpp:1055 FillCameraId() FillCameraId 1 
E/OMX-VDEC-1080P( 1018): Unable to convey fps info to driver,                             performance might be affected
W/[ALVR NATIVE-RUST]( 9527): Video frame queue overflow!
E/CHIUSECASE(  755): chxutils.cpp:1055 FillCameraId() FillCameraId 1 
E/CHIUSECASE(  755): chxutils.cpp:1055 FillCameraId() FillCameraId 1 
E/OMX-VDEC-1080P( 1018): Unable to convey fps info to driver,                             performance might be affected
W/[ALVR NATIVE-RUST]( 9527): Video frame queue overflow!
E/CHIUSECASE(  755): chxutils.cpp:1055 FillCameraId() FillCameraId 1 
E/OMX-VDEC-1080P( 1018): Unable to convey fps info to driver,                             performance might be affected
W/[ALVR NATIVE-RUST]( 9527): Video frame queue overflow!
E/CHIUSECASE(  755): chxutils.cpp:1055 FillCameraId() FillCameraId 1 
E/DispSync(  798): Duration <27.843000 ms> is out of range, resync
E/CHIUSECASE(  755): chxutils.cpp:1055 FillCameraId() FillCameraId 1 
E/OMX-VDEC-1080P( 1018): Unable to convey fps info to driver,                             performance might be affected
W/[ALVR NATIVE-RUST]( 9527): Video frame queue overflow!
E/CHIUSECASE(  755): chxutils.cpp:1055 FillCameraId() FillCameraId 1 
E/OMX-VDEC-1080P( 1018): Unable to convey fps info to driver,                             performance might be affected
E/CHIUSECASE(  755): chxutils.cpp:1055 FillCameraId() FillCameraId 1 
W/[ALVR NATIVE-RUST]( 9527): Video frame queue overflow!
E/OMX-VDEC-1080P( 1018): Unable to convey fps info to driver,                             performance might be affected
W/[ALVR NATIVE-RUST]( 9527): Video frame queue overflow!
E/CHIUSECASE(  755): chxutils.cpp:1055 FillCameraId() FillCameraId 1 
E/OMX-VDEC-1080P( 1018): Unable to convey fps info to driver,                             performance might be affected
W/[ALVR NATIVE-RUST]( 9527): Video frame queue overflow!
E/CHIUSECASE(  755): chxutils.cpp:1055 FillCameraId() FillCameraId 1 
E/DispSync(  798): Duration <27.844999 ms> is out of range, resync
E/CHIUSECASE(  755): chxutils.cpp:1055 FillCameraId() FillCameraId 1 
E/OMX-VDEC-1080P( 1018): Unable to convey fps info to driver,                             performance might be affected
W/[ALVR NATIVE-RUST]( 9527): Video frame queue overflow!
E/CHIUSECASE(  755): chxutils.cpp:1055 FillCameraId() FillCameraId 1 
E/OMX-VDEC-1080P( 1018): Unable to convey fps info to driver,                             performance might be affected
W/[ALVR NATIVE-RUST]( 9527): Video frame queue overflow!
E/CHIUSECASE(  755): chxutils.cpp:1055 FillCameraId() FillCameraId 1 
E/OMX-VDEC-1080P( 1018): Unable to convey fps info to driver,                             performance might be affected
W/[ALVR NATIVE-RUST]( 9527): Video frame queue overflow!
E/CHIUSECASE(  755): chxutils.cpp:1055 FillCameraId() FillCameraId 1 
E/OMX-VDEC-1080P( 1018): Unable to convey fps info to driver,                             performance might be affected
W/[ALVR NATIVE-RUST]( 9527): Video frame queue overflow!
E/CHIUSECASE(  755): chxutils.cpp:1055 FillCameraId() FillCameraId 1 
E/DispSync(  798): Duration <27.858999 ms> is out of range, resync
E/OMX-VDEC-1080P( 1018): Unable to convey fps info to driver,                             performance might be affected
W/[ALVR NATIVE-RUST]( 9527): Video frame queue overflow!
E/CHIUSECASE(  755): chxutils.cpp:1055 FillCameraId() FillCameraId 1 
E/CHIUSECASE(  755): chxutils.cpp:1055 FillCameraId() FillCameraId 1 
E/OMX-VDEC-1080P( 1018): Unable to convey fps info to driver,                             performance might be affected
W/[ALVR NATIVE-RUST]( 9527): Video frame queue overflow!
E/CHIUSECASE(  755): chxutils.cpp:1055 FillCameraId() FillCameraId 1 
E/OMX-VDEC-1080P( 1018): Unable to convey fps info to driver,                             performance might be affected
W/[ALVR NATIVE-RUST]( 9527): Video frame queue overflow!
E/CHIUSECASE(  755): chxutils.cpp:1055 FillCameraId() FillCameraId 1 
E/OMX-VDEC-1080P( 1018): Unable to convey fps info to driver,                             performance might be affected
W/[ALVR NATIVE-RUST]( 9527): Video frame queue overflow!
E/CHIUSECASE(  755): chxutils.cpp:1055 FillCameraId() FillCameraId 1 
E/DispSync(  798): Duration <27.794001 ms> is out of range, resync
E/OMX-VDEC-1080P( 1018): Unable to convey fps info to driver,                             performance might be affected
W/[ALVR NATIVE-RUST]( 9527): Video frame queue overflow!
E/CHIUSECASE(  755): chxutils.cpp:1055 FillCameraId() FillCameraId 1 
E/CHIUSECASE(  755): chxutils.cpp:1055 FillCameraId() FillCameraId 1 
E/OMX-VDEC-1080P( 1018): Unable to convey fps info to driver,                             performance might be affected
W/[ALVR NATIVE-RUST]( 9527): Video frame queue overflow!
E/CHIUSECASE(  755): chxutils.cpp:1055 FillCameraId() FillCameraId 1 
E/OMX-VDEC-1080P( 1018): Unable to convey fps info to driver,                             performance might be affected
W/[ALVR NATIVE-RUST]( 9527): Video frame queue overflow!
E/CHIUSECASE(  755): chxutils.cpp:1055 FillCameraId() FillCameraId 1 
D/PvrServiceClient( 9775): newTrackerClient getTrackingResultExt svrHeadPoseStateOutput[3] -0.388512,0.204887,-0.177684,-0.880629,0.051019,0.101593,-0.049168	[5829881403945]	[25.004410]
E/OMX-VDEC-1080P( 1018): Unable to convey fps info to driver,                             performance might be affected
W/[ALVR NATIVE-RUST]( 9527): Video frame queue overflow!
E/CHIUSECASE(  755): chxutils.cpp:1055 FillCameraId() FillCameraId 1 
E/DispSync(  798): Duration <27.889999 ms> is out of range, resync
D/PvrServiceClient( 2550): newTrackerClient getTrackingResultExt svrHeadPoseStateOutput[3] -0.390702,0.205321,-0.176978,-0.879701,0.049781,0.101534,-0.049662	[5829895423789]	[6.606225]
E/CHIUSECASE(  755): chxutils.cpp:1055 FillCameraId() FillCameraId 1 
E/OMX-VDEC-1080P( 1018): Unable to convey fps info to driver,                             performance might be affected
W/[ALVR NATIVE-RUST]( 9527): Video frame queue overflow!
I/P2ALVR-native( 9527): REAL_TIME_CONFIG: no foveation change
E/OMX-VDEC-1080P( 1018): Unable to convey fps info to driver,                             performance might be affected
E/CHIUSECASE(  755): chxutils.cpp:1055 FillCameraId() FillCameraId 1 
W/[ALVR NATIVE-RUST]( 9527): Video frame queue overflow!
E/CHIUSECASE(  755): chxutils.cpp:1055 FillCameraId() FillCameraId 1 
E/OMX-VDEC-1080P( 1018): Unable to convey fps info to driver,                             performance might be affected
W/[ALVR NATIVE-RUST]( 9527): Video frame queue overflow!
E/CHIUSECASE(  755): chxutils.cpp:1055 FillCameraId() FillCameraId 1 
E/OMX-VDEC-1080P( 1018): Unable to convey fps info to driver,                             performance might be affected
W/[ALVR NATIVE-RUST]( 9527): Video frame queue overflow!
E/CHIUSECASE(  755): chxutils.cpp:1055 FillCameraId() FillCameraId 1 
E/DispSync(  798): Duration <27.785999 ms> is out of range, resync
E/OMX-VDEC-1080P( 1018): Unable to convey fps info to driver,                             performance might be affected
W/[ALVR NATIVE-RUST]( 9527): Video frame queue overflow!
E/CHIUSECASE(  755): chxutils.cpp:1055 FillCameraId() FillCameraId 1 
E/CHIUSECASE(  755): chxutils.cpp:1055 FillCameraId() FillCameraId 1 
E/OMX-VDEC-1080P( 1018): Unable to convey fps info to driver,                             performance might be affected
W/[ALVR NATIVE-RUST]( 9527): Video frame queue overflow!
E/CHIUSECASE(  755): chxutils.cpp:1055 FillCameraId() FillCameraId 1 
E/OMX-VDEC-1080P( 1018): Unable to convey fps info to driver,                             performance might be affected
W/[ALVR NATIVE-RUST]( 9527): Video frame queue overflow!
E/CHIUSECASE(  755): chxutils.cpp:1055 FillCameraId() FillCameraId 1 
E/OMX-VDEC-1080P( 1018): Unable to convey fps info to driver,                             performance might be affected
W/[ALVR NATIVE-RUST]( 9527): Video frame queue overflow!
E/CHIUSECASE(  755): chxutils.cpp:1055 FillCameraId() FillCameraId 1 
E/DispSync(  798): Duration <27.827000 ms> is out of range, resync
E/OMX-VDEC-1080P( 1018): Unable to convey fps info to driver,                             performance might be affected
W/[ALVR NATIVE-RUST]( 9527): Video frame queue overflow!
E/CHIUSECASE(  755): chxutils.cpp:1055 FillCameraId() FillCameraId 1 
E/OMX-VDEC-1080P( 1018): Unable to convey fps info to driver,                             performance might be affected
W/[ALVR NATIVE-RUST]( 9527): Video frame queue overflow!
E/CHIUSECASE(  755): chxutils.cpp:1055 FillCameraId() FillCameraId 1 
E/OMX-VDEC-1080P( 1018): Unable to convey fps info to driver,                             performance might be affected
E/CHIUSECASE(  755): chxutils.cpp:1055 FillCameraId() FillCameraId 1 
W/[ALVR NATIVE-RUST]( 9527): Video frame queue overflow!
E/CHIUSECASE(  755): chxutils.cpp:1055 FillCameraId() FillCameraId 1 
E/OMX-VDEC-1080P( 1018): Unable to convey fps info to driver,                             performance might be affected
W/[ALVR NATIVE-RUST]( 9527): Video frame queue overflow!
E/CHIUSECASE(  755): chxutils.cpp:1055 FillCameraId() FillCameraId 1 
E/DispSync(  798): Duration <27.829000 ms> is out of range, resync
E/OMX-VDEC-1080P( 1018): Unable to convey fps info to driver,                             performance might be affected
W/[ALVR NATIVE-RUST]( 9527): Video frame queue overflow!
E/CHIUSECASE(  755): chxutils.cpp:1055 FillCameraId() FillCameraId 1 
E/OMX-VDEC-1080P( 1018): Unable to convey fps info to driver,                             performance might be affected
W/[ALVR NATIVE-RUST]( 9527): Video frame queue overflow!
E/CHIUSECASE(  755): chxutils.cpp:1055 FillCameraId() FillCameraId 1 
E/CHIUSECASE(  755): chxutils.cpp:1055 FillCameraId() FillCameraId 1 
E/OMX-VDEC-1080P( 1018): Unable to convey fps info to driver,                             performance might be affected
W/[ALVR NATIVE-RUST]( 9527): Video frame queue overflow!
E/CHIUSECASE(  755): chxutils.cpp:1055 FillCameraId() FillCameraId 1 
E/OMX-VDEC-1080P( 1018): Unable to convey fps info to driver,                             performance might be affected
W/[ALVR NATIVE-RUST]( 9527): Video frame queue overflow!
E/CHIUSECASE(  755): chxutils.cpp:1055 FillCameraId() FillCameraId 1 
E/DispSync(  798): Duration <27.855000 ms> is out of range, resync
E/OMX-VDEC-1080P( 1018): Unable to convey fps info to driver,                             performance might be affected
E/CHIUSECASE(  755): chxutils.cpp:1055 FillCameraId() FillCameraId 1 
W/[ALVR NATIVE-RUST]( 9527): Video frame queue overflow!
E/CHIUSECASE(  755): chxutils.cpp:1055 FillCameraId() FillCameraId 1 
E/OMX-VDEC-1080P( 1018): Unable to convey fps info to driver,                             performance might be affected
W/[ALVR NATIVE-RUST]( 9527): Video frame queue overflow!
E/CHIUSECASE(  755): chxutils.cpp:1055 FillCameraId() FillCameraId 1 
E/OMX-VDEC-1080P( 1018): Unable to convey fps info to driver,                             performance might be affected
W/[ALVR NATIVE-RUST]( 9527): Video frame queue overflow!
E/CHIUSECASE(  755): chxutils.cpp:1055 FillCameraId() FillCameraId 1 
E/CHIUSECASE(  755): chxutils.cpp:1055 FillCameraId() FillCameraId 1 
E/OMX-VDEC-1080P( 1018): Unable to convey fps info to driver,                             performance might be affected
W/[ALVR NATIVE-RUST]( 9527): Video frame queue overflow!
E/OMX-VDEC-1080P( 1018): Unable to convey fps info to driver,                             performance might be affected
W/[ALVR NATIVE-RUST]( 9527): Video frame queue overflow!
E/CHIUSECASE(  755): chxutils.cpp:1055 FillCameraId() FillCameraId 1 
E/OMX-VDEC-1080P( 1018): Unable to convey fps info to driver,                             performance might be affected
E/CHIUSECASE(  755): chxutils.cpp:1055 FillCameraId() FillCameraId 1 
W/[ALVR NATIVE-RUST]( 9527): Video frame queue overflow!
E/OMX-VDEC-1080P( 1018): Unable to convey fps info to driver,                             performance might be affected
E/CHIUSECASE(  755): chxutils.cpp:1055 FillCameraId() FillCameraId 1 
W/[ALVR NATIVE-RUST]( 9527): Video frame queue overflow!
E/CHIUSECASE(  755): chxutils.cpp:1055 FillCameraId() FillCameraId 1 
E/OMX-VDEC-1080P( 1018): Unable to convey fps info to driver,                             performance might be affected
W/[ALVR NATIVE-RUST]( 9527): Video frame queue overflow!
E/CHIUSECASE(  755): chxutils.cpp:1055 FillCameraId() FillCameraId 1 
E/OMX-VDEC-1080P( 1018): Unable to convey fps info to driver,                             performance might be affected
W/[ALVR NATIVE-RUST]( 9527): Video frame queue overflow!
E/CHIUSECASE(  755): chxutils.cpp:1055 FillCameraId() FillCameraId 1 
E/OMX-VDEC-1080P( 1018): Unable to convey fps info to driver,                             performance might be affected
E/CHIUSECASE(  755): chxutils.cpp:1055 FillCameraId() FillCameraId 1 
W/[ALVR NATIVE-RUST]( 9527): Video frame queue overflow!
E/CHIUSECASE(  755): chxutils.cpp:1055 FillCameraId() FillCameraId 1 
E/OMX-VDEC-1080P( 1018): Unable to convey fps info to driver,                             performance might be affected
W/[ALVR NATIVE-RUST]( 9527): Video frame queue overflow!
E/CHIUSECASE(  755): chxutils.cpp:1055 FillCameraId() FillCameraId 1 
E/OMX-VDEC-1080P( 1018): Unable to convey fps info to driver,                             performance might be affected
W/[ALVR NATIVE-RUST]( 9527): Video frame queue overflow!
E/CHIUSECASE(  755): chxutils.cpp:1055 FillCameraId() FillCameraId 1 
E/OMX-VDEC-1080P( 1018): Unable to convey fps info to driver,                             performance might be affected
E/CHIUSECASE(  755): chxutils.cpp:1055 FillCameraId() FillCameraId 1 
W/[ALVR NATIVE-RUST]( 9527): Video frame queue overflow!
E/CHIUSECASE(  755): chxutils.cpp:1055 FillCameraId() FillCameraId 1 
E/OMX-VDEC-1080P( 1018): Unable to convey fps info to driver,                             performance might be affected
W/[ALVR NATIVE-RUST]( 9527): Video frame queue overflow!
E/CHIUSECASE(  755): chxutils.cpp:1055 FillCameraId() FillCameraId 1 
E/MSM-irqbalance( 1146): IRQ 76 not found in internal structure or should be ignored
E/OMX-VDEC-1080P( 1018): Unable to convey fps info to driver,                             performance might be affected
W/[ALVR NATIVE-RUST]( 9527): Video frame queue overflow!
E/CHIUSECASE(  755): chxutils.cpp:1055 FillCameraId() FillCameraId 1 
E/OMX-VDEC-1080P( 1018): Unable to convey fps info to driver,                             performance might be affected
W/[ALVR NATIVE-RUST]( 9527): Video frame queue overflow!
E/CHIUSECASE(  755): chxutils.cpp:1055 FillCameraId() FillCameraId 1 
E/OMX-VDEC-1080P( 1018): Unable to convey fps info to driver,                             performance might be affected
W/[ALVR NATIVE-RUST]( 9527): Video frame queue overflow!
E/CHIUSECASE(  755): chxutils.cpp:1055 FillCameraId() FillCameraId 1 
E/CHIUSECASE(  755): chxutils.cpp:1055 FillCameraId() FillCameraId 1 
E/CHIUSECASE(  755): chxutils.cpp:1055 FillCameraId() FillCameraId 1 
E/OMX-VDEC-1080P( 1018): Unable to convey fps info to driver,                             performance might be affected
W/[ALVR NATIVE-RUST]( 9527): Video frame queue overflow!
E/OMX-VDEC-1080P( 1018): Unable to convey fps info to driver,                             performance might be affected
E/CHIUSECASE(  755): chxutils.cpp:1055 FillCameraId() FillCameraId 1 
W/[ALVR NATIVE-RUST]( 9527): Video frame queue overflow!
E/OMX-VDEC-1080P( 1018): Unable to convey fps info to driver,                             performance might be affected
W/[ALVR NATIVE-RUST]( 9527): Video frame queue overflow!
E/CHIUSECASE(  755): chxutils.cpp:1055 FillCameraId() FillCameraId 1 
E/OMX-VDEC-1080P( 1018): Unable to convey fps info to driver,                             performance might be affected
W/[ALVR NATIVE-RUST]( 9527): Video frame queue overflow!
E/CHIUSECASE(  755): chxutils.cpp:1055 FillCameraId() FillCameraId 1 
E/CHIUSECASE(  755): chxutils.cpp:1055 FillCameraId() FillCameraId 1 
E/OMX-VDEC-1080P( 1018): Unable to convey fps info to driver,                             performance might be affected
W/[ALVR NATIVE-RUST]( 9527): Video frame queue overflow!
I/P2ALVR-native( 9527): eye: yaw=-1.0 pitch=-3.3 deg Cv=(0.018,-0.058,-0.998) open=(1.00,1.00) status=(21,21,3)
E/CHIUSECASE(  755): chxutils.cpp:1055 FillCameraId() FillCameraId 1 
E/OMX-VDEC-1080P( 1018): Unable to convey fps info to driver,                             performance might be affected
W/[ALVR NATIVE-RUST]( 9527): Video frame queue overflow!
E/CHIUSECASE(  755): chxutils.cpp:1055 FillCameraId() FillCameraId 1 
E/OMX-VDEC-1080P( 1018): Unable to convey fps info to driver,                             performance might be affected
V//vendor/bin/cdsprpcd( 1003): vendor/qcom/proprietary/adsprpc/src/sysmon_cdsp_imp.c:45: Got L3 frequency request from CDSP for 576000KHz
W/[ALVR NATIVE-RUST]( 9527): Video frame queue overflow!
E/CHIUSECASE(  755): chxutils.cpp:1055 FillCameraId() FillCameraId 1 
E/OMX-VDEC-1080P( 1018): Unable to convey fps info to driver,                             performance might be affected
W/[ALVR NATIVE-RUST]( 9527): Video frame queue overflow!
E/CHIUSECASE(  755): chxutils.cpp:1055 FillCameraId() FillCameraId 1 
E/CHIUSECASE(  755): chxutils.cpp:1055 FillCameraId() FillCameraId 1 
E/OMX-VDEC-1080P( 1018): Unable to convey fps info to driver,                             performance might be affected
W/[ALVR NATIVE-RUST]( 9527): Video frame queue overflow!
E/CHIUSECASE(  755): chxutils.cpp:1055 FillCameraId() FillCameraId 1 
D/SurfaceFlinger(  798): Not sync with hareware vsync reach 0.3 seconds. --In handleMessageRefresh(), dislayactive=1, noSyncCnt=0
E/OMX-VDEC-1080P( 1018): Unable to convey fps info to driver,                             performance might be affected
W/[ALVR NATIVE-RUST]( 9527): Video frame queue overflow!
E/CHIUSECASE(  755): chxutils.cpp:1055 FillCameraId() FillCameraId 1 
E/OMX-VDEC-1080P( 1018): Unable to convey fps info to driver,                             performance might be affected
W/[ALVR NATIVE-RUST]( 9527): Video frame queue overflow!
E/CHIUSECASE(  755): chxutils.cpp:1055 FillCameraId() FillCameraId 1 
E/OMX-VDEC-1080P( 1018): Unable to convey fps info to driver,                             performance might be affected
W/[ALVR NATIVE-RUST]( 9527): Video frame queue overflow!
E/CHIUSECASE(  755): chxutils.cpp:1055 FillCameraId() FillCameraId 1 
E/OMX-VDEC-1080P( 1018): Unable to convey fps info to driver,                             performance might be affected
W/[ALVR NATIVE-RUST]( 9527): Video frame queue overflow!
E/CHIUSECASE(  755): chxutils.cpp:1055 FillCameraId() FillCameraId 1 
E/CHIUSECASE(  755): chxutils.cpp:1055 FillCameraId() FillCameraId 1 
E/OMX-VDEC-1080P( 1018): Unable to convey fps info to driver,                             performance might be affected
W/[ALVR NATIVE-RUST]( 9527): Video frame queue overflow!
E/CHIUSECASE(  755): chxutils.cpp:1055 FillCameraId() FillCameraId 1 
E/OMX-VDEC-1080P( 1018): Unable to convey fps info to driver,                             performance might be affected
W/[ALVR NATIVE-RUST]( 9527): Video frame queue overflow!
E/CHIUSECASE(  755): chxutils.cpp:1055 FillCameraId() FillCameraId 1 
E/OMX-VDEC-1080P( 1018): Unable to convey fps info to driver,                             performance might be affected
W/[ALVR NATIVE-RUST]( 9527): Video frame queue overflow!
E/CHIUSECASE(  755): chxutils.cpp:1055 FillCameraId() FillCameraId 1 
D/SurfaceFlinger(  798): Vsync watchDog is alive
D/SurfaceFlinger(  798): WatchDog:Not sync with hareware reach 0.4 seconds.
E/OMX-VDEC-1080P( 1018): Unable to convey fps info to driver,                             performance might be affected
E/CHIUSECASE(  755): chxutils.cpp:1055 FillCameraId() FillCameraId 1 
W/[ALVR NATIVE-RUST]( 9527): Video frame queue overflow!
I/chatty  ( 1294): uid=1000(system) InputDispatcher expire 55 lines
E/CHIUSECASE(  755): chxutils.cpp:1055 FillCameraId() FillCameraId 1 
E/OMX-VDEC-1080P( 1018): Unable to convey fps info to driver,                             performance might be affected
W/[ALVR NATIVE-RUST]( 9527): Video frame queue overflow!
E/CHIUSECASE(  755): chxutils.cpp:1055 FillCameraId() FillCameraId 1 
E/OMX-VDEC-1080P( 1018): Unable to convey fps info to driver,                             performance might be affected
W/[ALVR NATIVE-RUST]( 9527): Video frame queue overflow!
E/CHIUSECASE(  755): chxutils.cpp:1055 FillCameraId() FillCameraId 1 
E/OMX-VDEC-1080P( 1018): Unable to convey fps info to driver,                             performance might be affected
W/[ALVR NATIVE-RUST]( 9527): Video frame queue overflow!
E/CHIUSECASE(  755): chxutils.cpp:1055 FillCameraId() FillCameraId 1 
E/CHIUSECASE(  755): chxutils.cpp:1055 FillCameraId() FillCameraId 1 
E/OMX-VDEC-1080P( 1018): Unable to convey fps info to driver,                             performance might be affected
W/[ALVR NATIVE-RUST]( 9527): Video frame queue overflow!
I/P2ALVR-native( 9527): eye: yaw=-1.5 pitch=4.1 deg Cv=(0.025,0.071,-0.997) open=(1.00,1.00) status=(21,21,3)
E/CHIUSECASE(  755): chxutils.cpp:1055 FillCameraId() FillCameraId 1 
E/OMX-VDEC-1080P( 1018): Unable to convey fps info to driver,                             performance might be affected
W/[ALVR NATIVE-RUST]( 9527): Video frame queue overflow!
E/CHIUSECASE(  755): chxutils.cpp:1055 FillCameraId() FillCameraId 1 
E/OMX-VDEC-1080P( 1018): Unable to convey fps info to driver,                             performance might be affected
W/[ALVR NATIVE-RUST]( 9527): Video frame queue overflow!
E/CHIUSECASE(  755): chxutils.cpp:1055 FillCameraId() FillCameraId 1 
E/OMX-VDEC-1080P( 1018): Unable to convey fps info to driver,                             performance might be affected
W/[ALVR NATIVE-RUST]( 9527): Video frame queue overflow!
E/CHIUSECASE(  755): chxutils.cpp:1055 FillCameraId() FillCameraId 1 
E/CHIUSECASE(  755): chxutils.cpp:1055 FillCameraId() FillCameraId 1 
E/OMX-VDEC-1080P( 1018): Unable to convey fps info to driver,                             performance might be affected
W/[ALVR NATIVE-RUST]( 9527): Video frame queue overflow!
E/CHIUSECASE(  755): chxutils.cpp:1055 FillCameraId() FillCameraId 1 
E/OMX-VDEC-1080P( 1018): Unable to convey fps info to driver,                             performance might be affected
W/[ALVR NATIVE-RUST]( 9527): Video frame queue overflow!
E/CHIUSECASE(  755): chxutils.cpp:1055 FillCameraId() FillCameraId 1 
E/OMX-VDEC-1080P( 1018): Unable to convey fps info to driver,                             performance might be affected
W/[ALVR NATIVE-RUST]( 9527): Video frame queue overflow!
E/CHIUSECASE(  755): chxutils.cpp:1055 FillCameraId() FillCameraId 1 
E/OMX-VDEC-1080P( 1018): Unable to convey fps info to driver,                             performance might be affected
E/CHIUSECASE(  755): chxutils.cpp:1055 FillCameraId() FillCameraId 1 
W/[ALVR NATIVE-RUST]( 9527): Video frame queue overflow!
E/CHIUSECASE(  755): chxutils.cpp:1055 FillCameraId() FillCameraId 1 
E/OMX-VDEC-1080P( 1018): Unable to convey fps info to driver,                             performance might be affected
W/[ALVR NATIVE-RUST]( 9527): Video frame queue overflow!
E/CHIUSECASE(  755): chxutils.cpp:1055 FillCameraId() FillCameraId 1 
E/OMX-VDEC-1080P( 1018): Unable to convey fps info to driver,                             performance might be affected
W/[ALVR NATIVE-RUST]( 9527): Video frame queue overflow!
E/CHIUSECASE(  755): chxutils.cpp:1055 FillCameraId() FillCameraId 1 
E/OMX-VDEC-1080P( 1018): Unable to convey fps info to driver,                             performance might be affected
W/[ALVR NATIVE-RUST]( 9527): Video frame queue overflow!
E/CHIUSECASE(  755): chxutils.cpp:1055 FillCameraId() FillCameraId 1 
E/CHIUSECASE(  755): chxutils.cpp:1055 FillCameraId() FillCameraId 1 
E/OMX-VDEC-1080P( 1018): Unable to convey fps info to driver,                             performance might be affected
W/[ALVR NATIVE-RUST]( 9527): Video frame queue overflow!
E/CHIUSECASE(  755): chxutils.cpp:1055 FillCameraId() FillCameraId 1 
E/OMX-VDEC-1080P( 1018): Unable to convey fps info to driver,                             performance might be affected
W/[ALVR NATIVE-RUST]( 9527): Video frame queue overflow!
E/CHIUSECASE(  755): chxutils.cpp:1055 FillCameraId() FillCameraId 1 
E/OMX-VDEC-1080P( 1018): Unable to convey fps info to driver,                             performance might be affected
W/[ALVR NATIVE-RUST]( 9527): Video frame queue overflow!
E/CHIUSECASE(  755): chxutils.cpp:1055 FillCameraId() FillCameraId 1 
E/OMX-VDEC-1080P( 1018): Unable to convey fps info to driver,                             performance might be affected
W/[ALVR NATIVE-RUST]( 9527): Video frame queue overflow!
E/CHIUSECASE(  755): chxutils.cpp:1055 FillCameraId() FillCameraId 1 
E/OMX-VDEC-1080P( 1018): Unable to convey fps info to driver,                             performance might be affected
E/CHIUSECASE(  755): chxutils.cpp:1055 FillCameraId() FillCameraId 1 
W/[ALVR NATIVE-RUST]( 9527): Video frame queue overflow!
E/CHIUSECASE(  755): chxutils.cpp:1055 FillCameraId() FillCameraId 1 
E/OMX-VDEC-1080P( 1018): Unable to convey fps info to driver,                             performance might be affected
W/[ALVR NATIVE-RUST]( 9527): Video frame queue overflow!
E/CHIUSECASE(  755): chxutils.cpp:1055 FillCameraId() FillCameraId 1 
E/OMX-VDEC-1080P( 1018): Unable to convey fps info to driver,                             performance might be affected
W/[ALVR NATIVE-RUST]( 9527): Video frame queue overflow!
I/P2ALVR-native( 9527): eye: yaw=12.4 pitch=-4.8 deg Cv=(-0.214,-0.082,-0.973) open=(1.00,1.00) status=(21,21,3)
E/CHIUSECASE(  755): chxutils.cpp:1055 FillCameraId() FillCameraId 1 
E/CHIUSECASE(  755): chxutils.cpp:1055 FillCameraId() FillCameraId 1 
E/OMX-VDEC-1080P( 1018): Unable to convey fps info to driver,                             performance might be affected
W/[ALVR NATIVE-RUST]( 9527): Video frame queue overflow!
E/OMX-VDEC-1080P( 1018): Unable to convey fps info to driver,                             performance might be affected
E/CHIUSECASE(  755): chxutils.cpp:1055 FillCameraId() FillCameraId 1 
W/[ALVR NATIVE-RUST]( 9527): Video frame queue overflow!
E/CHIUSECASE(  755): chxutils.cpp:1055 FillCameraId() FillCameraId 1 
E/OMX-VDEC-1080P( 1018): Unable to convey fps info to driver,                             performance might be affected
W/[ALVR NATIVE-RUST]( 9527): Video frame queue overflow!
I/P2ALVR-native( 9527): REAL_TIME_CONFIG: no foveation change
E/CHIUSECASE(  755): chxutils.cpp:1055 FillCameraId() FillCameraId 1 
E/OMX-VDEC-1080P( 1018): Unable to convey fps info to driver,                             performance might be affected
W/[ALVR NATIVE-RUST]( 9527): Video frame queue overflow!
E/CHIUSECASE(  755): chxutils.cpp:1055 FillCameraId() FillCameraId 1 
E/OMX-VDEC-1080P( 1018): Unable to convey fps info to driver,                             performance might be affected
W/[ALVR NATIVE-RUST]( 9527): Video frame queue overflow!
E/CHIUSECASE(  755): chxutils.cpp:1055 FillCameraId() FillCameraId 1 
E/OMX-VDEC-1080P( 1018): Unable to convey fps info to driver,                             performance might be affected
W/[ALVR NATIVE-RUST]( 9527): Video frame queue overflow!
E/CHIUSECASE(  755): chxutils.cpp:1055 FillCameraId() FillCameraId 1 
E/OMX-VDEC-1080P( 1018): Unable to convey fps info to driver,                             performance might be affected
E/CHIUSECASE(  755): chxutils.cpp:1055 FillCameraId() FillCameraId 1 
W/[ALVR NATIVE-RUST]( 9527): Video frame queue overflow!
E/CHIUSECASE(  755): chxutils.cpp:1055 FillCameraId() FillCameraId 1 
E/OMX-VDEC-1080P( 1018): Unable to convey fps info to driver,                             performance might be affected
W/[ALVR NATIVE-RUST]( 9527): Video frame queue overflow!
E/CHIUSECASE(  755): chxutils.cpp:1055 FillCameraId() FillCameraId 1 
E/OMX-VDEC-1080P( 1018): Unable to convey fps info to driver,                             performance might be affected
W/[ALVR NATIVE-RUST]( 9527): Video frame queue overflow!
E/CHIUSECASE(  755): chxutils.cpp:1055 FillCameraId() FillCameraId 1 
E/OMX-VDEC-1080P( 1018): Unable to convey fps info to driver,                             performance might be affected
E/CHIUSECASE(  755): chxutils.cpp:1055 FillCameraId() FillCameraId 1 
W/[ALVR NATIVE-RUST]( 9527): Video frame queue overflow!
E/CHIUSECASE(  755): chxutils.cpp:1055 FillCameraId() FillCameraId 1 
E/OMX-VDEC-1080P( 1018): Unable to convey fps info to driver,                             performance might be affected
W/[ALVR NATIVE-RUST]( 9527): Video frame queue overflow!
E/CHIUSECASE(  755): chxutils.cpp:1055 FillCameraId() FillCameraId 1 
E/OMX-VDEC-1080P( 1018): Unable to convey fps info to driver,                             performance might be affected
W/[ALVR NATIVE-RUST]( 9527): Video frame queue overflow!
E/CHIUSECASE(  755): chxutils.cpp:1055 FillCameraId() FillCameraId 1 
E/OMX-VDEC-1080P( 1018): Unable to convey fps info to driver,                             performance might be affected
W/[ALVR NATIVE-RUST]( 9527): Video frame queue overflow!
E/CHIUSECASE(  755): chxutils.cpp:1055 FillCameraId() FillCameraId 1 
E/OMX-VDEC-1080P( 1018): Unable to convey fps info to driver,                             performance might be affected
W/[ALVR NATIVE-RUST]( 9527): Video frame queue overflow!
E/CHIUSECASE(  755): chxutils.cpp:1055 FillCameraId() FillCameraId 1 
E/CHIUSECASE(  755): chxutils.cpp:1055 FillCameraId() FillCameraId 1 
E/OMX-VDEC-1080P( 1018): Unable to convey fps info to driver,                             performance might be affected
W/[ALVR NATIVE-RUST]( 9527): Video frame queue overflow!
E/CHIUSECASE(  755): chxutils.cpp:1055 FillCameraId() FillCameraId 1 
E/OMX-VDEC-1080P( 1018): Unable to convey fps info to driver,                             performance might be affected
W/[ALVR NATIVE-RUST]( 9527): Video frame queue overflow!
E/CHIUSECASE(  755): chxutils.cpp:1055 FillCameraId() FillCameraId 1 
I/P2ALVR-native( 9527): eye: yaw=8.3 pitch=-8.5 deg Cv=(-0.145,-0.147,-0.979) open=(1.00,1.00) status=(21,21,3)
E/OMX-VDEC-1080P( 1018): Unable to convey fps info to driver,                             performance might be affected
W/[ALVR NATIVE-RUST]( 9527): Video frame queue overflow!
E/CHIUSECASE(  755): chxutils.cpp:1055 FillCameraId() FillCameraId 1 
E/OMX-VDEC-1080P( 1018): Unable to convey fps info to driver,                             performance might be affected
W/[ALVR NATIVE-RUST]( 9527): Video frame queue overflow!
E/CHIUSECASE(  755): chxutils.cpp:1055 FillCameraId() FillCameraId 1 
E/CHIUSECASE(  755): chxutils.cpp:1055 FillCameraId() FillCameraId 1 
E/OMX-VDEC-1080P( 1018): Unable to convey fps info to driver,                             performance might be affected
W/[ALVR NATIVE-RUST]( 9527): Video frame queue overflow!
E/CHIUSECASE(  755): chxutils.cpp:1055 FillCameraId() FillCameraId 1 
E/OMX-VDEC-1080P( 1018): Unable to convey fps info to driver,                             performance might be affected
E/CHIUSECASE(  755): chxutils.cpp:1055 FillCameraId() FillCameraId 1 
W/[ALVR NATIVE-RUST]( 9527): Video frame queue overflow!
E/OMX-VDEC-1080P( 1018): Unable to convey fps info to driver,                             performance might be affected
W/[ALVR NATIVE-RUST]( 9527): Video frame queue overflow!
E/CHIUSECASE(  755): chxutils.cpp:1055 FillCameraId() FillCameraId 1 
E/CHIUSECASE(  755): chxutils.cpp:1055 FillCameraId() FillCameraId 1 
E/OMX-VDEC-1080P( 1018): Unable to convey fps info to driver,                             performance might be affected
W/[ALVR NATIVE-RUST]( 9527): Video frame queue overflow!
E/CHIUSECASE(  755): chxutils.cpp:1055 FillCameraId() FillCameraId 1 
E/OMX-VDEC-1080P( 1018): Unable to convey fps info to driver,                             performance might be affected
W/[ALVR NATIVE-RUST]( 9527): Video frame queue overflow!
E/CHIUSECASE(  755): chxutils.cpp:1055 FillCameraId() FillCameraId 1 
E/OMX-VDEC-1080P( 1018): Unable to convey fps info to driver,                             performance might be affected
W/[ALVR NATIVE-RUST]( 9527): Video frame queue overflow!
E/CHIUSECASE(  755): chxutils.cpp:1055 FillCameraId() FillCameraId 1 
E/OMX-VDEC-1080P( 1018): Unable to convey fps info to driver,                             performance might be affected
W/[ALVR NATIVE-RUST]( 9527): Video frame queue overflow!
E/CHIUSECASE(  755): chxutils.cpp:1055 FillCameraId() FillCameraId 1 
E/OMX-VDEC-1080P( 1018): Unable to convey fps info to driver,                             performance might be affected
W/[ALVR NATIVE-RUST]( 9527): Video frame queue overflow!
E/CHIUSECASE(  755): chxutils.cpp:1055 FillCameraId() FillCameraId 1 
E/OMX-VDEC-1080P( 1018): Unable to convey fps info to driver,                             performance might be affected
W/[ALVR NATIVE-RUST]( 9527): Video frame queue overflow!
E/CHIUSECASE(  755): chxutils.cpp:1055 FillCameraId() FillCameraId 1 
E/CHIUSECASE(  755): chxutils.cpp:1055 FillCameraId() FillCameraId 1 
E/OMX-VDEC-1080P( 1018): Unable to convey fps info to driver,                             performance might be affected
W/[ALVR NATIVE-RUST]( 9527): Video frame queue overflow!
E/CHIUSECASE(  755): chxutils.cpp:1055 FillCameraId() FillCameraId 1 
E/OMX-VDEC-1080P( 1018): Unable to convey fps info to driver,                             performance might be affected
W/[ALVR NATIVE-RUST]( 9527): Video frame queue overflow!
E/CHIUSECASE(  755): chxutils.cpp:1055 FillCameraId() FillCameraId 1 
E/OMX-VDEC-1080P( 1018): Unable to convey fps info to driver,                             performance might be affected
W/[ALVR NATIVE-RUST]( 9527): Video frame queue overflow!
E/CHIUSECASE(  755): chxutils.cpp:1055 FillCameraId() FillCameraId 1 
E/PvrService( 5931): PvrService getTrackingDataExt ret(0)
E/PvrService( 5931): PvrService getTrackingDataExt rotation(0.085580, 0.088852, -0.084626, 0.000000)
E/PvrService( 5931): PvrService getTrackingDataExt position(0.008636, 0.097795, -0.026616)
D/PvrService( 5931): PvrService::setShareMemoryData(4640029):
D/PvrService( 5931):  0.085608,0.089024,-0.084687,0.000000,0.009258,0.096463,-0.027049	[5831300702617]	[5831299635898]	[1188385]	[1126615]
D/PvrService( 5931): threadLoop continue: 1
E/OMX-VDEC-1080P( 1018): Unable to convey fps info to driver,                             performance might be affected
E/CHIUSECASE(  755): chxutils.cpp:1055 FillCameraId() FillCameraId 1 
W/[ALVR NATIVE-RUST]( 9527): Video frame queue overflow!
E/CHIUSECASE(  755): chxutils.cpp:1055 FillCameraId() FillCameraId 1 
E/OMX-VDEC-1080P( 1018): Unable to convey fps info to driver,                             performance might be affected
W/[ALVR NATIVE-RUST]( 9527): Video frame queue overflow!
E/CHIUSECASE(  755): chxutils.cpp:1055 FillCameraId() FillCameraId 1 
E/OMX-VDEC-1080P( 1018): Unable to convey fps info to driver,                             performance might be affected
W/[ALVR NATIVE-RUST]( 9527): Video frame queue overflow!
E/CHIUSECASE(  755): chxutils.cpp:1055 FillCameraId() FillCameraId 1 
I/P2ALVR-native( 9527): eye: yaw=11.5 pitch=2.7 deg Cv=(-0.199,0.046,-0.979) open=(1.00,1.00) status=(21,21,3)
E/OMX-VDEC-1080P( 1018): Unable to convey fps info to driver,                             performance might be affected
W/[ALVR NATIVE-RUST]( 9527): Video frame queue overflow!
E/CHIUSECASE(  755): chxutils.cpp:1055 FillCameraId() FillCameraId 1 
I/InputDispatcher( 1294): Dropping event because there is no touchable window at (459, 1048).
E/CHIUSECASE(  755): chxutils.cpp:1055 FillCameraId() FillCameraId 1 
D/NtpTrustedTime( 1294): currentTimeMillis() cache hit
I/InputDispatcher( 1294): Dropping event because there is no touchable window at (458, 1048).
E/OMX-VDEC-1080P( 1018): Unable to convey fps info to driver,                             performance might be affected
E/CHIUSECASE(  755): chxutils.cpp:1055 FillCameraId() FillCameraId 1 
W/[ALVR NATIVE-RUST]( 9527): Video frame queue overflow!
E/OMX-VDEC-1080P( 1018): Unable to convey fps info to driver,                             performance might be affected
W/[ALVR NATIVE-RUST]( 9527): Video frame queue overflow!
D/NtpTrustedTime( 1294): currentTimeMillis() cache hit
E/CHIUSECASE(  755): chxutils.cpp:1055 FillCameraId() FillCameraId 1 
I/InputDispatcher( 1294): Dropping event because there is no touchable window at (458, 1048).
E/CHIUSECASE(  755): chxutils.cpp:1055 FillCameraId() FillCameraId 1 
E/OMX-VDEC-1080P( 1018): Unable to convey fps info to driver,                             performance might be affected
W/[ALVR NATIVE-RUST]( 9527): Video frame queue overflow!
I/InputDispatcher( 1294): Dropping event because there is no touchable window at (458, 1048).
E/OMX-VDEC-1080P( 1018): Unable to convey fps info to driver,                             performance might be affected
W/[ALVR NATIVE-RUST]( 9527): Video frame queue overflow!
E/CHIUSECASE(  755): chxutils.cpp:1055 FillCameraId() FillCameraId 1 
I/InputDispatcher( 1294): Dropping event because there is no touchable window at (458, 1048).
E/CHIUSECASE(  755): chxutils.cpp:1055 FillCameraId() FillCameraId 1 
E/OMX-VDEC-1080P( 1018): Unable to convey fps info to driver,                             performance might be affected
W/[ALVR NATIVE-RUST]( 9527): Video frame queue overflow!
E/CHIUSECASE(  755): chxutils.cpp:1055 FillCameraId() FillCameraId 1 
I/InputDispatcher( 1294): Dropping event because there is no touchable window at (458, 1048).
E/OMX-VDEC-1080P( 1018): Unable to convey fps info to driver,                             performance might be affected
W/[ALVR NATIVE-RUST]( 9527): Video frame queue overflow!
E/CHIUSECASE(  755): chxutils.cpp:1055 FillCameraId() FillCameraId 1 
E/OMX-VDEC-1080P( 1018): Unable to convey fps info to driver,                             performance might be affected
W/[ALVR NATIVE-RUST]( 9527): Video frame queue overflow!
E/CHIUSECASE(  755): chxutils.cpp:1055 FillCameraId() FillCameraId 1 
I/InputDispatcher( 1294): Dropping event because there is no touchable window at (457, 1048).
E/CHIUSECASE(  755): chxutils.cpp:1055 FillCameraId() FillCameraId 1 
I/InputDispatcher( 1294): Dropping event because there is no touchable window at (457, 1048).
E/OMX-VDEC-1080P( 1018): Unable to convey fps info to driver,                             performance might be affected
W/[ALVR NATIVE-RUST]( 9527): Video frame queue overflow!
E/CHIUSECASE(  755): chxutils.cpp:1055 FillCameraId() FillCameraId 1 
E/OMX-VDEC-1080P( 1018): Unable to convey fps info to driver,                             performance might be affected
W/[ALVR NATIVE-RUST]( 9527): Video frame queue overflow!
E/CHIUSECASE(  755): chxutils.cpp:1055 FillCameraId() FillCameraId 1 
E/OMX-VDEC-1080P( 1018): Unable to convey fps info to driver,                             performance might be affected
W/[ALVR NATIVE-RUST]( 9527): Video frame queue overflow!
E/CHIUSECASE(  755): chxutils.cpp:1055 FillCameraId() FillCameraId 1 
I/InputDispatcher( 1294): Dropping event because there is no touchable window at (457, 1048).
E/OMX-VDEC-1080P( 1018): Unable to convey fps info to driver,                             performance might be affected
W/[ALVR NATIVE-RUST]( 9527): Video frame queue overflow!
E/CHIUSECASE(  755): chxutils.cpp:1055 FillCameraId() FillCameraId 1 
I/InputDispatcher( 1294): Dropping event because there is no touchable window at (457, 1048).
E/CHIUSECASE(  755): chxutils.cpp:1055 FillCameraId() FillCameraId 1 
E/OMX-VDEC-1080P( 1018): Unable to convey fps info to driver,                             performance might be affected
W/[ALVR NATIVE-RUST]( 9527): Video frame queue overflow!
I/InputDispatcher( 1294): Dropping event because there is no touchable window at (457, 1048).
E/CHIUSECASE(  755): chxutils.cpp:1055 FillCameraId() FillCameraId 1 
E/OMX-VDEC-1080P( 1018): Unable to convey fps info to driver,                             performance might be affected
W/[ALVR NATIVE-RUST]( 9527): Video frame queue overflow!
I/InputDispatcher( 1294): Dropping event because there is no touchable window at (457, 1048).
E/CHIUSECASE(  755): chxutils.cpp:1055 FillCameraId() FillCameraId 1 
E/OMX-VDEC-1080P( 1018): Unable to convey fps info to driver,                             performance might be affected
W/[ALVR NATIVE-RUST]( 9527): Video frame queue overflow!
E/CHIUSECASE(  755): chxutils.cpp:1055 FillCameraId() FillCameraId 1 
E/OMX-VDEC-1080P( 1018): Unable to convey fps info to driver,                             performance might be affected
W/[ALVR NATIVE-RUST]( 9527): Video frame queue overflow!
E/CHIUSECASE(  755): chxutils.cpp:1055 FillCameraId() FillCameraId 1 
I/InputDispatcher( 1294): Dropping event because there is no touchable window at (456, 1048).
E/OMX-VDEC-1080P( 1018): Unable to convey fps info to driver,                             performance might be affected
W/[ALVR NATIVE-RUST]( 9527): Video frame queue overflow!
E/CHIUSECASE(  755): chxutils.cpp:1055 FillCameraId() FillCameraId 1 
I/InputDispatcher( 1294): Dropping event because there is no touchable window at (457, 1048).
E/CHIUSECASE(  755): chxutils.cpp:1055 FillCameraId() FillCameraId 1 
E/OMX-VDEC-1080P( 1018): Unable to convey fps info to driver,                             performance might be affected
W/[ALVR NATIVE-RUST]( 9527): Video frame queue overflow!
I/InputDispatcher( 1294): Dropping event because there is no touchable window at (456, 1048).
E/CHIUSECASE(  755): chxutils.cpp:1055 FillCameraId() FillCameraId 1 
E/OMX-VDEC-1080P( 1018): Unable to convey fps info to driver,                             performance might be affected
W/[ALVR NATIVE-RUST]( 9527): Video frame queue overflow!
E/CHIUSECASE(  755): chxutils.cpp:1055 FillCameraId() FillCameraId 1 
I/InputDispatcher( 1294): Dropping event because there is no touchable window at (456, 1048).
E/OMX-VDEC-1080P( 1018): Unable to convey fps info to driver,                             performance might be affected
E/CHIUSECASE(  755): chxutils.cpp:1055 FillCameraId() FillCameraId 1 
W/[ALVR NATIVE-RUST]( 9527): Video frame queue overflow!
I/InputDispatcher( 1294): Dropping event because there is no touchable window at (456, 1048).
E/CHIUSECASE(  755): chxutils.cpp:1055 FillCameraId() FillCameraId 1 
E/OMX-VDEC-1080P( 1018): Unable to convey fps info to driver,                             performance might be affected
W/[ALVR NATIVE-RUST]( 9527): Video frame queue overflow!
I/InputDispatcher( 1294): Dropping event because there is no touchable window at (456, 1048).
E/CHIUSECASE(  755): chxutils.cpp:1055 FillCameraId() FillCameraId 1 
E/OMX-VDEC-1080P( 1018): Unable to convey fps info to driver,                             performance might be affected
W/[ALVR NATIVE-RUST]( 9527): Video frame queue overflow!
I/InputDispatcher( 1294): Dropping event because there is no touchable window at (456, 1048).
E/CHIUSECASE(  755): chxutils.cpp:1055 FillCameraId() FillCameraId 1 
E/OMX-VDEC-1080P( 1018): Unable to convey fps info to driver,                             performance might be affected
W/[ALVR NATIVE-RUST]( 9527): Video frame queue overflow!
E/CHIUSECASE(  755): chxutils.cpp:1055 FillCameraId() FillCameraId 1 
I/InputDispatcher( 1294): Dropping event because there is no touchable window at (456, 1048).
E/OMX-VDEC-1080P( 1018): Unable to convey fps info to driver,                             performance might be affected
W/[ALVR NATIVE-RUST]( 9527): Video frame queue overflow!
E/CHIUSECASE(  755): chxutils.cpp:1055 FillCameraId() FillCameraId 1 
I/InputDispatcher( 1294): Dropping event because there is no touchable window at (455, 1048).
E/CHIUSECASE(  755): chxutils.cpp:1055 FillCameraId() FillCameraId 1 
E/OMX-VDEC-1080P( 1018): Unable to convey fps info to driver,                             performance might be affected
W/[ALVR NATIVE-RUST]( 9527): Video frame queue overflow!
E/CHIUSECASE(  755): chxutils.cpp:1055 FillCameraId() FillCameraId 1 
E/OMX-VDEC-1080P( 1018): Unable to convey fps info to driver,                             performance might be affected
W/[ALVR NATIVE-RUST]( 9527): Video frame queue overflow!
I/InputDispatcher( 1294): Dropping event because there is no touchable window at (455, 1048).
E/CHIUSECASE(  755): chxutils.cpp:1055 FillCameraId() FillCameraId 1 
E/OMX-VDEC-1080P( 1018): Unable to convey fps info to driver,                             performance might be affected
W/[ALVR NATIVE-RUST]( 9527): Video frame queue overflow!
E/CHIUSECASE(  755): chxutils.cpp:1055 FillCameraId() FillCameraId 1 
I/InputDispatcher( 1294): Dropping event because there is no touchable window at (455, 1048).
E/OMX-VDEC-1080P( 1018): Unable to convey fps info to driver,                             performance might be affected
W/[ALVR NATIVE-RUST]( 9527): Video frame queue overflow!
E/CHIUSECASE(  755): chxutils.cpp:1055 FillCameraId() FillCameraId 1 
I/InputDispatcher( 1294): Dropping event because there is no touchable window at (455, 1048).
E/OMX-VDEC-1080P( 1018): Unable to convey fps info to driver,                             performance might be affected
W/[ALVR NATIVE-RUST]( 9527): Video frame queue overflow!
E/CHIUSECASE(  755): chxutils.cpp:1055 FillCameraId() FillCameraId 1 
I/InputDispatcher( 1294): Dropping event because there is no touchable window at (455, 1048).
E/CHIUSECASE(  755): chxutils.cpp:1055 FillCameraId() FillCameraId 1 
E/OMX-VDEC-1080P( 1018): Unable to convey fps info to driver,                             performance might be affected
W/[ALVR NATIVE-RUST]( 9527): Video frame queue overflow!
I/InputDispatcher( 1294): Dropping event because there is no touchable window at (455, 1048).
E/CHIUSECASE(  755): chxutils.cpp:1055 FillCameraId() FillCameraId 1 
E/OMX-VDEC-1080P( 1018): Unable to convey fps info to driver,                             performance might be affected
W/[ALVR NATIVE-RUST]( 9527): Video frame queue overflow!
E/CHIUSECASE(  755): chxutils.cpp:1055 FillCameraId() FillCameraId 1 
I/InputDispatcher( 1294): Dropping event because there is no touchable window at (455, 1048).
E/OMX-VDEC-1080P( 1018): Unable to convey fps info to driver,                             performance might be affected
W/[ALVR NATIVE-RUST]( 9527): Video frame queue overflow!
E/CHIUSECASE(  755): chxutils.cpp:1055 FillCameraId() FillCameraId 1 
I/InputDispatcher( 1294): Dropping event because there is no touchable window at (455, 1048).
E/CHIUSECASE(  755): chxutils.cpp:1055 FillCameraId() FillCameraId 1 
E/OMX-VDEC-1080P( 1018): Unable to convey fps info to driver,                             performance might be affected
W/[ALVR NATIVE-RUST]( 9527): Video frame queue overflow!
E/CHIUSECASE(  755): chxutils.cpp:1055 FillCameraId() FillCameraId 1 
E/OMX-VDEC-1080P( 1018): Unable to convey fps info to driver,                             performance might be affected
W/[ALVR NATIVE-RUST]( 9527): Video frame queue overflow!
E/CHIUSECASE(  755): chxutils.cpp:1055 FillCameraId() FillCameraId 1 
I/InputDispatcher( 1294): Dropping event because there is no touchable window at (454, 1048).
E/OMX-VDEC-1080P( 1018): Unable to convey fps info to driver,                             performance might be affected
W/[ALVR NATIVE-RUST]( 9527): Video frame queue overflow!
E/CHIUSECASE(  755): chxutils.cpp:1055 FillCameraId() FillCameraId 1 
I/InputDispatcher( 1294): Dropping event because there is no touchable window at (454, 1048).
E/OMX-VDEC-1080P( 1018): Unable to convey fps info to driver,                             performance might be affected
W/[ALVR NATIVE-RUST]( 9527): Video frame queue overflow!
E/CHIUSECASE(  755): chxutils.cpp:1055 FillCameraId() FillCameraId 1 
I/InputDispatcher( 1294): Dropping event because there is no touchable window at (454, 1048).
E/CHIUSECASE(  755): chxutils.cpp:1055 FillCameraId() FillCameraId 1 
I/InputDispatcher( 1294): Dropping event because there is no touchable window at (454, 1048).
E/OMX-VDEC-1080P( 1018): Unable to convey fps info to driver,                             performance might be affected
W/[ALVR NATIVE-RUST]( 9527): Video frame queue overflow!
E/CHIUSECASE(  755): chxutils.cpp:1055 FillCameraId() FillCameraId 1 
E/OMX-VDEC-1080P( 1018): Unable to convey fps info to driver,                             performance might be affected
W/[ALVR NATIVE-RUST]( 9527): Video frame queue overflow!
I/InputDispatcher( 1294): Dropping event because there is no touchable window at (454, 1048).
E/CHIUSECASE(  755): chxutils.cpp:1055 FillCameraId() FillCameraId 1 
E/OMX-VDEC-1080P( 1018): Unable to convey fps info to driver,                             performance might be affected
W/[ALVR NATIVE-RUST]( 9527): Video frame queue overflow!
I/InputDispatcher( 1294): Dropping event because there is no touchable window at (454, 1048).
E/CHIUSECASE(  755): chxutils.cpp:1055 FillCameraId() FillCameraId 1 
E/OMX-VDEC-1080P( 1018): Unable to convey fps info to driver,                             performance might be affected
W/[ALVR NATIVE-RUST]( 9527): Video frame queue overflow!
E/CHIUSECASE(  755): chxutils.cpp:1055 FillCameraId() FillCameraId 1 
E/OMX-VDEC-1080P( 1018): Unable to convey fps info to driver,                             performance might be affected
W/[ALVR NATIVE-RUST]( 9527): Video frame queue overflow!
E/CHIUSECASE(  755): chxutils.cpp:1055 FillCameraId() FillCameraId 1 
I/InputDispatcher( 1294): Dropping event because there is no touchable window at (453, 1048).
E/CHIUSECASE(  755): chxutils.cpp:1055 FillCameraId() FillCameraId 1 
E/OMX-VDEC-1080P( 1018): Unable to convey fps info to driver,                             performance might be affected
W/[ALVR NATIVE-RUST]( 9527): Video frame queue overflow!
I/InputDispatcher( 1294): Dropping event because there is no touchable window at (453, 1048).
E/CHIUSECASE(  755): chxutils.cpp:1055 FillCameraId() FillCameraId 1 
I/P2ALVR-native( 9527): REAL_TIME_CONFIG: no foveation change
E/OMX-VDEC-1080P( 1018): Unable to convey fps info to driver,                             performance might be affected
W/[ALVR NATIVE-RUST]( 9527): Video frame queue overflow!
E/CHIUSECASE(  755): chxutils.cpp:1055 FillCameraId() FillCameraId 1 
I/InputDispatcher( 1294): Dropping event because there is no touchable window at (453, 1048).
E/OMX-VDEC-1080P( 1018): Unable to convey fps info to driver,                             performance might be affected
W/[ALVR NATIVE-RUST]( 9527): Video frame queue overflow!
E/CHIUSECASE(  755): chxutils.cpp:1055 FillCameraId() FillCameraId 1 
I/InputDispatcher( 1294): Dropping event because there is no touchable window at (453, 1048).
E/OMX-VDEC-1080P( 1018): Unable to convey fps info to driver,                             performance might be affected
W/[ALVR NATIVE-RUST]( 9527): Video frame queue overflow!
E/CHIUSECASE(  755): chxutils.cpp:1055 FillCameraId() FillCameraId 1 
I/InputDispatcher( 1294): Dropping event because there is no touchable window at (453, 1048).
E/CHIUSECASE(  755): chxutils.cpp:1055 FillCameraId() FillCameraId 1 
E/OMX-VDEC-1080P( 1018): Unable to convey fps info to driver,                             performance might be affected
W/[ALVR NATIVE-RUST]( 9527): Video frame queue overflow!
E/CHIUSECASE(  755): chxutils.cpp:1055 FillCameraId() FillCameraId 1 
I/InputDispatcher( 1294): Dropping event because there is no touchable window at (453, 1048).
E/OMX-VDEC-1080P( 1018): Unable to convey fps info to driver,                             performance might be affected
W/[ALVR NATIVE-RUST]( 9527): Video frame queue overflow!
E/CHIUSECASE(  755): chxutils.cpp:1055 FillCameraId() FillCameraId 1 
I/InputDispatcher( 1294): Dropping event because there is no touchable window at (453, 1048).
E/OMX-VDEC-1080P( 1018): Unable to convey fps info to driver,                             performance might be affected
W/[ALVR NATIVE-RUST]( 9527): Video frame queue overflow!
E/CHIUSECASE(  755): chxutils.cpp:1055 FillCameraId() FillCameraId 1 
I/InputDispatcher( 1294): Dropping event because there is no touchable window at (453, 1048).
E/DispSync(  798): Duration <27.841999 ms> is out of range, resync
E/OMX-VDEC-1080P( 1018): Unable to convey fps info to driver,                             performance might be affected
E/CHIUSECASE(  755): chxutils.cpp:1055 FillCameraId() FillCameraId 1 
W/[ALVR NATIVE-RUST]( 9527): Video frame queue overflow!
I/InputDispatcher( 1294): Dropping event because there is no touchable window at (453, 1048).
E/CHIUSECASE(  755): chxutils.cpp:1055 FillCameraId() FillCameraId 1 
E/OMX-VDEC-1080P( 1018): Unable to convey fps info to driver,                             performance might be affected
W/[ALVR NATIVE-RUST]( 9527): Video frame queue overflow!
I/InputDispatcher( 1294): Dropping event because there is no touchable window at (453, 1048).
E/CHIUSECASE(  755): chxutils.cpp:1055 FillCameraId() FillCameraId 1 
E/OMX-VDEC-1080P( 1018): Unable to convey fps info to driver,                             performance might be affected
W/[ALVR NATIVE-RUST]( 9527): Video frame queue overflow!
E/CHIUSECASE(  755): chxutils.cpp:1055 FillCameraId() FillCameraId 1 
I/InputDispatcher( 1294): Dropping event because there is no touchable window at (452, 1048).
E/OMX-VDEC-1080P( 1018): Unable to convey fps info to driver,                             performance might be affected
W/[ALVR NATIVE-RUST]( 9527): Video frame queue overflow!
E/CHIUSECASE(  755): chxutils.cpp:1055 FillCameraId() FillCameraId 1 
I/InputDispatcher( 1294): Dropping event because there is no touchable window at (452, 1048).
E/DispSync(  798): Duration <27.847000 ms> is out of range, resync
E/CHIUSECASE(  755): chxutils.cpp:1055 FillCameraId() FillCameraId 1 
E/CHIUSECASE(  755): chxutils.cpp:1055 FillCameraId() FillCameraId 1 
E/OMX-VDEC-1080P( 1018): Unable to convey fps info to driver,                             performance might be affected
W/[ALVR NATIVE-RUST]( 9527): Video frame queue overflow!
E/CHIUSECASE(  755): chxutils.cpp:1055 FillCameraId() FillCameraId 1 
I/InputDispatcher( 1294): Dropping event because there is no touchable window at (452, 1048).
E/OMX-VDEC-1080P( 1018): Unable to convey fps info to driver,                             performance might be affected
W/[ALVR NATIVE-RUST]( 9527): Video frame queue overflow!
E/OMX-VDEC-1080P( 1018): Unable to convey fps info to driver,                             performance might be affected
E/CHIUSECASE(  755): chxutils.cpp:1055 FillCameraId() FillCameraId 1 
W/[ALVR NATIVE-RUST]( 9527): Video frame queue overflow!
I/InputDispatcher( 1294): Dropping event because there is no touchable window at (452, 1048).
E/DispSync(  798): Duration <27.813999 ms> is out of range, resync
E/CHIUSECASE(  755): chxutils.cpp:1055 FillCameraId() FillCameraId 1 
E/OMX-VDEC-1080P( 1018): Unable to convey fps info to driver,                             performance might be affected
W/[ALVR NATIVE-RUST]( 9527): Video frame queue overflow!
I/InputDispatcher( 1294): Dropping event because there is no touchable window at (452, 1048).
E/CHIUSECASE(  755): chxutils.cpp:1055 FillCameraId() FillCameraId 1 
E/OMX-VDEC-1080P( 1018): Unable to convey fps info to driver,                             performance might be affected
W/[ALVR NATIVE-RUST]( 9527): Video frame queue overflow!
I/InputDispatcher( 1294): Dropping event because there is no touchable window at (452, 1048).
E/CHIUSECASE(  755): chxutils.cpp:1055 FillCameraId() FillCameraId 1 
E/OMX-VDEC-1080P( 1018): Unable to convey fps info to driver,                             performance might be affected
W/[ALVR NATIVE-RUST]( 9527): Video frame queue overflow!
E/CHIUSECASE(  755): chxutils.cpp:1055 FillCameraId() FillCameraId 1 
E/OMX-VDEC-1080P( 1018): Unable to convey fps info to driver,                             performance might be affected
W/[ALVR NATIVE-RUST]( 9527): Video frame queue overflow!
E/CHIUSECASE(  755): chxutils.cpp:1055 FillCameraId() FillCameraId 1 
I/InputDispatcher( 1294): Dropping event because there is no touchable window at (452, 1048).
E/DispSync(  798): Duration <27.849001 ms> is out of range, resync
E/OMX-VDEC-1080P( 1018): Unable to convey fps info to driver,                             performance might be affected
W/[ALVR NATIVE-RUST]( 9527): Video frame queue overflow!
E/CHIUSECASE(  755): chxutils.cpp:1055 FillCameraId() FillCameraId 1 
I/InputDispatcher( 1294): Dropping event because there is no touchable window at (452, 1048).
E/CHIUSECASE(  755): chxutils.cpp:1055 FillCameraId() FillCameraId 1 
E/OMX-VDEC-1080P( 1018): Unable to convey fps info to driver,                             performance might be affected
W/[ALVR NATIVE-RUST]( 9527): Video frame queue overflow!
I/InputDispatcher( 1294): Dropping event because there is no touchable window at (452, 1048).
E/CHIUSECASE(  755): chxutils.cpp:1055 FillCameraId() FillCameraId 1 
E/OMX-VDEC-1080P( 1018): Unable to convey fps info to driver,                             performance might be affected
W/[ALVR NATIVE-RUST]( 9527): Video frame queue overflow!
E/CHIUSECASE(  755): chxutils.cpp:1055 FillCameraId() FillCameraId 1 
I/InputDispatcher( 1294): Dropping event because there is no touchable window at (452, 1048).
E/OMX-VDEC-1080P( 1018): Unable to convey fps info to driver,                             performance might be affected
W/[ALVR NATIVE-RUST]( 9527): Video frame queue overflow!
E/CHIUSECASE(  755): chxutils.cpp:1055 FillCameraId() FillCameraId 1 
I/InputDispatcher( 1294): Dropping event because there is no touchable window at (452, 1048).
E/DispSync(  798): Duration <27.836000 ms> is out of range, resync
E/OMX-VDEC-1080P( 1018): Unable to convey fps info to driver,                             performance might be affected
W/[ALVR NATIVE-RUST]( 9527): Video frame queue overflow!
E/CHIUSECASE(  755): chxutils.cpp:1055 FillCameraId() FillCameraId 1 
E/OMX-VDEC-1080P( 1018): Unable to convey fps info to driver,                             performance might be affected
W/[ALVR NATIVE-RUST]( 9527): Video frame queue overflow!
E/CHIUSECASE(  755): chxutils.cpp:1055 FillCameraId() FillCameraId 1 
I/InputDispatcher( 1294): Dropping event because there is no touchable window at (452, 1048).
I/P2ALVR-native( 9527): frame 11760 q=(-0.524,-0.052,0.005,-0.850) p=(-0.050,0.663,-0.043) vr=1 surf=0
E/OMX-VDEC-1080P( 1018): Unable to convey fps info to driver,                             performance might be affected
E/CHIUSECASE(  755): chxutils.cpp:1055 FillCameraId() FillCameraId 1 
W/[ALVR NATIVE-RUST]( 9527): Video frame queue overflow!
E/CHIUSECASE(  755): chxutils.cpp:1055 FillCameraId() FillCameraId 1 
E/OMX-VDEC-1080P( 1018): Unable to convey fps info to driver,                             performance might be affected
W/[ALVR NATIVE-RUST]( 9527): Video frame queue overflow!
E/CHIUSECASE(  755): chxutils.cpp:1055 FillCameraId() FillCameraId 1 
I/InputDispatcher( 1294): Dropping event because there is no touchable window at (451, 1048).
E/DispSync(  798): Duration <27.825001 ms> is out of range, resync
E/OMX-VDEC-1080P( 1018): Unable to convey fps info to driver,                             performance might be affected
W/[ALVR NATIVE-RUST]( 9527): Video frame queue overflow!
D/NtpTrustedTime( 1294): currentTimeMillis() cache hit
E/CHIUSECASE(  755): chxutils.cpp:1055 FillCameraId() FillCameraId 1 
I/InputDispatcher( 1294): Dropping event because there is no touchable window at (451, 1048).
E/OMX-VDEC-1080P( 1018): Unable to convey fps info to driver,                             performance might be affected
E/CHIUSECASE(  755): chxutils.cpp:1055 FillCameraId() FillCameraId 1 
W/[ALVR NATIVE-RUST]( 9527): Video frame queue overflow!
I/InputDispatcher( 1294): Dropping event because there is no touchable window at (451, 1048).
D/NtpTrustedTime( 1294): currentTimeMillis() cache hit
E/CHIUSECASE(  755): chxutils.cpp:1055 FillCameraId() FillCameraId 1 
E/OMX-VDEC-1080P( 1018): Unable to convey fps info to driver,                             performance might be affected
W/[ALVR NATIVE-RUST]( 9527): Video frame queue overflow!
I/InputDispatcher( 1294): Dropping event because there is no touchable window at (451, 1048).
E/CHIUSECASE(  755): chxutils.cpp:1055 FillCameraId() FillCameraId 1 
E/OMX-VDEC-1080P( 1018): Unable to convey fps info to driver,                             performance might be affected
W/[ALVR NATIVE-RUST]( 9527): Video frame queue overflow!
E/CHIUSECASE(  755): chxutils.cpp:1055 FillCameraId() FillCameraId 1 
E/DispSync(  798): Duration <27.839001 ms> is out of range, resync
E/OMX-VDEC-1080P( 1018): Unable to convey fps info to driver,                             performance might be affected
W/[ALVR NATIVE-RUST]( 9527): Video frame queue overflow!
E/CHIUSECASE(  755): chxutils.cpp:1055 FillCameraId() FillCameraId 1 
I/InputDispatcher( 1294): Dropping event because there is no touchable window at (451, 1048).
E/CHIUSECASE(  755): chxutils.cpp:1055 FillCameraId() FillCameraId 1 
E/OMX-VDEC-1080P( 1018): Unable to convey fps info to driver,                             performance might be affected
W/[ALVR NATIVE-RUST]( 9527): Video frame queue overflow!
E/CHIUSECASE(  755): chxutils.cpp:1055 FillCameraId() FillCameraId 1 
E/CHIUSECASE(  755): chxutils.cpp:1055 FillCameraId() FillCameraId 1 
I/InputDispatcher( 1294): Dropping event because there is no touchable window at (451, 1048).
E/CHIUSECASE(  755): chxutils.cpp:1055 FillCameraId() FillCameraId 1 
I/InputDispatcher( 1294): Dropping event because there is no touchable window at (451, 1048).
E/DispSync(  798): Duration <27.825001 ms> is out of range, resync
E/CHIUSECASE(  755): chxutils.cpp:1055 FillCameraId() FillCameraId 1 
E/OMX-VDEC-1080P( 1018): Unable to convey fps info to driver,                             performance might be affected
W/[ALVR NATIVE-RUST]( 9527): Video frame queue overflow!
I/InputDispatcher( 1294): Dropping event because there is no touchable window at (451, 1048).
E/CHIUSECASE(  755): chxutils.cpp:1055 FillCameraId() FillCameraId 1 
I/InputDispatcher( 1294): Dropping event because there is no touchable window at (451, 1048).
E/OMX-VDEC-1080P( 1018): Unable to convey fps info to driver,                             performance might be affected
E/CHIUSECASE(  755): chxutils.cpp:1055 FillCameraId() FillCameraId 1 
W/[ALVR NATIVE-RUST]( 9527): Video frame queue overflow!
E/OMX-VDEC-1080P( 1018): Unable to convey fps info to driver,                             performance might be affected
E/CHIUSECASE(  755): chxutils.cpp:1055 FillCameraId() FillCameraId 1 
W/[ALVR NATIVE-RUST]( 9527): Video frame queue overflow!
I/InputDispatcher( 1294): Dropping event because there is no touchable window at (451, 1048).
E/DispSync(  798): Duration <27.856001 ms> is out of range, resync
E/OMX-VDEC-1080P( 1018): Unable to convey fps info to driver,                             performance might be affected
W/[ALVR NATIVE-RUST]( 9527): Video frame queue overflow!
E/CHIUSECASE(  755): chxutils.cpp:1055 FillCameraId() FillCameraId 1 
I/InputDispatcher( 1294): Dropping event because there is no touchable window at (450, 1048).
E/OMX-VDEC-1080P( 1018): Unable to convey fps info to driver,                             performance might be affected
W/[ALVR NATIVE-RUST]( 9527): Video frame queue overflow!
E/CHIUSECASE(  755): chxutils.cpp:1055 FillCameraId() FillCameraId 1 
I/InputDispatcher( 1294): Dropping event because there is no touchable window at (450, 1048).
E/OMX-VDEC-1080P( 1018): Unable to convey fps info to driver,                             performance might be affected
W/[ALVR NATIVE-RUST]( 9527): Video frame queue overflow!
E/CHIUSECASE(  755): chxutils.cpp:1055 FillCameraId() FillCameraId 1 
E/CHIUSECASE(  755): chxutils.cpp:1055 FillCameraId() FillCameraId 1 
E/OMX-VDEC-1080P( 1018): Unable to convey fps info to driver,                             performance might be affected
W/[ALVR NATIVE-RUST]( 9527): Video frame queue overflow!
I/InputDispatcher( 1294): Dropping event because there is no touchable window at (450, 1048).
E/CHIUSECASE(  755): chxutils.cpp:1055 FillCameraId() FillCameraId 1 
E/OMX-VDEC-1080P( 1018): Unable to convey fps info to driver,                             performance might be affected
W/[ALVR NATIVE-RUST]( 9527): Video frame queue overflow!
E/CHIUSECASE(  755): chxutils.cpp:1055 FillCameraId() FillCameraId 1 
E/OMX-VDEC-1080P( 1018): Unable to convey fps info to driver,                             performance might be affected
W/[ALVR NATIVE-RUST]( 9527): Video frame queue overflow!
E/CHIUSECASE(  755): chxutils.cpp:1055 FillCameraId() FillCameraId 1 
I/InputDispatcher( 1294): Dropping event because there is no touchable window at (450, 1048).
E/DispSync(  798): Duration <27.826000 ms> is out of range, resync
E/CHIUSECASE(  755): chxutils.cpp:1055 FillCameraId() FillCameraId 1 
E/OMX-VDEC-1080P( 1018): Unable to convey fps info to driver,                             performance might be affected
W/[ALVR NATIVE-RUST]( 9527): Video frame queue overflow!
I/InputDispatcher( 1294): Dropping event because there is no touchable window at (450, 1048).
E/CHIUSECASE(  755): chxutils.cpp:1055 FillCameraId() FillCameraId 1 
E/OMX-VDEC-1080P( 1018): Unable to convey fps info to driver,                             performance might be affected
W/[ALVR NATIVE-RUST]( 9527): Video frame queue overflow!
E/CHIUSECASE(  755): chxutils.cpp:1055 FillCameraId() FillCameraId 1 
I/InputDispatcher( 1294): Dropping event because there is no touchable window at (450, 1048).
E/OMX-VDEC-1080P( 1018): Unable to convey fps info to driver,                             performance might be affected
W/[ALVR NATIVE-RUST]( 9527): Video frame queue overflow!
E/CHIUSECASE(  755): chxutils.cpp:1055 FillCameraId() FillCameraId 1 
I/InputDispatcher( 1294): Dropping event because there is no touchable window at (450, 1048).
E/OMX-VDEC-1080P( 1018): Unable to convey fps info to driver,                             performance might be affected
W/[ALVR NATIVE-RUST]( 9527): Video frame queue overflow!
E/CHIUSECASE(  755): chxutils.cpp:1055 FillCameraId() FillCameraId 1 
I/InputDispatcher( 1294): Dropping event because there is no touchable window at (450, 1048).
E/CHIUSECASE(  755): chxutils.cpp:1055 FillCameraId() FillCameraId 1 
E/OMX-VDEC-1080P( 1018): Unable to convey fps info to driver,                             performance might be affected
W/[ALVR NATIVE-RUST]( 9527): Video frame queue overflow!
D/SurfaceFlinger(  798): Vsync watchDog is alive
D/SurfaceFlinger(  798): WatchDog:Not sync with hareware reach 0.0 seconds.
E/CHIUSECASE(  755): chxutils.cpp:1055 FillCameraId() FillCameraId 1 
E/DispSync(  798): Duration <27.827999 ms> is out of range, resync
E/OMX-VDEC-1080P( 1018): Unable to convey fps info to driver,                             performance might be affected
W/[ALVR NATIVE-RUST]( 9527): Video frame queue overflow!
E/CHIUSECASE(  755): chxutils.cpp:1055 FillCameraId() FillCameraId 1 
I/InputDispatcher( 1294): Dropping event because there is no touchable window at (450, 1048).
E/OMX-VDEC-1080P( 1018): Unable to convey fps info to driver,                             performance might be affected
W/[ALVR NATIVE-RUST]( 9527): Video frame queue overflow!
E/CHIUSECASE(  755): chxutils.cpp:1055 FillCameraId() FillCameraId 1 
I/InputDispatcher( 1294): Dropping event because there is no touchable window at (450, 1048).
E/CHIUSECASE(  755): chxutils.cpp:1055 FillCameraId() FillCameraId 1 
E/OMX-VDEC-1080P( 1018): Unable to convey fps info to driver,                             performance might be affected
W/[ALVR NATIVE-RUST]( 9527): Video frame queue overflow!
E/CHIUSECASE(  755): chxutils.cpp:1055 FillCameraId() FillCameraId 1 
E/OMX-VDEC-1080P( 1018): Unable to convey fps info to driver,                             performance might be affected
W/[ALVR NATIVE-RUST]( 9527): Video frame queue overflow!
E/CHIUSECASE(  755): chxutils.cpp:1055 FillCameraId() FillCameraId 1 
E/OMX-VDEC-1080P( 1018): Unable to convey fps info to driver,                             performance might be affected
W/[ALVR NATIVE-RUST]( 9527): Video frame queue overflow!
E/CHIUSECASE(  755): chxutils.cpp:1055 FillCameraId() FillCameraId 1 
I/InputDispatcher( 1294): Dropping event because there is no touchable window at (450, 1048).
E/OMX-VDEC-1080P( 1018): Unable to convey fps info to driver,                             performance might be affected
E/DispSync(  798): Duration <27.827999 ms> is out of range, resync
W/[ALVR NATIVE-RUST]( 9527): Video frame queue overflow!
E/CHIUSECASE(  755): chxutils.cpp:1055 FillCameraId() FillCameraId 1 
E/OMX-VDEC-1080P( 1018): Unable to convey fps info to driver,                             performance might be affected
W/[ALVR NATIVE-RUST]( 9527): Video frame queue overflow!
E/CHIUSECASE(  755): chxutils.cpp:1055 FillCameraId() FillCameraId 1 
I/InputDispatcher( 1294): Dropping event because there is no touchable window at (450, 1048).
E/OMX-VDEC-1080P( 1018): Unable to convey fps info to driver,                             performance might be affected
W/[ALVR NATIVE-RUST]( 9527): Video frame queue overflow!
E/CHIUSECASE(  755): chxutils.cpp:1055 FillCameraId() FillCameraId 1 
I/InputDispatcher( 1294): Dropping event because there is no touchable window at (450, 1048).
E/CHIUSECASE(  755): chxutils.cpp:1055 FillCameraId() FillCameraId 1 
E/OMX-VDEC-1080P( 1018): Unable to convey fps info to driver,                             performance might be affected
W/[ALVR NATIVE-RUST]( 9527): Video frame queue overflow!
E/CHIUSECASE(  755): chxutils.cpp:1055 FillCameraId() FillCameraId 1 
E/DispSync(  798): Duration <27.850000 ms> is out of range, resync
E/OMX-VDEC-1080P( 1018): Unable to convey fps info to driver,                             performance might be affected
W/[ALVR NATIVE-RUST]( 9527): Video frame queue overflow!
E/CHIUSECASE(  755): chxutils.cpp:1055 FillCameraId() FillCameraId 1 
I/InputDispatcher( 1294): Dropping event because there is no touchable window at (450, 1048).
E/OMX-VDEC-1080P( 1018): Unable to convey fps info to driver,                             performance might be affected
W/[ALVR NATIVE-RUST]( 9527): Video frame queue overflow!
E/CHIUSECASE(  755): chxutils.cpp:1055 FillCameraId() FillCameraId 1 
I/InputDispatcher( 1294): Dropping event because there is no touchable window at (450, 1048).
E/OMX-VDEC-1080P( 1018): Unable to convey fps info to driver,                             performance might be affected
W/[ALVR NATIVE-RUST]( 9527): Video frame queue overflow!
E/CHIUSECASE(  755): chxutils.cpp:1055 FillCameraId() FillCameraId 1 
I/InputDispatcher( 1294): Dropping event because there is no touchable window at (450, 1048).
E/CHIUSECASE(  755): chxutils.cpp:1055 FillCameraId() FillCameraId 1 
E/OMX-VDEC-1080P( 1018): Unable to convey fps info to driver,                             performance might be affected
E/DispSync(  798): Duration <27.823000 ms> is out of range, resync
W/[ALVR NATIVE-RUST]( 9527): Video frame queue overflow!
E/CHIUSECASE(  755): chxutils.cpp:1055 FillCameraId() FillCameraId 1 
E/OMX-VDEC-1080P( 1018): Unable to convey fps info to driver,                             performance might be affected
W/[ALVR NATIVE-RUST]( 9527): Video frame queue overflow!
E/CHIUSECASE(  755): chxutils.cpp:1055 FillCameraId() FillCameraId 1 
D/PvrPlatform( 5931): Already keep stationary state for 0 secend
I/InputDispatcher( 1294): Dropping event because there is no touchable window at (449, 1048).
E/OMX-VDEC-1080P( 1018): Unable to convey fps info to driver,                             performance might be affected
W/[ALVR NATIVE-RUST]( 9527): Video frame queue overflow!
E/CHIUSECASE(  755): chxutils.cpp:1055 FillCameraId() FillCameraId 1 
I/InputDispatcher( 1294): Dropping event because there is no touchable window at (449, 1048).
E/OMX-VDEC-1080P( 1018): Unable to convey fps info to driver,                             performance might be affected
E/CHIUSECASE(  755): chxutils.cpp:1055 FillCameraId() FillCameraId 1 
W/[ALVR NATIVE-RUST]( 9527): Video frame queue overflow!
E/CHIUSECASE(  755): chxutils.cpp:1055 FillCameraId() FillCameraId 1 
E/OMX-VDEC-1080P( 1018): Unable to convey fps info to driver,                             performance might be affected
W/[ALVR NATIVE-RUST]( 9527): Video frame queue overflow!
E/DispSync(  798): Duration <27.843000 ms> is out of range, resync
E/CHIUSECASE(  755): chxutils.cpp:1055 FillCameraId() FillCameraId 1 
E/OMX-VDEC-1080P( 1018): Unable to convey fps info to driver,                             performance might be affected
W/[ALVR NATIVE-RUST]( 9527): Video frame queue overflow!
E/CHIUSECASE(  755): chxutils.cpp:1055 FillCameraId() FillCameraId 1 
I/InputDispatcher( 1294): Dropping event because there is no touchable window at (449, 1048).
E/OMX-VDEC-1080P( 1018): Unable to convey fps info to driver,                             performance might be affected
W/[ALVR NATIVE-RUST]( 9527): Video frame queue overflow!
E/CHIUSECASE(  755): chxutils.cpp:1055 FillCameraId() FillCameraId 1 
I/InputDispatcher( 1294): Dropping event because there is no touchable window at (449, 1048).
E/OMX-VDEC-1080P( 1018): Unable to convey fps info to driver,                             performance might be affected
W/[ALVR NATIVE-RUST]( 9527): Video frame queue overflow!
E/DispSync(  798): Duration <27.874001 ms> is out of range, resync
E/CHIUSECASE(  755): chxutils.cpp:1055 FillCameraId() FillCameraId 1 
I/InputDispatcher( 1294): Dropping event because there is no touchable window at (449, 1048).
E/CHIUSECASE(  755): chxutils.cpp:1055 FillCameraId() FillCameraId 1 
E/OMX-VDEC-1080P( 1018): Unable to convey fps info to driver,                             performance might be affected
W/[ALVR NATIVE-RUST]( 9527): Video frame queue overflow!
E/CHIUSECASE(  755): chxutils.cpp:1055 FillCameraId() FillCameraId 1 
I/InputDispatcher( 1294): Dropping event because there is no touchable window at (449, 1049).
E/OMX-VDEC-1080P( 1018): Unable to convey fps info to driver,                             performance might be affected
W/[ALVR NATIVE-RUST]( 9527): Video frame queue overflow!
E/CHIUSECASE(  755): chxutils.cpp:1055 FillCameraId() FillCameraId 1 
I/P2ALVR-native( 9527): REAL_TIME_CONFIG: no foveation change
I/InputDispatcher( 1294): Dropping event because there is no touchable window at (449, 1049).
E/OMX-VDEC-1080P( 1018): Unable to convey fps info to driver,                             performance might be affected
W/[ALVR NATIVE-RUST]( 9527): Video frame queue overflow!
E/CHIUSECASE(  755): chxutils.cpp:1055 FillCameraId() FillCameraId 1 
E/OMX-VDEC-1080P( 1018): Unable to convey fps info to driver,                             performance might be affected
W/[ALVR NATIVE-RUST]( 9527): Video frame queue overflow!
E/CHIUSECASE(  755): chxutils.cpp:1055 FillCameraId() FillCameraId 1 
E/DispSync(  798): Duration <27.785999 ms> is out of range, resync
E/OMX-VDEC-1080P( 1018): Unable to convey fps info to driver,                             performance might be affected
W/[ALVR NATIVE-RUST]( 9527): Video frame queue overflow!
E/CHIUSECASE(  755): chxutils.cpp:1055 FillCameraId() FillCameraId 1 
E/CHIUSECASE(  755): chxutils.cpp:1055 FillCameraId() FillCameraId 1 
E/OMX-VDEC-1080P( 1018): Unable to convey fps info to driver,                             performance might be affected
W/[ALVR NATIVE-RUST]( 9527): Video frame queue overflow!
E/CHIUSECASE(  755): chxutils.cpp:1055 FillCameraId() FillCameraId 1 
I/InputDispatcher( 1294): Dropping event because there is no touchable window at (449, 1049).
E/OMX-VDEC-1080P( 1018): Unable to convey fps info to driver,                             performance might be affected
W/[ALVR NATIVE-RUST]( 9527): Video frame queue overflow!
E/CHIUSECASE(  755): chxutils.cpp:1055 FillCameraId() FillCameraId 1 
I/InputDispatcher( 1294): Dropping event because there is no touchable window at (449, 1049).
E/OMX-VDEC-1080P( 1018): Unable to convey fps info to driver,                             performance might be affected
W/[ALVR NATIVE-RUST]( 9527): Video frame queue overflow!
E/DispSync(  798): Duration <27.856001 ms> is out of range, resync
E/CHIUSECASE(  755): chxutils.cpp:1055 FillCameraId() FillCameraId 1 
I/InputDispatcher( 1294): Dropping event because there is no touchable window at (449, 1049).
E/CHIUSECASE(  755): chxutils.cpp:1055 FillCameraId() FillCameraId 1 
E/OMX-VDEC-1080P( 1018): Unable to convey fps info to driver,                             performance might be affected
W/[ALVR NATIVE-RUST]( 9527): Video frame queue overflow!
E/CHIUSECASE(  755): chxutils.cpp:1055 FillCameraId() FillCameraId 1 
E/OMX-VDEC-1080P( 1018): Unable to convey fps info to driver,                             performance might be affected
W/[ALVR NATIVE-RUST]( 9527): Video frame queue overflow!
E/CHIUSECASE(  755): chxutils.cpp:1055 FillCameraId() FillCameraId 1 
E/OMX-VDEC-1080P( 1018): Unable to convey fps info to driver,                             performance might be affected
W/[ALVR NATIVE-RUST]( 9527): Video frame queue overflow!
E/CHIUSECASE(  755): chxutils.cpp:1055 FillCameraId() FillCameraId 1 
I/InputDispatcher( 1294): Dropping event because there is no touchable window at (449, 1049).
E/OMX-VDEC-1080P( 1018): Unable to convey fps info to driver,                             performance might be affected
E/CHIUSECASE(  755): chxutils.cpp:1055 FillCameraId() FillCameraId 1 
E/DispSync(  798): Duration <27.884001 ms> is out of range, resync
W/[ALVR NATIVE-RUST]( 9527): Video frame queue overflow!
E/CHIUSECASE(  755): chxutils.cpp:1055 FillCameraId() FillCameraId 1 
E/OMX-VDEC-1080P( 1018): Unable to convey fps info to driver,                             performance might be affected
W/[ALVR NATIVE-RUST]( 9527): Video frame queue overflow!
E/CHIUSECASE(  755): chxutils.cpp:1055 FillCameraId() FillCameraId 1 
E/OMX-VDEC-1080P( 1018): Unable to convey fps info to driver,                             performance might be affected
W/[ALVR NATIVE-RUST]( 9527): Video frame queue overflow!
E/CHIUSECASE(  755): chxutils.cpp:1055 FillCameraId() FillCameraId 1 
E/OMX-VDEC-1080P( 1018): Unable to convey fps info to driver,                             performance might be affected
W/[ALVR NATIVE-RUST]( 9527): Video frame queue overflow!
E/CHIUSECASE(  755): chxutils.cpp:1055 FillCameraId() FillCameraId 1 
I/InputDispatcher( 1294): Dropping event because there is no touchable window at (450, 1049).
E/CHIUSECASE(  755): chxutils.cpp:1055 FillCameraId() FillCameraId 1 
E/OMX-VDEC-1080P( 1018): Unable to convey fps info to driver,                             performance might be affected
W/[ALVR NATIVE-RUST]( 9527): Video frame queue overflow!
E/CHIUSECASE(  755): chxutils.cpp:1055 FillCameraId() FillCameraId 1 
E/OMX-VDEC-1080P( 1018): Unable to convey fps info to driver,                             performance might be affected
W/[ALVR NATIVE-RUST]( 9527): Video frame queue overflow!
E/CHIUSECASE(  755): chxutils.cpp:1055 FillCameraId() FillCameraId 1 
I/InputDispatcher( 1294): Dropping event because there is no touchable window at (450, 1049).
E/OMX-VDEC-1080P( 1018): Unable to convey fps info to driver,                             performance might be affected
W/[ALVR NATIVE-RUST]( 9527): Video frame queue overflow!
E/DispSync(  798): Duration <27.850000 ms> is out of range, resync
E/CHIUSECASE(  755): chxutils.cpp:1055 FillCameraId() FillCameraId 1 
I/InputDispatcher( 1294): Dropping event because there is no touchable window at (450, 1049).
E/OMX-VDEC-1080P( 1018): Unable to convey fps info to driver,                             performance might be affected
W/[ALVR NATIVE-RUST]( 9527): Video frame queue overflow!
E/CHIUSECASE(  755): chxutils.cpp:1055 FillCameraId() FillCameraId 1 
E/OMX-VDEC-1080P( 1018): Unable to convey fps info to driver,                             performance might be affected
W/[ALVR NATIVE-RUST]( 9527): Video frame queue overflow!
E/CHIUSECASE(  755): chxutils.cpp:1055 FillCameraId() FillCameraId 1 
I/InputDispatcher( 1294): Dropping event because there is no touchable window at (450, 1049).
E/CHIUSECASE(  755): chxutils.cpp:1055 FillCameraId() FillCameraId 1 
E/OMX-VDEC-1080P( 1018): Unable to convey fps info to driver,                             performance might be affected
W/[ALVR NATIVE-RUST]( 9527): Video frame queue overflow!
E/CHIUSECASE(  755): chxutils.cpp:1055 FillCameraId() FillCameraId 1 
E/OMX-VDEC-1080P( 1018): Unable to convey fps info to driver,                             performance might be affected
W/[ALVR NATIVE-RUST]( 9527): Video frame queue overflow!
E/CHIUSECASE(  755): chxutils.cpp:1055 FillCameraId() FillCameraId 1 
I/InputDispatcher( 1294): Dropping event because there is no touchable window at (450, 1049).
E/OMX-VDEC-1080P( 1018): Unable to convey fps info to driver,                             performance might be affected
W/[ALVR NATIVE-RUST]( 9527): Video frame queue overflow!
E/DispSync(  798): Duration <27.882000 ms> is out of range, resync
E/CHIUSECASE(  755): chxutils.cpp:1055 FillCameraId() FillCameraId 1 
I/InputDispatcher( 1294): Dropping event because there is no touchable window at (450, 1049).
E/OMX-VDEC-1080P( 1018): Unable to convey fps info to driver,                             performance might be affected
E/CHIUSECASE(  755): chxutils.cpp:1055 FillCameraId() FillCameraId 1 
W/[ALVR NATIVE-RUST]( 9527): Video frame queue overflow!
E/CHIUSECASE(  755): chxutils.cpp:1055 FillCameraId() FillCameraId 1 
E/OMX-VDEC-1080P( 1018): Unable to convey fps info to driver,                             performance might be affected
W/[ALVR NATIVE-RUST]( 9527): Video frame queue overflow!
E/CHIUSECASE(  755): chxutils.cpp:1055 FillCameraId() FillCameraId 1 
E/OMX-VDEC-1080P( 1018): Unable to convey fps info to driver,                             performance might be affected
W/[ALVR NATIVE-RUST]( 9527): Video frame queue overflow!
E/DispSync(  798): Duration <27.825001 ms> is out of range, resync
E/CHIUSECASE(  755): chxutils.cpp:1055 FillCameraId() FillCameraId 1 
I/InputDispatcher( 1294): Dropping event because there is no touchable window at (450, 1049).
E/OMX-VDEC-1080P( 1018): Unable to convey fps info to driver,                             performance might be affected
W/[ALVR NATIVE-RUST]( 9527): Video frame queue overflow!
E/CHIUSECASE(  755): chxutils.cpp:1055 FillCameraId() FillCameraId 1 
E/CHIUSECASE(  755): chxutils.cpp:1055 FillCameraId() FillCameraId 1 
E/OMX-VDEC-1080P( 1018): Unable to convey fps info to driver,                             performance might be affected
W/[ALVR NATIVE-RUST]( 9527): Video frame queue overflow!
E/CHIUSECASE(  755): chxutils.cpp:1055 FillCameraId() FillCameraId 1 
E/OMX-VDEC-1080P( 1018): Unable to convey fps info to driver,                             performance might be affected
W/[ALVR NATIVE-RUST]( 9527): Video frame queue overflow!
E/CHIUSECASE(  755): chxutils.cpp:1055 FillCameraId() FillCameraId 1 
E/OMX-VDEC-1080P( 1018): Unable to convey fps info to driver,                             performance might be affected
W/[ALVR NATIVE-RUST]( 9527): Video frame queue overflow!
E/CHIUSECASE(  755): chxutils.cpp:1055 FillCameraId() FillCameraId 1 
I/InputDispatcher( 1294): Dropping event because there is no touchable window at (450, 1049).
E/OMX-VDEC-1080P( 1018): Unable to convey fps info to driver,                             performance might be affected
W/[ALVR NATIVE-RUST]( 9527): Video frame queue overflow!
E/DispSync(  798): Duration <27.816000 ms> is out of range, resync
E/CHIUSECASE(  755): chxutils.cpp:1055 FillCameraId() FillCameraId 1 
I/InputDispatcher( 1294): Dropping event because there is no touchable window at (450, 1049).
E/OMX-VDEC-1080P( 1018): Unable to convey fps info to driver,                             performance might be affected
E/CHIUSECASE(  755): chxutils.cpp:1055 FillCameraId() FillCameraId 1 
W/[ALVR NATIVE-RUST]( 9527): Video frame queue overflow!
E/CHIUSECASE(  755): chxutils.cpp:1055 FillCameraId() FillCameraId 1 
E/OMX-VDEC-1080P( 1018): Unable to convey fps info to driver,                             performance might be affected
W/[ALVR NATIVE-RUST]( 9527): Video frame queue overflow!
E/CHIUSECASE(  755): chxutils.cpp:1055 FillCameraId() FillCameraId 1 
I/InputDispatcher( 1294): Dropping event because there is no touchable window at (450, 1049).
E/OMX-VDEC-1080P( 1018): Unable to convey fps info to driver,                             performance might be affected
W/[ALVR NATIVE-RUST]( 9527): Video frame queue overflow!
E/CHIUSECASE(  755): chxutils.cpp:1055 FillCameraId() FillCameraId 1 
E/OMX-VDEC-1080P( 1018): Unable to convey fps info to driver,                             performance might be affected
E/DispSync(  798): Duration <27.864000 ms> is out of range, resync
W/[ALVR NATIVE-RUST]( 9527): Video frame queue overflow!
E/CHIUSECASE(  755): chxutils.cpp:1055 FillCameraId() FillCameraId 1 
E/OMX-VDEC-1080P( 1018): Unable to convey fps info to driver,                             performance might be affected
W/[ALVR NATIVE-RUST]( 9527): Video frame queue overflow!
E/CHIUSECASE(  755): chxutils.cpp:1055 FillCameraId() FillCameraId 1 
I/InputDispatcher( 1294): Dropping event because there is no touchable window at (450, 1049).
E/CHIUSECASE(  755): chxutils.cpp:1055 FillCameraId() FillCameraId 1 
E/OMX-VDEC-1080P( 1018): Unable to convey fps info to driver,                             performance might be affected
E/CHIUSECASE(  755): chxutils.cpp:1055 FillCameraId() FillCameraId 1 
W/[ALVR NATIVE-RUST]( 9527): Video frame queue overflow!
I/InputDispatcher( 1294): Dropping event because there is no touchable window at (450, 1049).
E/OMX-VDEC-1080P( 1018): Unable to convey fps info to driver,                             performance might be affected
W/[ALVR NATIVE-RUST]( 9527): Video frame queue overflow!
E/CHIUSECASE(  755): chxutils.cpp:1055 FillCameraId() FillCameraId 1 
I/InputDispatcher( 1294): Dropping event because there is no touchable window at (450, 1049).
E/OMX-VDEC-1080P( 1018): Unable to convey fps info to driver,                             performance might be affected
W/[ALVR NATIVE-RUST]( 9527): Video frame queue overflow!
E/DispSync(  798): Duration <27.841000 ms> is out of range, resync
E/CHIUSECASE(  755): chxutils.cpp:1055 FillCameraId() FillCameraId 1 
I/InputDispatcher( 1294): Dropping event because there is no touchable window at (450, 1049).
E/PvrService( 5931): PvrService getTrackingDataExt ret(0)
E/PvrService( 5931): PvrService getTrackingDataExt rotation(0.245768, -0.000971, -0.086009, 0.000000)
E/PvrService( 5931): PvrService getTrackingDataExt position(-0.006161, -0.018328, -0.003695)
E/CHIUSECASE(  755): chxutils.cpp:1055 FillCameraId() FillCameraId 1 
E/OMX-VDEC-1080P( 1018): Unable to convey fps info to driver,                             performance might be affected
W/[ALVR NATIVE-RUST]( 9527): Video frame queue overflow!
E/CHIUSECASE(  755): chxutils.cpp:1055 FillCameraId() FillCameraId 1 
I/InputDispatcher( 1294): Dropping event because there is no touchable window at (450, 1049).
E/OMX-VDEC-1080P( 1018): Unable to convey fps info to driver,                             performance might be affected
W/[ALVR NATIVE-RUST]( 9527): Video frame queue overflow!
E/CHIUSECASE(  755): chxutils.cpp:1055 FillCameraId() FillCameraId 1 
I/InputDispatcher( 1294): Dropping event because there is no touchable window at (450, 1049).
E/OMX-VDEC-1080P( 1018): Unable to convey fps info to driver,                             performance might be affected
W/[ALVR NATIVE-RUST]( 9527): Video frame queue overflow!
E/DispSync(  798): Duration <27.747999 ms> is out of range, resync
E/CHIUSECASE(  755): chxutils.cpp:1055 FillCameraId() FillCameraId 1 
I/InputDispatcher( 1294): Dropping event because there is no touchable window at (450, 1049).
E/OMX-VDEC-1080P( 1018): Unable to convey fps info to driver,                             performance might be affected
W/[ALVR NATIVE-RUST]( 9527): Video frame queue overflow!
E/CHIUSECASE(  755): chxutils.cpp:1055 FillCameraId() FillCameraId 1 
E/OMX-VDEC-1080P( 1018): Unable to convey fps info to driver,                             performance might be affected
W/[ALVR NATIVE-RUST]( 9527): Video frame queue overflow!
I/InputDispatcher( 1294): Dropping event because there is no touchable window at (450, 1049).
E/CHIUSECASE(  755): chxutils.cpp:1055 FillCameraId() FillCameraId 1 
I/InputDispatcher( 1294): Dropping event because there is no touchable window at (450, 1049).
E/CHIUSECASE(  755): chxutils.cpp:1055 FillCameraId() FillCameraId 1 
E/OMX-VDEC-1080P( 1018): Unable to convey fps info to driver,                             performance might be affected
W/[ALVR NATIVE-RUST]( 9527): Video frame queue overflow!
E/CHIUSECASE(  755): chxutils.cpp:1055 FillCameraId() FillCameraId 1 
I/InputDispatcher( 1294): Dropping event because there is no touchable window at (450, 1049).
E/OMX-VDEC-1080P( 1018): Unable to convey fps info to driver,                             performance might be affected
W/[ALVR NATIVE-RUST]( 9527): Video frame queue overflow!
E/CHIUSECASE(  755): chxutils.cpp:1055 FillCameraId() FillCameraId 1 
I/InputDispatcher( 1294): Dropping event because there is no touchable window at (451, 1049).
E/DispSync(  798): Duration <27.841000 ms> is out of range, resync
E/OMX-VDEC-1080P( 1018): Unable to convey fps info to driver,                             performance might be affected
W/[ALVR NATIVE-RUST]( 9527): Video frame queue overflow!
E/CHIUSECASE(  755): chxutils.cpp:1055 FillCameraId() FillCameraId 1 
D/NtpTrustedTime( 1294): currentTimeMillis() cache hit
E/OMX-VDEC-1080P( 1018): Unable to convey fps info to driver,                             performance might be affected
W/[ALVR NATIVE-RUST]( 9527): Video frame queue overflow!
E/CHIUSECASE(  755): chxutils.cpp:1055 FillCameraId() FillCameraId 1 
D/NtpTrustedTime( 1294): currentTimeMillis() cache hit
I/InputDispatcher( 1294): Dropping event because there is no touchable window at (451, 1049).
E/CHIUSECASE(  755): chxutils.cpp:1055 FillCameraId() FillCameraId 1 
E/OMX-VDEC-1080P( 1018): Unable to convey fps info to driver,                             performance might be affected
W/[ALVR NATIVE-RUST]( 9527): Video frame queue overflow!
E/CHIUSECASE(  755): chxutils.cpp:1055 FillCameraId() FillCameraId 1 
I/InputDispatcher( 1294): Dropping event because there is no touchable window at (451, 1050).
E/OMX-VDEC-1080P( 1018): Unable to convey fps info to driver,                             performance might be affected
W/[ALVR NATIVE-RUST]( 9527): Video frame queue overflow!
E/CHIUSECASE(  755): chxutils.cpp:1055 FillCameraId() FillCameraId 1 
I/InputDispatcher( 1294): Dropping event because there is no touchable window at (451, 1050).
E/CHIUSECASE(  755): chxutils.cpp:1055 FillCameraId() FillCameraId 1 
E/OMX-VDEC-1080P( 1018): Unable to convey fps info to driver,                             performance might be affected
W/[ALVR NATIVE-RUST]( 9527): Video frame queue overflow!
E/OMX-VDEC-1080P( 1018): Unable to convey fps info to driver,                             performance might be affected
E/CHIUSECASE(  755): chxutils.cpp:1055 FillCameraId() FillCameraId 1 
W/[ALVR NATIVE-RUST]( 9527): Video frame queue overflow!
E/CHIUSECASE(  755): chxutils.cpp:1055 FillCameraId() FillCameraId 1 
I/InputDispatcher( 1294): Dropping event because there is no touchable window at (451, 1050).
E/DispSync(  798): Duration <27.850000 ms> is out of range, resync
E/CHIUSECASE(  755): chxutils.cpp:1055 FillCameraId() FillCameraId 1 
I/InputDispatcher( 1294): Dropping event because there is no touchable window at (451, 1050).
E/OMX-VDEC-1080P( 1018): Unable to convey fps info to driver,                             performance might be affected
W/[ALVR NATIVE-RUST]( 9527): Video frame queue overflow!
E/OMX-VDEC-1080P( 1018): Unable to convey fps info to driver,                             performance might be affected
W/[ALVR NATIVE-RUST]( 9527): Video frame queue overflow!
E/CHIUSECASE(  755): chxutils.cpp:1055 FillCameraId() FillCameraId 1 
I/InputDispatcher( 1294): Dropping event because there is no touchable window at (451, 1050).
E/OMX-VDEC-1080P( 1018): Unable to convey fps info to driver,                             performance might be affected
W/[ALVR NATIVE-RUST]( 9527): Video frame queue overflow!
E/CHIUSECASE(  755): chxutils.cpp:1055 FillCameraId() FillCameraId 1 
I/InputDispatcher( 1294): Dropping event because there is no touchable window at (451, 1050).
E/OMX-VDEC-1080P( 1018): Unable to convey fps info to driver,                             performance might be affected
E/CHIUSECASE(  755): chxutils.cpp:1055 FillCameraId() FillCameraId 1 
W/[ALVR NATIVE-RUST]( 9527): Video frame queue overflow!
I/InputDispatcher( 1294): Dropping event because there is no touchable window at (451, 1050).
E/OMX-VDEC-1080P( 1018): Unable to convey fps info to driver,                             performance might be affected
E/CHIUSECASE(  755): chxutils.cpp:1055 FillCameraId() FillCameraId 1 
W/[ALVR NATIVE-RUST]( 9527): Video frame queue overflow!
E/DispSync(  798): Duration <27.851000 ms> is out of range, resync
E/CHIUSECASE(  755): chxutils.cpp:1055 FillCameraId() FillCameraId 1 
I/InputDispatcher( 1294): Dropping event because there is no touchable window at (451, 1050).
E/OMX-VDEC-1080P( 1018): Unable to convey fps info to driver,                             performance might be affected
W/[ALVR NATIVE-RUST]( 9527): Video frame queue overflow!
E/CHIUSECASE(  755): chxutils.cpp:1055 FillCameraId() FillCameraId 1 
I/InputDispatcher( 1294): Dropping event because there is no touchable window at (451, 1050).
E/OMX-VDEC-1080P( 1018): Unable to convey fps info to driver,                             performance might be affected
W/[ALVR NATIVE-RUST]( 9527): Video frame queue overflow!
E/CHIUSECASE(  755): chxutils.cpp:1055 FillCameraId() FillCameraId 1 
E/OMX-VDEC-1080P( 1018): Unable to convey fps info to driver,                             performance might be affected
I/InputDispatcher( 1294): Dropping event because there is no touchable window at (451, 1050).
W/[ALVR NATIVE-RUST]( 9527): Video frame queue overflow!
E/CHIUSECASE(  755): chxutils.cpp:1055 FillCameraId() FillCameraId 1 
E/CHIUSECASE(  755): chxutils.cpp:1055 FillCameraId() FillCameraId 1 
I/InputDispatcher( 1294): Dropping event because there is no touchable window at (451, 1050).
E/OMX-VDEC-1080P( 1018): Unable to convey fps info to driver,                             performance might be affected
E/DispSync(  798): Duration <27.863001 ms> is out of range, resync
W/[ALVR NATIVE-RUST]( 9527): Video frame queue overflow!
E/CHIUSECASE(  755): chxutils.cpp:1055 FillCameraId() FillCameraId 1 
I/InputDispatcher( 1294): Dropping event because there is no touchable window at (451, 1050).
E/OMX-VDEC-1080P( 1018): Unable to convey fps info to driver,                             performance might be affected
W/[ALVR NATIVE-RUST]( 9527): Video frame queue overflow!
E/CHIUSECASE(  755): chxutils.cpp:1055 FillCameraId() FillCameraId 1 
E/OMX-VDEC-1080P( 1018): Unable to convey fps info to driver,                             performance might be affected
W/[ALVR NATIVE-RUST]( 9527): Video frame queue overflow!
E/CHIUSECASE(  755): chxutils.cpp:1055 FillCameraId() FillCameraId 1 
E/OMX-VDEC-1080P( 1018): Unable to convey fps info to driver,                             performance might be affected
I/InputDispatcher( 1294): Dropping event because there is no touchable window at (451, 1050).
E/CHIUSECASE(  755): chxutils.cpp:1055 FillCameraId() FillCameraId 1 
W/[ALVR NATIVE-RUST]( 9527): Video frame queue overflow!
I/InputDispatcher( 1294): Dropping event because there is no touchable window at (451, 1050).
E/CHIUSECASE(  755): chxutils.cpp:1055 FillCameraId() FillCameraId 1 
E/OMX-VDEC-1080P( 1018): Unable to convey fps info to driver,                             performance might be affected
W/[ALVR NATIVE-RUST]( 9527): Video frame queue overflow!
E/DispSync(  798): Duration <27.851999 ms> is out of range, resync
E/CHIUSECASE(  755): chxutils.cpp:1055 FillCameraId() FillCameraId 1 
I/InputDispatcher( 1294): Dropping event because there is no touchable window at (451, 1050).
E/OMX-VDEC-1080P( 1018): Unable to convey fps info to driver,                             performance might be affected
W/[ALVR NATIVE-RUST]( 9527): Video frame queue overflow!
E/CHIUSECASE(  755): chxutils.cpp:1055 FillCameraId() FillCameraId 1 
D/PvrPlatform( 5931): Already keep stationary state for 0 secend
I/InputDispatcher( 1294): Dropping event because there is no touchable window at (452, 1050).
E/CHIUSECASE(  755): chxutils.cpp:1055 FillCameraId() FillCameraId 1 
I/InputDispatcher( 1294): Dropping event because there is no touchable window at (452, 1050).
E/CHIUSECASE(  755): chxutils.cpp:1055 FillCameraId() FillCameraId 1 
E/OMX-VDEC-1080P( 1018): Unable to convey fps info to driver,                             performance might be affected
W/[ALVR NATIVE-RUST]( 9527): Video frame queue overflow!
E/CHIUSECASE(  755): chxutils.cpp:1055 FillCameraId() FillCameraId 1 
I/InputDispatcher( 1294): Dropping event because there is no touchable window at (452, 1050).
E/OMX-VDEC-1080P( 1018): Unable to convey fps info to driver,                             performance might be affected
E/DispSync(  798): Duration <27.891001 ms> is out of range, resync
W/[ALVR NATIVE-RUST]( 9527): Video frame queue overflow!
E/CHIUSECASE(  755): chxutils.cpp:1055 FillCameraId() FillCameraId 1 
W/[ALVR NATIVE-RUST]( 9527): Video frame queue overflow!
I/InputDispatcher( 1294): Dropping event because there is no touchable window at (452, 1050).
E/OMX-VDEC-1080P( 1018): Unable to convey fps info to driver,                             performance might be affected
W/[ALVR NATIVE-RUST]( 9527): Video frame queue overflow!
E/CHIUSECASE(  755): chxutils.cpp:1055 FillCameraId() FillCameraId 1 
I/InputDispatcher( 1294): Dropping event because there is no touchable window at (452, 1050).
E/OMX-VDEC-1080P( 1018): Unable to convey fps info to driver,                             performance might be affected
W/[ALVR NATIVE-RUST]( 9527): Video frame queue overflow!
E/CHIUSECASE(  755): chxutils.cpp:1055 FillCameraId() FillCameraId 1 
I/InputDispatcher( 1294): Dropping event because there is no touchable window at (452, 1050).
E/CHIUSECASE(  755): chxutils.cpp:1055 FillCameraId() FillCameraId 1 
E/DispSync(  798): Duration <27.827999 ms> is out of range, resync
E/OMX-VDEC-1080P( 1018): Unable to convey fps info to driver,                             performance might be affected
W/[ALVR NATIVE-RUST]( 9527): Video frame queue overflow!
E/CHIUSECASE(  755): chxutils.cpp:1055 FillCameraId() FillCameraId 1 
I/InputDispatcher( 1294): Dropping event because there is no touchable window at (452, 1050).
E/OMX-VDEC-1080P( 1018): Unable to convey fps info to driver,                             performance might be affected
W/[ALVR NATIVE-RUST]( 9527): Video frame queue overflow!
E/CHIUSECASE(  755): chxutils.cpp:1055 FillCameraId() FillCameraId 1 
E/OMX-VDEC-1080P( 1018): Unable to convey fps info to driver,                             performance might be affected
W/[ALVR NATIVE-RUST]( 9527): Video frame queue overflow!
I/InputDispatcher( 1294): Dropping event because there is no touchable window at (452, 1050).
E/CHIUSECASE(  755): chxutils.cpp:1055 FillCameraId() FillCameraId 1 
I/InputDispatcher( 1294): Dropping event because there is no touchable window at (452, 1050).
E/DispSync(  798): Duration <27.849001 ms> is out of range, resync
E/CHIUSECASE(  755): chxutils.cpp:1055 FillCameraId() FillCameraId 1 
E/OMX-VDEC-1080P( 1018): Unable to convey fps info to driver,                             performance might be affected
W/[ALVR NATIVE-RUST]( 9527): Video frame queue overflow!
I/InputDispatcher( 1294): Dropping event because there is no touchable window at (452, 1050).
E/CHIUSECASE(  755): chxutils.cpp:1055 FillCameraId() FillCameraId 1 
E/OMX-VDEC-1080P( 1018): Unable to convey fps info to driver,                             performance might be affected
I/P2ALVR-native( 9527): REAL_TIME_CONFIG: no foveation change
W/[ALVR NATIVE-RUST]( 9527): Video frame queue overflow!
E/CHIUSECASE(  755): chxutils.cpp:1055 FillCameraId() FillCameraId 1 
E/OMX-VDEC-1080P( 1018): Unable to convey fps info to driver,                             performance might be affected
W/[ALVR NATIVE-RUST]( 9527): Video frame queue overflow!
E/CHIUSECASE(  755): chxutils.cpp:1055 FillCameraId() FillCameraId 1 
I/InputDispatcher( 1294): Dropping event because there is no touchable window at (452, 1050).
E/OMX-VDEC-1080P( 1018): Unable to convey fps info to driver,                             performance might be affected
W/[ALVR NATIVE-RUST]( 9527): Video frame queue overflow!
E/DispSync(  798): Duration <27.834000 ms> is out of range, resync
E/CHIUSECASE(  755): chxutils.cpp:1055 FillCameraId() FillCameraId 1 
I/InputDispatcher( 1294): Dropping event because there is no touchable window at (452, 1050).
E/OMX-VDEC-1080P( 1018): Unable to convey fps info to driver,                             performance might be affected
E/CHIUSECASE(  755): chxutils.cpp:1055 FillCameraId() FillCameraId 1 
W/[ALVR NATIVE-RUST]( 9527): Video frame queue overflow!
E/CHIUSECASE(  755): chxutils.cpp:1055 FillCameraId() FillCameraId 1 
I/InputDispatcher( 1294): Dropping event because there is no touchable window at (452, 1050).
E/OMX-VDEC-1080P( 1018): Unable to convey fps info to driver,                             performance might be affected
W/[ALVR NATIVE-RUST]( 9527): Video frame queue overflow!
E/CHIUSECASE(  755): chxutils.cpp:1055 FillCameraId() FillCameraId 1 
E/OMX-VDEC-1080P( 1018): Unable to convey fps info to driver,                             performance might be affected
I/InputDispatcher( 1294): Dropping event because there is no touchable window at (452, 1050).
W/[ALVR NATIVE-RUST]( 9527): Video frame queue overflow!
E/DispSync(  798): Duration <27.802999 ms> is out of range, resync
E/CHIUSECASE(  755): chxutils.cpp:1055 FillCameraId() FillCameraId 1 
I/InputDispatcher( 1294): Dropping event because there is no touchable window at (452, 1050).
E/OMX-VDEC-1080P( 1018): Unable to convey fps info to driver,                             performance might be affected
W/[ALVR NATIVE-RUST]( 9527): Video frame queue overflow!
E/CHIUSECASE(  755): chxutils.cpp:1055 FillCameraId() FillCameraId 1 
E/OMX-VDEC-1080P( 1018): Unable to convey fps info to driver,                             performance might be affected
I/InputDispatcher( 1294): Dropping event because there is no touchable window at (452, 1050).
W/[ALVR NATIVE-RUST]( 9527): Video frame queue overflow!
E/CHIUSECASE(  755): chxutils.cpp:1055 FillCameraId() FillCameraId 1 
I/InputDispatcher( 1294): Dropping event because there is no touchable window at (452, 1050).
E/OMX-VDEC-1080P( 1018): Unable to convey fps info to driver,                             performance might be affected
W/[ALVR NATIVE-RUST]( 9527): Video frame queue overflow!
E/CHIUSECASE(  755): chxutils.cpp:1055 FillCameraId() FillCameraId 1 
I/InputDispatcher( 1294): Dropping event because there is no touchable window at (453, 1050).
E/OMX-VDEC-1080P( 1018): Unable to convey fps info to driver,                             performance might be affected
E/CHIUSECASE(  755): chxutils.cpp:1055 FillCameraId() FillCameraId 1 
W/[ALVR NATIVE-RUST]( 9527): Video frame queue overflow!
E/CHIUSECASE(  755): chxutils.cpp:1055 FillCameraId() FillCameraId 1 
I/InputDispatcher( 1294): Dropping event because there is no touchable window at (453, 1050).
E/DispSync(  798): Duration <27.833000 ms> is out of range, resync
E/OMX-VDEC-1080P( 1018): Unable to convey fps info to driver,                             performance might be affected
W/[ALVR NATIVE-RUST]( 9527): Video frame queue overflow!
E/CHIUSECASE(  755): chxutils.cpp:1055 FillCameraId() FillCameraId 1 
I/InputDispatcher( 1294): Dropping event because there is no touchable window at (453, 1050).
E/OMX-VDEC-1080P( 1018): Unable to convey fps info to driver,                             performance might be affected
W/[ALVR NATIVE-RUST]( 9527): Video frame queue overflow!
E/CHIUSECASE(  755): chxutils.cpp:1055 FillCameraId() FillCameraId 1 
I/InputDispatcher( 1294): Dropping event because there is no touchable window at (453, 1050).
E/OMX-VDEC-1080P( 1018): Unable to convey fps info to driver,                             performance might be affected
W/[ALVR NATIVE-RUST]( 9527): Video frame queue overflow!
E/CHIUSECASE(  755): chxutils.cpp:1055 FillCameraId() FillCameraId 1 
I/InputDispatcher( 1294): Dropping event because there is no touchable window at (453, 1050).
E/CHIUSECASE(  755): chxutils.cpp:1055 FillCameraId() FillCameraId 1 
E/OMX-VDEC-1080P( 1018): Unable to convey fps info to driver,                             performance might be affected
W/[ALVR NATIVE-RUST]( 9527): Video frame queue overflow!
E/CHIUSECASE(  755): chxutils.cpp:1055 FillCameraId() FillCameraId 1 
E/OMX-VDEC-1080P( 1018): Unable to convey fps info to driver,                             performance might be affected
W/[ALVR NATIVE-RUST]( 9527): Video frame queue overflow!
I/InputDispatcher( 1294): Dropping event because there is no touchable window at (453, 1050).
E/CHIUSECASE(  755): chxutils.cpp:1055 FillCameraId() FillCameraId 1 
I/InputDispatcher( 1294): Dropping event because there is no touchable window at (453, 1050).
E/OMX-VDEC-1080P( 1018): Unable to convey fps info to driver,                             performance might be affected
E/DispSync(  798): Duration <27.808001 ms> is out of range, resync
W/[ALVR NATIVE-RUST]( 9527): Video frame queue overflow!
E/CHIUSECASE(  755): chxutils.cpp:1055 FillCameraId() FillCameraId 1 
E/OMX-VDEC-1080P( 1018): Unable to convey fps info to driver,                             performance might be affected
W/[ALVR NATIVE-RUST]( 9527): Video frame queue overflow!
E/CHIUSECASE(  755): chxutils.cpp:1055 FillCameraId() FillCameraId 1 
E/CHIUSECASE(  755): chxutils.cpp:1055 FillCameraId() FillCameraId 1 
I/InputDispatcher( 1294): Dropping event because there is no touchable window at (453, 1050).
E/OMX-VDEC-1080P( 1018): Unable to convey fps info to driver,                             performance might be affected
W/[ALVR NATIVE-RUST]( 9527): Video frame queue overflow!
E/CHIUSECASE(  755): chxutils.cpp:1055 FillCameraId() FillCameraId 1 
E/OMX-VDEC-1080P( 1018): Unable to convey fps info to driver,                             performance might be affected
I/InputDispatcher( 1294): Dropping event because there is no touchable window at (453, 1050).
W/[ALVR NATIVE-RUST]( 9527): Video frame queue overflow!
E/DispSync(  798): Duration <27.881001 ms> is out of range, resync
E/CHIUSECASE(  755): chxutils.cpp:1055 FillCameraId() FillCameraId 1 
I/InputDispatcher( 1294): Dropping event because there is no touchable window at (453, 1050).
E/OMX-VDEC-1080P( 1018): Unable to convey fps info to driver,                             performance might be affected
E/CHIUSECASE(  755): chxutils.cpp:1055 FillCameraId() FillCameraId 1 
W/[ALVR NATIVE-RUST]( 9527): Video frame queue overflow!
V//vendor/bin/cdsprpcd( 1003): vendor/qcom/proprietary/adsprpc/src/sysmon_cdsp_imp.c:45: Got L3 frequency request from CDSP for 0KHz
E/OMX-VDEC-1080P( 1018): Unable to convey fps info to driver,                             performance might be affected
I/InputDispatcher( 1294): Dropping event because there is no touchable window at (453, 1050).
W/[ALVR NATIVE-RUST]( 9527): Video frame queue overflow!
E/CHIUSECASE(  755): chxutils.cpp:1055 FillCameraId() FillCameraId 1 
E/CHIUSECASE(  755): chxutils.cpp:1055 FillCameraId() FillCameraId 1 
I/InputDispatcher( 1294): Dropping event because there is no touchable window at (453, 1050).
E/OMX-VDEC-1080P( 1018): Unable to convey fps info to driver,                             performance might be affected
W/[ALVR NATIVE-RUST]( 9527): Video frame queue overflow!
E/CHIUSECASE(  755): chxutils.cpp:1055 FillCameraId() FillCameraId 1 
I/InputDispatcher( 1294): Dropping event because there is no touchable window at (453, 1050).
E/OMX-VDEC-1080P( 1018): Unable to convey fps info to driver,                             performance might be affected
W/[ALVR NATIVE-RUST]( 9527): Video frame queue overflow!
E/DispSync(  798): Duration <27.826000 ms> is out of range, resync
E/CHIUSECASE(  755): chxutils.cpp:1055 FillCameraId() FillCameraId 1 
E/OMX-VDEC-1080P( 1018): Unable to convey fps info to driver,                             performance might be affected
W/[ALVR NATIVE-RUST]( 9527): Video frame queue overflow!
I/InputDispatcher( 1294): Dropping event because there is no touchable window at (453, 1050).
E/CHIUSECASE(  755): chxutils.cpp:1055 FillCameraId() FillCameraId 1 
E/OMX-VDEC-1080P( 1018): Unable to convey fps info to driver,                             performance might be affected
I/InputDispatcher( 1294): Dropping event because there is no touchable window at (453, 1050).
W/[ALVR NATIVE-RUST]( 9527): Video frame queue overflow!
E/CHIUSECASE(  755): chxutils.cpp:1055 FillCameraId() FillCameraId 1 
I/InputDispatcher( 1294): Dropping event because there is no touchable window at (453, 1050).
E/CHIUSECASE(  755): chxutils.cpp:1055 FillCameraId() FillCameraId 1 
E/OMX-VDEC-1080P( 1018): Unable to convey fps info to driver,                             performance might be affected
W/[ALVR NATIVE-RUST]( 9527): Video frame queue overflow!
E/CHIUSECASE(  755): chxutils.cpp:1055 FillCameraId() FillCameraId 1 
I/InputDispatcher( 1294): Dropping event because there is no touchable window at (453, 1050).
E/OMX-VDEC-1080P( 1018): Unable to convey fps info to driver,                             performance might be affected
W/[ALVR NATIVE-RUST]( 9527): Video frame queue overflow!
E/DispSync(  798): Duration <27.856001 ms> is out of range, resync
E/CHIUSECASE(  755): chxutils.cpp:1055 FillCameraId() FillCameraId 1 
E/OMX-VDEC-1080P( 1018): Unable to convey fps info to driver,                             performance might be affected
W/[ALVR NATIVE-RUST]( 9527): Video frame queue overflow!
I/InputDispatcher( 1294): Dropping event because there is no touchable window at (453, 1051).
E/CHIUSECASE(  755): chxutils.cpp:1055 FillCameraId() FillCameraId 1 
E/CHIUSECASE(  755): chxutils.cpp:1055 FillCameraId() FillCameraId 1 
E/OMX-VDEC-1080P( 1018): Unable to convey fps info to driver,                             performance might be affected
W/[ALVR NATIVE-RUST]( 9527): Video frame queue overflow!
E/CHIUSECASE(  755): chxutils.cpp:1055 FillCameraId() FillCameraId 1 
I/InputDispatcher( 1294): Dropping event because there is no touchable window at (454, 1051).
E/OMX-VDEC-1080P( 1018): Unable to convey fps info to driver,                             performance might be affected
W/[ALVR NATIVE-RUST]( 9527): Video frame queue overflow!
E/CHIUSECASE(  755): chxutils.cpp:1055 FillCameraId() FillCameraId 1 
E/OMX-VDEC-1080P( 1018): Unable to convey fps info to driver,                             performance might be affected
E/DispSync(  798): Duration <27.862000 ms> is out of range, resync
W/[ALVR NATIVE-RUST]( 9527): Video frame queue overflow!
E/CHIUSECASE(  755): chxutils.cpp:1055 FillCameraId() FillCameraId 1 
E/OMX-VDEC-1080P( 1018): Unable to convey fps info to driver,                             performance might be affected
W/[ALVR NATIVE-RUST]( 9527): Video frame queue overflow!
I/InputDispatcher( 1294): Dropping event because there is no touchable window at (454, 1051).
E/CHIUSECASE(  755): chxutils.cpp:1055 FillCameraId() FillCameraId 1 
E/OMX-VDEC-1080P( 1018): Unable to convey fps info to driver,                             performance might be affected
I/InputDispatcher( 1294): Dropping event because there is no touchable window at (454, 1051).
W/[ALVR NATIVE-RUST]( 9527): Video frame queue overflow!
E/CHIUSECASE(  755): chxutils.cpp:1055 FillCameraId() FillCameraId 1 
I/InputDispatcher( 1294): Dropping event because there is no touchable window at (454, 1051).
E/CHIUSECASE(  755): chxutils.cpp:1055 FillCameraId() FillCameraId 1 
E/OMX-VDEC-1080P( 1018): Unable to convey fps info to driver,                             performance might be affected
W/[ALVR NATIVE-RUST]( 9527): Video frame queue overflow!
E/CHIUSECASE(  755): chxutils.cpp:1055 FillCameraId() FillCameraId 1 
I/InputDispatcher( 1294): Dropping event because there is no touchable window at (454, 1051).
E/OMX-VDEC-1080P( 1018): Unable to convey fps info to driver,                             performance might be affected
E/DispSync(  798): Duration <27.853001 ms> is out of range, resync
W/[ALVR NATIVE-RUST]( 9527): Video frame queue overflow!
E/CHIUSECASE(  755): chxutils.cpp:1055 FillCameraId() FillCameraId 1 
E/OMX-VDEC-1080P( 1018): Unable to convey fps info to driver,                             performance might be affected
W/[ALVR NATIVE-RUST]( 9527): Video frame queue overflow!
I/InputDispatcher( 1294): Dropping event because there is no touchable window at (454, 1051).
E/CHIUSECASE(  755): chxutils.cpp:1055 FillCameraId() FillCameraId 1 
E/OMX-VDEC-1080P( 1018): Unable to convey fps info to driver,                             performance might be affected
W/[ALVR NATIVE-RUST]( 9527): Video frame queue overflow!
E/CHIUSECASE(  755): chxutils.cpp:1055 FillCameraId() FillCameraId 1 
E/CHIUSECASE(  755): chxutils.cpp:1055 FillCameraId() FillCameraId 1 
I/InputDispatcher( 1294): Dropping event because there is no touchable window at (454, 1051).
E/OMX-VDEC-1080P( 1018): Unable to convey fps info to driver,                             performance might be affected
W/[ALVR NATIVE-RUST]( 9527): Video frame queue overflow!
E/CHIUSECASE(  755): chxutils.cpp:1055 FillCameraId() FillCameraId 1 
E/OMX-VDEC-1080P( 1018): Unable to convey fps info to driver,                             performance might be affected
W/[ALVR NATIVE-RUST]( 9527): Video frame queue overflow!
I/InputDispatcher( 1294): Dropping event because there is no touchable window at (454, 1051).
E/DispSync(  798): Duration <27.851000 ms> is out of range, resync
E/CHIUSECASE(  755): chxutils.cpp:1055 FillCameraId() FillCameraId 1 
E/OMX-VDEC-1080P( 1018): Unable to convey fps info to driver,                             performance might be affected
I/InputDispatcher( 1294): Dropping event because there is no touchable window at (454, 1051).
W/[ALVR NATIVE-RUST]( 9527): Video frame queue overflow!
E/CHIUSECASE(  755): chxutils.cpp:1055 FillCameraId() FillCameraId 1 
E/CHIUSECASE(  755): chxutils.cpp:1055 FillCameraId() FillCameraId 1 
I/InputDispatcher( 1294): Dropping event because there is no touchable window at (454, 1051).
E/OMX-VDEC-1080P( 1018): Unable to convey fps info to driver,                             performance might be affected
W/[ALVR NATIVE-RUST]( 9527): Video frame queue overflow!
E/CHIUSECASE(  755): chxutils.cpp:1055 FillCameraId() FillCameraId 1 
E/OMX-VDEC-1080P( 1018): Unable to convey fps info to driver,                             performance might be affected
W/[ALVR NATIVE-RUST]( 9527): Video frame queue overflow!
I/InputDispatcher( 1294): Dropping event because there is no touchable window at (454, 1051).
E/CHIUSECASE(  755): chxutils.cpp:1055 FillCameraId() FillCameraId 1 
I/InputDispatcher( 1294): Dropping event because there is no touchable window at (454, 1051).
E/OMX-VDEC-1080P( 1018): Unable to convey fps info to driver,                             performance might be affected
W/[ALVR NATIVE-RUST]( 9527): Video frame queue overflow!
E/DispSync(  798): Duration <27.848000 ms> is out of range, resync
E/CHIUSECASE(  755): chxutils.cpp:1055 FillCameraId() FillCameraId 1 
E/OMX-VDEC-1080P( 1018): Unable to convey fps info to driver,                             performance might be affected
W/[ALVR NATIVE-RUST]( 9527): Video frame queue overflow!
I/InputDispatcher( 1294): Dropping event because there is no touchable window at (454, 1051).
E/CHIUSECASE(  755): chxutils.cpp:1055 FillCameraId() FillCameraId 1 
I/InputDispatcher( 1294): Dropping event because there is no touchable window at (454, 1051).
E/OMX-VDEC-1080P( 1018): Unable to convey fps info to driver,                             performance might be affected
W/[ALVR NATIVE-RUST]( 9527): Video frame queue overflow!
E/CHIUSECASE(  755): chxutils.cpp:1055 FillCameraId() FillCameraId 1 
E/OMX-VDEC-1080P( 1018): Unable to convey fps info to driver,                             performance might be affected
W/[ALVR NATIVE-RUST]( 9527): Video frame queue overflow!
E/CHIUSECASE(  755): chxutils.cpp:1055 FillCameraId() FillCameraId 1 
E/CHIUSECASE(  755): chxutils.cpp:1055 FillCameraId() FillCameraId 1 
E/OMX-VDEC-1080P( 1018): Unable to convey fps info to driver,                             performance might be affected
I/InputDispatcher( 1294): Dropping event because there is no touchable window at (454, 1051).
W/[ALVR NATIVE-RUST]( 9527): Video frame queue overflow!
E/CHIUSECASE(  755): chxutils.cpp:1055 FillCameraId() FillCameraId 1 
E/OMX-VDEC-1080P( 1018): Unable to convey fps info to driver,                             performance might be affected
W/[ALVR NATIVE-RUST]( 9527): Video frame queue overflow!
I/InputDispatcher( 1294): Dropping event because there is no touchable window at (454, 1051).
E/CHIUSECASE(  755): chxutils.cpp:1055 FillCameraId() FillCameraId 1 
E/DispSync(  798): Duration <27.868999 ms> is out of range, resync
I/InputDispatcher( 1294): Dropping event because there is no touchable window at (454, 1051).
E/CHIUSECASE(  755): chxutils.cpp:1055 FillCameraId() FillCameraId 1 
E/OMX-VDEC-1080P( 1018): Unable to convey fps info to driver,                             performance might be affected
D/SurfaceFlinger(  798): Vsync watchDog is alive
D/SurfaceFlinger(  798): WatchDog:Not sync with hareware reach 0.0 seconds.
W/[ALVR NATIVE-RUST]( 9527): Video frame queue overflow!
E/CHIUSECASE(  755): chxutils.cpp:1055 FillCameraId() FillCameraId 1 
I/InputDispatcher( 1294): Dropping event because there is no touchable window at (454, 1051).
E/OMX-VDEC-1080P( 1018): Unable to convey fps info to driver,                             performance might be affected
W/[ALVR NATIVE-RUST]( 9527): Video frame queue overflow!
E/CHIUSECASE(  755): chxutils.cpp:1055 FillCameraId() FillCameraId 1 
I/InputDispatcher( 1294): Dropping event because there is no touchable window at (455, 1051).
E/OMX-VDEC-1080P( 1018): Unable to convey fps info to driver,                             performance might be affected
W/[ALVR NATIVE-RUST]( 9527): Video frame queue overflow!
E/CHIUSECASE(  755): chxutils.cpp:1055 FillCameraId() FillCameraId 1 
E/OMX-VDEC-1080P( 1018): Unable to convey fps info to driver,                             performance might be affected
I/InputDispatcher( 1294): Dropping event because there is no touchable window at (455, 1051).
W/[ALVR NATIVE-RUST]( 9527): Video frame queue overflow!
E/CHIUSECASE(  755): chxutils.cpp:1055 FillCameraId() FillCameraId 1 
E/OMX-VDEC-1080P( 1018): Unable to convey fps info to driver,                             performance might be affected
W/[ALVR NATIVE-RUST]( 9527): Video frame queue overflow!
I/InputDispatcher( 1294): Dropping event because there is no touchable window at (455, 1051).
E/CHIUSECASE(  755): chxutils.cpp:1055 FillCameraId() FillCameraId 1 
E/CHIUSECASE(  755): chxutils.cpp:1055 FillCameraId() FillCameraId 1 
E/OMX-VDEC-1080P( 1018): Unable to convey fps info to driver,                             performance might be affected
W/[ALVR NATIVE-RUST]( 9527): Video frame queue overflow!
I/InputDispatcher( 1294): Dropping event because there is no touchable window at (455, 1051).
E/DispSync(  798): Duration <27.791000 ms> is out of range, resync
E/CHIUSECASE(  755): chxutils.cpp:1055 FillCameraId() FillCameraId 1 
I/InputDispatcher( 1294): Dropping event because there is no touchable window at (455, 1051).
E/OMX-VDEC-1080P( 1018): Unable to convey fps info to driver,                             performance might be affected
W/[ALVR NATIVE-RUST]( 9527): Video frame queue overflow!
E/CHIUSECASE(  755): chxutils.cpp:1055 FillCameraId() FillCameraId 1 
E/OMX-VDEC-1080P( 1018): Unable to convey fps info to driver,                             performance might be affected
W/[ALVR NATIVE-RUST]( 9527): Video frame queue overflow!
I/InputDispatcher( 1294): Dropping event because there is no touchable window at (455, 1051).
E/CHIUSECASE(  755): chxutils.cpp:1055 FillCameraId() FillCameraId 1 
E/OMX-VDEC-1080P( 1018): Unable to convey fps info to driver,                             performance might be affected
W/[ALVR NATIVE-RUST]( 9527): Video frame queue overflow!
I/InputDispatcher( 1294): Dropping event because there is no touchable window at (455, 1051).
E/CHIUSECASE(  755): chxutils.cpp:1055 FillCameraId() FillCameraId 1 
E/CHIUSECASE(  755): chxutils.cpp:1055 FillCameraId() FillCameraId 1 
E/OMX-VDEC-1080P( 1018): Unable to convey fps info to driver,                             performance might be affected
W/[ALVR NATIVE-RUST]( 9527): Video frame queue overflow!
E/DispSync(  798): Duration <27.837000 ms> is out of range, resync
E/CHIUSECASE(  755): chxutils.cpp:1055 FillCameraId() FillCameraId 1 
E/OMX-VDEC-1080P( 1018): Unable to convey fps info to driver,                             performance might be affected
W/[ALVR NATIVE-RUST]( 9527): Video frame queue overflow!
E/CHIUSECASE(  755): chxutils.cpp:1055 FillCameraId() FillCameraId 1 
E/OMX-VDEC-1080P( 1018): Unable to convey fps info to driver,                             performance might be affected
W/[ALVR NATIVE-RUST]( 9527): Video frame queue overflow!
I/InputDispatcher( 1294): Dropping event because there is no touchable window at (455, 1051).
E/CHIUSECASE(  755): chxutils.cpp:1055 FillCameraId() FillCameraId 1 
E/OMX-VDEC-1080P( 1018): Unable to convey fps info to driver,                             performance might be affected
W/[ALVR NATIVE-RUST]( 9527): Video frame queue overflow!
E/CHIUSECASE(  755): chxutils.cpp:1055 FillCameraId() FillCameraId 1 
E/CHIUSECASE(  755): chxutils.cpp:1055 FillCameraId() FillCameraId 1 
E/OMX-VDEC-1080P( 1018): Unable to convey fps info to driver,                             performance might be affected
W/[ALVR NATIVE-RUST]( 9527): Video frame queue overflow!
I/InputDispatcher( 1294): Dropping event because there is no touchable window at (455, 1051).
E/CHIUSECASE(  755): chxutils.cpp:1055 FillCameraId() FillCameraId 1 
E/OMX-VDEC-1080P( 1018): Unable to convey fps info to driver,                             performance might be affected
W/[ALVR NATIVE-RUST]( 9527): Video frame queue overflow!
I/InputDispatcher( 1294): Dropping event because there is no touchable window at (455, 1051).
E/CHIUSECASE(  755): chxutils.cpp:1055 FillCameraId() FillCameraId 1 
D/PvrPlatform( 5931): Already keep stationary state for 0 secend
E/OMX-VDEC-1080P( 1018): Unable to convey fps info to driver,                             performance might be affected
I/InputDispatcher( 1294): Dropping event because there is no touchable window at (455, 1051).
W/[ALVR NATIVE-RUST]( 9527): Video frame queue overflow!
E/CHIUSECASE(  755): chxutils.cpp:1055 FillCameraId() FillCameraId 1 
E/DispSync(  798): Duration <27.806000 ms> is out of range, resync
E/OMX-VDEC-1080P( 1018): Unable to convey fps info to driver,                             performance might be affected
W/[ALVR NATIVE-RUST]( 9527): Video frame queue overflow!
E/CHIUSECASE(  755): chxutils.cpp:1055 FillCameraId() FillCameraId 1 
I/InputDispatcher( 1294): Dropping event because there is no touchable window at (455, 1051).
E/CHIUSECASE(  755): chxutils.cpp:1055 FillCameraId() FillCameraId 1 
E/OMX-VDEC-1080P( 1018): Unable to convey fps info to driver,                             performance might be affected
W/[ALVR NATIVE-RUST]( 9527): Video frame queue overflow!
I/InputDispatcher( 1294): Dropping event because there is no touchable window at (455, 1051).
E/CHIUSECASE(  755): chxutils.cpp:1055 FillCameraId() FillCameraId 1 
E/OMX-VDEC-1080P( 1018): Unable to convey fps info to driver,                             performance might be affected
W/[ALVR NATIVE-RUST]( 9527): Video frame queue overflow!
I/InputDispatcher( 1294): Dropping event because there is no touchable window at (455, 1051).
D/NtpTrustedTime( 1294): currentTimeMillis() cache hit
E/CHIUSECASE(  755): chxutils.cpp:1055 FillCameraId() FillCameraId 1 
I/InputDispatcher( 1294): Dropping event because there is no touchable window at (455, 1051).
D/NtpTrustedTime( 1294): currentTimeMillis() cache hit
E/DispSync(  798): Duration <27.846001 ms> is out of range, resync
E/CHIUSECASE(  755): chxutils.cpp:1055 FillCameraId() FillCameraId 1 
E/OMX-VDEC-1080P( 1018): Unable to convey fps info to driver,                             performance might be affected
W/[ALVR NATIVE-RUST]( 9527): Video frame queue overflow!
E/CHIUSECASE(  755): chxutils.cpp:1055 FillCameraId() FillCameraId 1 
E/OMX-VDEC-1080P( 1018): Unable to convey fps info to driver,                             performance might be affected
W/[ALVR NATIVE-RUST]( 9527): Video frame queue overflow!
E/OMX-VDEC-1080P( 1018): Unable to convey fps info to driver,                             performance might be affected
E/CHIUSECASE(  755): chxutils.cpp:1055 FillCameraId() FillCameraId 1 
W/[ALVR NATIVE-RUST]( 9527): Video frame queue overflow!
I/InputDispatcher( 1294): Dropping event because there is no touchable window at (455, 1051).
E/CHIUSECASE(  755): chxutils.cpp:1055 FillCameraId() FillCameraId 1 
E/OMX-VDEC-1080P( 1018): Unable to convey fps info to driver,                             performance might be affected
W/[ALVR NATIVE-RUST]( 9527): Video frame queue overflow!
E/CHIUSECASE(  755): chxutils.cpp:1055 FillCameraId() FillCameraId 1 
I/InputDispatcher( 1294): Dropping event because there is no touchable window at (456, 1051).
E/OMX-VDEC-1080P( 1018): Unable to convey fps info to driver,                             performance might be affected
W/[ALVR NATIVE-RUST]( 9527): Video frame queue overflow!
E/CHIUSECASE(  755): chxutils.cpp:1055 FillCameraId() FillCameraId 1 
E/DispSync(  798): Duration <27.833000 ms> is out of range, resync
E/OMX-VDEC-1080P( 1018): Unable to convey fps info to driver,                             performance might be affected
W/[ALVR NATIVE-RUST]( 9527): Video frame queue overflow!
E/CHIUSECASE(  755): chxutils.cpp:1055 FillCameraId() FillCameraId 1 
E/OMX-VDEC-1080P( 1018): Unable to convey fps info to driver,                             performance might be affected
W/[ALVR NATIVE-RUST]( 9527): Video frame queue overflow!
E/CHIUSECASE(  755): chxutils.cpp:1055 FillCameraId() FillCameraId 1 
I/InputDispatcher( 1294): Dropping event because there is no touchable window at (456, 1052).
I/P2ALVR-native( 9527): REAL_TIME_CONFIG: no foveation change
E/CHIUSECASE(  755): chxutils.cpp:1055 FillCameraId() FillCameraId 1 
I/InputDispatcher( 1294): Dropping event because there is no touchable window at (456, 1052).
E/OMX-VDEC-1080P( 1018): Unable to convey fps info to driver,                             performance might be affected
W/[ALVR NATIVE-RUST]( 9527): Video frame queue overflow!
E/CHIUSECASE(  755): chxutils.cpp:1055 FillCameraId() FillCameraId 1 
E/OMX-VDEC-1080P( 1018): Unable to convey fps info to driver,                             performance might be affected
W/[ALVR NATIVE-RUST]( 9527): Video frame queue overflow!
E/CHIUSECASE(  755): chxutils.cpp:1055 FillCameraId() FillCameraId 1 
E/DispSync(  798): Duration <27.854000 ms> is out of range, resync
E/OMX-VDEC-1080P( 1018): Unable to convey fps info to driver,                             performance might be affected
E/CHIUSECASE(  755): chxutils.cpp:1055 FillCameraId() FillCameraId 1 
W/[ALVR NATIVE-RUST]( 9527): Video frame queue overflow!
I/InputDispatcher( 1294): Dropping event because there is no touchable window at (456, 1052).
E/CHIUSECASE(  755): chxutils.cpp:1055 FillCameraId() FillCameraId 1 
E/OMX-VDEC-1080P( 1018): Unable to convey fps info to driver,                             performance might be affected
W/[ALVR NATIVE-RUST]( 9527): Video frame queue overflow!
E/CHIUSECASE(  755): chxutils.cpp:1055 FillCameraId() FillCameraId 1 
E/OMX-VDEC-1080P( 1018): Unable to convey fps info to driver,                             performance might be affected
W/[ALVR NATIVE-RUST]( 9527): Video frame queue overflow!
I/InputDispatcher( 1294): Dropping event because there is no touchable window at (456, 1052).
E/CHIUSECASE(  755): chxutils.cpp:1055 FillCameraId() FillCameraId 1 
E/OMX-VDEC-1080P( 1018): Unable to convey fps info to driver,                             performance might be affected
I/InputDispatcher( 1294): Dropping event because there is no touchable window at (456, 1052).
W/[ALVR NATIVE-RUST]( 9527): Video frame queue overflow!
E/DispSync(  798): Duration <27.847000 ms> is out of range, resync
E/CHIUSECASE(  755): chxutils.cpp:1055 FillCameraId() FillCameraId 1 
E/OMX-VDEC-1080P( 1018): Unable to convey fps info to driver,                             performance might be affected
W/[ALVR NATIVE-RUST]( 9527): Video frame queue overflow!
I/InputDispatcher( 1294): Dropping event because there is no touchable window at (456, 1052).
E/CHIUSECASE(  755): chxutils.cpp:1055 FillCameraId() FillCameraId 1 
E/OMX-VDEC-1080P( 1018): Unable to convey fps info to driver,                             performance might be affected
E/CHIUSECASE(  755): chxutils.cpp:1055 FillCameraId() FillCameraId 1 
W/[ALVR NATIVE-RUST]( 9527): Video frame queue overflow!
I/InputDispatcher( 1294): Dropping event because there is no touchable window at (456, 1052).
E/CHIUSECASE(  755): chxutils.cpp:1055 FillCameraId() FillCameraId 1 
E/OMX-VDEC-1080P( 1018): Unable to convey fps info to driver,                             performance might be affected
W/[ALVR NATIVE-RUST]( 9527): Video frame queue overflow!
I/InputDispatcher( 1294): Dropping event because there is no touchable window at (456, 1052).
E/DispSync(  798): Duration <27.840000 ms> is out of range, resync
E/CHIUSECASE(  755): chxutils.cpp:1055 FillCameraId() FillCameraId 1 
E/OMX-VDEC-1080P( 1018): Unable to convey fps info to driver,                             performance might be affected
W/[ALVR NATIVE-RUST]( 9527): Video frame queue overflow!
E/CHIUSECASE(  755): chxutils.cpp:1055 FillCameraId() FillCameraId 1 
E/OMX-VDEC-1080P( 1018): Unable to convey fps info to driver,                             performance might be affected
W/[ALVR NATIVE-RUST]( 9527): Video frame queue overflow!
I/InputDispatcher( 1294): Dropping event because there is no touchable window at (456, 1052).
E/CHIUSECASE(  755): chxutils.cpp:1055 FillCameraId() FillCameraId 1 
E/CHIUSECASE(  755): chxutils.cpp:1055 FillCameraId() FillCameraId 1 
E/OMX-VDEC-1080P( 1018): Unable to convey fps info to driver,                             performance might be affected
I/InputDispatcher( 1294): Dropping event because there is no touchable window at (456, 1052).
W/[ALVR NATIVE-RUST]( 9527): Video frame queue overflow!
E/DispSync(  798): Duration <27.875000 ms> is out of range, resync
E/CHIUSECASE(  755): chxutils.cpp:1055 FillCameraId() FillCameraId 1 
E/OMX-VDEC-1080P( 1018): Unable to convey fps info to driver,                             performance might be affected
W/[ALVR NATIVE-RUST]( 9527): Video frame queue overflow!
I/InputDispatcher( 1294): Dropping event because there is no touchable window at (456, 1052).
E/CHIUSECASE(  755): chxutils.cpp:1055 FillCameraId() FillCameraId 1 
E/OMX-VDEC-1080P( 1018): Unable to convey fps info to driver,                             performance might be affected
I/InputDispatcher( 1294): Dropping event because there is no touchable window at (456, 1052).
W/[ALVR NATIVE-RUST]( 9527): Video frame queue overflow!
E/CHIUSECASE(  755): chxutils.cpp:1055 FillCameraId() FillCameraId 1 
E/OMX-VDEC-1080P( 1018): Unable to convey fps info to driver,                             performance might be affected
E/CHIUSECASE(  755): chxutils.cpp:1055 FillCameraId() FillCameraId 1 
I/InputDispatcher( 1294): Dropping event because there is no touchable window at (456, 1052).
W/[ALVR NATIVE-RUST]( 9527): Video frame queue overflow!
E/DispSync(  798): Duration <27.849001 ms> is out of range, resync
E/CHIUSECASE(  755): chxutils.cpp:1055 FillCameraId() FillCameraId 1 
E/OMX-VDEC-1080P( 1018): Unable to convey fps info to driver,                             performance might be affected
I/InputDispatcher( 1294): Dropping event because there is no touchable window at (456, 1052).
W/[ALVR NATIVE-RUST]( 9527): Video frame queue overflow!
E/CHIUSECASE(  755): chxutils.cpp:1055 FillCameraId() FillCameraId 1 
E/OMX-VDEC-1080P( 1018): Unable to convey fps info to driver,                             performance might be affected
W/[ALVR NATIVE-RUST]( 9527): Video frame queue overflow!
E/CHIUSECASE(  755): chxutils.cpp:1055 FillCameraId() FillCameraId 1 
E/OMX-VDEC-1080P( 1018): Unable to convey fps info to driver,                             performance might be affected
W/[ALVR NATIVE-RUST]( 9527): Video frame queue overflow!
I/InputDispatcher( 1294): Dropping event because there is no touchable window at (457, 1052).
E/CHIUSECASE(  755): chxutils.cpp:1055 FillCameraId() FillCameraId 1 
E/OMX-VDEC-1080P( 1018): Unable to convey fps info to driver,                             performance might be affected
W/[ALVR NATIVE-RUST]( 9527): Video frame queue overflow!
E/CHIUSECASE(  755): chxutils.cpp:1055 FillCameraId() FillCameraId 1 
E/DispSync(  798): Duration <27.851000 ms> is out of range, resync
E/CHIUSECASE(  755): chxutils.cpp:1055 FillCameraId() FillCameraId 1 
E/OMX-VDEC-1080P( 1018): Unable to convey fps info to driver,                             performance might be affected
I/InputDispatcher( 1294): Dropping event because there is no touchable window at (457, 1052).
W/[ALVR NATIVE-RUST]( 9527): Video frame queue overflow!
E/CHIUSECASE(  755): chxutils.cpp:1055 FillCameraId() FillCameraId 1 
E/OMX-VDEC-1080P( 1018): Unable to convey fps info to driver,                             performance might be affected
W/[ALVR NATIVE-RUST]( 9527): Video frame queue overflow!
I/InputDispatcher( 1294): Dropping event because there is no touchable window at (457, 1052).
I/PVR_VsyncListen( 5931): type=1400 audit(0.0:3779): avc: denied { call } for scontext=u:r:pvrservice:s0 tcontext=u:r:system_app:s0 tclass=binder permissive=1
E/CHIUSECASE(  755): chxutils.cpp:1055 FillCameraId() FillCameraId 1 
I/InputDispatcher( 1294): Dropping event because there is no touchable window at (457, 1052).
E/OMX-VDEC-1080P( 1018): Unable to convey fps info to driver,                             performance might be affected
W/[ALVR NATIVE-RUST]( 9527): Video frame queue overflow!
E/CHIUSECASE(  755): chxutils.cpp:1055 FillCameraId() FillCameraId 1 
E/OMX-VDEC-1080P( 1018): Unable to convey fps info to driver,                             performance might be affected
I/InputDispatcher( 1294): Dropping event because there is no touchable window at (457, 1052).
W/[ALVR NATIVE-RUST]( 9527): Video frame queue overflow!
E/CHIUSECASE(  755): chxutils.cpp:1055 FillCameraId() FillCameraId 1 
